original_filename,class,status,reason,duplicate_cluster,blur_score,quality_label,final_split
blackhead-1-_JPG_jpg.rf.2aa7ed5c2e1e63b4e95713765fa303e2.jpg,Blackheads,REMOVED,Duplicate of blackhead-1-_JPG_jpg.rf.bb049c88b1e1d84cce3b7f39bbfd6f74.jpg,2778,25.42,duplicate,N/A
blackhead-1-_JPG_jpg.rf.bb049c88b1e1d84cce3b7f39bbfd6f74.jpg,Blackheads,REJECTED,Cosmetic beauty filter / smoothed skin (blur score 25.44 < 30),2778,25.44,reject,N/A
blackhead-1-_JPG_jpg.rf.d7b8a53aebb5da67b8acd0f8498ae9a3.jpg,Blackheads,REMOVED,Duplicate of blackhead-1-_JPG_jpg.rf.a96a922a9246d8ef9cafc0b527dccb50.jpg,3699,32.35,duplicate,N/A
blackhead-10-_JPG_jpg.rf.678b6f308a9a473f5ad6487e08d2527f.jpg,Blackheads,REMOVED,Duplicate of blackhead-10-_JPG_jpg.rf.6c7612c21a4d29a06438982023a3c718.jpg,3,50.73,duplicate,N/A
blackhead-11-_JPG_jpg.rf.d302cb31607575bddb937676e5b0899a.jpg,Blackheads,REMOVED,Duplicate of blackhead-11-_JPG_jpg.rf.bf12d40e02729d522ca9877f724ad130.jpg,8,10.83,duplicate,N/A
blackhead-11-_JPG_jpg.rf.bf12d40e02729d522ca9877f724ad130.jpg,Blackheads,REJECTED,Severe blur (variance 10.83 < 20),8,10.83,reject,N/A
blackhead-12-_jpg.rf.239446c16113bf530316d8e6e044eb2a.jpg,Blackheads,REMOVED,Duplicate of blackhead-12-_jpg.rf.7a59f724e34e7fa29d7a557f41c2f4ec.jpg,3703,44.97,duplicate,N/A
blackhead-12-_jpg.rf.6eaa1da538bd3a2d2731fec966328542.jpg,Blackheads,REMOVED,Duplicate of blackhead-12-_jpg.rf.a274e47e7dcb650d7b531326d81463c9.jpg,3704,38.26,duplicate,N/A
blackhead-12-_jpg.rf.3855ad2810048c1bda85e7a5dfaceb37.jpg,Blackheads,REMOVED,Duplicate of blackhead-12-_jpg.rf.a274e47e7dcb650d7b531326d81463c9.jpg,3704,15.39,duplicate,N/A
blackhead-12-_jpg.rf.afc9bbd660c4655f0ecf45bb1144bd4b.jpg,Blackheads,REMOVED,Duplicate of blackhead-12-_jpg.rf.a274e47e7dcb650d7b531326d81463c9.jpg,3704,15.39,duplicate,N/A
blackhead-13-_JPG_jpg.rf.073ba547829eda57ec8888f7c149b89d.jpg,Blackheads,REMOVED,Duplicate of blackhead-13-_JPG_jpg.rf.f74c36cf110ca2ec1f4a5eacdbddace6.jpg,3707,66.46,duplicate,N/A
blackhead-13-_JPG_jpg.rf.2a0aef37b5d8616d8381d8eeeacac885.jpg,Blackheads,REMOVED,Duplicate of blackhead-13-_JPG_jpg.rf.fbe7d7cfa24bda57ef534185a3e061ab.jpg,2782,35.24,duplicate,N/A
blackhead-13-_JPG_jpg.rf.70db7d603887d91a8fff2e3d4a110c99.jpg,Blackheads,REMOVED,Duplicate of blackhead-13-_JPG_jpg.rf.338da601b0663befae36595f410a577e.jpg,17,17.52,duplicate,N/A
blackhead-13-_JPG_jpg.rf.338da601b0663befae36595f410a577e.jpg,Blackheads,REJECTED,Severe blur (variance 17.52 < 20),17,17.52,reject,N/A
blackhead-13-_JPG_jpg.rf.e8bbd2ae1be3e68aa4b6d56622bfa026.jpg,Blackheads,REMOVED,Duplicate of blackhead-13-_JPG_jpg.rf.fc341da51313b3bd41f7f6b38a0c57ba.jpg,3706,48.59,duplicate,N/A
blackhead-15-_jpg.rf.1f0742a672e83d946126cb2c8374767b.jpg,Blackheads,REMOVED,Duplicate of blackhead-15-_jpg.rf.73d12d3612f9eefebb418bc81f535f95.jpg,23,63.04,duplicate,N/A
blackhead-15-_jpg.rf.8c0aca07f60b59df1c45b73af609f4dc.jpg,Blackheads,REMOVED,Duplicate of blackhead-15-_jpg.rf.0293ec555e89b071cd8b14a79a911e32.jpg,2783,8.22,duplicate,N/A
blackhead-15-_jpg.rf.0293ec555e89b071cd8b14a79a911e32.jpg,Blackheads,REJECTED,Severe blur (variance 8.22 < 20),2783,8.22,reject,N/A
blackhead-16-_jpg.rf.51dc5357829ddc6852ef0e8ce2081844.jpg,Blackheads,REMOVED,Duplicate of blackhead-16-_jpg.rf.5ee266d389a36c84fcc8755a9cd94c34.jpg,2786,20.35,duplicate,N/A
blackhead-16-_jpg.rf.5ee266d389a36c84fcc8755a9cd94c34.jpg,Blackheads,REJECTED,Cosmetic beauty filter / smoothed skin (blur score 20.35 < 30),2786,20.35,reject,N/A
blackhead-17-_JPG_jpg.rf.61e1104df63c09286d86542c72661d6e.jpg,Blackheads,REMOVED,Duplicate of blackhead-17-_JPG_jpg.rf.89c6b0427d03f6b2011f609abc93c935.jpg,31,37.51,duplicate,N/A
blackhead-17-_JPG_jpg.rf.e90803dd1ee6f77d6b2624a074524f9b.jpg,Blackheads,REMOVED,Duplicate of blackhead-17-_JPG_jpg.rf.7820102b7d36d9983e98e149af125e2a.jpg,3710,35.22,duplicate,N/A
blackhead-18-_jpg.rf.1a8394cf9ec681328deda423e03ded42.jpg,Blackheads,REMOVED,Duplicate of blackhead-18-_jpg.rf.03698e34ece78f5828db5becaddb37e3.jpg,33,71.21,duplicate,N/A
blackhead-18-_jpg.rf.7373537c80e5c1eae1653478e58495d7.jpg,Blackheads,REMOVED,Duplicate of blackhead-18-_jpg.rf.8b447ebd350b0f538d64ff01db2bd3b6.jpg,3712,41.12,duplicate,N/A
blackhead-18-_jpg.rf.aae2f9a9ce8b3d53323d0f1893ad8933.jpg,Blackheads,REMOVED,Duplicate of blackhead-18-_jpg.rf.8b447ebd350b0f538d64ff01db2bd3b6.jpg,3712,39.47,duplicate,N/A
blackhead-18-_jpg.rf.6936f4d16ee916df3b69f658c7dd8ebb.jpg,Blackheads,REMOVED,Duplicate of blackhead-18-_jpg.rf.8b447ebd350b0f538d64ff01db2bd3b6.jpg,3712,39.47,duplicate,N/A
blackhead-19-_jpg.rf.954a5a9302a823457a2a15383f384dff.jpg,Blackheads,REMOVED,Duplicate of blackhead-19-_jpg.rf.faf4d7c32e8650e181c9a10d548ea0db.jpg,3715,27.89,duplicate,N/A
blackhead-19-_jpg.rf.faf4d7c32e8650e181c9a10d548ea0db.jpg,Blackheads,REJECTED,Cosmetic beauty filter / smoothed skin (blur score 28.02 < 30),3715,28.02,reject,N/A
blackhead-2-_jpg.rf.0edc8261a0fc5e92854fb836b6600d16.jpg,Blackheads,REMOVED,Duplicate of blackhead-2-_jpg.rf.dc6304af67b4a7f187613e4e3a4db547.jpg,46,53.97,duplicate,N/A
blackhead-2-_jpg.rf.d8fcbcea5517472e3ef93e46b70a512c.jpg,Blackheads,REMOVED,Duplicate of blackhead-2-_jpg.rf.8d15602527dcbe97a62bbd8165628b44.jpg,2792,9.47,duplicate,N/A
blackhead-2-_jpg.rf.8d15602527dcbe97a62bbd8165628b44.jpg,Blackheads,REJECTED,Severe blur (variance 9.47 < 20),2792,9.47,reject,N/A
blackhead-2-_jpg.rf.38a10ca8dec714d51806467cdb900b75.jpg,Blackheads,REMOVED,Duplicate of blackhead-2-_jpg.rf.c08cb5e630e9ad6b4dc3f62476950e74.jpg,3716,44.01,duplicate,N/A
blackhead-56-_jpg.rf.4a1b270ce75638a2a394f9f7ec5cb507.jpg,Blackheads,REMOVED,Duplicate of blackhead-56-_jpg.rf.f505587840fd29a87ca3f699cae34abc.jpg,2845,39.94,duplicate,N/A
blackhead-56-_jpg.rf.d0e0fcb483f4c8f4d0fa8ccc6c6240e7.jpg,Blackheads,REMOVED,Duplicate of blackhead-56-_jpg.rf.f505587840fd29a87ca3f699cae34abc.jpg,2845,13.01,duplicate,N/A
blackhead-56-_jpg.rf.c6665d1501f47a7fdfac3a7454889aa8.jpg,Blackheads,REMOVED,Duplicate of blackhead-56-_jpg.rf.f505587840fd29a87ca3f699cae34abc.jpg,2845,13.00,duplicate,N/A
blackhead-20-_jpg.rf.46c397625c47fb774e822f3b01eb5505.jpg,Blackheads,REMOVED,Duplicate of blackhead-56-_jpg.rf.f505587840fd29a87ca3f699cae34abc.jpg,2845,12.01,duplicate,N/A
blackhead-20-_jpg.rf.86113d5388644af936238e02768c9af2.jpg,Blackheads,REMOVED,Duplicate of blackhead-56-_jpg.rf.f505587840fd29a87ca3f699cae34abc.jpg,2845,12.01,duplicate,N/A
blackhead-21-_jpg.rf.5fcf54f27f4b14df0f498ad030a8e89a.jpg,Blackheads,REMOVED,Duplicate of blackhead-21-_jpg.rf.768898c2e5c02a5a73e4083fece23d83.jpg,51,42.29,duplicate,N/A
blackhead-22-_jpg.rf.ff9cc2cd27a2e97ca434d8f5c3466c90.jpg,Blackheads,REMOVED,Duplicate of blackhead-22-_jpg.rf.2d8128f8d29964086456794b7aaa012b.jpg,2793,10.43,duplicate,N/A
blackhead-22-_jpg.rf.2d8128f8d29964086456794b7aaa012b.jpg,Blackheads,REJECTED,Severe blur (variance 10.43 < 20),2793,10.43,reject,N/A
blackhead-23-_jpg.rf.70f8d9bf5320cadb59b0ea019a1b060f.jpg,Blackheads,REMOVED,Duplicate of blackhead-23-_jpg.rf.d66d971fbfe90791a5a7298232dfd1e1.jpg,3720,56.49,duplicate,N/A
blackhead-23-_jpg.rf.7108077f253a523452aeba399d9b8d3f.jpg,Blackheads,REMOVED,Duplicate of blackhead-23-_jpg.rf.d66d971fbfe90791a5a7298232dfd1e1.jpg,3720,15.54,duplicate,N/A
blackhead-23-_jpg.rf.be346517a521244e3fadcf6aea3c5766.jpg,Blackheads,REMOVED,Duplicate of blackhead-23-_jpg.rf.d66d971fbfe90791a5a7298232dfd1e1.jpg,3720,15.54,duplicate,N/A
blackhead-24-_jpg.rf.b4d43e45691ec88bcbfa0e775f7a065b.jpg,Blackheads,REMOVED,Duplicate of blackhead-24-_jpg.rf.fc1972b4fcbb98485bec759c7828f510.jpg,61,36.72,duplicate,N/A
blackhead-24-_jpg.rf.75bbf8986d6d2c80266919c04fcc5b6b.jpg,Blackheads,REMOVED,Duplicate of blackhead-24-_jpg.rf.f2956631c5c83653d4bb16e7d32732a9.jpg,2795,20.71,duplicate,N/A
blackhead-24-_jpg.rf.f2956631c5c83653d4bb16e7d32732a9.jpg,Blackheads,REJECTED,Cosmetic beauty filter / smoothed skin (blur score 20.71 < 30),2795,20.71,reject,N/A
blackhead-25-_jpg.rf.d6ab24a8b626c59c2121016fa82789cd.jpg,Blackheads,REMOVED,Duplicate of blackhead-25-_jpg.rf.2ddf9e0f83b5a92c87d4bd36a5e6cc9e.jpg,67,87.30,duplicate,N/A
blackhead-25-_jpg.rf.49ef589caa53bcd40c4de8b84c8ead87.jpg,Blackheads,REMOVED,Duplicate of blackhead-25-_jpg.rf.8690d60a4b16953acf00773e5564684b.jpg,65,86.62,duplicate,N/A
blackhead-25-_jpg.rf.f6c1c90ede9964ed619c1c7376b67a14.jpg,Blackheads,REMOVED,Duplicate of blackhead-25-_jpg.rf.a8e756bd94fb32a1f95fa64a64ebf764.jpg,3728,48.91,duplicate,N/A
blackhead-26-_jpg.rf.8a78a260c34114e1d5eabc2057409d4c.jpg,Blackheads,REMOVED,Duplicate of blackhead-26-_jpg.rf.500a486c8babe2fffafb093ed322efd6.jpg,72,74.55,duplicate,N/A
blackhead-26-_jpg.rf.9795fa7ea45314018812d2d84414ecfe.jpg,Blackheads,REMOVED,Duplicate of blackhead-26-_jpg.rf.b1b3b02cb732c76cdc9dd4b35fac0d18.jpg,74,36.70,duplicate,N/A
blackhead-27-_jpg.rf.10f0caf9b1a66a6613830b7dc36a2bd8.jpg,Blackheads,REMOVED,Duplicate of blackhead-27-_jpg.rf.075282b1bd5516034392cf679d87e563.jpg,3731,38.48,duplicate,N/A
blackhead-27-_jpg.rf.1227d7a6b1511ca97cd52e91d5f064ef.jpg,Blackheads,REMOVED,Duplicate of blackhead-27-_jpg.rf.a0c16a8356c53bddabfe44fccb4d2cf0.jpg,81,36.91,duplicate,N/A
blackhead-27-_jpg.rf.3d52e872aa027e03913df501a5d88ef5.jpg,Blackheads,REMOVED,Duplicate of blackhead-27-_jpg.rf.729204c994529fca2c0ce352d3271057.jpg,3732,52.57,duplicate,N/A
blackhead-27-_jpg.rf.5435986ec23c7ee9548404d21067dc37.jpg,Blackheads,REMOVED,Duplicate of blackhead-27-_jpg.rf.f644eb27ad68279be346d862d5fec4e2.jpg,3733,26.57,duplicate,N/A
blackhead-27-_jpg.rf.f644eb27ad68279be346d862d5fec4e2.jpg,Blackheads,REJECTED,Cosmetic beauty filter / smoothed skin (blur score 26.57 < 30),3733,26.57,reject,N/A
blackhead-28-_jpg.rf.67f39685516febe893da8b055b1da8cb.jpg,Blackheads,REMOVED,Duplicate of blackhead-28-_jpg.rf.ec5dcb92099608885b66b1a290c0cdc6.jpg,3734,9.18,duplicate,N/A
blackhead-28-_jpg.rf.ec5dcb92099608885b66b1a290c0cdc6.jpg,Blackheads,REJECTED,Severe blur (variance 9.18 < 20),3734,9.18,reject,N/A
blackhead-3-_jpg.rf.9b8c52dbdc3351e078236449bec54ccd.jpg,Blackheads,REMOVED,Duplicate of blackhead-3-_jpg.rf.e04a577543dba1e0dc4c10bec7f8b7c3.jpg,89,51.48,duplicate,N/A
blackhead-3-_jpg.rf.c0384f927681bf29f33b524905c9d667.jpg,Blackheads,REMOVED,Duplicate of blackhead-3-_jpg.rf.aabf7808924245b8ee6a1faf54e50a38.jpg,3739,60.70,duplicate,N/A
blackhead-3-_jpg.rf.f2fce93e181a96e0236fae01c42cac65.jpg,Blackheads,REMOVED,Duplicate of blackhead-3-_jpg.rf.e7bb28fed47db40f537cadb2339d43b7.jpg,3741,13.96,duplicate,N/A
blackhead-3-_jpg.rf.e7bb28fed47db40f537cadb2339d43b7.jpg,Blackheads,REJECTED,Severe blur (variance 13.96 < 20),3741,13.96,reject,N/A
blackhead-30-_jpg.rf.b967b001553c39531542f9da543746a5.jpg,Blackheads,REMOVED,Duplicate of blackhead-30-_jpg.rf.789efaa63b0a05a861b71a599376766f.jpg,96,4.09,duplicate,N/A
blackhead-30-_jpg.rf.789efaa63b0a05a861b71a599376766f.jpg,Blackheads,REJECTED,Severe blur (variance 4.09 < 20),96,4.09,reject,N/A
blackhead-30-_jpg.rf.96e777882c7681d70bd0ed802f4e1e27.jpg,Blackheads,REMOVED,Duplicate of blackhead-30-_jpg.rf.654282bfad3e54ad4ae16ea10e1dd187.jpg,2802,56.87,duplicate,N/A
blackhead-30-_jpg.rf.137909529af2dfd282cbb275231a757e.jpg,Blackheads,REMOVED,Duplicate of blackhead-30-_jpg.rf.abd8ddb046167fc1c8e5d28d21b7f9b2.jpg,2800,39.53,duplicate,N/A
blackhead-31-_JPG_jpg.rf.c414cc86b2e35fb6db37d7fb0758fe8e.jpg,Blackheads,REMOVED,Duplicate of blackhead-31-_JPG_jpg.rf.47b02baee8865058f3bbf9d6f0585d4b.jpg,2803,9.20,duplicate,N/A
blackhead-31-_JPG_jpg.rf.47b02baee8865058f3bbf9d6f0585d4b.jpg,Blackheads,REJECTED,Severe blur (variance 9.20 < 20),2803,9.20,reject,N/A
blackhead-31-_JPG_jpg.rf.8d47ebb6dd5fee4c5a5936b306f63223.jpg,Blackheads,REMOVED,Duplicate of blackhead-31-_JPG_jpg.rf.b3d1e412a27d1684f244a3bbb0b47be5.jpg,104,21.94,duplicate,N/A
blackhead-31-_JPG_jpg.rf.b3d1e412a27d1684f244a3bbb0b47be5.jpg,Blackheads,REJECTED,Cosmetic beauty filter / smoothed skin (blur score 22.00 < 30),104,22.00,reject,N/A
blackhead-31-_JPG_jpg.rf.5544fd8e8daae51bf52f5f3d607afc8d.jpg,Blackheads,REMOVED,Duplicate of blackhead-31-_JPG_jpg.rf.e60135a6778304e8392ef2bd628846c6.jpg,3742,13.95,duplicate,N/A
blackhead-31-_JPG_jpg.rf.e60135a6778304e8392ef2bd628846c6.jpg,Blackheads,REJECTED,Severe blur (variance 13.97 < 20),3742,13.97,reject,N/A
blackhead-32-_JPG_jpg.rf.5ec644d19fab18e2fa1c07d67134d38d.jpg,Blackheads,REMOVED,Duplicate of blackhead-32-_JPG_jpg.rf.2c7e5ada9d16018a4b292f2b0a8afd11.jpg,3745,66.08,duplicate,N/A
blackhead-32-_JPG_jpg.rf.ff0f71259fee718ba279cb9ce203c209.jpg,Blackheads,REMOVED,Duplicate of blackhead-32-_JPG_jpg.rf.2c7e5ada9d16018a4b292f2b0a8afd11.jpg,3745,58.38,duplicate,N/A
blackhead-32-_JPG_jpg.rf.eece7a3618a2d126db39a56460e1799d.jpg,Blackheads,REMOVED,Duplicate of blackhead-32-_JPG_jpg.rf.2c7e5ada9d16018a4b292f2b0a8afd11.jpg,3745,58.34,duplicate,N/A
blackhead-33-_jpg.rf.9301b81ec4d548f2d2b01501d5cc3160.jpg,Blackheads,REMOVED,Duplicate of blackhead-33-_jpg.rf.1493af6ef7e6c571a0a3485e19a4b07b.jpg,2808,25.65,duplicate,N/A
blackhead-33-_jpg.rf.1493af6ef7e6c571a0a3485e19a4b07b.jpg,Blackheads,REJECTED,Cosmetic beauty filter / smoothed skin (blur score 25.65 < 30),2808,25.65,reject,N/A
blackhead-33-_jpg.rf.284f99a6d990a84e501ef45d75833323.jpg,Blackheads,REMOVED,Duplicate of blackhead-33-_jpg.rf.f66a4a2c1e84a369deb15fedb61d4e1d.jpg,2811,33.72,duplicate,N/A
blackhead-33-_jpg.rf.d64b613d94043125c283db7f63f37580.jpg,Blackheads,REMOVED,Duplicate of blackhead-33-_jpg.rf.39b73aeaa2683c6ccc140b67fbdc81f6.jpg,2810,34.19,duplicate,N/A
blackhead-34-_JPG_jpg.rf.0c465eb0ba84806aaca9910d4b1a7849.jpg,Blackheads,REJECTED,Cosmetic beauty filter / smoothed skin (blur score 29.29 < 30),113,29.29,reject,N/A
blackhead-34-_JPG_jpg.rf.6d6d61ab0d74e0da449959da453b97a5.jpg,Blackheads,REMOVED,Duplicate of blackhead-34-_JPG_jpg.rf.afdf933b4143ff4a85122081ecba3166.jpg,116,36.08,duplicate,N/A
blackhead-34-_JPG_jpg.rf.ed5666f28d7f55233d58c69ea0577825.jpg,Blackheads,REMOVED,Duplicate of blackhead-34-_JPG_jpg.rf.6ddd1496cf3ee40b7446e3fb8695212d.jpg,118,29.68,duplicate,N/A
blackhead-34-_JPG_jpg.rf.6ddd1496cf3ee40b7446e3fb8695212d.jpg,Blackheads,REJECTED,Cosmetic beauty filter / smoothed skin (blur score 29.68 < 30),118,29.68,reject,N/A
blackhead-34-_JPG_jpg.rf.c2d00237e5c52bfb5d2b20bf4bc04d95.jpg,Blackheads,REMOVED,Duplicate of blackhead-34-_JPG_jpg.rf.046028542a19203addb9ff236c7b9218.jpg,2812,32.95,duplicate,N/A
blackhead-23-_jpg.rf.b236153986eaa7df17d7ca29bdecdf9e.jpg,Blackheads,REMOVED,Duplicate of blackhead-35-_jpg.rf.13b420f7bd690a1487de185aba3b8fec.jpg,4523,62.98,duplicate,N/A
blackhead-23-_jpg.rf.2ed628bb8180a47e7ab99ec5f24ab671.jpg,Blackheads,REMOVED,Duplicate of blackhead-35-_jpg.rf.13b420f7bd690a1487de185aba3b8fec.jpg,4523,62.96,duplicate,N/A
blackhead-36-_jpg.rf.28b69ed2e08228a88c6df3c728be0778.jpg,Blackheads,REMOVED,Duplicate of blackhead-35-_jpg.rf.13b420f7bd690a1487de185aba3b8fec.jpg,4523,41.62,duplicate,N/A
blackhead-36-_jpg.rf.514fec364bdc57be4b8f14c7e0691e8d.jpg,Blackheads,REMOVED,Duplicate of blackhead-35-_jpg.rf.13b420f7bd690a1487de185aba3b8fec.jpg,4523,41.59,duplicate,N/A
Pustule-9-_jpg.rf.83ff37085189daba4ec35c6859f717b9.jpg,Pustules,REMOVED,Duplicate of blackhead-35-_jpg.rf.13b420f7bd690a1487de185aba3b8fec.jpg,4523,40.93,duplicate,N/A
Pustule-9-_jpg.rf.9f4f90b626a1cd10684286feb38a2a9f.jpg,Pustules,REMOVED,Duplicate of blackhead-35-_jpg.rf.13b420f7bd690a1487de185aba3b8fec.jpg,4523,40.75,duplicate,N/A
Pustule-10-_jpg.rf.ca35596d1966c01862a15b37beeede23.jpg,Pustules,REMOVED,Duplicate of blackhead-35-_jpg.rf.13b420f7bd690a1487de185aba3b8fec.jpg,4523,26.98,duplicate,N/A
Pustule-10-_jpg.rf.c334ef6438a491f93c4a20ec77afc0b0.jpg,Pustules,REMOVED,Duplicate of blackhead-35-_jpg.rf.13b420f7bd690a1487de185aba3b8fec.jpg,4523,26.96,duplicate,N/A
Pustule-10-_jpg.rf.800cb45191a1a405c5ea4db53c41f377.jpg,Pustules,REMOVED,Duplicate of blackhead-35-_jpg.rf.13b420f7bd690a1487de185aba3b8fec.jpg,4523,20.93,duplicate,N/A
Pustule-10-_jpg.rf.1cbf19f131576edd0f4562073a0745d2.jpg,Pustules,REMOVED,Duplicate of blackhead-35-_jpg.rf.13b420f7bd690a1487de185aba3b8fec.jpg,4523,20.87,duplicate,N/A
blackhead_548_jpg.rf.837ea6d4d84aaa10939345d9bff3b80d.jpg,Blackheads,REMOVED,Duplicate of blackhead-36-_jpg.rf.f951e9c4cb25ece13a058f3ebb61a4a9.jpg,3897,41.47,duplicate,N/A
blackhead_548_jpg.rf.5a610e0a0b37796fbf641f22d5ad824f.jpg,Blackheads,REMOVED,Duplicate of blackhead-36-_jpg.rf.f951e9c4cb25ece13a058f3ebb61a4a9.jpg,3897,41.45,duplicate,N/A
blackhead-35-_jpg.rf.fc05fe90205f339eb17914d3b35e21d7.jpg,Blackheads,REMOVED,Duplicate of blackhead-36-_jpg.rf.f951e9c4cb25ece13a058f3ebb61a4a9.jpg,3897,37.27,duplicate,N/A
blackhead-35-_jpg.rf.625c7c02f5df5a6e988257a8ed806b12.jpg,Blackheads,REMOVED,Duplicate of blackhead-36-_jpg.rf.f951e9c4cb25ece13a058f3ebb61a4a9.jpg,3897,37.24,duplicate,N/A
blackhead-35-_jpg.rf.2d9ca7ef2f959cc7d49670aa080f9307.jpg,Blackheads,REMOVED,Duplicate of blackhead-36-_jpg.rf.f951e9c4cb25ece13a058f3ebb61a4a9.jpg,3897,26.04,duplicate,N/A
blackhead-35-_jpg.rf.8c7580e7bfbc8ae60efc458d86ac479f.jpg,Blackheads,REMOVED,Duplicate of blackhead-36-_jpg.rf.f951e9c4cb25ece13a058f3ebb61a4a9.jpg,3897,26.02,duplicate,N/A
blackhead-35-_jpg.rf.191826c78a1e7d7ce1bfa6031a88c808.jpg,Blackheads,REMOVED,Duplicate of blackhead-35-_jpg.rf.666ff681d37a098df2eac0f942e8c793.jpg,2815,14.25,duplicate,N/A
blackhead-35-_jpg.rf.666ff681d37a098df2eac0f942e8c793.jpg,Blackheads,REJECTED,Severe blur (variance 14.25 < 20),2815,14.25,reject,N/A
blackhead-36-_jpg.rf.dad9b992a9022fdd82fc67d47fcc1b2b.jpg,Blackheads,REMOVED,Duplicate of blackhead-36-_jpg.rf.482f755f1e89502aa1a5c1b4130039cc.jpg,135,31.37,duplicate,N/A
blackhead_548_jpg.rf.889c5081907b27b2dca1957d7b164b67.jpg,Blackheads,REMOVED,Duplicate of blackhead_548_jpg.rf.65ab9d0a08af8de22acceaead0233d85.jpg,3901,26.14,duplicate,N/A
blackhead_548_jpg.rf.a28c35bbd573bcfadfd5fb4f4f69a60f.jpg,Blackheads,REMOVED,Duplicate of blackhead_548_jpg.rf.65ab9d0a08af8de22acceaead0233d85.jpg,3901,20.28,duplicate,N/A
blackhead_548_jpg.rf.eadfe9461b67165b0db55eb05d7fe8f4.jpg,Blackheads,REMOVED,Duplicate of blackhead_548_jpg.rf.65ab9d0a08af8de22acceaead0233d85.jpg,3901,20.28,duplicate,N/A
blackhead_548_jpg.rf.d66103720f07640165bb2c8279b70341.jpg,Blackheads,REMOVED,Duplicate of blackhead_548_jpg.rf.65ab9d0a08af8de22acceaead0233d85.jpg,3901,19.73,duplicate,N/A
blackhead_548_jpg.rf.d08c2d0ec141ef538b107de7f0805d98.jpg,Blackheads,REMOVED,Duplicate of blackhead_548_jpg.rf.65ab9d0a08af8de22acceaead0233d85.jpg,3901,19.73,duplicate,N/A
blackhead-36-_jpg.rf.89e07effcac2bee9a5ec134f5e8e3bea.jpg,Blackheads,REMOVED,Duplicate of blackhead_548_jpg.rf.65ab9d0a08af8de22acceaead0233d85.jpg,3901,15.98,duplicate,N/A
blackhead-36-_jpg.rf.b24a6b924bb89b959038e3d1eb98f85b.jpg,Blackheads,REMOVED,Duplicate of blackhead_548_jpg.rf.65ab9d0a08af8de22acceaead0233d85.jpg,3901,15.98,duplicate,N/A
blackhead_548_jpg.rf.65ab9d0a08af8de22acceaead0233d85.jpg,Blackheads,REJECTED,Cosmetic beauty filter / smoothed skin (blur score 26.15 < 30),3901,26.15,reject,N/A
blackhead-37-_jpg.rf.39f18b191dd984088fcb6c63d3190460.jpg,Blackheads,REMOVED,Duplicate of blackhead-37-_jpg.rf.85af1ea69f52c0632b1b7243ce93c41d.jpg,3752,52.72,duplicate,N/A
blackhead-37-_jpg.rf.5db1cd5dbb9f1f2c10ca3e7c58207c54.jpg,Blackheads,REMOVED,Duplicate of blackhead-37-_jpg.rf.85af1ea69f52c0632b1b7243ce93c41d.jpg,3752,45.10,duplicate,N/A
blackhead-37-_jpg.rf.45877cdf3c76fd20fccf3d80d595504b.jpg,Blackheads,REMOVED,Duplicate of blackhead-37-_jpg.rf.85af1ea69f52c0632b1b7243ce93c41d.jpg,3752,45.00,duplicate,N/A
blackhead_616_jpg.rf.c82c3bc35f65eb6aa788c86876b33bfc.jpg,Blackheads,REMOVED,Duplicate of blackhead_616_jpg.rf.85f38f24407a29d57a72e1d291305945.jpg,3937,40.02,duplicate,N/A
white_head_-10-_jpg.rf.00598058206889ee39c9c994fe0739e1.jpg,Whiteheads,REMOVED,Duplicate of blackhead_616_jpg.rf.85f38f24407a29d57a72e1d291305945.jpg,3937,38.75,duplicate,N/A
white_head_-10-_jpg.rf.cc56b0f25241a725acdc2915770982b5.jpg,Whiteheads,REMOVED,Duplicate of blackhead_616_jpg.rf.85f38f24407a29d57a72e1d291305945.jpg,3937,38.75,duplicate,N/A
blackhead-37-_jpg.rf.6deaf6267b3a609c30a1d2f0b3dae1ed.jpg,Blackheads,REMOVED,Duplicate of blackhead_616_jpg.rf.85f38f24407a29d57a72e1d291305945.jpg,3937,10.37,duplicate,N/A
blackhead-37-_jpg.rf.459565f26cfdc738635fb5dc27d65a2a.jpg,Blackheads,REMOVED,Duplicate of blackhead_616_jpg.rf.85f38f24407a29d57a72e1d291305945.jpg,3937,10.37,duplicate,N/A
blackhead_616_jpg.rf.34db8285a134984cfc589e948006ab2c.jpg,Blackheads,REMOVED,Duplicate of blackhead_616_jpg.rf.85f38f24407a29d57a72e1d291305945.jpg,3937,10.19,duplicate,N/A
blackhead_616_jpg.rf.6f5f0a9660d6072a6b5ec87547a9c271.jpg,Blackheads,REMOVED,Duplicate of blackhead_616_jpg.rf.85f38f24407a29d57a72e1d291305945.jpg,3937,10.19,duplicate,N/A
blackhead-39-_JPG_jpg.rf.9caf8827be014c4d2c448d9f73b06197.jpg,Blackheads,REMOVED,Duplicate of blackhead-39-_JPG_jpg.rf.89d0ca8747ef129c8f132a251b5efc4b.jpg,3753,44.28,duplicate,N/A
blackhead-39-_JPG_jpg.rf.96022227e15092591a9c2e60603f2b71.jpg,Blackheads,REMOVED,Duplicate of blackhead-39-_JPG_jpg.rf.89d0ca8747ef129c8f132a251b5efc4b.jpg,3753,30.23,duplicate,N/A
blackhead-39-_JPG_jpg.rf.ce074cdecf5aa3839ff8dccf4ae9893a.jpg,Blackheads,REMOVED,Duplicate of blackhead-39-_JPG_jpg.rf.89d0ca8747ef129c8f132a251b5efc4b.jpg,3753,30.20,duplicate,N/A
blackhead-39-_JPG_jpg.rf.336d1ba3d4287da2f67ca6cba71e42d4.jpg,Blackheads,REMOVED,Duplicate of blackhead-39-_JPG_jpg.rf.89d0ca8747ef129c8f132a251b5efc4b.jpg,3753,14.19,duplicate,N/A
blackhead-39-_JPG_jpg.rf.411e1a63528997469272c0972b13a177.jpg,Blackheads,REMOVED,Duplicate of blackhead-39-_JPG_jpg.rf.89d0ca8747ef129c8f132a251b5efc4b.jpg,3753,14.19,duplicate,N/A
blackhead-4-_JPG_jpg.rf.ce6f60805b1bd4324b7bd420c282f00c.jpg,Blackheads,REMOVED,Duplicate of blackhead-4-_JPG_jpg.rf.4fe19666650d4b28d0d7257072abbce7.jpg,3755,21.73,duplicate,N/A
blackhead-4-_JPG_jpg.rf.b5544807534610751ff36b1ab77b1a3d.jpg,Blackheads,REMOVED,Duplicate of blackhead-4-_JPG_jpg.rf.4fe19666650d4b28d0d7257072abbce7.jpg,3755,4.53,duplicate,N/A
blackhead-4-_JPG_jpg.rf.51376913c9645823e87dbbae8e1fdec3.jpg,Blackheads,REMOVED,Duplicate of blackhead-4-_JPG_jpg.rf.4fe19666650d4b28d0d7257072abbce7.jpg,3755,4.53,duplicate,N/A
blackhead-4-_JPG_jpg.rf.4fe19666650d4b28d0d7257072abbce7.jpg,Blackheads,REJECTED,Cosmetic beauty filter / smoothed skin (blur score 21.75 < 30),3755,21.75,reject,N/A
blackhead-4-_JPG_jpg.rf.c95f1abfe532f8a2b0827a3ccd73cc04.jpg,Blackheads,REMOVED,Duplicate of blackhead-4-_JPG_jpg.rf.fb0fc823b9c50ca02e5ff75aa92d854d.jpg,3754,27.24,duplicate,N/A
blackhead-4-_JPG_jpg.rf.fb0fc823b9c50ca02e5ff75aa92d854d.jpg,Blackheads,REJECTED,Cosmetic beauty filter / smoothed skin (blur score 27.28 < 30),3754,27.28,reject,N/A
blackhead-40-_JPG_jpg.rf.c68080fa69dc53fd403c12af4a6f6268.jpg,Blackheads,REMOVED,Duplicate of blackhead-40-_JPG_jpg.rf.74332b88e63c57fe04bd96961f7f0ff0.jpg,2826,53.04,duplicate,N/A
blackhead-40-_JPG_jpg.rf.c96fd4e5bffe8010db2020947f1b69ea.jpg,Blackheads,REMOVED,Duplicate of blackhead-40-_JPG_jpg.rf.f159ce8e5ef0d5ee554eec62e0254fc5.jpg,3756,62.36,duplicate,N/A
blackhead-40-_JPG_jpg.rf.12a35f787294adec7245baded0dcc483.jpg,Blackheads,REMOVED,Duplicate of blackhead-40-_JPG_jpg.rf.f159ce8e5ef0d5ee554eec62e0254fc5.jpg,3756,57.33,duplicate,N/A
blackhead-40-_JPG_jpg.rf.0f2bc071d0af728b8b640bdbc0c54edb.jpg,Blackheads,REMOVED,Duplicate of blackhead-40-_JPG_jpg.rf.f159ce8e5ef0d5ee554eec62e0254fc5.jpg,3756,57.30,duplicate,N/A
blackhead-41-_JPG_jpg.rf.2081af05a12a8b30283c9a1e6a4198ee.jpg,Blackheads,REMOVED,Duplicate of blackhead-41-_JPG_jpg.rf.a24503f8c9522b208033e59a4763df17.jpg,158,10.42,duplicate,N/A
blackhead-41-_JPG_jpg.rf.a24503f8c9522b208033e59a4763df17.jpg,Blackheads,REJECTED,Severe blur (variance 10.42 < 20),158,10.42,reject,N/A
blackhead-41-_JPG_jpg.rf.aa0687977bad411b2b490d23841471fe.jpg,Blackheads,REMOVED,Duplicate of blackhead-41-_JPG_jpg.rf.8d5f1a0cb228b9458f10998ae72b1a3b.jpg,159,23.60,duplicate,N/A
blackhead-41-_JPG_jpg.rf.770debca1d20728ecf318e6ae0b1445c.jpg,Blackheads,REMOVED,Duplicate of blackhead-41-_JPG_jpg.rf.8d5f1a0cb228b9458f10998ae72b1a3b.jpg,159,20.17,duplicate,N/A
blackhead-41-_JPG_jpg.rf.32a7a2bd24d2e91da4da67f5f812229a.jpg,Blackheads,REMOVED,Duplicate of blackhead-41-_JPG_jpg.rf.8d5f1a0cb228b9458f10998ae72b1a3b.jpg,159,20.13,duplicate,N/A
blackhead-41-_JPG_jpg.rf.8d5f1a0cb228b9458f10998ae72b1a3b.jpg,Blackheads,REJECTED,Cosmetic beauty filter / smoothed skin (blur score 23.61 < 30),159,23.61,reject,N/A
blackhead-41-_JPG_jpg.rf.98ee1ccd1430988e06bada6c060ada2b.jpg,Blackheads,REJECTED,Cosmetic beauty filter / smoothed skin (blur score 25.94 < 30),157,25.94,reject,N/A
blackhead-42-_JPG_jpg.rf.41e42b9a03127f48b2832d0d59a09078.jpg,Blackheads,REMOVED,Duplicate of blackhead-42-_JPG_jpg.rf.00c08c28d106e745ad6967a4a0ae10a8.jpg,2830,22.32,duplicate,N/A
blackhead-42-_JPG_jpg.rf.00c08c28d106e745ad6967a4a0ae10a8.jpg,Blackheads,REJECTED,Cosmetic beauty filter / smoothed skin (blur score 22.32 < 30),2830,22.32,reject,N/A
blackhead-42-_JPG_jpg.rf.76f20f92abc74896e6e50737b742ba30.jpg,Blackheads,REMOVED,Duplicate of blackhead-42-_JPG_jpg.rf.2ed098b65b73f04f96fac0075ff8d12e.jpg,165,36.29,duplicate,N/A
blackhead-42-_JPG_jpg.rf.0a0582558b320bec0ae8aeeaa228a3b8.jpg,Blackheads,REMOVED,Duplicate of blackhead-42-_JPG_jpg.rf.5305a2ad5cf7890ca4adab31b96d4dfd.jpg,2828,52.61,duplicate,N/A
blackhead-42-_JPG_jpg.rf.1c39bae0fa71160e441674a8ce79f8d5.jpg,Blackheads,REMOVED,Duplicate of blackhead-42-_JPG_jpg.rf.a7d7ec6dfab2e54377e5ceb2cdbd19d5.jpg,2829,41.73,duplicate,N/A
blackhead-43-_JPG_jpg.rf.cd97007c0d0edf29ccb8364f464de035.jpg,Blackheads,REMOVED,Duplicate of blackhead-43-_JPG_jpg.rf.73dbb06c864d940f88d1adc7c27ae028.jpg,3760,28.81,duplicate,N/A
blackhead-43-_JPG_jpg.rf.8c8ba5c86f14483c8a56f7cf135dbbe9.jpg,Blackheads,REMOVED,Duplicate of blackhead-43-_JPG_jpg.rf.73dbb06c864d940f88d1adc7c27ae028.jpg,3760,15.78,duplicate,N/A
blackhead-43-_JPG_jpg.rf.68f2b05e3744b157ba0a539d795519f0.jpg,Blackheads,REMOVED,Duplicate of blackhead-43-_JPG_jpg.rf.73dbb06c864d940f88d1adc7c27ae028.jpg,3760,15.78,duplicate,N/A
blackhead-43-_JPG_jpg.rf.73dbb06c864d940f88d1adc7c27ae028.jpg,Blackheads,REJECTED,Cosmetic beauty filter / smoothed skin (blur score 28.84 < 30),3760,28.84,reject,N/A
blackhead-44-_JPG_jpg.rf.8c9a50a5e6e0e74edd5460406ac7df5f.jpg,Blackheads,REMOVED,Duplicate of blackhead-44-_JPG_jpg.rf.d7c35455ea716338fa874d6adec54564.jpg,175,30.80,duplicate,N/A
blackhead-45-_JPG_jpg.rf.2652e6664bf0693542d4d23560e95624.jpg,Blackheads,REMOVED,Duplicate of blackhead-45-_JPG_jpg.rf.1076aabac488dde5024f2da8cdcf8782.jpg,2832,48.48,duplicate,N/A
blackhead-46-_jpg.rf.f0b2ac589f5e3b74e65e881615103a0a.jpg,Blackheads,REMOVED,Duplicate of blackhead-46-_jpg.rf.5395a3276e55bcc84ba529e308724b5b.jpg,3768,11.08,duplicate,N/A
blackhead-46-_jpg.rf.5395a3276e55bcc84ba529e308724b5b.jpg,Blackheads,REJECTED,Severe blur (variance 11.08 < 20),3768,11.08,reject,N/A
blackhead-46-_jpg.rf.9b6a2a764e34adaecf04e7d79bf67925.jpg,Blackheads,REMOVED,Duplicate of blackhead-46-_jpg.rf.a2eb72e9f699a4f5fb96bb5f2e9cb654.jpg,3766,55.52,duplicate,N/A
blackhead-47-_jpg.rf.a42a7522fc1c5729312c6d4d5feb4051.jpg,Blackheads,REMOVED,Duplicate of blackhead-47-_jpg.rf.35d587754755432a83307c3949e7a391.jpg,183,47.64,duplicate,N/A
blackhead-48-_jpg.rf.035e8431eba36c471abe086b0414c3fa.jpg,Blackheads,REMOVED,Duplicate of blackhead-48-_jpg.rf.f6049ba8c72ce52fb4f6afac34f3ea18.jpg,192,45.82,duplicate,N/A
blackhead-48-_jpg.rf.a3a3981f8bfeaa6387833213ba1dabc0.jpg,Blackheads,REMOVED,Duplicate of blackhead-48-_jpg.rf.039628f44d5f2968ee060d9e13d8179b.jpg,191,52.66,duplicate,N/A
blackhead-49-_jpg.rf.3f122e1ad13a38dcb5ee5d82f2d1f09c.jpg,Blackheads,REMOVED,Duplicate of blackhead-49-_jpg.rf.b309748146ab6e125bc010c3caf71719.jpg,3775,52.24,duplicate,N/A
blackhead-49-_jpg.rf.b9919fe3eebd62a02fbd0786015fe38d.jpg,Blackheads,REMOVED,Duplicate of blackhead-49-_jpg.rf.42c6cd541722b7f9dabd12165ae1d013.jpg,197,54.78,duplicate,N/A
blackhead-49-_jpg.rf.2c1265427d2ae1c67c9ee22f49960e9b.jpg,Blackheads,REMOVED,Duplicate of blackhead-49-_jpg.rf.ec8d3ca2eb9da3cfd196a46f047dca4a.jpg,3771,46.98,duplicate,N/A
blackhead-5-_JPG_jpg.rf.274e7deb3617ecd1236931cd9ddcdfbc.jpg,Blackheads,REMOVED,Duplicate of blackhead-5-_JPG_jpg.rf.f99daa5ee998fbf97266d5e48c8bc7cc.jpg,206,30.39,duplicate,N/A
blackhead-5-_JPG_jpg.rf.4d569efa00929394f9729b5b2d606981.jpg,Blackheads,REMOVED,Duplicate of blackhead-5-_JPG_jpg.rf.a412677b2d18d69b6166e51a20952340.jpg,2837,16.32,duplicate,N/A
blackhead-5-_JPG_jpg.rf.a412677b2d18d69b6166e51a20952340.jpg,Blackheads,REJECTED,Severe blur (variance 16.32 < 20),2837,16.32,reject,N/A
blackhead-5-_JPG_jpg.rf.5f6111b24dbb4557b4fba0c9d9de05e9.jpg,Blackheads,REMOVED,Duplicate of blackhead-5-_JPG_jpg.rf.5a1e4d11c927f6a544d340da38192562.jpg,204,47.42,duplicate,N/A
blackhead-50-_jpg.rf.5fbc0f68aafffa92296fa86fc566535e.jpg,Blackheads,REMOVED,Duplicate of blackhead-50-_jpg.rf.050bb2878aff674ce86f6e06f7eebb71.jpg,3779,77.38,duplicate,N/A
blackhead-50-_jpg.rf.24875aee0bf39ff053a8f81ce581c40e.jpg,Blackheads,REMOVED,Duplicate of blackhead-50-_jpg.rf.050bb2878aff674ce86f6e06f7eebb71.jpg,3779,54.25,duplicate,N/A
blackhead-50-_jpg.rf.7c62a9d5a05ad1c45124d7b34b1aef74.jpg,Blackheads,REMOVED,Duplicate of blackhead-50-_jpg.rf.050bb2878aff674ce86f6e06f7eebb71.jpg,3779,54.24,duplicate,N/A
blackhead-50-_jpg.rf.639f2375fec13e0b3975aa72ae58c431.jpg,Blackheads,REMOVED,Duplicate of blackhead-50-_jpg.rf.b8bc8acc8b0cfb455db6e3e1589fcc91.jpg,3778,45.43,duplicate,N/A
blackhead-51-_JPG_jpg.rf.c4321f82be1f42137d64d71eea6e0dae.jpg,Blackheads,REMOVED,Duplicate of blackhead-51-_JPG_jpg.rf.30533320ed2fde901e829b0032b4aa02.jpg,214,23.68,duplicate,N/A
blackhead-51-_JPG_jpg.rf.30533320ed2fde901e829b0032b4aa02.jpg,Blackheads,REJECTED,Cosmetic beauty filter / smoothed skin (blur score 23.68 < 30),214,23.68,reject,N/A
blackhead-52-_JPG_jpg.rf.07ccce22aad30f1bb198dd51b4e710da.jpg,Blackheads,REMOVED,Duplicate of blackhead-52-_JPG_jpg.rf.c6c1228c265c0aab6287624270bdd206.jpg,2841,12.07,duplicate,N/A
blackhead-52-_JPG_jpg.rf.c6c1228c265c0aab6287624270bdd206.jpg,Blackheads,REJECTED,Severe blur (variance 12.07 < 20),2841,12.07,reject,N/A
blackhead-53-_JPG_jpg.rf.e7aecc628ce810a50b089a8f3262c8ee.jpg,Blackheads,REMOVED,Duplicate of blackhead-53-_JPG_jpg.rf.735b9143acb206233384784a49006725.jpg,3783,49.45,duplicate,N/A
blackhead-54-_JPG_jpg.rf.1ef8bfcbdd077399e868f06de58821ee.jpg,Blackheads,REMOVED,Duplicate of blackhead-54-_JPG_jpg.rf.fb6c586363073529629558c48e5e077f.jpg,3786,46.99,duplicate,N/A
blackhead-54-_JPG_jpg.rf.33c590934bd80ecf7f8eae8a5633ea45.jpg,Blackheads,REMOVED,Duplicate of blackhead-54-_JPG_jpg.rf.fb6c586363073529629558c48e5e077f.jpg,3786,46.68,duplicate,N/A
blackhead-54-_JPG_jpg.rf.f747415db669b647d92f0cfa45fd0ca1.jpg,Blackheads,REMOVED,Duplicate of blackhead-54-_JPG_jpg.rf.fb6c586363073529629558c48e5e077f.jpg,3786,46.68,duplicate,N/A
blackhead-55-_JPG_jpg.rf.f28a2b2f58259a0bc3c0eb4adf7c8ae8.jpg,Blackheads,REMOVED,Duplicate of blackhead-55-_JPG_jpg.rf.8d2290a3e23dae7c85270e3704fcb527.jpg,2843,27.57,duplicate,N/A
blackhead-55-_JPG_jpg.rf.8d2290a3e23dae7c85270e3704fcb527.jpg,Blackheads,REJECTED,Cosmetic beauty filter / smoothed skin (blur score 27.57 < 30),2843,27.57,reject,N/A
blackhead-58-_jpg.rf.9369d6684ecbac87905788a40bdc857c.jpg,Blackheads,REMOVED,Duplicate of blackhead-58-_jpg.rf.0b7c27d9ed3a8e25fcdc46bef4bc7afc.jpg,2847,7.57,duplicate,N/A
blackhead-58-_jpg.rf.0b7c27d9ed3a8e25fcdc46bef4bc7afc.jpg,Blackheads,REJECTED,Severe blur (variance 7.57 < 20),2847,7.57,reject,N/A
blackhead-58-_jpg.rf.d9e73d9cd4bb73ef183357658e4e28c6.jpg,Blackheads,REMOVED,Duplicate of blackhead-58-_jpg.rf.17f2915d5739a387c162b6f07ca2b75a.jpg,3789,69.80,duplicate,N/A
blackhead-58-_jpg.rf.7dd7f22214c59fb99080b315c319d6c8.jpg,Blackheads,REMOVED,Duplicate of blackhead-58-_jpg.rf.ef93cda4cbc33c04b56e7887c86a4f5c.jpg,235,50.80,duplicate,N/A
blackhead-59-_jpg.rf.c57be6d1f7a0699a90520222ea854d93.jpg,Blackheads,REMOVED,Duplicate of blackhead-59-_jpg.rf.db2a6d80d9fcf41a4c4dc6a404e485dc.jpg,3791,14.13,duplicate,N/A
blackhead-59-_jpg.rf.db2a6d80d9fcf41a4c4dc6a404e485dc.jpg,Blackheads,REJECTED,Severe blur (variance 14.13 < 20),3791,14.13,reject,N/A
blackhead-6-_JPG_jpg.rf.ff4c1d97e9b8f99ba920acc6c2e1c923.jpg,Blackheads,REMOVED,Duplicate of blackhead-6-_JPG_jpg.rf.41043c0f7dde0ecad328f8b6d39864ed.jpg,3792,28.40,duplicate,N/A
blackhead-6-_JPG_jpg.rf.1b013e6501bd5dabf9f2b3281cf101ac.jpg,Blackheads,REMOVED,Duplicate of blackhead-6-_JPG_jpg.rf.41043c0f7dde0ecad328f8b6d39864ed.jpg,3792,27.89,duplicate,N/A
blackhead-6-_JPG_jpg.rf.11ec7b029a1b537cb89e7f9a3f1a5162.jpg,Blackheads,REMOVED,Duplicate of blackhead-6-_JPG_jpg.rf.41043c0f7dde0ecad328f8b6d39864ed.jpg,3792,27.88,duplicate,N/A
blackhead-6-_JPG_jpg.rf.41043c0f7dde0ecad328f8b6d39864ed.jpg,Blackheads,REJECTED,Cosmetic beauty filter / smoothed skin (blur score 28.43 < 30),3792,28.43,reject,N/A
blackhead-6-_JPG_jpg.rf.3cc60e99a8b99c0d088d249a4b929ed4.jpg,Blackheads,REMOVED,Duplicate of blackhead-6-_JPG_jpg.rf.3f8dd1fb632956c099634e4af8e65511.jpg,2848,13.72,duplicate,N/A
blackhead-6-_JPG_jpg.rf.3f8dd1fb632956c099634e4af8e65511.jpg,Blackheads,REJECTED,Severe blur (variance 13.72 < 20),2848,13.72,reject,N/A
blackhead-6-_JPG_jpg.rf.597680e2404711bed3abe2b60961e3a8.jpg,Blackheads,REJECTED,Cosmetic beauty filter / smoothed skin (blur score 29.74 < 30),240,29.74,reject,N/A
blackhead-6-_JPG_jpg.rf.5ba9a94d9bed4ecb8ed19b01b4d4479a.jpg,Blackheads,REJECTED,Cosmetic beauty filter / smoothed skin (blur score 27.56 < 30),241,27.56,reject,N/A
blackhead-6-_JPG_jpg.rf.d759a3043ea38fbbd2715694831c574c.jpg,Blackheads,REJECTED,Cosmetic beauty filter / smoothed skin (blur score 29.23 < 30),242,29.23,reject,N/A
blackhead-60-_jpg.rf.80800a24ad971b9fc7c09e8fe696909a.jpg,Blackheads,REMOVED,Duplicate of blackhead-60-_jpg.rf.b2de1bcbb67907115c6ecb175d1b369f.jpg,3794,45.65,duplicate,N/A
blackhead-60-_jpg.rf.5d6a9482e89c12838f11f3a898a7da04.jpg,Blackheads,REMOVED,Duplicate of blackhead-60-_jpg.rf.b2de1bcbb67907115c6ecb175d1b369f.jpg,3794,10.45,duplicate,N/A
blackhead-60-_jpg.rf.b6eab1eab2c9b34dfa5f43f6edf75db0.jpg,Blackheads,REMOVED,Duplicate of blackhead-60-_jpg.rf.b2de1bcbb67907115c6ecb175d1b369f.jpg,3794,10.45,duplicate,N/A
blackhead-60-_jpg.rf.77ca3e0e3f48ea96bfac9a398bd9b0fa.jpg,Blackheads,REMOVED,Duplicate of blackhead-60-_jpg.rf.c1a4322ce21a4aee540a27e388f251c9.jpg,2852,58.45,duplicate,N/A
blackhead-61-_JPG_jpg.rf.35cbf5a829a414a663f1a6837fb7e449.jpg,Blackheads,REMOVED,Duplicate of blackhead-61-_JPG_jpg.rf.4cad71860856114a45dc00406be29bc3.jpg,2855,39.65,duplicate,N/A
blackhead-61-_JPG_jpg.rf.a4dd183c6f6da985a67b05732a432913.jpg,Blackheads,REMOVED,Duplicate of blackhead-61-_JPG_jpg.rf.4cad71860856114a45dc00406be29bc3.jpg,2855,29.18,duplicate,N/A
blackhead-61-_JPG_jpg.rf.99ac4374c17079600bfc4d02856bed50.jpg,Blackheads,REMOVED,Duplicate of blackhead-61-_JPG_jpg.rf.4cad71860856114a45dc00406be29bc3.jpg,2855,29.17,duplicate,N/A
blackhead-61-_JPG_jpg.rf.e3305315fae6629581ee5e3f5a4904a7.jpg,Blackheads,REMOVED,Duplicate of blackhead-61-_JPG_jpg.rf.a998e3f0593c0e2d6d766c87d2b97621.jpg,255,14.72,duplicate,N/A
blackhead-61-_JPG_jpg.rf.a998e3f0593c0e2d6d766c87d2b97621.jpg,Blackheads,REJECTED,Severe blur (variance 14.72 < 20),255,14.72,reject,N/A
blackhead-62-_JPG_jpg.rf.078e3341971ab708cbc984d56c837afa.jpg,Blackheads,REMOVED,Duplicate of blackhead-62-_JPG_jpg.rf.acc1b9c93b6ebdbf4302edbfdd9ea02d.jpg,260,16.49,duplicate,N/A
blackhead-62-_JPG_jpg.rf.acc1b9c93b6ebdbf4302edbfdd9ea02d.jpg,Blackheads,REJECTED,Severe blur (variance 16.49 < 20),260,16.49,reject,N/A
blackhead-62-_JPG_jpg.rf.5be4a0d4fdbd5e5569d38725870a0575.jpg,Blackheads,REMOVED,Duplicate of blackhead-62-_JPG_jpg.rf.def701a5ddc3c47e375310515c2776f1.jpg,3797,23.52,duplicate,N/A
blackhead-62-_JPG_jpg.rf.d877569afb6769a99506dbed2ec81e34.jpg,Blackheads,REMOVED,Duplicate of blackhead-62-_JPG_jpg.rf.def701a5ddc3c47e375310515c2776f1.jpg,3797,22.07,duplicate,N/A
blackhead-62-_JPG_jpg.rf.708055a300a0acaf4a7d74f35ad31c99.jpg,Blackheads,REMOVED,Duplicate of blackhead-62-_JPG_jpg.rf.def701a5ddc3c47e375310515c2776f1.jpg,3797,22.05,duplicate,N/A
blackhead-62-_JPG_jpg.rf.def701a5ddc3c47e375310515c2776f1.jpg,Blackheads,REJECTED,Cosmetic beauty filter / smoothed skin (blur score 23.53 < 30),3797,23.53,reject,N/A
blackhead-63-_JPG_jpg.rf.40522603341c401478fb7aa4995266df.jpg,Blackheads,REMOVED,Duplicate of blackhead-63-_JPG_jpg.rf.3f5f8098f894bf84125064343616f28a.jpg,264,36.17,duplicate,N/A
blackhead-63-_JPG_jpg.rf.7ffeacd030be586d187920bfc58354b8.jpg,Blackheads,REMOVED,Duplicate of blackhead-63-_JPG_jpg.rf.595f89b3c4fb6222aa16d603daf95404.jpg,3799,26.62,duplicate,N/A
blackhead-63-_JPG_jpg.rf.7aed8d2635a386c5e5b89893b4121c30.jpg,Blackheads,REMOVED,Duplicate of blackhead-63-_JPG_jpg.rf.595f89b3c4fb6222aa16d603daf95404.jpg,3799,10.08,duplicate,N/A
blackhead-63-_JPG_jpg.rf.d5b49640e0a69d4988c28202f11617a4.jpg,Blackheads,REMOVED,Duplicate of blackhead-63-_JPG_jpg.rf.595f89b3c4fb6222aa16d603daf95404.jpg,3799,10.08,duplicate,N/A
blackhead-63-_JPG_jpg.rf.595f89b3c4fb6222aa16d603daf95404.jpg,Blackheads,REJECTED,Cosmetic beauty filter / smoothed skin (blur score 26.65 < 30),3799,26.65,reject,N/A
blackhead-64-_JPG_jpg.rf.5ffefcec6bcf3eb3c970102a0f4e74b2.jpg,Blackheads,REMOVED,Duplicate of blackhead-64-_JPG_jpg.rf.09b8773caa975ae2e5f8bc49e0d5b363.jpg,270,46.60,duplicate,N/A
blackhead-64-_JPG_jpg.rf.79ce9c319c7959367febfede08a884c3.jpg,Blackheads,REMOVED,Duplicate of blackhead-64-_JPG_jpg.rf.09b8773caa975ae2e5f8bc49e0d5b363.jpg,270,36.43,duplicate,N/A
blackhead-64-_JPG_jpg.rf.40f951d66297a8b3e89f2c7ae71fc03c.jpg,Blackheads,REMOVED,Duplicate of blackhead-64-_JPG_jpg.rf.09b8773caa975ae2e5f8bc49e0d5b363.jpg,270,36.18,duplicate,N/A
blackhead-64-_JPG_jpg.rf.f07550ca83dc8411a9b9882989c201be.jpg,Blackheads,REMOVED,Duplicate of blackhead-64-_JPG_jpg.rf.ce68694d00e028b1b67137455d3465f9.jpg,275,7.74,duplicate,N/A
blackhead-64-_JPG_jpg.rf.ce68694d00e028b1b67137455d3465f9.jpg,Blackheads,REJECTED,Severe blur (variance 7.74 < 20),275,7.74,reject,N/A
blackhead-66-_JPG_jpg.rf.a6c0b85d19aa2d194efc2b642bda4944.jpg,Blackheads,REMOVED,Duplicate of blackhead-66-_JPG_jpg.rf.29c36d7af3ec5261ba84c5e0644292a5.jpg,2863,29.59,duplicate,N/A
blackhead-66-_JPG_jpg.rf.29c36d7af3ec5261ba84c5e0644292a5.jpg,Blackheads,REJECTED,Cosmetic beauty filter / smoothed skin (blur score 29.60 < 30),2863,29.60,reject,N/A
pustular_acne_-83-_jpg.rf.ca5ea0e28b2ac6ab5014f9bb6c43f81f.jpg,Pustules,REMOVED,Duplicate of pustular_acne_-83-_jpg.rf.0ef29f65576f094f7b01dfb01e11688f.jpg,4333,218.95,duplicate,N/A
Papule17_JPG_jpg.rf.f2fa3875748c5dd0e615e16d2dfde675.jpg,Papules,REMOVED,Duplicate of pustular_acne_-83-_jpg.rf.0ef29f65576f094f7b01dfb01e11688f.jpg,4333,39.90,duplicate,N/A
Papule17_JPG_jpg.rf.9568f31f9de44c9f91f85ee3334a63fc.jpg,Papules,REMOVED,Duplicate of pustular_acne_-83-_jpg.rf.0ef29f65576f094f7b01dfb01e11688f.jpg,4333,39.86,duplicate,N/A
blackhead-67-_jpg.rf.0a2edd55960fd842d85a2cb55030e690.jpg,Blackheads,REMOVED,Duplicate of pustular_acne_-83-_jpg.rf.0ef29f65576f094f7b01dfb01e11688f.jpg,4333,19.73,duplicate,N/A
blackhead-67-_jpg.rf.4d7602f24a2eb2921abcceb744f57358.jpg,Blackheads,REMOVED,Duplicate of pustular_acne_-83-_jpg.rf.0ef29f65576f094f7b01dfb01e11688f.jpg,4333,19.69,duplicate,N/A
blackhead-67-_jpg.rf.70ead1a0b88de86b5929cebc291707c4.jpg,Blackheads,REMOVED,Duplicate of pustular_acne_-83-_jpg.rf.0ef29f65576f094f7b01dfb01e11688f.jpg,4333,12.02,duplicate,N/A
blackhead-67-_jpg.rf.0dd62752f922bd41025708929ab668e9.jpg,Blackheads,REMOVED,Duplicate of pustular_acne_-83-_jpg.rf.0ef29f65576f094f7b01dfb01e11688f.jpg,4333,12.00,duplicate,N/A
Pustule-16-_JPG_jpg.rf.068e9dcbdc132b33c334972a8bdc1e8b.jpg,Pustules,REMOVED,Duplicate of pustular_acne_-83-_jpg.rf.0ef29f65576f094f7b01dfb01e11688f.jpg,4333,11.03,duplicate,N/A
Pustule-16-_JPG_jpg.rf.e668edc95829d1c56eda15e507593b94.jpg,Pustules,REMOVED,Duplicate of pustular_acne_-83-_jpg.rf.0ef29f65576f094f7b01dfb01e11688f.jpg,4333,11.02,duplicate,N/A
papular_acne_-65-_jpg.rf.b401b994a30731d0678c6777e846a72d.jpg,Papules,REMOVED,Duplicate of pustular_acne_-83-_jpg.rf.0ef29f65576f094f7b01dfb01e11688f.jpg,4333,6.00,duplicate,N/A
papular_acne_-65-_jpg.rf.ab618b7c831186c4e7c62cc01a35c6e5.jpg,Papules,REMOVED,Duplicate of pustular_acne_-83-_jpg.rf.0ef29f65576f094f7b01dfb01e11688f.jpg,4333,6.00,duplicate,N/A
blackhead_270_jpg.rf.a2ee8e56dc620cd6237566dca11d407b.jpg,Blackheads,REMOVED,Duplicate of pustular_acne_-83-_jpg.rf.0ef29f65576f094f7b01dfb01e11688f.jpg,4333,5.62,duplicate,N/A
blackhead_270_jpg.rf.d38afa3c83dbd9f29a662d44ac51827d.jpg,Blackheads,REMOVED,Duplicate of pustular_acne_-83-_jpg.rf.0ef29f65576f094f7b01dfb01e11688f.jpg,4333,5.62,duplicate,N/A
Pustule-13-_jpg.rf.bbe115e9f0b2667a4cf4f0758a4068f2.jpg,Pustules,REMOVED,Duplicate of pustular_acne_-83-_jpg.rf.0ef29f65576f094f7b01dfb01e11688f.jpg,4333,3.02,duplicate,N/A
Pustule-13-_jpg.rf.ff1812ba4007b5c62f4531c844db5328.jpg,Pustules,REMOVED,Duplicate of pustular_acne_-83-_jpg.rf.0ef29f65576f094f7b01dfb01e11688f.jpg,4333,3.02,duplicate,N/A
blackhead-67-_jpg.rf.361f0ea03432b38a6b6b9d6f913cde47.jpg,Blackheads,REMOVED,Duplicate of blackhead-67-_jpg.rf.8be0b39aa170a98100ec65325eae51aa.jpg,3804,4.85,duplicate,N/A
blackhead-67-_jpg.rf.8be0b39aa170a98100ec65325eae51aa.jpg,Blackheads,REJECTED,Severe blur (variance 4.85 < 20),3804,4.85,reject,N/A
blackhead-67-_jpg.rf.e92e6cfac2964e4d03310cf5659d6214.jpg,Blackheads,REJECTED,Severe blur (variance 17.22 < 20),280,17.22,reject,N/A
blackhead-68-_jpg.rf.612b34c0260f0efd109b089662624c44.jpg,Blackheads,REMOVED,Duplicate of blackhead-68-_jpg.rf.1a1440eaef4ecf622d6903b6669d858c.jpg,3805,65.96,duplicate,N/A
blackhead-68-_jpg.rf.76b57b2a6b1bbfd74dee4c7b9ba28ba8.jpg,Blackheads,REMOVED,Duplicate of blackhead-68-_jpg.rf.6e87b8111dda46eb8afd869854e344d6.jpg,284,62.91,duplicate,N/A
blackhead-68-_jpg.rf.e2dc0f37f399f9ed02c70b251a9e4b76.jpg,Blackheads,REMOVED,Duplicate of blackhead-68-_jpg.rf.b7e72c13384e7dac6efeacfba7fc9da1.jpg,2868,44.23,duplicate,N/A
blackhead-69-_jpg.rf.b02664de6ec7a784a23f04116968c8e4.jpg,Blackheads,REMOVED,Duplicate of blackhead-69-_jpg.rf.06dce96e4dbd43250f9e2943762aec01.jpg,2871,9.74,duplicate,N/A
blackhead-69-_jpg.rf.06dce96e4dbd43250f9e2943762aec01.jpg,Blackheads,REJECTED,Severe blur (variance 9.74 < 20),2871,9.74,reject,N/A
blackhead-69-_jpg.rf.38a64f5662d7657a55382ed8b7bf037a.jpg,Blackheads,REMOVED,Duplicate of blackhead-69-_jpg.rf.120d5af760babc97ef89232b792100ca.jpg,3807,71.36,duplicate,N/A
blackhead-69-_jpg.rf.6e1e190ef69c5e837532a347fa982b11.jpg,Blackheads,REMOVED,Duplicate of blackhead-69-_jpg.rf.120d5af760babc97ef89232b792100ca.jpg,3807,57.26,duplicate,N/A
blackhead-69-_jpg.rf.6eeb6916e18c362fb318704fa47c838c.jpg,Blackheads,REMOVED,Duplicate of blackhead-69-_jpg.rf.120d5af760babc97ef89232b792100ca.jpg,3807,57.22,duplicate,N/A
Papule17_JPG_jpg.rf.aa48f2ef4d535a30cb830990e630b694.jpg,Papules,REMOVED,Duplicate of blackhead-69-_jpg.rf.120d5af760babc97ef89232b792100ca.jpg,3807,28.04,duplicate,N/A
Papule17_JPG_jpg.rf.b5cc071e5e8a34c88f167175805e4f45.jpg,Papules,REMOVED,Duplicate of blackhead-69-_jpg.rf.120d5af760babc97ef89232b792100ca.jpg,3807,28.04,duplicate,N/A
blackhead-7-_JPG_jpg.rf.fb3d8afe16e3f23b0856bf08990dfa58.jpg,Blackheads,REMOVED,Duplicate of blackhead-7-_JPG_jpg.rf.2fe9499ab62dd8b8165b15bf0815f794.jpg,294,63.66,duplicate,N/A
blackhead-7-_JPG_jpg.rf.cc772bec33df7c7354f11d0ac83685bb.jpg,Blackheads,REMOVED,Duplicate of blackhead-7-_JPG_jpg.rf.81d7a675b4149c379a8b93e5ca260148.jpg,2875,66.26,duplicate,N/A
blackhead-70-_jpg.rf.e29f2f36a45e1b13809bce40ce884b39.jpg,Blackheads,REMOVED,Duplicate of blackhead-70-_jpg.rf.27d600d6adf2da922bb3828392b2e6d5.jpg,298,37.06,duplicate,N/A
blackhead-71-_JPG_jpg.rf.f2adb976fa6ecfcf83ff4db56bba8354.jpg,Blackheads,REMOVED,Duplicate of blackhead-71-_JPG_jpg.rf.cd937eb0cc901c939365c85ec7e71df4.jpg,302,4.88,duplicate,N/A
blackhead-71-_JPG_jpg.rf.cd937eb0cc901c939365c85ec7e71df4.jpg,Blackheads,REJECTED,Severe blur (variance 4.88 < 20),302,4.88,reject,N/A
blackhead-72-_JPG_jpg.rf.e2b293f872b6bc56a90f0830ccb9bb41.jpg,Blackheads,REMOVED,Duplicate of blackhead-72-_JPG_jpg.rf.b62ab834c0dcdc32b8ca1d26af1bedbc.jpg,305,4.12,duplicate,N/A
blackhead-72-_JPG_jpg.rf.b62ab834c0dcdc32b8ca1d26af1bedbc.jpg,Blackheads,REJECTED,Severe blur (variance 4.12 < 20),305,4.12,reject,N/A
blackhead-73-_JPG_jpg.rf.33377f9dbb18120af60ebeb615b00d2b.jpg,Blackheads,REMOVED,Duplicate of blackhead-73-_JPG_jpg.rf.7b1bd7161aed07c8039c260d6244d2d5.jpg,309,28.15,duplicate,N/A
blackhead-73-_JPG_jpg.rf.7b1bd7161aed07c8039c260d6244d2d5.jpg,Blackheads,REJECTED,Cosmetic beauty filter / smoothed skin (blur score 28.22 < 30),309,28.22,reject,N/A
blackhead-73-_JPG_jpg.rf.987a4020fa106f57cc493a5d87a3e5f7.jpg,Blackheads,REMOVED,Duplicate of blackhead-73-_JPG_jpg.rf.8adc08bc2d59e2de70fb5a4b85fd837b.jpg,311,4.90,duplicate,N/A
blackhead-73-_JPG_jpg.rf.8adc08bc2d59e2de70fb5a4b85fd837b.jpg,Blackheads,REJECTED,Severe blur (variance 4.90 < 20),311,4.90,reject,N/A
blackhead-74-_jpg.rf.a710e8cb5158b0a7e8d616c1735fc341.jpg,Blackheads,REMOVED,Duplicate of blackhead-74-_jpg.rf.1c314d476a85358ca96df090d856ac1e.jpg,3810,33.20,duplicate,N/A
blackhead-74-_jpg.rf.31792ac4381dec24b7f50da68e531d3a.jpg,Blackheads,REMOVED,Duplicate of blackhead-74-_jpg.rf.1c314d476a85358ca96df090d856ac1e.jpg,3810,30.44,duplicate,N/A
blackhead-74-_jpg.rf.060cdf950ede734c4fbc68c559c53597.jpg,Blackheads,REMOVED,Duplicate of blackhead-74-_jpg.rf.1c314d476a85358ca96df090d856ac1e.jpg,3810,30.44,duplicate,N/A
blackhead-74-_jpg.rf.77201687ac23ab150ecb2c46f92fcbde.jpg,Blackheads,REMOVED,Duplicate of blackhead-74-_jpg.rf.20f179ffb5b7b96a827c455905903af0.jpg,316,34.22,duplicate,N/A
blackhead-75-_JPG_jpg.rf.71bbebd068a50dfca3be400c089dd520.jpg,Blackheads,REMOVED,Duplicate of blackhead-75-_JPG_jpg.rf.13a1a5325af32acbdd313f9cf57e586d.jpg,321,32.30,duplicate,N/A
blackhead-75-_JPG_jpg.rf.3abbd1c5e7b903d97659764dd49e70d3.jpg,Blackheads,REMOVED,Duplicate of blackhead-75-_JPG_jpg.rf.3ca0ce3f045659787d5953931056a86c.jpg,3813,33.97,duplicate,N/A
blackhead-75-_JPG_jpg.rf.c3436f183d55315260c182f76490d61f.jpg,Blackheads,REMOVED,Duplicate of blackhead-75-_JPG_jpg.rf.91863264670c78502bc2bd7a279fbac5.jpg,324,24.11,duplicate,N/A
blackhead-75-_JPG_jpg.rf.91863264670c78502bc2bd7a279fbac5.jpg,Blackheads,REJECTED,Cosmetic beauty filter / smoothed skin (blur score 24.15 < 30),324,24.15,reject,N/A
blackhead-75-_JPG_jpg.rf.4d0e813f32ada06dc2c0d71277ba212a.jpg,Blackheads,REMOVED,Duplicate of blackhead-75-_JPG_jpg.rf.cac3483c20712b97f8fa355ade065348.jpg,3814,6.38,duplicate,N/A
blackhead-75-_JPG_jpg.rf.cac3483c20712b97f8fa355ade065348.jpg,Blackheads,REJECTED,Severe blur (variance 6.38 < 20),3814,6.38,reject,N/A
blackhead-77-_JPG_jpg.rf.733fee9934c9d58b8689cc387f191f13.jpg,Blackheads,REMOVED,Duplicate of blackhead-77-_JPG_jpg.rf.db693ef65e2f225b38b0714e30874d78.jpg,2883,11.99,duplicate,N/A
blackhead-77-_JPG_jpg.rf.db693ef65e2f225b38b0714e30874d78.jpg,Blackheads,REJECTED,Severe blur (variance 11.99 < 20),2883,11.99,reject,N/A
blackhead-78-_JPG_jpg.rf.8c0a22dea5a6c5c27fcb6d9481e3db3a.jpg,Blackheads,REMOVED,Duplicate of blackhead-78-_JPG_jpg.rf.02249d41bdc9a85b87c668ffc8c33359.jpg,333,4.00,duplicate,N/A
blackhead-78-_JPG_jpg.rf.02249d41bdc9a85b87c668ffc8c33359.jpg,Blackheads,REJECTED,Severe blur (variance 4.00 < 20),333,4.00,reject,N/A
blackhead-78-_JPG_jpg.rf.19be36f5cc291fbc46692411c1c76d96.jpg,Blackheads,REMOVED,Duplicate of blackhead-78-_JPG_jpg.rf.f87380275934b986c3a54d9f215cfcd5.jpg,335,52.33,duplicate,N/A
blackhead-78-_JPG_jpg.rf.23c429f9a3283b75bf56348164709646.jpg,Blackheads,REMOVED,Duplicate of blackhead-78-_JPG_jpg.rf.66c5374174e3ec6ca812c5f7fcc67271.jpg,3817,3.92,duplicate,N/A
blackhead-78-_JPG_jpg.rf.66c5374174e3ec6ca812c5f7fcc67271.jpg,Blackheads,REJECTED,Severe blur (variance 3.92 < 20),3817,3.92,reject,N/A
blackhead-79-_JPG_jpg.rf.c72fd8c8f2ef4adcc7858a2f469cb743.jpg,Blackheads,REMOVED,Duplicate of blackhead-79-_JPG_jpg.rf.828f9715b952a292dec0aba7d916b8a1.jpg,3820,9.70,duplicate,N/A
blackhead-79-_JPG_jpg.rf.828f9715b952a292dec0aba7d916b8a1.jpg,Blackheads,REJECTED,Severe blur (variance 9.70 < 20),3820,9.70,reject,N/A
blackhead-8-_JPG_jpg.rf.d90b07f3384b04ea341794e244af37af.jpg,Blackheads,REMOVED,Duplicate of blackhead-8-_JPG_jpg.rf.d62d7664d3b59bbe19608a653b79284e.jpg,2886,75.36,duplicate,N/A
blackhead-8-_JPG_jpg.rf.3ce15fb18b41995dcef6847c64b88577.jpg,Blackheads,REMOVED,Duplicate of blackhead-8-_JPG_jpg.rf.19669344dc74c9fdf2f354cfc4a13aec.jpg,3823,66.11,duplicate,N/A
blackhead-8-_JPG_jpg.rf.f2a3a39856a766a5d05b0c09ac0e282c.jpg,Blackheads,REMOVED,Duplicate of blackhead-8-_JPG_jpg.rf.19669344dc74c9fdf2f354cfc4a13aec.jpg,3823,62.72,duplicate,N/A
blackhead-8-_JPG_jpg.rf.6f931b46196c078ae99788eaefc7f12a.jpg,Blackheads,REMOVED,Duplicate of blackhead-8-_JPG_jpg.rf.19669344dc74c9fdf2f354cfc4a13aec.jpg,3823,62.72,duplicate,N/A
blackhead-80-_JPG_jpg.rf.083672dc5232e7b44bd4d7cfefe892f7.jpg,Blackheads,REMOVED,Duplicate of blackhead-80-_JPG_jpg.rf.2715f2e93e23b0a1009a09316c974c96.jpg,2887,16.18,duplicate,N/A
blackhead-80-_JPG_jpg.rf.2715f2e93e23b0a1009a09316c974c96.jpg,Blackheads,REJECTED,Severe blur (variance 16.18 < 20),2887,16.18,reject,N/A
blackhead-81-_JPG_jpg.rf.57a95a9488c27794df04d4682aec0885.jpg,Blackheads,REMOVED,Duplicate of blackhead-81-_JPG_jpg.rf.3890ddbee6ae12774100bad7e846c1e7.jpg,3824,13.68,duplicate,N/A
blackhead-81-_JPG_jpg.rf.3890ddbee6ae12774100bad7e846c1e7.jpg,Blackheads,REJECTED,Severe blur (variance 13.68 < 20),3824,13.68,reject,N/A
blackhead-9-_JPG_jpg.rf.7a762056ce164f80cd836926a6a9c15a.jpg,Blackheads,REMOVED,Duplicate of blackhead-9-_JPG_jpg.rf.5899cddc23b9daf000456e635ec90051.jpg,345,68.40,duplicate,N/A
blackhead-9-_JPG_jpg.rf.99754dad6ad93f68cbbc14fbdde4ea9a.jpg,Blackheads,REMOVED,Duplicate of blackhead-9-_JPG_jpg.rf.9a8d678ca0e59d012f2999579bc62851.jpg,2890,74.78,duplicate,N/A
blackhead_122_jpg.rf.0b5a8239d24d828a352aa9fae8d01dec.jpg,Blackheads,REMOVED,Duplicate of blackhead_122_jpg.rf.9d7b85aac6d6124e31525ea3246c4643.jpg,361,67.17,duplicate,N/A
blackhead_122_jpg.rf.0fc000ca1da638243f98d4411ca126a2.jpg,Blackheads,REMOVED,Duplicate of blackhead_122_jpg.rf.224f23ffe70da202b5d033d239ef1ddd.jpg,3826,53.63,duplicate,N/A
blackhead_122_jpg.rf.15f73606ddb7936bc8df3dc5b82eb402.jpg,Blackheads,REMOVED,Duplicate of blackhead_122_jpg.rf.c1aa59ddc79d3c5817531f69d7f5a0a3.jpg,367,34.34,duplicate,N/A
blackhead_122_jpg.rf.88a49c8d25befa2d2485cbd3a9d5ad53.jpg,Blackheads,REMOVED,Duplicate of blackhead_122_jpg.rf.22567caaaa4e276c3cdfc411d26393a0.jpg,2895,92.85,duplicate,N/A
blackhead_122_jpg.rf.4d1eb802855cf1ba51271a99c6c4b6bf.jpg,Blackheads,REMOVED,Duplicate of blackhead_122_jpg.rf.85b9f767c3171e947729a4a6f42809ca.jpg,3831,65.10,duplicate,N/A
blackhead_122_jpg.rf.df989652a432bd1eb0924a9b617e69c6.jpg,Blackheads,REMOVED,Duplicate of blackhead_122_jpg.rf.5d6831634526f4879117596b32c8ab09.jpg,369,45.62,duplicate,N/A
blackhead_122_jpg.rf.81cdfa8d9ba0d885e1789c917823068f.jpg,Blackheads,REMOVED,Duplicate of blackhead_122_jpg.rf.dd1f4ee4849960909803b4bd6c4f2a4d.jpg,3834,50.97,duplicate,N/A
blackhead_122_jpg.rf.6ab2a17978522332543d1bb780380037.jpg,Blackheads,REMOVED,Duplicate of blackhead_122_jpg.rf.a46308be1c40b23168bba5d211911fa7.jpg,3829,7.67,duplicate,N/A
blackhead_122_jpg.rf.a46308be1c40b23168bba5d211911fa7.jpg,Blackheads,REJECTED,Severe blur (variance 7.67 < 20),3829,7.67,reject,N/A
blackhead_122_jpg.rf.38b0c0bdf7a48bfec9b149905ca4dcca.jpg,Blackheads,REMOVED,Duplicate of blackhead_122_jpg.rf.ae3a1aa2f4ee90ef70cf7be0891fdcaf.jpg,3827,28.11,duplicate,N/A
blackhead_122_jpg.rf.ae3a1aa2f4ee90ef70cf7be0891fdcaf.jpg,Blackheads,REJECTED,Cosmetic beauty filter / smoothed skin (blur score 28.11 < 30),3827,28.11,reject,N/A
blackhead_122_jpg.rf.c17ffc06cb3cbab7e99426cdf897d3ca.jpg,Blackheads,REMOVED,Duplicate of blackhead_122_jpg.rf.ac67bfdb121f22570a6595919527aac5.jpg,2896,30.14,duplicate,N/A
blackhead_122_jpg.rf.d9f230b83481a8b89fd2257d90d474a8.jpg,Blackheads,REMOVED,Duplicate of blackhead_122_jpg.rf.ddeb792242d09913ee9b9032c878871d.jpg,2898,43.76,duplicate,N/A
blackhead_142_jpg.rf.028de769acbf251e0ad6ec6dafddbd07.jpg,Blackheads,REMOVED,Duplicate of blackhead_142_jpg.rf.62cca098413f41304a1a8b616b99a416.jpg,3839,82.20,duplicate,N/A
blackhead_142_jpg.rf.988cd65fa40f76ff4cfd26cb573ca7eb.jpg,Blackheads,REMOVED,Duplicate of blackhead_142_jpg.rf.f917fe020ed855a5aed69bd0a9fed699.jpg,3838,161.04,duplicate,N/A
blackhead_142_jpg.rf.5f6d95ec8fdcab1dfc19454374ce462b.jpg,Blackheads,REMOVED,Duplicate of blackhead_142_jpg.rf.f917fe020ed855a5aed69bd0a9fed699.jpg,3838,160.34,duplicate,N/A
blackhead_142_jpg.rf.0472b4301ec96fc8072b9430d8dd0043.jpg,Blackheads,REMOVED,Duplicate of blackhead_142_jpg.rf.f917fe020ed855a5aed69bd0a9fed699.jpg,3838,160.25,duplicate,N/A
blackhead_142_jpg.rf.063672afc06f1d8467bcbbdd68f6059f.jpg,Blackheads,REMOVED,Duplicate of blackhead_142_jpg.rf.a15ea9cf5614105b991c6abdfdfc8cb3.jpg,3842,65.90,duplicate,N/A
blackhead_142_jpg.rf.1f400cd5c3dd32ec7c9bb5961c526d66.jpg,Blackheads,REMOVED,Duplicate of blackhead_142_jpg.rf.a15ea9cf5614105b991c6abdfdfc8cb3.jpg,3842,49.76,duplicate,N/A
blackhead_142_jpg.rf.1b28fc37da965187539a6b3a1c5f4e36.jpg,Blackheads,REMOVED,Duplicate of blackhead_142_jpg.rf.a15ea9cf5614105b991c6abdfdfc8cb3.jpg,3842,49.72,duplicate,N/A
blackhead_142_jpg.rf.2736e541953c5679c9f6480a71d05978.jpg,Blackheads,REMOVED,Duplicate of blackhead_142_jpg.rf.0fd33b8dd3119e316f8e0d13de60e3f0.jpg,2901,67.11,duplicate,N/A
blackhead_142_jpg.rf.19e4d2f5b1b253d2cc70b0965212982d.jpg,Blackheads,REMOVED,Duplicate of blackhead_142_jpg.rf.472ba4b52e5f1ccb7b84da8c6557bec0.jpg,379,83.26,duplicate,N/A
blackhead_142_jpg.rf.84e3c01c6fff1917686b9ee65a0d556a.jpg,Blackheads,REMOVED,Duplicate of blackhead_142_jpg.rf.b98f4ff5bbedcccfe3e2c8f161fbdd86.jpg,2905,64.16,duplicate,N/A
blackhead_142_jpg.rf.aaa99ed2fd5daa20954da7a19a8b5a7e.jpg,Blackheads,REMOVED,Duplicate of blackhead_142_jpg.rf.b98f4ff5bbedcccfe3e2c8f161fbdd86.jpg,2905,64.06,duplicate,N/A
blackhead_142_jpg.rf.28c1ec7b89c5eae5ff2fc4ee9a13b567.jpg,Blackheads,REMOVED,Duplicate of blackhead_142_jpg.rf.b98f4ff5bbedcccfe3e2c8f161fbdd86.jpg,2905,64.06,duplicate,N/A
blackhead_142_jpg.rf.7ea4b6f18d9d8426dad1852a46213ed5.jpg,Blackheads,REMOVED,Duplicate of blackhead_142_jpg.rf.90a6121569bdce85b9e7aa72c1bb7ae8.jpg,382,109.80,duplicate,N/A
blackhead_142_jpg.rf.51e3e3b65a68b9aeb4240c4701d715e8.jpg,Blackheads,REMOVED,Duplicate of blackhead_142_jpg.rf.99d3788ac142a59c7f809f9168658440.jpg,3837,78.77,duplicate,N/A
blackhead_202_jpg.rf.4487cf614f244a4a10050296f2d1b944.jpg,Blackheads,REMOVED,Duplicate of blackhead_202_jpg.rf.0a56441c2cd437ab52130462f8318978.jpg,401,44.38,duplicate,N/A
blackhead_202_jpg.rf.7c96441eff0a3728d108926b46595c7e.jpg,Blackheads,REMOVED,Duplicate of blackhead_202_jpg.rf.12a57143f1b703dadc4f83a7a3f189fb.jpg,404,94.23,duplicate,N/A
blackhead_202_jpg.rf.942c56115a211a860b98ed990c426b4a.jpg,Blackheads,REMOVED,Duplicate of blackhead_202_jpg.rf.1819cf1d00a61befd25abd1977661f21.jpg,406,10.77,duplicate,N/A
blackhead_202_jpg.rf.1819cf1d00a61befd25abd1977661f21.jpg,Blackheads,REJECTED,Severe blur (variance 10.77 < 20),406,10.77,reject,N/A
blackhead_202_jpg.rf.4b5c641f6785a70b96c90bd5df233efe.jpg,Blackheads,REMOVED,Duplicate of blackhead_202_jpg.rf.1f8746791f6336e7c0e3fdd716e51b71.jpg,3844,75.92,duplicate,N/A
blackhead_202_jpg.rf.3668c564a1ba7d20d0e3940180edd2cc.jpg,Blackheads,REMOVED,Duplicate of blackhead_202_jpg.rf.1f8746791f6336e7c0e3fdd716e51b71.jpg,3844,66.15,duplicate,N/A
blackhead_202_jpg.rf.ae742bd650674e6cacb730b7d07e4255.jpg,Blackheads,REMOVED,Duplicate of blackhead_202_jpg.rf.1f8746791f6336e7c0e3fdd716e51b71.jpg,3844,66.08,duplicate,N/A
blackhead_202_jpg.rf.30c30ab8614f8757ab6a099660fed92a.jpg,Blackheads,REMOVED,Duplicate of blackhead_202_jpg.rf.0e496a05769c2b07fa0cb65c9d594289.jpg,2907,70.99,duplicate,N/A
blackhead_202_jpg.rf.3bab2098ac93d7814d88ceab67ae330e.jpg,Blackheads,REMOVED,Duplicate of blackhead_202_jpg.rf.cc3b585bf3c22b11ffeadec4ebc1cda0.jpg,412,62.90,duplicate,N/A
blackhead_202_jpg.rf.3e1f638a4ddad3fe79b3b82d863b8a63.jpg,Blackheads,REMOVED,Duplicate of blackhead_202_jpg.rf.4cd3c9ce56e42fbf7a960bef543009ea.jpg,2912,105.56,duplicate,N/A
blackhead_202_jpg.rf.137ab55795387ea13629d68ef52459d0.jpg,Blackheads,REMOVED,Duplicate of blackhead_202_jpg.rf.99c7c19862d69b6da7cf86dfda11a987.jpg,2908,87.29,duplicate,N/A
blackhead_22_jpg.rf.f66ad71d40196c4f71c2e18e181a3642.jpg,Blackheads,REMOVED,Duplicate of blackhead_22_jpg.rf.3d3819e4862a9d6a7c8c47b8548c1ac0.jpg,2918,72.34,duplicate,N/A
blackhead_242_jpg.rf.cb24d4f545eb8c0318d68a2efdcbac99.jpg,Blackheads,REMOVED,Duplicate of blackhead_242_jpg.rf.c09919549cedb7355a66e4f1c2404fc8.jpg,3854,6.83,duplicate,N/A
blackhead_242_jpg.rf.1511993bd0e91a92da70010318ee1339.jpg,Blackheads,REMOVED,Duplicate of blackhead_242_jpg.rf.c09919549cedb7355a66e4f1c2404fc8.jpg,3854,6.83,duplicate,N/A
blackhead_242_jpg.rf.abecba57bfc339e4a2796a1b8562c123.jpg,Blackheads,REMOVED,Duplicate of blackhead_242_jpg.rf.c09919549cedb7355a66e4f1c2404fc8.jpg,3854,6.83,duplicate,N/A
blackhead_242_jpg.rf.c09919549cedb7355a66e4f1c2404fc8.jpg,Blackheads,REJECTED,Severe blur (variance 6.83 < 20),3854,6.83,reject,N/A
blackhead_242_jpg.rf.1cdd0ff0f1907893c314169936dba321.jpg,Blackheads,REMOVED,Duplicate of blackhead_242_jpg.rf.b72af787149ba6db0f9b48b9fa7909fd.jpg,440,83.11,duplicate,N/A
blackhead_242_jpg.rf.2b3ce20f55a48d823a38aa9099034402.jpg,Blackheads,REMOVED,Duplicate of blackhead_242_jpg.rf.f7dda933606d6ee50e98a46685ea0f42.jpg,447,105.39,duplicate,N/A
blackhead_242_jpg.rf.4c638d2803f089d40a6d61d661e2a506.jpg,Blackheads,REMOVED,Duplicate of blackhead_242_jpg.rf.39f371f6f7b1369be3dabfd18899fe82.jpg,433,77.96,duplicate,N/A
blackhead_242_jpg.rf.47cf49b88af86a0f391eac106c4034ba.jpg,Blackheads,REMOVED,Duplicate of blackhead_242_jpg.rf.39f371f6f7b1369be3dabfd18899fe82.jpg,433,52.81,duplicate,N/A
blackhead_242_jpg.rf.7484051eb44b6414bc37a39779de5ecd.jpg,Blackheads,REMOVED,Duplicate of blackhead_242_jpg.rf.39f371f6f7b1369be3dabfd18899fe82.jpg,433,52.74,duplicate,N/A
blackhead_242_jpg.rf.62ac34188c199ea18e0e8d1fc4b22d53.jpg,Blackheads,REMOVED,Duplicate of blackhead_242_jpg.rf.41d5cd3c57ceaebea24392238bfb73d7.jpg,2921,58.30,duplicate,N/A
blackhead_242_jpg.rf.e6898714667f2871a8a1a619000257de.jpg,Blackheads,REMOVED,Duplicate of blackhead_242_jpg.rf.47f6a06fdefe29c4cb19e026b360565a.jpg,444,85.99,duplicate,N/A
blackhead_242_jpg.rf.df927a07f85954b052e733e927386e60.jpg,Blackheads,REMOVED,Duplicate of blackhead_242_jpg.rf.632a187b50202189e8c042a3fc72b208.jpg,442,85.00,duplicate,N/A
blackhead_242_jpg.rf.9b22188905f9d8d21465bf94f6908515.jpg,Blackheads,REMOVED,Duplicate of blackhead_242_jpg.rf.6ed140b62ac3c932c7404105d8430124.jpg,438,85.28,duplicate,N/A
blackhead_242_jpg.rf.82887c5eb192152bc10ed4520780164f.jpg,Blackheads,REMOVED,Duplicate of blackhead_242_jpg.rf.a8e5ff86edf3b864082f6aa2a5e64586.jpg,3853,63.52,duplicate,N/A
blackhead_242_jpg.rf.288f0c7f7e54d99896c44cec4ceb7838.jpg,Blackheads,REMOVED,Duplicate of blackhead_242_jpg.rf.a8e5ff86edf3b864082f6aa2a5e64586.jpg,3853,62.29,duplicate,N/A
blackhead_242_jpg.rf.7b7055c0a85bd287fa15911530b6874b.jpg,Blackheads,REMOVED,Duplicate of blackhead_242_jpg.rf.a8e5ff86edf3b864082f6aa2a5e64586.jpg,3853,62.17,duplicate,N/A
blackhead_242_jpg.rf.6d7bf3640d2a40b101f9cb8ed3342c25.jpg,Blackheads,REMOVED,Duplicate of blackhead_242_jpg.rf.86be7a074223c9b4344d5b2f52941332.jpg,3850,83.09,duplicate,N/A
blackhead_242_jpg.rf.76d196e25b501dd83339c2d09aa6546c.jpg,Blackheads,REMOVED,Duplicate of blackhead_242_jpg.rf.e4fb1e4f667b937c41bdf709deb61eb9.jpg,2922,71.66,duplicate,N/A
blackhead_266_jpg.rf.e484911e4eb8782695af5138649a3afb.jpg,Blackheads,REMOVED,Duplicate of blackhead_266_jpg.rf.0f5cc7ac8de46fdd60df283fd04c1e70.jpg,3860,131.34,duplicate,N/A
blackhead_266_jpg.rf.13d80e02c8fcb3d29aa81c731ee40785.jpg,Blackheads,REMOVED,Duplicate of blackhead_266_jpg.rf.e8c8f8b6577365c27bb6a348ef81985e.jpg,469,153.04,duplicate,N/A
blackhead_266_jpg.rf.20e09e6a6cc7d4c13bf9c3db6080c2eb.jpg,Blackheads,REMOVED,Duplicate of blackhead_266_jpg.rf.47298084043f5f8692accc60672b4291.jpg,457,55.87,duplicate,N/A
blackhead_266_jpg.rf.b4ff19d4de9411aab2408083af388dc0.jpg,Blackheads,REMOVED,Duplicate of blackhead_266_jpg.rf.2ee8d92298e4f791cee46f025925303f.jpg,467,11.09,duplicate,N/A
blackhead_266_jpg.rf.2ee8d92298e4f791cee46f025925303f.jpg,Blackheads,REJECTED,Severe blur (variance 11.09 < 20),467,11.09,reject,N/A
blackhead_266_jpg.rf.4228e5441eca74f9d5ec72546652ad43.jpg,Blackheads,REMOVED,Duplicate of blackhead_266_jpg.rf.83a3ccb3a7c11bca6f2566f8e91b6507.jpg,3855,85.79,duplicate,N/A
blackhead_266_jpg.rf.2d3af8d22474e31ef8d577174a790696.jpg,Blackheads,REMOVED,Duplicate of blackhead_266_jpg.rf.83a3ccb3a7c11bca6f2566f8e91b6507.jpg,3855,80.55,duplicate,N/A
blackhead_266_jpg.rf.f5c83ef27f2f6bf07d83e36962e2aaab.jpg,Blackheads,REMOVED,Duplicate of blackhead_266_jpg.rf.83a3ccb3a7c11bca6f2566f8e91b6507.jpg,3855,80.05,duplicate,N/A
blackhead_266_jpg.rf.14332edd3a1bcc01ea158b6eafcd07e6.jpg,Blackheads,REMOVED,Duplicate of blackhead_266_jpg.rf.74fb607dbbb28213e968c7179aaa03b7.jpg,2929,89.10,duplicate,N/A
blackhead_266_jpg.rf.b337ffa20976020da7f2c27fa034e632.jpg,Blackheads,REMOVED,Duplicate of blackhead_266_jpg.rf.9e52681209d11f060357bed6fa03989d.jpg,466,48.97,duplicate,N/A
blackhead_266_jpg.rf.058cdd20bc86f5c969436c061620a77e.jpg,Blackheads,REMOVED,Duplicate of blackhead_266_jpg.rf.ee70868067b758181b9768efed3df542.jpg,2927,139.47,duplicate,N/A
blackhead_270_jpg.rf.baf44b07bb0513e4c7a82a72562b8522.jpg,Blackheads,REMOVED,Duplicate of blackhead_270_jpg.rf.08fc8a9ccb79159308a28631da79ba78.jpg,3869,87.68,duplicate,N/A
blackhead_270_jpg.rf.541bbe8b8374c3de139877f45a34de6d.jpg,Blackheads,REMOVED,Duplicate of blackhead_270_jpg.rf.08fc8a9ccb79159308a28631da79ba78.jpg,3869,84.80,duplicate,N/A
blackhead_270_jpg.rf.688d7af48a1d8f217f821ff5c2f1ff13.jpg,Blackheads,REMOVED,Duplicate of blackhead_270_jpg.rf.08fc8a9ccb79159308a28631da79ba78.jpg,3869,84.66,duplicate,N/A
blackhead_270_jpg.rf.38381c92e7cf4b27e25f2ce2069e302c.jpg,Blackheads,REMOVED,Duplicate of blackhead_270_jpg.rf.bfe16f0ee86d3f7cfff9ca24e211b207.jpg,3862,16.38,duplicate,N/A
blackhead_270_jpg.rf.13ccad945858ef182c8d7d1e3b5dcb53.jpg,Blackheads,REMOVED,Duplicate of blackhead_270_jpg.rf.bfe16f0ee86d3f7cfff9ca24e211b207.jpg,3862,16.35,duplicate,N/A
blackhead_270_jpg.rf.6a6492098d5f3d2a0dce44bd977f86ae.jpg,Blackheads,REMOVED,Duplicate of blackhead_270_jpg.rf.bfe16f0ee86d3f7cfff9ca24e211b207.jpg,3862,16.35,duplicate,N/A
blackhead_270_jpg.rf.bfe16f0ee86d3f7cfff9ca24e211b207.jpg,Blackheads,REJECTED,Severe blur (variance 16.38 < 20),3862,16.38,reject,N/A
blackhead_270_jpg.rf.645631bfe1f84878869e4494a82be42c.jpg,Blackheads,REMOVED,Duplicate of blackhead_270_jpg.rf.4143ea7fd60fed22fc72b7721b979930.jpg,480,74.64,duplicate,N/A
blackhead_270_jpg.rf.50ffd6ca2f2e8a3c7c2be876a9d72d9b.jpg,Blackheads,REMOVED,Duplicate of blackhead_270_jpg.rf.b15ac47f5f07ea1d2756e8a379f645bb.jpg,3868,98.34,duplicate,N/A
blackhead_270_jpg.rf.493d90bec5fce12db4f73a763b9fd25e.jpg,Blackheads,REMOVED,Duplicate of blackhead_270_jpg.rf.b15ac47f5f07ea1d2756e8a379f645bb.jpg,3868,98.06,duplicate,N/A
blackhead_270_jpg.rf.b038dd6872b128a57cafc24c32a600f5.jpg,Blackheads,REMOVED,Duplicate of blackhead_270_jpg.rf.b15ac47f5f07ea1d2756e8a379f645bb.jpg,3868,98.05,duplicate,N/A
blackhead_270_jpg.rf.52049f2f2bb7fbfb896f939f954b7654.jpg,Blackheads,REMOVED,Duplicate of blackhead_270_jpg.rf.9f4c10a01c3fc552cd9c351b440aebda.jpg,3867,123.80,duplicate,N/A
blackhead_270_jpg.rf.93a93ebd91f7ab38590dabe9eb67fe05.jpg,Blackheads,REMOVED,Duplicate of blackhead_270_jpg.rf.c099c875e87a111ca39660caf1c6eaa6.jpg,2940,308.19,duplicate,N/A
blackhead_270_jpg.rf.b59a4891ddcbe4659acb9d9f7ee0a312.jpg,Blackheads,REMOVED,Duplicate of blackhead_270_jpg.rf.2eae2256b968eb3ed28148ba1d0a1d6f.jpg,2934,132.47,duplicate,N/A
blackhead_270_jpg.rf.5fe2aed2f4ada077c41986031a9a5691.jpg,Blackheads,REMOVED,Duplicate of blackhead_270_jpg.rf.ee8bd1305f5cdd1c5bc82a18ef140629.jpg,2935,55.61,duplicate,N/A
blackhead_536_jpg.rf.9f469a501a1dd9409db5d832986c6c4c.jpg,Blackheads,REMOVED,Duplicate of blackhead_536_jpg.rf.2d38309dd2bffbebf5148cf190329aac.jpg,507,22.27,duplicate,N/A
blackhead_536_jpg.rf.2d38309dd2bffbebf5148cf190329aac.jpg,Blackheads,REJECTED,Cosmetic beauty filter / smoothed skin (blur score 22.27 < 30),507,22.27,reject,N/A
blackhead_536_jpg.rf.370db8a7bcbaa17e62eaecdbeb1131c1.jpg,Blackheads,REMOVED,Duplicate of blackhead_536_jpg.rf.320f7a16fd3267009ad873826690785a.jpg,2943,65.87,duplicate,N/A
blackhead_536_jpg.rf.bd5832d3c842d83a67c345e6d4acdb73.jpg,Blackheads,REMOVED,Duplicate of blackhead_536_jpg.rf.21feb38ed05befcfeb8b3fa7e269f094.jpg,3871,50.20,duplicate,N/A
blackhead_536_jpg.rf.3c5a49e2a0fcfd705f2e8fd6ada742c5.jpg,Blackheads,REMOVED,Duplicate of blackhead_536_jpg.rf.21feb38ed05befcfeb8b3fa7e269f094.jpg,3871,40.10,duplicate,N/A
blackhead_536_jpg.rf.555ed8d73025324e2e9fdebcc506846f.jpg,Blackheads,REMOVED,Duplicate of blackhead_536_jpg.rf.21feb38ed05befcfeb8b3fa7e269f094.jpg,3871,39.96,duplicate,N/A
blackhead_536_jpg.rf.6e8f43676922a88b505896ffefcd234b.jpg,Blackheads,REMOVED,Duplicate of blackhead_536_jpg.rf.bf142e06a0d47835d018b1bca746e823.jpg,3873,64.87,duplicate,N/A
blackhead_536_jpg.rf.4dde9e5ca3c116a2d7bac390669630c6.jpg,Blackheads,REMOVED,Duplicate of blackhead_536_jpg.rf.bf142e06a0d47835d018b1bca746e823.jpg,3873,59.72,duplicate,N/A
blackhead_536_jpg.rf.5ba10b5a972ba87b133c506e0430585e.jpg,Blackheads,REMOVED,Duplicate of blackhead_536_jpg.rf.bf142e06a0d47835d018b1bca746e823.jpg,3873,59.53,duplicate,N/A
blackhead_536_jpg.rf.49559b93e8821f3671f5e4c58f96189d.jpg,Blackheads,REMOVED,Duplicate of blackhead_536_jpg.rf.bf142e06a0d47835d018b1bca746e823.jpg,3873,57.96,duplicate,N/A
blackhead_536_jpg.rf.d7812c1eee26827ef51b7b19c4063679.jpg,Blackheads,REMOVED,Duplicate of blackhead_536_jpg.rf.bf142e06a0d47835d018b1bca746e823.jpg,3873,57.77,duplicate,N/A
blackhead_536_jpg.rf.8d12ebfe01d57e406cbf31cf949a1184.jpg,Blackheads,REJECTED,Severe blur (variance 3.30 < 20),505,3.30,reject,N/A
blackhead_536_jpg.rf.a2fc439995c0a230324a751394217263.jpg,Blackheads,REMOVED,Duplicate of blackhead_536_jpg.rf.9b561ce4d921936828699606250fb512.jpg,508,37.98,duplicate,N/A
blackhead_536_jpg.rf.026ef485c12cd980661d277b7692662a.jpg,Blackheads,REMOVED,Duplicate of blackhead_536_jpg.rf.cd30b5ca51321248d84698e13d2ea63c.jpg,2941,45.21,duplicate,N/A
blackhead_546_jpg.rf.e084bba2d11e950dbe889784d7810d8c.jpg,Blackheads,REMOVED,Duplicate of blackhead_546_jpg.rf.6aeb2930fc856a398c842abb959938c5.jpg,3888,86.67,duplicate,N/A
blackhead_546_jpg.rf.caefaae845eefcf49b67f0abd0489dfe.jpg,Blackheads,REMOVED,Duplicate of blackhead_546_jpg.rf.6aeb2930fc856a398c842abb959938c5.jpg,3888,81.44,duplicate,N/A
blackhead_546_jpg.rf.03514647c69c95d55a62f0c83d184069.jpg,Blackheads,REMOVED,Duplicate of blackhead_546_jpg.rf.6aeb2930fc856a398c842abb959938c5.jpg,3888,81.31,duplicate,N/A
blackhead_546_jpg.rf.17428d1039a6134c278aebedfcff0cac.jpg,Blackheads,REMOVED,Duplicate of blackhead_546_jpg.rf.d3871ee45619ca71f1ffc48170b2a159.jpg,567,70.40,duplicate,N/A
blackhead_546_jpg.rf.1b5678a5b4d93c47ecbfc4f396733f1e.jpg,Blackheads,REMOVED,Duplicate of blackhead_546_jpg.rf.568b5d232234c5a177f8d7318d9d305b.jpg,533,95.68,duplicate,N/A
blackhead_546_jpg.rf.34506a6c5b2e5fca15619405ca3b0303.jpg,Blackheads,REMOVED,Duplicate of blackhead_546_jpg.rf.5f10eaaacbe22d96c29f778a133b5e15.jpg,534,56.27,duplicate,N/A
blackhead_546_jpg.rf.7e7c5b6b3c68986492a13388995367dc.jpg,Blackheads,REMOVED,Duplicate of blackhead_546_jpg.rf.3a1c1475b5950e878ebb531cfe264680.jpg,547,94.88,duplicate,N/A
blackhead_546_jpg.rf.65d97db2136a2382444ba7d60c2ae3c0.jpg,Blackheads,REMOVED,Duplicate of blackhead_546_jpg.rf.15435b8cb7a08bca313d7caa24ec1a41.jpg,3878,23.27,duplicate,N/A
blackhead_546_jpg.rf.4f1c168509c7e2ac65da91cfb6a5d641.jpg,Blackheads,REMOVED,Duplicate of blackhead_546_jpg.rf.15435b8cb7a08bca313d7caa24ec1a41.jpg,3878,11.80,duplicate,N/A
blackhead_546_jpg.rf.ed947cf3290eda2fafc44db590b26610.jpg,Blackheads,REMOVED,Duplicate of blackhead_546_jpg.rf.15435b8cb7a08bca313d7caa24ec1a41.jpg,3878,11.80,duplicate,N/A
blackhead_546_jpg.rf.6da86e39bfb04a5ee4323642b8055ff6.jpg,Blackheads,REMOVED,Duplicate of blackhead_546_jpg.rf.15435b8cb7a08bca313d7caa24ec1a41.jpg,3878,10.61,duplicate,N/A
blackhead_546_jpg.rf.3efe8a8147afbfbf61b05f7a8b2a985a.jpg,Blackheads,REMOVED,Duplicate of blackhead_546_jpg.rf.15435b8cb7a08bca313d7caa24ec1a41.jpg,3878,10.61,duplicate,N/A
blackhead_546_jpg.rf.15435b8cb7a08bca313d7caa24ec1a41.jpg,Blackheads,REJECTED,Cosmetic beauty filter / smoothed skin (blur score 23.30 < 30),3878,23.30,reject,N/A
blackhead_546_jpg.rf.5f731fb049af6095413a1501c0db95a2.jpg,Blackheads,REMOVED,Duplicate of blackhead_546_jpg.rf.438a9fe41066042227962fc95b626e92.jpg,3879,86.67,duplicate,N/A
blackhead_546_jpg.rf.a734a22fa98472ed7afaa73cf52d2955.jpg,Blackheads,REMOVED,Duplicate of blackhead_546_jpg.rf.438a9fe41066042227962fc95b626e92.jpg,3879,70.78,duplicate,N/A
blackhead_546_jpg.rf.a5eb1497b037dcc9797eaa40b9cf1d2b.jpg,Blackheads,REMOVED,Duplicate of blackhead_546_jpg.rf.438a9fe41066042227962fc95b626e92.jpg,3879,70.67,duplicate,N/A
blackhead_546_jpg.rf.baae8dde9159c2a68f3b82ada50b94fc.jpg,Blackheads,REMOVED,Duplicate of blackhead_546_jpg.rf.fc7f2e81a509b2097fe9589bcb16ec2c.jpg,3876,60.97,duplicate,N/A
blackhead_546_jpg.rf.9c0dbc49bdb69ce521f2b4e1559f93ea.jpg,Blackheads,REMOVED,Duplicate of blackhead_546_jpg.rf.fc7f2e81a509b2097fe9589bcb16ec2c.jpg,3876,57.07,duplicate,N/A
blackhead_546_jpg.rf.620b7f9033e671ae786188343f877dd6.jpg,Blackheads,REMOVED,Duplicate of blackhead_546_jpg.rf.fc7f2e81a509b2097fe9589bcb16ec2c.jpg,3876,57.04,duplicate,N/A
blackhead_546_jpg.rf.31984244d4ea2cf376e2ada85a440421.jpg,Blackheads,REMOVED,Duplicate of blackhead_546_jpg.rf.fc7f2e81a509b2097fe9589bcb16ec2c.jpg,3876,54.13,duplicate,N/A
blackhead_546_jpg.rf.65019940a60de6712570327e7803ec6b.jpg,Blackheads,REMOVED,Duplicate of blackhead_546_jpg.rf.fc7f2e81a509b2097fe9589bcb16ec2c.jpg,3876,54.12,duplicate,N/A
blackhead_546_jpg.rf.6a2c6c4ec8e99a5ffdce198e9f8df930.jpg,Blackheads,REMOVED,Duplicate of blackhead_546_jpg.rf.c46cb55b116ad5f650c639e43b4a6367.jpg,564,72.85,duplicate,N/A
blackhead_546_jpg.rf.78361df85ce33b4c6adebb424a994534.jpg,Blackheads,REMOVED,Duplicate of blackhead_546_jpg.rf.7451f148e4aec4cabf603439de44fcb8.jpg,570,69.02,duplicate,N/A
blackhead_546_jpg.rf.bd730fc111d3e82d0e8fe59b9aa169e8.jpg,Blackheads,REMOVED,Duplicate of blackhead_546_jpg.rf.7451f148e4aec4cabf603439de44fcb8.jpg,570,52.96,duplicate,N/A
blackhead_546_jpg.rf.ec9d178f9bc69f1152706e3b5b6bc7eb.jpg,Blackheads,REMOVED,Duplicate of blackhead_546_jpg.rf.7451f148e4aec4cabf603439de44fcb8.jpg,570,52.90,duplicate,N/A
blackhead_546_jpg.rf.755b8562cd982da3e24c449c8d1f866c.jpg,Blackheads,REMOVED,Duplicate of blackhead_546_jpg.rf.f1cf7c4ffe3222e104c5e07076b2e957.jpg,3890,78.90,duplicate,N/A
blackhead_546_jpg.rf.c55f6393766ffaf18682b00d000952b3.jpg,Blackheads,REMOVED,Duplicate of blackhead_546_jpg.rf.93201cf467a23e221815c9058bb6bc1c.jpg,565,100.28,duplicate,N/A
blackhead_546_jpg.rf.a18ec349372c1ecd3c3f3bdd9d7d250f.jpg,Blackheads,REMOVED,Duplicate of blackhead_546_jpg.rf.97ec0a309db0ca23ec126db5378acf06.jpg,553,76.32,duplicate,N/A
blackhead_546_jpg.rf.3acffbac7a88e4c4329191c80698f00f.jpg,Blackheads,REMOVED,Duplicate of blackhead_546_jpg.rf.9a74d5ae12aa0960dc4c2f2b06e26310.jpg,3877,46.30,duplicate,N/A
blackhead_546_jpg.rf.b2fcc75e2672f4d3e0afaf423bff5151.jpg,Blackheads,REMOVED,Duplicate of blackhead_546_jpg.rf.c77d9f3b3a5438a88a3ab9e6217d6853.jpg,3887,65.01,duplicate,N/A
blackhead_546_jpg.rf.fc9a3280b28fdae66eda21726c6598f9.jpg,Blackheads,REMOVED,Duplicate of blackhead_546_jpg.rf.f95d84a2c26d369a370da775afb231f5.jpg,2956,37.33,duplicate,N/A
blackhead_548_jpg.rf.4f33bee09b2a5ef1dd3d50d53c679edf.jpg,Blackheads,REMOVED,Duplicate of blackhead_548_jpg.rf.03b87afa803b01b06c4e13511026f514.jpg,587,47.58,duplicate,N/A
blackhead_548_jpg.rf.04f22de9a425971aee129bb5c39a6402.jpg,Blackheads,REMOVED,Duplicate of blackhead_548_jpg.rf.a147c354819b5619f8620e1628730181.jpg,593,64.17,duplicate,N/A
blackhead_548_jpg.rf.a079d168b64a1cb45aea3670b92206d3.jpg,Blackheads,REMOVED,Duplicate of blackhead_548_jpg.rf.08cf90faf67f526a6ebac81418cd6302.jpg,2962,85.30,duplicate,N/A
blackhead_548_jpg.rf.0b2fc2c21f9e3be8d3f0d3457ae1567a.jpg,Blackheads,REMOVED,Duplicate of blackhead_548_jpg.rf.143bf802b28de9bd118b81531fdeeed9.jpg,584,67.51,duplicate,N/A
blackhead_548_jpg.rf.1915cc53086bfac9cd14414cbaf6262c.jpg,Blackheads,REMOVED,Duplicate of blackhead_548_jpg.rf.2309fb52fd2396166e079b0669eb7456.jpg,2957,28.92,duplicate,N/A
blackhead_548_jpg.rf.2309fb52fd2396166e079b0669eb7456.jpg,Blackheads,REJECTED,Cosmetic beauty filter / smoothed skin (blur score 28.93 < 30),2957,28.93,reject,N/A
blackhead_548_jpg.rf.92c99bf8332f52ebba9be2b90b3097fd.jpg,Blackheads,REMOVED,Duplicate of blackhead_548_jpg.rf.612ea3cd121b6686dbd9b8112bd552b6.jpg,591,81.01,duplicate,N/A
blackhead_548_jpg.rf.931ef958a63ecaec0e18004b41dbfd23.jpg,Blackheads,REMOVED,Duplicate of blackhead_548_jpg.rf.c24d4c16fcf857445d1b0fe8e311fd4c.jpg,596,55.68,duplicate,N/A
blackhead_548_jpg.rf.d87b2ebc41ee2fc2b44e29e103bedc35.jpg,Blackheads,REMOVED,Duplicate of blackhead_548_jpg.rf.169f34fa754d9479b7e6ac36f4bce2c7.jpg,3892,67.47,duplicate,N/A
blackhead_548_jpg.rf.a299fee4278039fe3e43c1294de79d88.jpg,Blackheads,REMOVED,Duplicate of blackhead_548_jpg.rf.169f34fa754d9479b7e6ac36f4bce2c7.jpg,3892,50.07,duplicate,N/A
blackhead_548_jpg.rf.9548bc8295df663a852026a8f04922c3.jpg,Blackheads,REMOVED,Duplicate of blackhead_548_jpg.rf.169f34fa754d9479b7e6ac36f4bce2c7.jpg,3892,50.06,duplicate,N/A
blackhead_548_jpg.rf.dce4e1d85d9aec4c8998fb39c7827a97.jpg,Blackheads,REMOVED,Duplicate of blackhead_548_jpg.rf.4d2d2bc413ff5cd203369580526092ec.jpg,3896,55.26,duplicate,N/A
blackhead_554_jpg.rf.22906267348d4efc9d1e66d8d540e92f.jpg,Blackheads,REMOVED,Duplicate of blackhead_554_jpg.rf.1c83e60c2aa7176dbf1499694134a098.jpg,3906,44.71,duplicate,N/A
blackhead_554_jpg.rf.6df3dc66ebea85c80149c7af8ae7df05.jpg,Blackheads,REMOVED,Duplicate of blackhead_554_jpg.rf.4da4c3877873e9fffd8161b8b7226f94.jpg,3908,160.61,duplicate,N/A
blackhead_554_jpg.rf.0fc8d86ee17d3473a410d3bf51110402.jpg,Blackheads,REMOVED,Duplicate of blackhead_554_jpg.rf.8653eee2c29771406d3374a03e23dbba.jpg,2968,77.03,duplicate,N/A
blackhead_554_jpg.rf.c6c877e92fa1ba60f58a6a9f80c6c333.jpg,Blackheads,REMOVED,Duplicate of blackhead_554_jpg.rf.997a2b37ecab748cfb004b866f933c62.jpg,2971,18.07,duplicate,N/A
blackhead_554_jpg.rf.997a2b37ecab748cfb004b866f933c62.jpg,Blackheads,REJECTED,Severe blur (variance 18.07 < 20),2971,18.07,reject,N/A
blackhead_554_jpg.rf.0504aa938a388d99d386235ea3e3e076.jpg,Blackheads,REMOVED,Duplicate of blackhead_554_jpg.rf.01bf8840931484520132121aea061fbb.jpg,3905,46.75,duplicate,N/A
blackhead_554_jpg.rf.a14fc6a5160e0353f48fb724e0a8da03.jpg,Blackheads,REMOVED,Duplicate of blackhead_554_jpg.rf.01bf8840931484520132121aea061fbb.jpg,3905,40.73,duplicate,N/A
blackhead_554_jpg.rf.bf35698fb1bd4d30195efeed5bac007b.jpg,Blackheads,REMOVED,Duplicate of blackhead_554_jpg.rf.01bf8840931484520132121aea061fbb.jpg,3905,40.70,duplicate,N/A
blackhead_581_jpg.rf.42a10e246f684d3ff99a3dcb7e73d42e.jpg,Blackheads,REMOVED,Duplicate of blackhead_581_jpg.rf.089694fe094f291daa650e277ebea8b5.jpg,614,83.58,duplicate,N/A
blackhead_581_jpg.rf.098a4ec94e99e825582a03cf04095740.jpg,Blackheads,REMOVED,Duplicate of blackhead_581_jpg.rf.f6159a68491117c708c5e564a7666755.jpg,632,52.52,duplicate,N/A
blackhead_581_jpg.rf.4bf1cb52c645698e1b1f1c5e21517ae2.jpg,Blackheads,REMOVED,Duplicate of blackhead_581_jpg.rf.0f2c848c50a9fe11ee71c9faf811ff5a.jpg,3910,105.10,duplicate,N/A
blackhead_581_jpg.rf.52bc3430dd6d6d3b8b1d9a53e05cc348.jpg,Blackheads,REMOVED,Duplicate of blackhead_581_jpg.rf.8153f8db9d567ef60e0635331a8dd1e1.jpg,2976,47.85,duplicate,N/A
blackhead_581_jpg.rf.6cc4520804092e1efcbab46ee61519f7.jpg,Blackheads,REMOVED,Duplicate of blackhead_581_jpg.rf.6017d648791f2101fcf49e1f4b5ed445.jpg,3911,57.88,duplicate,N/A
blackhead_581_jpg.rf.84821bd5c52d0b2f7fd7f960b4001d8b.jpg,Blackheads,REMOVED,Duplicate of blackhead_581_jpg.rf.6ecf147877d25b7e44b5c5af97bc4778.jpg,3912,53.45,duplicate,N/A
blackhead_581_jpg.rf.a11d5597272dff83d7525514c9883abb.jpg,Blackheads,REMOVED,Duplicate of blackhead_581_jpg.rf.7f9ffd1bf84c768688dff6661e7c3442.jpg,627,82.67,duplicate,N/A
blackhead_581_jpg.rf.bd5d1859478e916df19d6f1315eb2a1a.jpg,Blackheads,REMOVED,Duplicate of blackhead_581_jpg.rf.20b2040e37d11d7a0c271b4853704308.jpg,2974,42.76,duplicate,N/A
blackhead_581_jpg.rf.ee4d8e1af213efa940c6e8cb2034147b.jpg,Blackheads,REMOVED,Duplicate of blackhead_581_jpg.rf.d56d7ab29d3c405d3cc8b04308169893.jpg,631,59.27,duplicate,N/A
blackhead_602_jpg.rf.005a7316ed64e7128fcb2424ba7b8b1d.jpg,Blackheads,REMOVED,Duplicate of blackhead_602_jpg.rf.7c4028be05777ff09dac3745b7b63472.jpg,647,75.87,duplicate,N/A
blackhead_602_jpg.rf.086f51d631caa015dc0c5325a79b9b1e.jpg,Blackheads,REMOVED,Duplicate of blackhead_602_jpg.rf.083c0b492990da299d44d01b266b1baa.jpg,3916,152.70,duplicate,N/A
blackhead_602_jpg.rf.b3afe1ff6e7ea8e048d6fbec53286f65.jpg,Blackheads,REMOVED,Duplicate of blackhead_602_jpg.rf.1fa9c5479053881dbd59ad21f7063378.jpg,655,60.48,duplicate,N/A
blackhead_602_jpg.rf.2e93512585ca31ef50b9642fb561bd59.jpg,Blackheads,REMOVED,Duplicate of blackhead_602_jpg.rf.2ad596a4712af1a86d86d22e921bea2d.jpg,639,269.32,duplicate,N/A
blackhead_602_jpg.rf.a50274a18bb0ba68954eed6e7ae3e23b.jpg,Blackheads,REMOVED,Duplicate of blackhead_602_jpg.rf.3f0784414e4720d7f5b52f1b2849bc81.jpg,651,100.08,duplicate,N/A
blackhead_602_jpg.rf.a75b232eafc8ce623f75ac5669b0c6c9.jpg,Blackheads,REMOVED,Duplicate of blackhead_602_jpg.rf.48d537e5a522386219bf3e2d3941a451.jpg,653,360.22,duplicate,N/A
blackhead_602_jpg.rf.dc0f8007a9e3e67cba83631bb63c2ae8.jpg,Blackheads,REMOVED,Duplicate of blackhead_602_jpg.rf.74892399579395eb6a19fa8732865ea3.jpg,660,436.97,duplicate,N/A
blackhead_602_jpg.rf.7c50e24aec9caaa656c42a8978d756f8.jpg,Blackheads,REMOVED,Duplicate of blackhead_602_jpg.rf.a6948e903ed822cbaa8a2e5b492855e1.jpg,2993,69.41,duplicate,N/A
blackhead_602_jpg.rf.0f06e46ca214dca4c785e515adce3de5.jpg,Blackheads,REMOVED,Duplicate of blackhead_602_jpg.rf.a6948e903ed822cbaa8a2e5b492855e1.jpg,2993,60.36,duplicate,N/A
blackhead_602_jpg.rf.909538170f3ea041aee4986ae453482b.jpg,Blackheads,REMOVED,Duplicate of blackhead_602_jpg.rf.a6948e903ed822cbaa8a2e5b492855e1.jpg,2993,60.29,duplicate,N/A
blackhead_602_jpg.rf.a1330e8ae5b44510d4ab7afe5343f7c2.jpg,Blackheads,REMOVED,Duplicate of blackhead_602_jpg.rf.a877c38d5c102bde99f860c57de9f4fd.jpg,3923,34.28,duplicate,N/A
blackhead_602_jpg.rf.be3e6038893d2d09e0145cf8e2260ffd.jpg,Blackheads,REMOVED,Duplicate of blackhead_602_jpg.rf.c4be21f49a3b6be7e65b5e0f1b45a0f7.jpg,658,33.11,duplicate,N/A
blackhead_602_jpg.rf.fac25a6005750640a23225bbd5904273.jpg,Blackheads,REMOVED,Duplicate of blackhead_602_jpg.rf.a85882ad3dd1c4747d443bf03df20881.jpg,3924,145.19,duplicate,N/A
blackhead_616_jpg.rf.453625593fad761d3f00d7803406e79f.jpg,Blackheads,REMOVED,Duplicate of blackhead_616_jpg.rf.075d9085ce87b0873437a293f7c09f80.jpg,670,54.94,duplicate,N/A
blackhead_616_jpg.rf.21176ffb6dce40a77e5a1dac9eef3852.jpg,Blackheads,REMOVED,Duplicate of blackhead_616_jpg.rf.40595692c0db92c1edfe7d04f59222a3.jpg,3932,137.40,duplicate,N/A
blackhead_616_jpg.rf.5517e34a204cb82fae9b16fb71be95a6.jpg,Blackheads,REMOVED,Duplicate of blackhead_616_jpg.rf.84c5994a0299b50882bc0884983e3ad5.jpg,3938,21.82,duplicate,N/A
blackhead_616_jpg.rf.84c5994a0299b50882bc0884983e3ad5.jpg,Blackheads,REJECTED,Cosmetic beauty filter / smoothed skin (blur score 21.84 < 30),3938,21.84,reject,N/A
blackhead_616_jpg.rf.66b1e58162af611b01b4cd4cf01a8e13.jpg,Blackheads,REMOVED,Duplicate of blackhead_616_jpg.rf.32b70ea5c15a535b87251278f0d0a0dc.jpg,2997,178.91,duplicate,N/A
blackhead_616_jpg.rf.9de3715043c8d6baf994affbb9d5b050.jpg,Blackheads,REMOVED,Duplicate of blackhead_616_jpg.rf.736df31ba553bfe1d3fbb1d451f6046e.jpg,3939,41.07,duplicate,N/A
blackhead_616_jpg.rf.79a5052272e977ea9bd0b9e300e663f0.jpg,Blackheads,REMOVED,Duplicate of blackhead_616_jpg.rf.3d5529173472e8ae58ade1145af6948d.jpg,3931,101.04,duplicate,N/A
blackhead_616_jpg.rf.899ea861f60556190f1582848cdcad8a.jpg,Blackheads,REMOVED,Duplicate of blackhead_616_jpg.rf.4d3b77bba3d6ba2cf2b03e7616ac9386.jpg,3934,62.55,duplicate,N/A
blackhead_616_jpg.rf.8cb078bc6a61bf7dbed974bb5fbaa4c9.jpg,Blackheads,REMOVED,Duplicate of blackhead_616_jpg.rf.f5918adf1cab875e44483146d544edb0.jpg,3003,37.29,duplicate,N/A
blackhead_616_jpg.rf.c0a8db6ae0c6ff7125798ca1c2a74211.jpg,Blackheads,REMOVED,Duplicate of blackhead_616_jpg.rf.2f067e2ac81d96665baec2a6f108f9d9.jpg,3930,109.26,duplicate,N/A
blackhead_616_jpg.rf.644099988feabd60220b21e581ff12a6.jpg,Blackheads,REMOVED,Duplicate of blackhead_616_jpg.rf.9f7da9fc9000a955c8557c98669c5bb6.jpg,3940,79.54,duplicate,N/A
blackhead_616_jpg.rf.f84342bc85a0b488410396dfeaa7d78a.jpg,Blackheads,REMOVED,Duplicate of blackhead_616_jpg.rf.9f7da9fc9000a955c8557c98669c5bb6.jpg,3940,68.01,duplicate,N/A
blackhead_616_jpg.rf.f35e347da600011dee3896c47be7ff35.jpg,Blackheads,REMOVED,Duplicate of blackhead_616_jpg.rf.9f7da9fc9000a955c8557c98669c5bb6.jpg,3940,67.96,duplicate,N/A
blackhead_70_jpg.rf.085599535952eda4ecd3511db0b257be.jpg,Blackheads,REMOVED,Duplicate of blackhead_70_jpg.rf.36b303fdfaf4d67f814711ecd6580f4c.jpg,687,72.04,duplicate,N/A
blackhead_70_jpg.rf.9666411d7f91752aaeebfd281f1c4516.jpg,Blackheads,REMOVED,Duplicate of blackhead_70_jpg.rf.b58e9a241accd6efeced0e03662656b2.jpg,3954,23.57,duplicate,N/A
blackhead_70_jpg.rf.e43c7fa96d2d63f53cd22d07e7de36a6.jpg,Blackheads,REMOVED,Duplicate of blackhead_70_jpg.rf.b58e9a241accd6efeced0e03662656b2.jpg,3954,22.93,duplicate,N/A
blackhead_70_jpg.rf.16ab7c19f9daff748235f913bd7aed80.jpg,Blackheads,REMOVED,Duplicate of blackhead_70_jpg.rf.b58e9a241accd6efeced0e03662656b2.jpg,3954,22.90,duplicate,N/A
blackhead_70_jpg.rf.b58e9a241accd6efeced0e03662656b2.jpg,Blackheads,REJECTED,Cosmetic beauty filter / smoothed skin (blur score 23.58 < 30),3954,23.58,reject,N/A
blackhead_70_jpg.rf.bd9daa8c54410aaa2598dddebcc675d9.jpg,Blackheads,REMOVED,Duplicate of blackhead_70_jpg.rf.1f74a4a278ef8f64c89dabb91cec5199.jpg,697,62.69,duplicate,N/A
blackhead_70_jpg.rf.75343a139172c07599c2d74239604236.jpg,Blackheads,REMOVED,Duplicate of blackhead_70_jpg.rf.1f74a4a278ef8f64c89dabb91cec5199.jpg,697,52.39,duplicate,N/A
blackhead_70_jpg.rf.3ca3be3c6ef2dfabe7eb25beaac8a622.jpg,Blackheads,REMOVED,Duplicate of blackhead_70_jpg.rf.1f74a4a278ef8f64c89dabb91cec5199.jpg,697,52.33,duplicate,N/A
blackhead_70_jpg.rf.63fd68110ee7fd6d33603b4294d05f41.jpg,Blackheads,REMOVED,Duplicate of blackhead_70_jpg.rf.eccdc84b38cdb081d4c4e4c3bc77ed28.jpg,700,47.22,duplicate,N/A
blackhead_70_jpg.rf.c424eded8a54a4f5823f586b6c8039e7.jpg,Blackheads,REMOVED,Duplicate of blackhead_70_jpg.rf.3c61737f7bceb4ba52f6cde767d5ef94.jpg,3945,88.04,duplicate,N/A
blackhead_70_jpg.rf.523facb064d5b2de8872eb5bd366353e.jpg,Blackheads,REMOVED,Duplicate of blackhead_70_jpg.rf.f3da3b5cb30879e8bc61364e6bea5009.jpg,3947,5.40,duplicate,N/A
blackhead_70_jpg.rf.0efecd121b2d8b4234bcdd2589ed46b7.jpg,Blackheads,REMOVED,Duplicate of blackhead_70_jpg.rf.f3da3b5cb30879e8bc61364e6bea5009.jpg,3947,5.21,duplicate,N/A
blackhead_70_jpg.rf.5618e661c2c8c277c51621808b56d85e.jpg,Blackheads,REMOVED,Duplicate of blackhead_70_jpg.rf.f3da3b5cb30879e8bc61364e6bea5009.jpg,3947,5.21,duplicate,N/A
blackhead_70_jpg.rf.f3da3b5cb30879e8bc61364e6bea5009.jpg,Blackheads,REJECTED,Severe blur (variance 5.40 < 20),3947,5.40,reject,N/A
blackhead_79_jpg.rf.a354659cc074a269b6db60de967cb19b.jpg,Blackheads,REMOVED,Duplicate of blackhead_79_jpg.rf.004be5a15e8d0fa7161029d7ce658bcf.jpg,722,39.56,duplicate,N/A
blackhead_79_jpg.rf.a938f53d705a20740f8821c9f3339d9c.jpg,Blackheads,REMOVED,Duplicate of blackhead_79_jpg.rf.39814807a84b8a080c1c2830b0513a49.jpg,731,80.30,duplicate,N/A
blackhead_79_jpg.rf.de0771882b2138554cd9323a5c82707c.jpg,Blackheads,REMOVED,Duplicate of blackhead_79_jpg.rf.39814807a84b8a080c1c2830b0513a49.jpg,731,54.13,duplicate,N/A
blackhead_79_jpg.rf.05b5e9deaad608617b03bdc0d45c9cce.jpg,Blackheads,REMOVED,Duplicate of blackhead_79_jpg.rf.39814807a84b8a080c1c2830b0513a49.jpg,731,54.01,duplicate,N/A
blackhead_79_jpg.rf.0c9b4744540ca332d8373f6a08ae5cc3.jpg,Blackheads,REJECTED,Cosmetic beauty filter / smoothed skin (blur score 27.58 < 30),706,27.58,reject,N/A
blackhead_79_jpg.rf.25fa6c46ec64b22b66187a2477fee029.jpg,Blackheads,REJECTED,Severe blur (variance 19.16 < 20),708,19.16,reject,N/A
blackhead_79_jpg.rf.2b61d74043eee7b2de4650af14b2d505.jpg,Blackheads,REMOVED,Duplicate of blackhead_79_jpg.rf.8fb52e55f07eb67830c693b0bad0b2ac.jpg,3961,66.36,duplicate,N/A
blackhead_79_jpg.rf.338c895b119b8a4ebbd8270753182241.jpg,Blackheads,REMOVED,Duplicate of blackhead_79_jpg.rf.6490a3a607c670d390bab86283daf0ec.jpg,715,88.35,duplicate,N/A
blackhead_79_jpg.rf.7df8b9fb1d77323826e0670fb236400f.jpg,Blackheads,REJECTED,Cosmetic beauty filter / smoothed skin (blur score 20.68 < 30),717,20.68,reject,N/A
blackhead_79_jpg.rf.838af9e55d0f755a480260c37dbfea00.jpg,Blackheads,REMOVED,Duplicate of blackhead_79_jpg.rf.8985e54fbe72994842f647658e86b456.jpg,3014,11.53,duplicate,N/A
blackhead_79_jpg.rf.81e7484f8ce833eca3b72ee1593aa1b2.jpg,Blackheads,REMOVED,Duplicate of blackhead_79_jpg.rf.8985e54fbe72994842f647658e86b456.jpg,3014,10.46,duplicate,N/A
blackhead_79_jpg.rf.8c95deee8200bb3be043fd40135c5338.jpg,Blackheads,REMOVED,Duplicate of blackhead_79_jpg.rf.8985e54fbe72994842f647658e86b456.jpg,3014,10.44,duplicate,N/A
blackhead_79_jpg.rf.8985e54fbe72994842f647658e86b456.jpg,Blackheads,REJECTED,Severe blur (variance 11.56 < 20),3014,11.56,reject,N/A
blackhead_79_jpg.rf.abbf3611929b26fb20a2bd8bddaaad2f.jpg,Blackheads,REMOVED,Duplicate of blackhead_79_jpg.rf.a4e1537adf875c050aa85318fd652074.jpg,726,57.80,duplicate,N/A
blackhead_79_jpg.rf.c08705175bb464b2d95a19134fc4b25a.jpg,Blackheads,REMOVED,Duplicate of blackhead_79_jpg.rf.66686fd7bdc9a077d614350ff87aaf7a.jpg,3960,98.70,duplicate,N/A
blackhead_79_jpg.rf.692d1bb369aa7924a4def15d0327071b.jpg,Blackheads,REMOVED,Duplicate of blackhead_79_jpg.rf.c39240f83f606caef66d68729bad1e32.jpg,3011,50.41,duplicate,N/A
blackhead_79_jpg.rf.f391572475f8daed58bc68256493f0ba.jpg,Blackheads,REMOVED,Duplicate of blackhead_79_jpg.rf.fb8d908a889033a72c4b44c772ed5361.jpg,733,101.53,duplicate,N/A
blackhead_79_jpg.rf.6de9278935b677accbd4bfd6c1c8ee36.jpg,Blackheads,REMOVED,Duplicate of blackhead_79_jpg.rf.feff6695cace651a915afe874b71e0cb.jpg,3012,2.10,duplicate,N/A
blackhead_79_jpg.rf.feff6695cace651a915afe874b71e0cb.jpg,Blackheads,REJECTED,Severe blur (variance 2.10 < 20),3012,2.10,reject,N/A
Acne-cyst-1-150x150_jpg.rf.228bddbf19aa880a9c3cf59e1dc39597.jpg,Cyst,REMOVED,Duplicate of Acne-cyst-1-150x150_jpg.rf.4bcbc5c15016cca99435daa0196e651c.jpg,3018,40.42,duplicate,N/A
cystic_acne_-10-_jpg.rf.0186d04cd0f6c181a10b04e7634de69d.jpg,Cyst,REMOVED,Duplicate of cystic_acne_-10-_jpg.rf.44715dcd9caff3eabd63c1d7053681ac.jpg,752,155.24,duplicate,N/A
cystic_acne_-10-_jpg.rf.0e781fb49376e0f69070c023a057e177.jpg,Cyst,REMOVED,Duplicate of cystic_acne_-10-_jpg.rf.38663d664724053550c78ba97bb8289e.jpg,751,375.98,duplicate,N/A
cystic_acne_-10-_jpg.rf.f3eb6aa55063b2cd08d6e40e8071dd06.jpg,Cyst,REMOVED,Duplicate of cystic_acne_-10-_jpg.rf.00a21a44300d4668d425c727d24440a1.jpg,3019,59.05,duplicate,N/A
cystic_acne_-10-_jpg.rf.1433ed38e198666013077e45a7576fe9.jpg,Cyst,REMOVED,Duplicate of cystic_acne_-10-_jpg.rf.00a21a44300d4668d425c727d24440a1.jpg,3019,49.98,duplicate,N/A
cystic_acne_-10-_jpg.rf.b881a17eaf9c263958ee2e49a6394dcd.jpg,Cyst,REMOVED,Duplicate of cystic_acne_-10-_jpg.rf.00a21a44300d4668d425c727d24440a1.jpg,3019,49.91,duplicate,N/A
cystic_acne_-10-_jpg.rf.cfd2249c81f60b987c1f70a86ccdbe4c.jpg,Cyst,REMOVED,Duplicate of cystic_acne_-10-_jpg.rf.18e1a58c52b1724942367d582481dad2.jpg,770,69.97,duplicate,N/A
cystic_acne_-10-_jpg.rf.1e149a5bb2e05bf3b078c9ecf390ed27.jpg,Cyst,REMOVED,Duplicate of cystic_acne_-10-_jpg.rf.f737fd86e6f78bba0edf8d16f5f13f28.jpg,779,24.28,duplicate,N/A
cystic_acne_-10-_jpg.rf.f737fd86e6f78bba0edf8d16f5f13f28.jpg,Cyst,REJECTED,Cosmetic beauty filter / smoothed skin (blur score 24.30 < 30),779,24.30,reject,N/A
cystic_acne_-10-_jpg.rf.20a52e21d822af57aedba2f0c1753c14.jpg,Cyst,REMOVED,Duplicate of cystic_acne_-10-_jpg.rf.bfb74bdeedbf8625965b26d658014879.jpg,3025,81.13,duplicate,N/A
cystic_acne_-10-_jpg.rf.7f56bd8546fa552f4f08eeda21a6ea2e.jpg,Cyst,REMOVED,Duplicate of cystic_acne_-10-_jpg.rf.2c28bdc77b4039ede18679a04322a00d.jpg,3969,354.42,duplicate,N/A
cystic_acne_-10-_jpg.rf.2c40e3d06e2d7856790560e787b2ab86.jpg,Cyst,REMOVED,Duplicate of cystic_acne_-10-_jpg.rf.50e695c5f06a9305057f28f1600c87b6.jpg,757,78.34,duplicate,N/A
cystic_acne_-10-_jpg.rf.2ed9e8f38e5574aca46088cd188fd4f6.jpg,Cyst,REMOVED,Duplicate of cystic_acne_-10-_jpg.rf.4af19996c416d7ea3143c75d98ddf850.jpg,756,77.70,duplicate,N/A
cystic_acne_-10-_jpg.rf.5f9c2aa9cef0933d13d6b689925f1e43.jpg,Cyst,REMOVED,Duplicate of cystic_acne_-10-_jpg.rf.34b2ac50b2466b1e194ac33104253f0c.jpg,760,98.91,duplicate,N/A
cystic_acne_-10-_jpg.rf.485b211f48a2909e8ea5b6bbdfbef53e.jpg,Cyst,REMOVED,Duplicate of cystic_acne_-10-_jpg.rf.47b35d0f5e867dc3c31e338c9e2d73fa.jpg,754,81.57,duplicate,N/A
cystic_acne_-10-_jpg.rf.a2678b4cc078b6756b35701f00d8954e.jpg,Cyst,REMOVED,Duplicate of cystic_acne_-10-_jpg.rf.5d5163328453b023f0f20bbd3f4d091e.jpg,3023,108.17,duplicate,N/A
cystic_acne_-10-_jpg.rf.25b7c6cdd22020053641d9ce151ead2e.jpg,Cyst,REMOVED,Duplicate of cystic_acne_-10-_jpg.rf.64dde77862c18f0af4a08e5accec46dc.jpg,3966,15.63,duplicate,N/A
cystic_acne_-10-_jpg.rf.64dde77862c18f0af4a08e5accec46dc.jpg,Cyst,REJECTED,Severe blur (variance 15.64 < 20),3966,15.64,reject,N/A
cystic_acne_-10-_jpg.rf.bd3f63dd700a72e677de686779dcc2d8.jpg,Cyst,REMOVED,Duplicate of cystic_acne_-10-_jpg.rf.8b250352f13e795fb924361e572a760a.jpg,768,97.54,duplicate,N/A
cystic_acne_-10-_jpg.rf.779539c150e243abc4a28bba23e47a85.jpg,Cyst,REMOVED,Duplicate of cystic_acne_-10-_jpg.rf.e35fcf4fb2d3e83755ab8fdf635917bb.jpg,3968,83.35,duplicate,N/A
cystic_acne_-10-_jpg.rf.a6ddf30f9732eb65261c010dcdc29b17.jpg,Cyst,REMOVED,Duplicate of cystic_acne_-10-_jpg.rf.fd427898ca5148bf3784eee447ccd7ce.jpg,3024,172.20,duplicate,N/A
cystic_acne_-100-_jpg.rf.0ec6e70d85ecbe72314d434566b835c9.jpg,Cyst,REMOVED,Duplicate of cystic_acne_-100-_jpg.rf.0195c301e757859b731c05a2d71052bc.jpg,784,133.55,duplicate,N/A
cystic_acne_-100-_jpg.rf.05302e2c2d8e1104d4b1e595d0e26ba1.jpg,Cyst,REMOVED,Duplicate of cystic_acne_-100-_jpg.rf.28f2925e2da8604ebc1f9a36062adf29.jpg,3975,78.04,duplicate,N/A
cystic_acne_-100-_jpg.rf.362c8d1784f87e5ad56bb3292e28aaaa.jpg,Cyst,REMOVED,Duplicate of cystic_acne_-100-_jpg.rf.28f2925e2da8604ebc1f9a36062adf29.jpg,3975,39.54,duplicate,N/A
cystic_acne_-100-_jpg.rf.359ed90fe239e04183bf175fd9ef2cfb.jpg,Cyst,REMOVED,Duplicate of cystic_acne_-100-_jpg.rf.28f2925e2da8604ebc1f9a36062adf29.jpg,3975,39.54,duplicate,N/A
cystic_acne_-100-_jpg.rf.1346944f02a272565ee7ab5947dc0211.jpg,Cyst,REMOVED,Duplicate of cystic_acne_-100-_jpg.rf.bd16880e8213dc668ab68c58e82ccaeb.jpg,810,101.62,duplicate,N/A
cystic_acne_-100-_jpg.rf.c1948295b4656543b87f50c69b97819d.jpg,Cyst,REMOVED,Duplicate of cystic_acne_-100-_jpg.rf.a11019a1e6179eafa157c23025fae4c5.jpg,813,88.10,duplicate,N/A
cystic_acne_-100-_jpg.rf.ce21a653f32d3fa91dc9f4d505b25237.jpg,Cyst,REMOVED,Duplicate of cystic_acne_-100-_jpg.rf.a11019a1e6179eafa157c23025fae4c5.jpg,813,84.37,duplicate,N/A
cystic_acne_-100-_jpg.rf.13d8290b40171b40e669f26d7c0ea327.jpg,Cyst,REMOVED,Duplicate of cystic_acne_-100-_jpg.rf.a11019a1e6179eafa157c23025fae4c5.jpg,813,84.21,duplicate,N/A
cystic_acne_-100-_jpg.rf.4c09d375d6ef4504ce04855347717d31.jpg,Cyst,REMOVED,Duplicate of cystic_acne_-100-_jpg.rf.4171e861eb12da53919c38a8fe8a6dd6.jpg,3976,292.73,duplicate,N/A
cystic_acne_-100-_jpg.rf.6d14a90e50bd14c68ab8583bf07b4a47.jpg,Cyst,REMOVED,Duplicate of cystic_acne_-100-_jpg.rf.bfebae0245fe1b061ba21429b45f0dfc.jpg,811,49.02,duplicate,N/A
cystic_acne_-100-_jpg.rf.81b85f89d4e66def00d141c3a83d908c.jpg,Cyst,REMOVED,Duplicate of cystic_acne_-100-_jpg.rf.aea60beef4a5f81f4b37bb8fde826f0f.jpg,807,133.04,duplicate,N/A
cystic_acne_-100-_jpg.rf.96970e8784c3bc2afc5a759ef854e288.jpg,Cyst,REMOVED,Duplicate of cystic_acne_-100-_jpg.rf.89d51e969296cd1bc4fb60e442736a13.jpg,3034,78.49,duplicate,N/A
cystic_acne_-100-_jpg.rf.7afcb88dc2732c744c73ea40900fbe0f.jpg,Cyst,REMOVED,Duplicate of cystic_acne_-100-_jpg.rf.972ca1b470f8887e556d69c19dbf6833.jpg,3979,282.65,duplicate,N/A
cystic_acne_-100-_jpg.rf.a3cd95d6dc4277b4e0befb40a0635a18.jpg,Cyst,REMOVED,Duplicate of cystic_acne_-100-_jpg.rf.dfc93281a42ce9b44797f86343eb2cc4.jpg,818,11.52,duplicate,N/A
cystic_acne_-100-_jpg.rf.dfc93281a42ce9b44797f86343eb2cc4.jpg,Cyst,REJECTED,Severe blur (variance 11.52 < 20),818,11.52,reject,N/A
cystic_acne_-100-_jpg.rf.b827f32cca69e877c42deb71885a21f3.jpg,Cyst,REMOVED,Duplicate of cystic_acne_-100-_jpg.rf.1f7e4a7a9de9f47f43e2cc83f60dc0ff.jpg,3030,101.61,duplicate,N/A
cystic_acne_-100-_jpg.rf.635e7db8c7c5bac522da483126fe0bf5.jpg,Cyst,REMOVED,Duplicate of cystic_acne_-100-_jpg.rf.d2a710afca3fb1ac42a58442e1a7eb4f.jpg,3978,32.77,duplicate,N/A
cystic_acne_-100-_jpg.rf.d3db2720f553d9773431cadd3e7b7980.jpg,Cyst,REMOVED,Duplicate of cystic_acne_-100-_jpg.rf.49224c0ddf30a290ae82742fadb1fd57.jpg,3977,115.70,duplicate,N/A
cystic_acne_-100-_jpg.rf.ed8f7f5cef296a5d59d991106168b92b.jpg,Cyst,REMOVED,Duplicate of cystic_acne_-100-_jpg.rf.eb825341590fbf4e366145f4608fe084.jpg,825,139.09,duplicate,N/A
cystic_acne_-100-_jpg.rf.ecf2a9477bebfb9c48cc5cfa0366340e.jpg,Cyst,REMOVED,Duplicate of cystic_acne_-100-_jpg.rf.9a0290de2ba9d01b09fd4a03d3f2ab04.jpg,3981,95.91,duplicate,N/A
cystic_acne_-100-_jpg.rf.f751f4318bede0f118d53bb4de2d1be1.jpg,Cyst,REMOVED,Duplicate of cystic_acne_-100-_jpg.rf.9a0290de2ba9d01b09fd4a03d3f2ab04.jpg,3981,95.47,duplicate,N/A
cystic_acne_-100-_jpg.rf.f4f74eb82cfe9b9be0c12d0c59d0111b.jpg,Cyst,REMOVED,Duplicate of cystic_acne_-100-_jpg.rf.f17b318a797813e6ffe269ef9e1ccaa0.jpg,3983,112.95,duplicate,N/A
cystic_acne_-106-_jpg.rf.0b9b8642799f956dfa9d5bf9b8ffbad8.jpg,Cyst,REMOVED,Duplicate of cystic_acne_-106-_jpg.rf.d0bf79bbb6327a5ba708d289c08b3f47.jpg,3050,62.26,duplicate,N/A
cystic_acne_-106-_jpg.rf.dc7034cdfd19ab3393b001f072fcbc98.jpg,Cyst,REMOVED,Duplicate of cystic_acne_-106-_jpg.rf.10bbca3cc9e9b928b0826556833e99e8.jpg,3994,18.13,duplicate,N/A
cystic_acne_-106-_jpg.rf.10bbca3cc9e9b928b0826556833e99e8.jpg,Cyst,REJECTED,Severe blur (variance 18.13 < 20),3994,18.13,reject,N/A
cystic_acne_-106-_jpg.rf.bb9215a621c656e88bd9416fadb6f067.jpg,Cyst,REMOVED,Duplicate of cystic_acne_-106-_jpg.rf.1234661a09a4817c4fbcdc0c38388c58.jpg,845,61.63,duplicate,N/A
cystic_acne_-106-_jpg.rf.397692e198b6e42079b4e9705c9fc69f.jpg,Cyst,REMOVED,Duplicate of cystic_acne_-106-_jpg.rf.32a5410c7c6d7edb0e9ab4c383643d28.jpg,3987,58.67,duplicate,N/A
cystic_acne_-106-_jpg.rf.40cd1c67139961e86da775d43ab94169.jpg,Cyst,REMOVED,Duplicate of cystic_acne_-106-_jpg.rf.1d6994cefc1118d5ec8ea319b7cbf8d9.jpg,3990,36.96,duplicate,N/A
cystic_acne_-106-_jpg.rf.f8b32550dc4530fcee50aab3cc5f7824.jpg,Cyst,REMOVED,Duplicate of cystic_acne_-106-_jpg.rf.1d6994cefc1118d5ec8ea319b7cbf8d9.jpg,3990,18.45,duplicate,N/A
cystic_acne_-106-_jpg.rf.7520915d08a8e6af4af75f8c2a909b1c.jpg,Cyst,REMOVED,Duplicate of cystic_acne_-106-_jpg.rf.1d6994cefc1118d5ec8ea319b7cbf8d9.jpg,3990,18.44,duplicate,N/A
cystic_acne_-106-_jpg.rf.4a337bb08ddeb60d3395ee8ae21faef2.jpg,Cyst,REMOVED,Duplicate of cystic_acne_-106-_jpg.rf.206e2b3fa8d15e41b5fade79f5bc24ef.jpg,3986,71.93,duplicate,N/A
cystic_acne_-106-_jpg.rf.b5801c9c6927a6521185d3b3f586c835.jpg,Cyst,REMOVED,Duplicate of cystic_acne_-106-_jpg.rf.206e2b3fa8d15e41b5fade79f5bc24ef.jpg,3986,67.76,duplicate,N/A
cystic_acne_-106-_jpg.rf.814a14596fcb3e9a8ada3e56a23bb807.jpg,Cyst,REMOVED,Duplicate of cystic_acne_-106-_jpg.rf.206e2b3fa8d15e41b5fade79f5bc24ef.jpg,3986,67.73,duplicate,N/A
cystic_acne_-106-_jpg.rf.bb43aebb9d3dd2abdb717957b95ac141.jpg,Cyst,REMOVED,Duplicate of cystic_acne_-106-_jpg.rf.b97f5b877da12e9263e35e9792fff1c3.jpg,3991,71.91,duplicate,N/A
cystic_acne_-106-_jpg.rf.d3bae9635a5fe6df2193395007d26a24.jpg,Cyst,REMOVED,Duplicate of cystic_acne_-106-_jpg.rf.4ef04ea9573c3af26870709d83fa0ad3.jpg,3988,58.57,duplicate,N/A
cystic_acne_-106-_jpg.rf.eac7c0c1ec64baffb8d99839d8d700a1.jpg,Cyst,REMOVED,Duplicate of cystic_acne_-106-_jpg.rf.6f9c2f0bff7cab9c0316fa49fdba970f.jpg,3989,82.37,duplicate,N/A
cystic_acne_-106-_jpg.rf.c0ca92fceba85c0b03fe9180989bb956.jpg,Cyst,REMOVED,Duplicate of cystic_acne_-106-_jpg.rf.edd0354ffdf46368bdd005ba216c5fc3.jpg,3992,16.14,duplicate,N/A
cystic_acne_-106-_jpg.rf.edd0354ffdf46368bdd005ba216c5fc3.jpg,Cyst,REJECTED,Severe blur (variance 16.14 < 20),3992,16.14,reject,N/A
cystic_acne_-136-_jpg.rf.79b30a6dd3eec0b14302ab27e6cef74b.jpg,Cyst,REMOVED,Duplicate of cystic_acne_-136-_jpg.rf.218f73baddcf067546ad4d6db076e86b.jpg,4006,427.85,duplicate,N/A
cystic_acne_-136-_jpg.rf.9a1047041fce13cf098c576f593471bc.jpg,Cyst,REMOVED,Duplicate of cystic_acne_-136-_jpg.rf.30fbf180a9803f0db2ebf101ed20987a.jpg,870,240.97,duplicate,N/A
cystic_acne_-136-_jpg.rf.39e6ae5962a43b41a166973fd8ffcca5.jpg,Cyst,REMOVED,Duplicate of cystic_acne_-136-_jpg.rf.4884f467ad23d568f639bfeccac81cbc.jpg,859,27.99,duplicate,N/A
cystic_acne_-136-_jpg.rf.4884f467ad23d568f639bfeccac81cbc.jpg,Cyst,REJECTED,Cosmetic beauty filter / smoothed skin (blur score 28.00 < 30),859,28.00,reject,N/A
cystic_acne_-136-_jpg.rf.418c530087e8df23711b02cc9f005ad3.jpg,Cyst,REMOVED,Duplicate of cystic_acne_-136-_jpg.rf.67133db70b6fb1febcbe7286036af454.jpg,864,37.31,duplicate,N/A
cystic_acne_-136-_jpg.rf.43e62772a3d25e921c74cf2ceb74a95b.jpg,Cyst,REMOVED,Duplicate of cystic_acne_-136-_jpg.rf.6dcce97c114ec00e6e1f3544f82567dd.jpg,865,280.48,duplicate,N/A
cystic_acne_-136-_jpg.rf.58c8aa6e037704f923a2577c35b7c3e3.jpg,Cyst,REMOVED,Duplicate of cystic_acne_-136-_jpg.rf.5e61ea12df78345623f08ba7674d064e.jpg,862,54.14,duplicate,N/A
cystic_acne_-136-_jpg.rf.ea5b4a9788ef00052bc7f8a2cbeee6b7.jpg,Cyst,REMOVED,Duplicate of cystic_acne_-136-_jpg.rf.d8fe9bfdf9c0fc1431a0765d8601695e.jpg,882,58.85,duplicate,N/A
cystic_acne_-136-_jpg.rf.f89942a440740a1e6f4b473f01cdd594.jpg,Cyst,REMOVED,Duplicate of cystic_acne_-136-_jpg.rf.d8fe9bfdf9c0fc1431a0765d8601695e.jpg,882,53.87,duplicate,N/A
cystic_acne_-136-_jpg.rf.59502420b12ed9b502c9235a78d132fb.jpg,Cyst,REMOVED,Duplicate of cystic_acne_-136-_jpg.rf.d8fe9bfdf9c0fc1431a0765d8601695e.jpg,882,53.85,duplicate,N/A
cystic_acne_-136-_jpg.rf.cbe4aeab2633fd05377d06c95bf520cb.jpg,Cyst,REMOVED,Duplicate of cystic_acne_-136-_jpg.rf.dbad46df93acba30e18a250d077d7bb0.jpg,4008,52.05,duplicate,N/A
cystic_acne_-136-_jpg.rf.6003eca0d7682828a305d2219b3f69f9.jpg,Cyst,REMOVED,Duplicate of cystic_acne_-136-_jpg.rf.dbad46df93acba30e18a250d077d7bb0.jpg,4008,43.18,duplicate,N/A
cystic_acne_-136-_jpg.rf.1e899231c03aaa71587d1c920e78d161.jpg,Cyst,REMOVED,Duplicate of cystic_acne_-136-_jpg.rf.dbad46df93acba30e18a250d077d7bb0.jpg,4008,43.15,duplicate,N/A
cystic_acne_-136-_jpg.rf.1e960a781d05e4cb170aaaae76219eee.jpg,Cyst,REMOVED,Duplicate of cystic_acne_-136-_jpg.rf.8838704a341e20f138f5ae82744af805.jpg,3053,63.25,duplicate,N/A
cystic_acne_-136-_jpg.rf.996d771b02e0af15931ee28a963e653f.jpg,Cyst,REMOVED,Duplicate of cystic_acne_-136-_jpg.rf.0a739c08bab3589e1242555ad055bf35.jpg,3996,519.98,duplicate,N/A
cystic_acne_-136-_jpg.rf.1c04fc35c8448c6aa4db7f6d98324d9a.jpg,Cyst,REMOVED,Duplicate of cystic_acne_-136-_jpg.rf.acd2c835f203cb453aac10152da2c48b.jpg,3997,116.63,duplicate,N/A
cystic_acne_-136-_jpg.rf.dccd41c2ab04bd2ac7d29f43bd8a1b12.jpg,Cyst,REMOVED,Duplicate of cystic_acne_-136-_jpg.rf.9054f4e578bc2b3d0d893fbd6bcffd08.jpg,4007,57.82,duplicate,N/A
cystic_acne_-136-_jpg.rf.764c87289b3a62aa25b8335793785cd0.jpg,Cyst,REMOVED,Duplicate of cystic_acne_-136-_jpg.rf.e07bca42cf5b68f1c7557fb1587b3a9d.jpg,4004,59.89,duplicate,N/A
cystic_acne_-136-_jpg.rf.eed50dd1deb8a48b8d6f18f975079f64.jpg,Cyst,REMOVED,Duplicate of cystic_acne_-136-_jpg.rf.d51280341454562e93dd119eb424be72.jpg,3059,176.32,duplicate,N/A
cystic_acne_-149-_jpg.rf.0782325d128d0862e833272cd31b47fc.jpg,Cyst,REMOVED,Duplicate of cystic_acne_-149-_jpg.rf.944914165430939abd099862ad688049.jpg,896,417.31,duplicate,N/A
cystic_acne_-149-_jpg.rf.4404a1fad1eff47794169100564f94d7.jpg,Cyst,REMOVED,Duplicate of cystic_acne_-149-_jpg.rf.1a30fbd6ad2dc4b7925b2cf8ebbbdbb9.jpg,890,49.97,duplicate,N/A
cystic_acne_-149-_jpg.rf.07704fc16045e17c11df12e57065647d.jpg,Cyst,REMOVED,Duplicate of cystic_acne_-149-_jpg.rf.267860ebf3b01ac803f602f2d6783dd7.jpg,3070,20.78,duplicate,N/A
cystic_acne_-149-_jpg.rf.fc5453afb1bb732cca3ffc99ccb6eeaa.jpg,Cyst,REMOVED,Duplicate of cystic_acne_-149-_jpg.rf.267860ebf3b01ac803f602f2d6783dd7.jpg,3070,19.19,duplicate,N/A
cystic_acne_-149-_jpg.rf.58d7b0ee0a13b674cc6ace6eafc44364.jpg,Cyst,REMOVED,Duplicate of cystic_acne_-149-_jpg.rf.267860ebf3b01ac803f602f2d6783dd7.jpg,3070,19.19,duplicate,N/A
cystic_acne_-149-_jpg.rf.267860ebf3b01ac803f602f2d6783dd7.jpg,Cyst,REJECTED,Cosmetic beauty filter / smoothed skin (blur score 20.80 < 30),3070,20.80,reject,N/A
cystic_acne_-149-_jpg.rf.4c84dd3de73c9096c70e598c83ebb088.jpg,Cyst,REMOVED,Duplicate of cystic_acne_-149-_jpg.rf.39884ebc94553a66f0f16d94da1e3325.jpg,4011,121.07,duplicate,N/A
cystic_acne_-149-_jpg.rf.62144a6a231d5ea8e46902df8c24d7c7.jpg,Cyst,REMOVED,Duplicate of cystic_acne_-149-_jpg.rf.80f27d706c2140d84a33f129d85aeb73.jpg,894,230.15,duplicate,N/A
cystic_acne_-149-_jpg.rf.68a6ce2ef3cd2e762953201d49bb0dcf.jpg,Cyst,REMOVED,Duplicate of cystic_acne_-149-_jpg.rf.bb64c2134cad59c42ed3792d2a568dfe.jpg,4015,146.33,duplicate,N/A
cystic_acne_-149-_jpg.rf.fedc7cc01e59bbabf8c64217eca14d4f.jpg,Cyst,REMOVED,Duplicate of cystic_acne_-149-_jpg.rf.bb64c2134cad59c42ed3792d2a568dfe.jpg,4015,102.60,duplicate,N/A
cystic_acne_-149-_jpg.rf.b9e9479965b2158f4327fdf34888eeb9.jpg,Cyst,REMOVED,Duplicate of cystic_acne_-149-_jpg.rf.bb64c2134cad59c42ed3792d2a568dfe.jpg,4015,102.55,duplicate,N/A
cystic_acne_-149-_jpg.rf.8d9f6d9c94e05fa41a67a57277405ff4.jpg,Cyst,REMOVED,Duplicate of cystic_acne_-149-_jpg.rf.1b9696e790ae5262b123a5a86c46e6c8.jpg,4009,24.81,duplicate,N/A
cystic_acne_-149-_jpg.rf.1b9696e790ae5262b123a5a86c46e6c8.jpg,Cyst,REJECTED,Cosmetic beauty filter / smoothed skin (blur score 24.87 < 30),4009,24.87,reject,N/A
cystic_acne_-149-_jpg.rf.467644802708dc8ec90d292533816122.jpg,Cyst,REMOVED,Duplicate of cystic_acne_-149-_jpg.rf.e2e939c780a5ec895b953ae994367627.jpg,3066,40.48,duplicate,N/A
cystic_acne_-149-_jpg.rf.e6c809a8a49f2631f6a136894e4bb978.jpg,Cyst,REMOVED,Duplicate of cystic_acne_-149-_jpg.rf.2b13d4d6c610b03dd77a2105bccf3431.jpg,3065,39.56,duplicate,N/A
cystic_acne_-149-_jpg.rf.d21de3bdf1ad89ad6234f1e11c91a9b9.jpg,Cyst,REMOVED,Duplicate of cystic_acne_-149-_jpg.rf.fd7ef16b16922514d63dd2f1ee31f7e6.jpg,4016,129.97,duplicate,N/A
cystic_acne_-167-_jpg.rf.ff5350b66c575ea7fa8ea4e37760dbba.jpg,Cyst,REMOVED,Duplicate of cystic_acne_-167-_jpg.rf.0bc0902b678519f0cd19b4379cce7c6b.jpg,4022,77.65,duplicate,N/A
cystic_acne_-167-_jpg.rf.723e87fffaa1766c79eb865d94590d08.jpg,Cyst,REMOVED,Duplicate of cystic_acne_-167-_jpg.rf.0bc0902b678519f0cd19b4379cce7c6b.jpg,4022,52.84,duplicate,N/A
cystic_acne_-167-_jpg.rf.23da595af24751b0c409aea99ce5fc2b.jpg,Cyst,REMOVED,Duplicate of cystic_acne_-167-_jpg.rf.0bc0902b678519f0cd19b4379cce7c6b.jpg,4022,52.48,duplicate,N/A
cystic_acne_-167-_jpg.rf.b6a59b5951b0ef35c213eaad9a7ec8b3.jpg,Cyst,REMOVED,Duplicate of cystic_acne_-167-_jpg.rf.4c03705d79e428412261d96bfa4dafee.jpg,912,11.12,duplicate,N/A
cystic_acne_-167-_jpg.rf.4c03705d79e428412261d96bfa4dafee.jpg,Cyst,REJECTED,Severe blur (variance 11.12 < 20),912,11.12,reject,N/A
cystic_acne_-167-_jpg.rf.147fbe3ff8e54b57ab3029a40a57127f.jpg,Cyst,REMOVED,Duplicate of cystic_acne_-167-_jpg.rf.5a3c8ef5c10cbdb0cbe39e1a72ed8c02.jpg,3076,28.81,duplicate,N/A
cystic_acne_-167-_jpg.rf.5a3c8ef5c10cbdb0cbe39e1a72ed8c02.jpg,Cyst,REJECTED,Cosmetic beauty filter / smoothed skin (blur score 28.84 < 30),3076,28.84,reject,N/A
cystic_acne_-167-_jpg.rf.265586e52d35e5cddb9972adc98883d4.jpg,Cyst,REMOVED,Duplicate of cystic_acne_-167-_jpg.rf.5a9b66ffa166c2a96778baa394f7ebd1.jpg,4020,61.02,duplicate,N/A
cystic_acne_-167-_jpg.rf.a60b7eec39efeda5b613decbbd34cd08.jpg,Cyst,REMOVED,Duplicate of cystic_acne_-167-_jpg.rf.c8b0eb249a25dd29c463d0a92c9f979c.jpg,4026,27.03,duplicate,N/A
cystic_acne_-167-_jpg.rf.c8b0eb249a25dd29c463d0a92c9f979c.jpg,Cyst,REJECTED,Cosmetic beauty filter / smoothed skin (blur score 27.16 < 30),4026,27.16,reject,N/A
cystic_acne_-167-_jpg.rf.ecbd348d5a56b243c8a26462ec12ac65.jpg,Cyst,REMOVED,Duplicate of cystic_acne_-167-_jpg.rf.be093e0d5e1874d3b6b700ea9cb4502f.jpg,919,40.51,duplicate,N/A
cystic_acne_-167-_jpg.rf.d9706e00e4fe96c784386e133f760c32.jpg,Cyst,REMOVED,Duplicate of cystic_acne_-167-_jpg.rf.fcb9bdec09c9c666be1a09aeda20e00e.jpg,920,71.87,duplicate,N/A
cystic_acne_-168-_jpg.rf.0ddc266e26bde8e0bff4e04c70c31699.jpg,Cyst,REMOVED,Duplicate of cystic_acne_-168-_jpg.rf.0891cd349be8147e2f45922a2704e84e.jpg,4030,74.60,duplicate,N/A
cystic_acne_-168-_jpg.rf.817dd1aaa5dee3e5115ddba7ea1fac19.jpg,Cyst,REMOVED,Duplicate of cystic_acne_-168-_jpg.rf.09942fb5dddf65079d2dd205ea8f20d7.jpg,935,103.04,duplicate,N/A
cystic_acne_-168-_jpg.rf.09e8304087a7ad914840979d048c6f7d.jpg,Cyst,REMOVED,Duplicate of cystic_acne_-168-_jpg.rf.b4a7cab48b3e56840d547f9ca5875e10.jpg,945,67.32,duplicate,N/A
cystic_acne_-168-_jpg.rf.1a89c2fc6b3302b8545fa19cd8d49ba6.jpg,Cyst,REMOVED,Duplicate of cystic_acne_-168-_jpg.rf.3ea3387cb74d81cb74aa2676470daaec.jpg,932,60.77,duplicate,N/A
cystic_acne_-168-_jpg.rf.5fdb9211ecf0ee881833e88410a55ed8.jpg,Cyst,REMOVED,Duplicate of cystic_acne_-168-_jpg.rf.230a4cd8ee08c4c003ced458b33d53e8.jpg,3079,43.18,duplicate,N/A
cystic_acne_-168-_jpg.rf.838c976ee0f8bc4dc06a87a4ce828ac6.jpg,Cyst,REMOVED,Duplicate of cystic_acne_-168-_jpg.rf.7d5bf86318c98032e402154a3c852da9.jpg,4034,271.87,duplicate,N/A
cystic_acne_-168-_jpg.rf.94bd003e2e8fadacd307d5b8c0f3e5f9.jpg,Cyst,REMOVED,Duplicate of cystic_acne_-168-_jpg.rf.bdb904df999d314af387fc77286389c6.jpg,949,434.33,duplicate,N/A
cystic_acne_-168-_jpg.rf.aedb957eec6936d37af71b9a7e3a0867.jpg,Cyst,REMOVED,Duplicate of cystic_acne_-168-_jpg.rf.bdb904df999d314af387fc77286389c6.jpg,949,97.62,duplicate,N/A
cystic_acne_-168-_jpg.rf.9fcc7e9902f275332da4e0e2c536eb39.jpg,Cyst,REMOVED,Duplicate of cystic_acne_-168-_jpg.rf.aa8138834131965feb342e53b25cead3.jpg,941,20.46,duplicate,N/A
cystic_acne_-168-_jpg.rf.aa8138834131965feb342e53b25cead3.jpg,Cyst,REJECTED,Cosmetic beauty filter / smoothed skin (blur score 20.46 < 30),941,20.46,reject,N/A
cystic_acne_-168-_jpg.rf.2848e548cbd9f1e2f7db06941e30e0ac.jpg,Cyst,REMOVED,Duplicate of cystic_acne_-168-_jpg.rf.a1a8016a2c98d888a8c69332f1c284af.jpg,4032,62.79,duplicate,N/A
cystic_acne_-168-_jpg.rf.b0c51da0dd5ac1d53798320f96261641.jpg,Cyst,REMOVED,Duplicate of cystic_acne_-168-_jpg.rf.d84b2f031a198d01c5a82b7c0cb00482.jpg,955,112.64,duplicate,N/A
cystic_acne_-168-_jpg.rf.f2dd5a23924a605c48edd1e2049eab47.jpg,Cyst,REMOVED,Duplicate of cystic_acne_-168-_jpg.rf.b69d243515f9d03b5d0039a03c16b738.jpg,960,84.41,duplicate,N/A
cystic_acne_-168-_jpg.rf.95ad41b108f7a649d23fa30723644a53.jpg,Cyst,REMOVED,Duplicate of cystic_acne_-168-_jpg.rf.c9103f398f59df059e666159c656dcb1.jpg,3081,87.91,duplicate,N/A
cystic_acne_-168-_jpg.rf.ce4b9d889d5934a1268f7a28bfbb2402.jpg,Cyst,REMOVED,Duplicate of cystic_acne_-168-_jpg.rf.e8476c2b559a6c6bfd1fc2d64377fac8.jpg,958,64.01,duplicate,N/A
cystic_acne_-168-_jpg.rf.dbd88e3c5058a71e71e14106bf0aacf2.jpg,Cyst,REMOVED,Duplicate of cystic_acne_-168-_jpg.rf.e3e7154132001e93ed1abf6c67b0aef3.jpg,4039,38.05,duplicate,N/A
cystic_acne_-168-_jpg.rf.f41e449663e0c39391f9ac0ffaa680d2.jpg,Cyst,REMOVED,Duplicate of cystic_acne_-168-_jpg.rf.0aa8f98487d379e7d2656a9e8764b042.jpg,4029,64.50,duplicate,N/A
cystic_acne_-175-_jpg.rf.0aa46d16f85e33278a3ec69cc819e241.jpg,Cyst,REMOVED,Duplicate of cystic_acne_-175-_jpg.rf.9117da1a2b2cb4f0ff148dd52b6f82e5.jpg,3096,132.82,duplicate,N/A
cystic_acne_-175-_jpg.rf.2fbddc491849ac542311184b7c63d1a5.jpg,Cyst,REMOVED,Duplicate of cystic_acne_-175-_jpg.rf.0c88bb38f62ce313a24856ec2f211baa.jpg,3086,163.19,duplicate,N/A
cystic_acne_-175-_jpg.rf.161886debf7de36f5cdc6c568a7439a1.jpg,Cyst,REMOVED,Duplicate of cystic_acne_-175-_jpg.rf.759a27cace08291bd660f7da7746e3f1.jpg,4046,35.18,duplicate,N/A
cystic_acne_-175-_jpg.rf.a25f5784ad153cc8f111d4642f8606aa.jpg,Cyst,REMOVED,Duplicate of cystic_acne_-175-_jpg.rf.759a27cace08291bd660f7da7746e3f1.jpg,4046,22.28,duplicate,N/A
cystic_acne_-175-_jpg.rf.3985bdac5adf2976c284e0304e45a00e.jpg,Cyst,REMOVED,Duplicate of cystic_acne_-175-_jpg.rf.759a27cace08291bd660f7da7746e3f1.jpg,4046,22.24,duplicate,N/A
cystic_acne_-175-_jpg.rf.16f1f8875a79418d7a97c95636ef8385.jpg,Cyst,REMOVED,Duplicate of cystic_acne_-175-_jpg.rf.6419a474b8e71f8c02fed532dbabfa63.jpg,4043,106.85,duplicate,N/A
cystic_acne_-175-_jpg.rf.572a2f1224e31dc1c31cebd44ae09a7e.jpg,Cyst,REMOVED,Duplicate of cystic_acne_-175-_jpg.rf.17f76eda5c7cd8cfbe63a70bd0718ebb.jpg,3088,96.66,duplicate,N/A
cystic_acne_-175-_jpg.rf.1c85eb0339ccf4a79de7e871beae51e8.jpg,Cyst,REMOVED,Duplicate of cystic_acne_-175-_jpg.rf.d785907b87f26cab504be0120ae50aec.jpg,992,56.49,duplicate,N/A
cystic_acne_-175-_jpg.rf.1f9e82e25c2f175ba876a68f12f01e78.jpg,Cyst,REMOVED,Duplicate of cystic_acne_-175-_jpg.rf.a3c5a06e1874129e301427cdff0948cc.jpg,988,89.80,duplicate,N/A
cystic_acne_-175-_jpg.rf.9986b662585172694aca67ddc62df67d.jpg,Cyst,REMOVED,Duplicate of cystic_acne_-175-_jpg.rf.33e1eceee18ca12afd8fff4db8c1d6e6.jpg,985,64.33,duplicate,N/A
cystic_acne_-175-_jpg.rf.40df24b0335ade132c3cdc235c05683a.jpg,Cyst,REMOVED,Duplicate of cystic_acne_-175-_jpg.rf.c6831acef4799ecbd894d451d0ae59c0.jpg,4047,164.26,duplicate,N/A
cystic_acne_-175-_jpg.rf.9e9f4f648dda32961b2bad2816d79fb6.jpg,Cyst,REMOVED,Duplicate of cystic_acne_-175-_jpg.rf.69cc872a0266a07a6c38961403bc7ac5.jpg,987,434.00,duplicate,N/A
cystic_acne_-175-_jpg.rf.f53fd889567c98db1baa83ecec1cb58a.jpg,Cyst,REMOVED,Duplicate of cystic_acne_-175-_jpg.rf.84e75ef843c23e4e88b4b3a29326751d.jpg,998,67.29,duplicate,N/A
cystic_acne_-175-_jpg.rf.9d530ed4f1d10a8dbd8a94ee9241cd71.jpg,Cyst,REMOVED,Duplicate of cystic_acne_-175-_jpg.rf.8da74eadc3debe873c39cb01d3fe22f7.jpg,3093,271.28,duplicate,N/A
cystic_acne_-175-_jpg.rf.aada0c22e828ba3e5cf108bbfca4a435.jpg,Cyst,REMOVED,Duplicate of cystic_acne_-175-_jpg.rf.e6ce2f6df995d56e9adb19600a1bc139.jpg,995,59.42,duplicate,N/A
cystic_acne_-175-_jpg.rf.8dd58a6883b85d15ef4fff1625b60e94.jpg,Cyst,REMOVED,Duplicate of cystic_acne_-175-_jpg.rf.d6d931f95b3ccdb9ab4d6389914c139e.jpg,3094,265.30,duplicate,N/A
cystic_acne_-175-_jpg.rf.dc62bae03f5cbe655aee39640c0d9393.jpg,Cyst,REMOVED,Duplicate of cystic_acne_-175-_jpg.rf.e442a8948ef6b2284242f017909a1499.jpg,994,91.03,duplicate,N/A
cystic_acne_-175-_jpg.rf.f8d5261f60f7bd96fe422de58447d962.jpg,Cyst,REMOVED,Duplicate of cystic_acne_-175-_jpg.rf.e9dace981a55406f750820c5a4ac78fa.jpg,1001,105.99,duplicate,N/A
cystic_acne_-90-_jpg.rf.1fe1a717c90e23f748cc57c10cc579c3.jpg,Cyst,REMOVED,Duplicate of cystic_acne_-90-_jpg.rf.3b16b93866117737e82553cf597cf149.jpg,3210,36.83,duplicate,N/A
cystic_acne_-175-_jpg.rf.fef6d1f92397c982ac172c7de0e30293.jpg,Cyst,REMOVED,Duplicate of cystic_acne_-90-_jpg.rf.3b16b93866117737e82553cf597cf149.jpg,3210,7.88,duplicate,N/A
cystic_acne_-175-_jpg.rf.788f6f638501e28916ed776126562706.jpg,Cyst,REMOVED,Duplicate of cystic_acne_-90-_jpg.rf.3b16b93866117737e82553cf597cf149.jpg,3210,7.88,duplicate,N/A
cystic_acne_-90-_jpg.rf.1a7ec5a3c70c67365d3f3bfc7c0f6da4.jpg,Cyst,REMOVED,Duplicate of cystic_acne_-90-_jpg.rf.3b16b93866117737e82553cf597cf149.jpg,3210,7.41,duplicate,N/A
cystic_acne_-90-_jpg.rf.188d3e35dacc6ef4586d994476d28547.jpg,Cyst,REMOVED,Duplicate of cystic_acne_-90-_jpg.rf.3b16b93866117737e82553cf597cf149.jpg,3210,7.41,duplicate,N/A
cystic_acne_-181-_jpg.rf.2e5ad98cb4894891d42ffa85731d7bc9.jpg,Cyst,REMOVED,Duplicate of cystic_acne_-181-_jpg.rf.014354a4be9ab28cd27d3fe4da8d54af.jpg,1008,48.26,duplicate,N/A
cystic_acne_-181-_jpg.rf.0d876fd18458924cbda37dfe8a431f59.jpg,Cyst,REMOVED,Duplicate of cystic_acne_-181-_jpg.rf.01f22ba4046323de749bcd3b0f674ec6.jpg,3101,131.52,duplicate,N/A
cystic_acne_-181-_jpg.rf.261aef30e83cc063f547d378fb9ed04e.jpg,Cyst,REMOVED,Duplicate of cystic_acne_-181-_jpg.rf.5e31d5d186249ef48e50d92dca498ce6.jpg,1009,502.13,duplicate,N/A
cystic_acne_-181-_jpg.rf.a3ac5350a5871783789bd90d17082662.jpg,Cyst,REMOVED,Duplicate of cystic_acne_-181-_jpg.rf.652e75b39c522be986ce26fc427c1078.jpg,3108,145.83,duplicate,N/A
cystic_acne_-181-_jpg.rf.67086a52fd4e1e301d1b3dee8fbd327c.jpg,Cyst,REMOVED,Duplicate of cystic_acne_-181-_jpg.rf.84a7d68220be90efc7fadc72713e7e2b.jpg,1020,115.42,duplicate,N/A
cystic_acne_-181-_jpg.rf.6910bdd63a350f3686ce058c6e13a6be.jpg,Cyst,REMOVED,Duplicate of cystic_acne_-181-_jpg.rf.dbe322cfce8c61c5a99d98669334d675.jpg,1030,56.42,duplicate,N/A
cystic_acne_-181-_jpg.rf.7b1e54cc42f3859e70ea3522b4adfe8c.jpg,Cyst,REMOVED,Duplicate of cystic_acne_-181-_jpg.rf.71483ca54dba23597295debf25bbac92.jpg,3104,142.75,duplicate,N/A
cystic_acne_-181-_jpg.rf.7f88f0fc42cebe0aea3d8a21a60f1a63.jpg,Cyst,REMOVED,Duplicate of cystic_acne_-181-_jpg.rf.86b97de70a39fe536446672654395551.jpg,1021,97.97,duplicate,N/A
cystic_acne_-181-_jpg.rf.8ed927a146e2a4768ce25a8f769b6d06.jpg,Cyst,REMOVED,Duplicate of cystic_acne_-181-_jpg.rf.cfa5dcf055714a02fab0b724479dc214.jpg,1027,192.43,duplicate,N/A
cystic_acne_-181-_jpg.rf.977dde85e4e541350156704df1e0413a.jpg,Cyst,REMOVED,Duplicate of cystic_acne_-181-_jpg.rf.002b990dabceef83187f7f43e0390148.jpg,3099,66.73,duplicate,N/A
cystic_acne_-181-_jpg.rf.d963c1aa169d512eacff19ad8c50e5c0.jpg,Cyst,REMOVED,Duplicate of cystic_acne_-181-_jpg.rf.9acf2e8fd822b4d86b6b726b0f9780e9.jpg,1029,118.55,duplicate,N/A
cystic_acne_-181-_jpg.rf.d5f6e523cc2a432d2d50443ca2c2c149.jpg,Cyst,REMOVED,Duplicate of cystic_acne_-181-_jpg.rf.a1f4a3cf13f3eb715aace3be5371dcd4.jpg,1028,131.66,duplicate,N/A
cystic_acne_-181-_jpg.rf.700eacfd6bc77cbd39a98e12cabff630.jpg,Cyst,REMOVED,Duplicate of cystic_acne_-181-_jpg.rf.dc9bfe5cf35b0764016f81f8033a1e81.jpg,3103,387.91,duplicate,N/A
cystic_acne_-181-_jpg.rf.4286640b36fa317992f7a6e4e0f7cb61.jpg,Cyst,REMOVED,Duplicate of cystic_acne_-181-_jpg.rf.f776c45fd8057a227dc952e70ee200a5.jpg,4049,45.76,duplicate,N/A
cystic_acne_-25-_jpg.rf.21cc0450898e383301aeb6565cc35f72.jpg,Cyst,REMOVED,Duplicate of cystic_acne_-25-_jpg.rf.006b12c1c92a50dd5cfe6a60e1a076c2.jpg,3114,140.84,duplicate,N/A
cystic_acne_-25-_jpg.rf.3aae6156bfed1a2506f2606e7986fd73.jpg,Cyst,REMOVED,Duplicate of cystic_acne_-25-_jpg.rf.02c0e07ac7f7fccee67116a1190be24c.jpg,1045,15.86,duplicate,N/A
cystic_acne_-25-_jpg.rf.02c0e07ac7f7fccee67116a1190be24c.jpg,Cyst,REJECTED,Severe blur (variance 15.86 < 20),1045,15.86,reject,N/A
cystic_acne_-25-_jpg.rf.71506500e744ed6bb18bc98c0e93fdc9.jpg,Cyst,REMOVED,Duplicate of cystic_acne_-25-_jpg.rf.06704324a1f914a8b3fd87e2166fd60d.jpg,4057,38.14,duplicate,N/A
cystic_acne_-25-_jpg.rf.103d4fb78558f29f24cab8fc0d33d3f0.jpg,Cyst,REMOVED,Duplicate of cystic_acne_-25-_jpg.rf.06ca20a15fb42e18bfe3f3a14dcea30f.jpg,3113,400.17,duplicate,N/A
cystic_acne_-25-_jpg.rf.8a747c4df34a3bf34c42e5202b4fb311.jpg,Cyst,REMOVED,Duplicate of cystic_acne_-25-_jpg.rf.3110dbf10f1b1a24378109043fa284fa.jpg,1055,72.51,duplicate,N/A
pustular_acne_-15-_jpg.rf.e61e322963dcd3c26c9bb550173d3f08.jpg,Pustules,REMOVED,Duplicate of blackhead_142_jpg.rf.8d8384898fbff7944b5a94f2f13307e6.jpg,4319,90.55,duplicate,N/A
cystic_acne_-25-_jpg.rf.34c8894054d9499f9a234c71bc27d03c.jpg,Cyst,REMOVED,Duplicate of blackhead_142_jpg.rf.8d8384898fbff7944b5a94f2f13307e6.jpg,4319,90.44,duplicate,N/A
white_head_-18-_jpg.rf.67e1333370f7db756e9456c041e901ba.jpg,Whiteheads,REMOVED,Duplicate of blackhead_142_jpg.rf.8d8384898fbff7944b5a94f2f13307e6.jpg,4319,84.13,duplicate,N/A
white_head_-18-_jpg.rf.461df265ddbb58b2d76870b5b8fd2e95.jpg,Whiteheads,REMOVED,Duplicate of blackhead_142_jpg.rf.8d8384898fbff7944b5a94f2f13307e6.jpg,4319,84.12,duplicate,N/A
blackhead-46-_jpg.rf.e1a2633f96f777672c80feb13a038608.jpg,Blackheads,REMOVED,Duplicate of blackhead_142_jpg.rf.8d8384898fbff7944b5a94f2f13307e6.jpg,4319,81.74,duplicate,N/A
Papule11_JPG_jpg.rf.0570f5f5a0d426affed7a1f17c3642ae.jpg,Papules,REMOVED,Duplicate of blackhead_142_jpg.rf.8d8384898fbff7944b5a94f2f13307e6.jpg,4319,81.12,duplicate,N/A
Pustule-16-_JPG_jpg.rf.fc49b3d6bbd4cb4efce450ff2e8d0314.jpg,Pustules,REMOVED,Duplicate of blackhead_142_jpg.rf.8d8384898fbff7944b5a94f2f13307e6.jpg,4319,62.46,duplicate,N/A
white_head_-10-_jpg.rf.e9ce285e77052b63a7c4af4c22ae1989.jpg,Whiteheads,REMOVED,Duplicate of blackhead_142_jpg.rf.8d8384898fbff7944b5a94f2f13307e6.jpg,4319,54.77,duplicate,N/A
white_head_-10-_jpg.rf.dc79f6fad7b35ad7b7903bb6a30da336.jpg,Whiteheads,REMOVED,Duplicate of blackhead_142_jpg.rf.8d8384898fbff7944b5a94f2f13307e6.jpg,4319,52.82,duplicate,N/A
white_head_-10-_jpg.rf.409cee5f2128389c0bc79d392be58357.jpg,Whiteheads,REMOVED,Duplicate of blackhead_142_jpg.rf.8d8384898fbff7944b5a94f2f13307e6.jpg,4319,48.30,duplicate,N/A
Pustule-11-_jpg.rf.83177d7d6ed564e9de06df4d4849f93d.jpg,Pustules,REMOVED,Duplicate of blackhead_142_jpg.rf.8d8384898fbff7944b5a94f2f13307e6.jpg,4319,40.44,duplicate,N/A
Pustule-17-_JPG_jpg.rf.3f1c93dcf822afcfb76d033f577d6072.jpg,Pustules,REMOVED,Duplicate of blackhead_142_jpg.rf.8d8384898fbff7944b5a94f2f13307e6.jpg,4319,13.93,duplicate,N/A
Pustule-17-_JPG_jpg.rf.2e16d7328d2dd74978b7025e2ec3a9e2.jpg,Pustules,REMOVED,Duplicate of blackhead_142_jpg.rf.8d8384898fbff7944b5a94f2f13307e6.jpg,4319,13.93,duplicate,N/A
cystic_acne_-25-_jpg.rf.e7848eb3fc7bcb79f2d3489ef8a91e41.jpg,Cyst,REMOVED,Duplicate of cystic_acne_-25-_jpg.rf.40ddd9a68b0b29818177947b976f3b6f.jpg,3124,42.63,duplicate,N/A
cystic_acne_-25-_jpg.rf.4334307cb4618769e9ec1bbde61f0979.jpg,Cyst,REMOVED,Duplicate of cystic_acne_-25-_jpg.rf.8180d11f63189c95a9e9f673c308246d.jpg,1053,23.68,duplicate,N/A
cystic_acne_-25-_jpg.rf.8180d11f63189c95a9e9f673c308246d.jpg,Cyst,REJECTED,Cosmetic beauty filter / smoothed skin (blur score 23.68 < 30),1053,23.68,reject,N/A
cystic_acne_-25-_jpg.rf.45ae0e7b1271d9770dc6c53a8a8ee764.jpg,Cyst,REMOVED,Duplicate of cystic_acne_-25-_jpg.rf.3fceb1f4dca9a92f70b1b1c27c4adfe0.jpg,4055,199.74,duplicate,N/A
cystic_acne_-25-_jpg.rf.7dc96239c31b7878958e0c39054499ac.jpg,Cyst,REMOVED,Duplicate of cystic_acne_-25-_jpg.rf.3ee7cc4d513bf689294c044eb2fb288d.jpg,4054,52.24,duplicate,N/A
cystic_acne_-25-_jpg.rf.8475768b9cf8d501b66052fc8519cae6.jpg,Cyst,REMOVED,Duplicate of cystic_acne_-25-_jpg.rf.93c38ffbbbc0ab6640327192a4cd9afd.jpg,4059,63.22,duplicate,N/A
cystic_acne_-25-_jpg.rf.c3b7ff4bc01da21e3b507e0f3062600d.jpg,Cyst,REMOVED,Duplicate of cystic_acne_-25-_jpg.rf.93c38ffbbbc0ab6640327192a4cd9afd.jpg,4059,63.09,duplicate,N/A
cystic_acne_-25-_jpg.rf.18e4586bc9c43760ed83e4be1e60a8de.jpg,Cyst,REMOVED,Duplicate of cystic_acne_-25-_jpg.rf.93c38ffbbbc0ab6640327192a4cd9afd.jpg,4059,50.32,duplicate,N/A
cystic_acne_-25-_jpg.rf.a09f583e7c9c40b0095afafefc7626b7.jpg,Cyst,REMOVED,Duplicate of cystic_acne_-25-_jpg.rf.93c38ffbbbc0ab6640327192a4cd9afd.jpg,4059,50.27,duplicate,N/A
cystic_acne_-25-_jpg.rf.8bd91abf19a7b6bf624e0cad39c4b10f.jpg,Cyst,REMOVED,Duplicate of cystic_acne_-25-_jpg.rf.ee1f18349f7f4144d32d90a4ef099043.jpg,1066,32.05,duplicate,N/A
cystic_acne_-25-_jpg.rf.7ed42a60b3da128fb43aa8e8f2bbfe9d.jpg,Cyst,REMOVED,Duplicate of cystic_acne_-25-_jpg.rf.be468397f9cbddd3078893c2eb7a0c35.jpg,4058,16.58,duplicate,N/A
cystic_acne_-25-_jpg.rf.be468397f9cbddd3078893c2eb7a0c35.jpg,Cyst,REJECTED,Severe blur (variance 16.58 < 20),4058,16.58,reject,N/A
cystic_acne_-25-_jpg.rf.af2e143d32433915174a2940ee0b5e7f.jpg,Cyst,REMOVED,Duplicate of cystic_acne_-25-_jpg.rf.f1561f7673b7cb77aaca37cea1fa1a8c.jpg,4060,79.35,duplicate,N/A
cystic_acne_-25-_jpg.rf.84466aeac230f87a13b11bb957587b96.jpg,Cyst,REMOVED,Duplicate of cystic_acne_-25-_jpg.rf.f1561f7673b7cb77aaca37cea1fa1a8c.jpg,4060,67.73,duplicate,N/A
cystic_acne_-25-_jpg.rf.cd358b7b30f5dad856364dfa9c4bfeea.jpg,Cyst,REMOVED,Duplicate of cystic_acne_-25-_jpg.rf.f1561f7673b7cb77aaca37cea1fa1a8c.jpg,4060,67.65,duplicate,N/A
cystic_acne_-25-_jpg.rf.efece1a3b5c0156db3165c72486511c5.jpg,Cyst,REMOVED,Duplicate of cystic_acne_-25-_jpg.rf.d5fc577b6ff34388f7b80adf7d7f5272.jpg,3125,344.77,duplicate,N/A
cystic_acne_-4-_jpg.rf.29517462797f06e679c549a64ec2d52a.jpg,Cyst,REMOVED,Duplicate of cystic_acne_-4-_jpg.rf.8d903114187f175285e79a069b6e4ae6.jpg,4074,67.47,duplicate,N/A
cystic_acne_-4-_jpg.rf.ee951235ca109f7de285e985a411a29f.jpg,Cyst,REMOVED,Duplicate of cystic_acne_-4-_jpg.rf.8d903114187f175285e79a069b6e4ae6.jpg,4074,62.44,duplicate,N/A
cystic_acne_-4-_jpg.rf.afa04725113026e9c6d8889a517ba485.jpg,Cyst,REMOVED,Duplicate of cystic_acne_-4-_jpg.rf.8d903114187f175285e79a069b6e4ae6.jpg,4074,62.35,duplicate,N/A
cystic_acne_-4-_jpg.rf.34e5f9b08f5061d350def996a00b887f.jpg,Cyst,REMOVED,Duplicate of cystic_acne_-4-_jpg.rf.2cf135f4754722f872f1b3752d07c583.jpg,3128,184.16,duplicate,N/A
cystic_acne_-4-_jpg.rf.39eebdc03282fd44777a486ce40112d6.jpg,Cyst,REMOVED,Duplicate of cystic_acne_-4-_jpg.rf.4238971adbd27d93f1e69c2dd829a84b.jpg,4071,69.58,duplicate,N/A
cystic_acne_-4-_jpg.rf.9fe4abedf29e72805595c77d552c9cda.jpg,Cyst,REMOVED,Duplicate of cystic_acne_-4-_jpg.rf.4238971adbd27d93f1e69c2dd829a84b.jpg,4071,51.04,duplicate,N/A
cystic_acne_-4-_jpg.rf.c7e8cc0bdb1379972bfbb24e5e3d8899.jpg,Cyst,REMOVED,Duplicate of cystic_acne_-4-_jpg.rf.4238971adbd27d93f1e69c2dd829a84b.jpg,4071,50.87,duplicate,N/A
cystic_acne_-4-_jpg.rf.65334b23714133867c3ddce6ee6947bd.jpg,Cyst,REMOVED,Duplicate of cystic_acne_-4-_jpg.rf.55f276eb76c4b9ec77449b4bb2eefa63.jpg,4066,138.20,duplicate,N/A
cystic_acne_-4-_jpg.rf.605c41202cb8bf81728f6a01654c6702.jpg,Cyst,REMOVED,Duplicate of cystic_acne_-4-_jpg.rf.55f276eb76c4b9ec77449b4bb2eefa63.jpg,4066,98.73,duplicate,N/A
cystic_acne_-4-_jpg.rf.40bbb47ed0e7189fa90ac5f8936c872b.jpg,Cyst,REMOVED,Duplicate of cystic_acne_-4-_jpg.rf.55f276eb76c4b9ec77449b4bb2eefa63.jpg,4066,98.62,duplicate,N/A
cystic_acne_-4-_jpg.rf.7cb561d3d859b2c51917f14aac66f9c0.jpg,Cyst,REMOVED,Duplicate of cystic_acne_-4-_jpg.rf.d5a8e4343907d9e546f61f8ed046b486.jpg,3137,98.16,duplicate,N/A
cystic_acne_-4-_jpg.rf.8d131a967f4aabba93a427b05e8e2e30.jpg,Cyst,REMOVED,Duplicate of cystic_acne_-4-_jpg.rf.5ca36a5e60adb4138da0efefa86768fc.jpg,4064,321.20,duplicate,N/A
cystic_acne_-4-_jpg.rf.e24120440b93d372b5c71fc31db3def1.jpg,Cyst,REMOVED,Duplicate of cystic_acne_-4-_jpg.rf.e24120440b93d372b5c71fc31db3def1(1).jpg,4073,45.57,duplicate,N/A
cystic_acne_-4-_jpg.rf.ba39fb52d4254bde9f1162681f76fa43.jpg,Cyst,REMOVED,Duplicate of cystic_acne_-4-_jpg.rf.e24120440b93d372b5c71fc31db3def1(1).jpg,4073,45.52,duplicate,N/A
cystic_acne_-4-_jpg.rf.ece195ed636c90369831cb321705eace.jpg,Cyst,REMOVED,Duplicate of cystic_acne_-4-_jpg.rf.e24120440b93d372b5c71fc31db3def1(1).jpg,4073,41.88,duplicate,N/A
cystic_acne_-4-_jpg.rf.9f5a4e15da72ac34f6ac08edd509858e.jpg,Cyst,REMOVED,Duplicate of cystic_acne_-4-_jpg.rf.e24120440b93d372b5c71fc31db3def1(1).jpg,4073,41.88,duplicate,N/A
cystic_acne_-4-_jpg.rf.c5bc19798c5919597224174274150be7.jpg,Cyst,REMOVED,Duplicate of cystic_acne_-4-_jpg.rf.5118254ecf55df1586e837d3354719fc.jpg,3132,88.29,duplicate,N/A
cystic_acne_-4-_jpg.rf.e2d640d98f211c81c32e8204c4d08799.jpg,Cyst,REMOVED,Duplicate of cystic_acne_-4-_jpg.rf.e2d640d98f211c81c32e8204c4d08799(1).jpg,1088,73.34,duplicate,N/A
cystic_acne_-4-_jpg.rf.f73fea36100cc7a556f9769489bdd035.jpg,Cyst,REMOVED,Duplicate of cystic_acne_-4-_jpg.rf.f73fea36100cc7a556f9769489bdd035(1).jpg,1090,89.23,duplicate,N/A
cystic_acne_-43-_jpg.rf.013a82603224bb9d3771933f333c201c.jpg,Cyst,REMOVED,Duplicate of cystic_acne_-43-_jpg.rf.013a82603224bb9d3771933f333c201c(1).jpg,1092,125.48,duplicate,N/A
cystic_acne_-43-_jpg.rf.24128f428a16c443058c050a64ac8479.jpg,Cyst,REMOVED,Duplicate of cystic_acne_-43-_jpg.rf.24128f428a16c443058c050a64ac8479(1).jpg,1104,32.64,duplicate,N/A
cystic_acne_-43-_jpg.rf.0674f073fb9b6ae5008eb6871da952f7(1).jpg,Cyst,REMOVED,Duplicate of cystic_acne_-43-_jpg.rf.24128f428a16c443058c050a64ac8479(1).jpg,1104,32.62,duplicate,N/A
cystic_acne_-43-_jpg.rf.0674f073fb9b6ae5008eb6871da952f7.jpg,Cyst,REMOVED,Duplicate of cystic_acne_-43-_jpg.rf.24128f428a16c443058c050a64ac8479(1).jpg,1104,32.62,duplicate,N/A
cystic_acne_-43-_jpg.rf.1a3c4695e337ce4240589b9717fb6aff.jpg,Cyst,REMOVED,Duplicate of cystic_acne_-43-_jpg.rf.1a3c4695e337ce4240589b9717fb6aff(1).jpg,1100,324.04,duplicate,N/A
cystic_acne_-43-_jpg.rf.0ca2dc5e6394cc1600b3fda751404858(1).jpg,Cyst,REMOVED,Duplicate of cystic_acne_-43-_jpg.rf.1a3c4695e337ce4240589b9717fb6aff(1).jpg,1100,322.84,duplicate,N/A
cystic_acne_-43-_jpg.rf.0ca2dc5e6394cc1600b3fda751404858.jpg,Cyst,REMOVED,Duplicate of cystic_acne_-43-_jpg.rf.1a3c4695e337ce4240589b9717fb6aff(1).jpg,1100,322.84,duplicate,N/A
cystic_acne_-43-_jpg.rf.0d8bccffcd01ad60f8b2a0e528ab415d.jpg,Cyst,REMOVED,Duplicate of cystic_acne_-43-_jpg.rf.0d8bccffcd01ad60f8b2a0e528ab415d(1).jpg,1114,56.24,duplicate,N/A
cystic_acne_-43-_jpg.rf.563be3b7c479dfe47ca7714ed81ce858.jpg,Cyst,REMOVED,Duplicate of cystic_acne_-43-_jpg.rf.0d8bccffcd01ad60f8b2a0e528ab415d(1).jpg,1114,56.21,duplicate,N/A
cystic_acne_-43-_jpg.rf.2315a15617aa9e89de0682a7ac7382f7(1).jpg,Cyst,REMOVED,Duplicate of cystic_acne_-43-_jpg.rf.ddefb5b31c8334d80cab5d7c561bc0ab.jpg,3156,42.53,duplicate,N/A
cystic_acne_-43-_jpg.rf.2315a15617aa9e89de0682a7ac7382f7.jpg,Cyst,REMOVED,Duplicate of cystic_acne_-43-_jpg.rf.ddefb5b31c8334d80cab5d7c561bc0ab.jpg,3156,42.53,duplicate,N/A
cystic_acne_-43-_jpg.rf.27966c1d71679d8ca92e07d507a00a4f.jpg,Cyst,REMOVED,Duplicate of cystic_acne_-43-_jpg.rf.47ab25e055bca34b9e0fae7f4c5373bf.jpg,3144,53.19,duplicate,N/A
cystic_acne_-43-_jpg.rf.fe0cc6635f0be28450096ced9526246d.jpg,Cyst,REMOVED,Duplicate of cystic_acne_-43-_jpg.rf.27f2a60e014bf92a685d30f5f7ec8e80.jpg,1146,266.19,duplicate,N/A
cystic_acne_-43-_jpg.rf.8e18273e4095bddfe595f78f0eab24f1.jpg,Cyst,REMOVED,Duplicate of cystic_acne_-43-_jpg.rf.3be700d8b0e328d127f8eb1070957694.jpg,1122,115.50,duplicate,N/A
cystic_acne_-43-_jpg.rf.3d3357dd9cbb10a9462f33c58bad7358.jpg,Cyst,REMOVED,Duplicate of cystic_acne_-43-_jpg.rf.ad39b1efa4e5c10b4264a8342bc3302b.jpg,4082,80.88,duplicate,N/A
cystic_acne_-43-_jpg.rf.6e7d70142e8d398fefc54c0f6a625766.jpg,Cyst,REMOVED,Duplicate of cystic_acne_-43-_jpg.rf.ad39b1efa4e5c10b4264a8342bc3302b.jpg,4082,71.86,duplicate,N/A
cystic_acne_-43-_jpg.rf.6e5d163ba4b4775f4a6fc737cbf8ef87.jpg,Cyst,REMOVED,Duplicate of cystic_acne_-43-_jpg.rf.ad39b1efa4e5c10b4264a8342bc3302b.jpg,4082,71.73,duplicate,N/A
cystic_acne_-43-_jpg.rf.56f2eff835f4a7d76eac93920fccc26f.jpg,Cyst,REMOVED,Duplicate of cystic_acne_-43-_jpg.rf.e3fae83437c4c734dc0b669df6418120.jpg,4088,105.95,duplicate,N/A
cystic_acne_-43-_jpg.rf.78bbc4934d92a48793c2ab6718ee4e8a.jpg,Cyst,REMOVED,Duplicate of cystic_acne_-43-_jpg.rf.26043b2335396713f12aef50338091bb.jpg,3142,17.72,duplicate,N/A
cystic_acne_-43-_jpg.rf.26043b2335396713f12aef50338091bb.jpg,Cyst,REJECTED,Severe blur (variance 17.79 < 20),3142,17.79,reject,N/A
cystic_acne_-43-_jpg.rf.9f6612f109bf1946adeaae51367b845f.jpg,Cyst,REMOVED,Duplicate of cystic_acne_-43-_jpg.rf.7b104ca62a06d3d36fe3db977c0953b1.jpg,1126,54.73,duplicate,N/A
cystic_acne_-43-_jpg.rf.7e81a3d0b398bb505ff30c6a5a255d0b.jpg,Cyst,REMOVED,Duplicate of cystic_acne_-43-_jpg.rf.a3ea972439cd02c5eaf75ac02e715fc9.jpg,4084,468.31,duplicate,N/A
cystic_acne_-43-_jpg.rf.6235c94a95faa1b8ebb6328355c545e8.jpg,Cyst,REMOVED,Duplicate of cystic_acne_-43-_jpg.rf.7e9548e6f3d5149fb99fc698f1bcd981.jpg,3145,13.74,duplicate,N/A
cystic_acne_-43-_jpg.rf.7e9548e6f3d5149fb99fc698f1bcd981.jpg,Cyst,REJECTED,Severe blur (variance 13.74 < 20),3145,13.74,reject,N/A
papular_acne_-91-_jpg.rf.758e23a6c46868e7e37d5a1cbf4248a3.jpg,Papules,REMOVED,Duplicate of papular_acne_-91-_jpg.rf.9249b8866f6c2709768e7b6d4f2773ee.jpg,3392,90.79,duplicate,N/A
cystic_acne_-43-_jpg.rf.9a8dc02b75a3c822342f90aaae544e00.jpg,Cyst,REMOVED,Duplicate of papular_acne_-91-_jpg.rf.9249b8866f6c2709768e7b6d4f2773ee.jpg,3392,44.25,duplicate,N/A
cystic_acne_-43-_jpg.rf.4579822c15e0b2b7c0abf038f42999ec.jpg,Cyst,REMOVED,Duplicate of cystic_acne_-43-_jpg.rf.c235e9c6e59a884364289350ff0d6a6a.jpg,4086,38.56,duplicate,N/A
cystic_acne_-43-_jpg.rf.a6f04a11122b552ca02ad114f526a7ff.jpg,Cyst,REMOVED,Duplicate of cystic_acne_-43-_jpg.rf.c235e9c6e59a884364289350ff0d6a6a.jpg,4086,28.32,duplicate,N/A
cystic_acne_-43-_jpg.rf.d3e8dde72e357539baeddb20e85c1c54.jpg,Cyst,REMOVED,Duplicate of cystic_acne_-43-_jpg.rf.c235e9c6e59a884364289350ff0d6a6a.jpg,4086,28.32,duplicate,N/A
cystic_acne_-43-_jpg.rf.ae21be8cf765b88ea1367a26c72f76bd.jpg,Cyst,REMOVED,Duplicate of cystic_acne_-43-_jpg.rf.c0bb3abe9e56d8ed0db5c4f2f72a5900.jpg,4085,222.25,duplicate,N/A
cystic_acne_-43-_jpg.rf.bffaa15f51f2969306410a0eb1661f08.jpg,Cyst,REMOVED,Duplicate of cystic_acne_-43-_jpg.rf.f7e272e9bea965e407254f5227d87582.jpg,4076,32.35,duplicate,N/A
cystic_acne_-43-_jpg.rf.c93e11ccd2d9ff06844ff0d6cfb71ec1.jpg,Cyst,REMOVED,Duplicate of cystic_acne_-43-_jpg.rf.f7e272e9bea965e407254f5227d87582.jpg,4076,20.62,duplicate,N/A
cystic_acne_-43-_jpg.rf.0821bdabcd40e2e808994f43b7034841.jpg,Cyst,REMOVED,Duplicate of cystic_acne_-43-_jpg.rf.f7e272e9bea965e407254f5227d87582.jpg,4076,20.62,duplicate,N/A
cystic_acne_-43-_jpg.rf.d5a020c8133c8ddddcfb40a7874c4c34.jpg,Cyst,REMOVED,Duplicate of cystic_acne_-43-_jpg.rf.c06e7d21943e74aa617f24fdd7468744.jpg,4087,56.81,duplicate,N/A
cystic_acne_-43-_jpg.rf.2e33b2e1bcf666be447f9293c6ba1e7f.jpg,Cyst,REMOVED,Duplicate of cystic_acne_-43-_jpg.rf.c50f2db55c8ecb8402a5be0409f54830.jpg,3143,53.06,duplicate,N/A
cystic_acne_-43-_jpg.rf.fb0e3263283cd854cd619062550d2621.jpg,Cyst,REMOVED,Duplicate of cystic_acne_-43-_jpg.rf.ec6bd70a67d69e04991258cec92e913b.jpg,1144,137.69,duplicate,N/A
cystic_acne_-5-_jpg.rf.1ddc0633ea2b0d33ea0d0f09479ed6f6.jpg,Cyst,REMOVED,Duplicate of cystic_acne_-5-_jpg.rf.0dd8b5dfd09261a5de676b68bdd1e515.jpg,1154,607.52,duplicate,N/A
cystic_acne_-5-_jpg.rf.ca1cdc6291719484739c979c52c29623.jpg,Cyst,REMOVED,Duplicate of cystic_acne_-5-_jpg.rf.12c860ebfb5f193d237dfefe6486711e.jpg,3174,91.85,duplicate,N/A
cystic_acne_-5-_jpg.rf.5e1ec425fcffed6a404264dfcc26afb9.jpg,Cyst,REMOVED,Duplicate of cystic_acne_-5-_jpg.rf.35fc5c1fde8bea49e9f101d5b8c6f1d7.jpg,4091,75.54,duplicate,N/A
cystic_acne_-5-_jpg.rf.19ed24b2a44b34b4151501ba37371efc.jpg,Cyst,REMOVED,Duplicate of cystic_acne_-5-_jpg.rf.35fc5c1fde8bea49e9f101d5b8c6f1d7.jpg,4091,65.65,duplicate,N/A
cystic_acne_-5-_jpg.rf.b997b1b3c908e71701c1a30289a4ca58.jpg,Cyst,REMOVED,Duplicate of cystic_acne_-5-_jpg.rf.35fc5c1fde8bea49e9f101d5b8c6f1d7.jpg,4091,65.58,duplicate,N/A
cystic_acne_-5-_jpg.rf.f4fdf905a8bf3e99e07cc1801f443a63.jpg,Cyst,REMOVED,Duplicate of cystic_acne_-5-_jpg.rf.f9000bfd693779746023d217b51cc5c9.jpg,4095,134.66,duplicate,N/A
cystic_acne_-5-_jpg.rf.1ac0cf0c330cd7bb55e6082dcffabfd3.jpg,Cyst,REMOVED,Duplicate of cystic_acne_-5-_jpg.rf.f9000bfd693779746023d217b51cc5c9.jpg,4095,134.66,duplicate,N/A
cystic_acne_-5-_jpg.rf.f49353b3d86e32e2e7495c732838a7de.jpg,Cyst,REMOVED,Duplicate of cystic_acne_-5-_jpg.rf.f9000bfd693779746023d217b51cc5c9.jpg,4095,134.66,duplicate,N/A
cystic_acne_-5-_jpg.rf.b436146973644ffac10f0c51d6e86064.jpg,Cyst,REMOVED,Duplicate of cystic_acne_-5-_jpg.rf.f9000bfd693779746023d217b51cc5c9.jpg,4095,134.35,duplicate,N/A
cystic_acne_-5-_jpg.rf.586a4f90b65e7bb292ff902e828f22ff.jpg,Cyst,REMOVED,Duplicate of cystic_acne_-5-_jpg.rf.f9000bfd693779746023d217b51cc5c9.jpg,4095,134.33,duplicate,N/A
cystic_acne_-5-_jpg.rf.7573522853b582910a91586862b9149a.jpg,Cyst,REMOVED,Duplicate of cystic_acne_-5-_jpg.rf.1b5b4e249a83e4361cb14be0202ec932.jpg,3166,366.52,duplicate,N/A
cystic_acne_-5-_jpg.rf.217dd2bb013c8c970a8ae1db566e2fa7.jpg,Cyst,REMOVED,Duplicate of cystic_acne_-5-_jpg.rf.27c0738fbe8db039aac0946d354df584.jpg,1157,208.58,duplicate,N/A
cystic_acne_-5-_jpg.rf.2b6368e07b6f1c7bf0b62d4c631c1cae.jpg,Cyst,REMOVED,Duplicate of cystic_acne_-5-_jpg.rf.d37e7dd15b39d15c2f76a9c220ebfd4a.jpg,1201,86.31,duplicate,N/A
cystic_acne_-5-_jpg.rf.2fd7755a453b8917e596925c0696257f.jpg,Cyst,REMOVED,Duplicate of cystic_acne_-5-_jpg.rf.4d29e94603864345a5ee8f15ef467073.jpg,3163,118.95,duplicate,N/A
cystic_acne_-5-_jpg.rf.b50089f286cb2607a8783d5dec8b1f73.jpg,Cyst,REMOVED,Duplicate of cystic_acne_-5-_jpg.rf.3624d3312a559a7b2853eb23b7f1f7f9.jpg,1192,168.38,duplicate,N/A
cystic_acne_-5-_jpg.rf.3d30369ccf35a17d3d8434d3b948909c.jpg,Cyst,REMOVED,Duplicate of cystic_acne_-5-_jpg.rf.6487eacf9c9dbe3b82c555dffa405c1c.jpg,1174,86.88,duplicate,N/A
cystic_acne_-5-_jpg.rf.43ae18593cbd4f7a30e7a03c2fd477a9.jpg,Cyst,REMOVED,Duplicate of cystic_acne_-5-_jpg.rf.dee08f19459e24a014eca40ab813daab.jpg,1202,444.23,duplicate,N/A
cystic_acne_-5-_jpg.rf.4b45faae0470138a5754854a6770c31c.jpg,Cyst,REMOVED,Duplicate of cystic_acne_-5-_jpg.rf.7a415b9c76c5e5d883290ef86f8753a5.jpg,1179,65.97,duplicate,N/A
cystic_acne_-5-_jpg.rf.c9b07126c39524ebcf52b495a9f3410d.jpg,Cyst,REMOVED,Duplicate of cystic_acne_-5-_jpg.rf.4c15c14dd757e3b2ab8dc68c602478fc.jpg,3173,236.04,duplicate,N/A
cystic_acne_-5-_jpg.rf.51ae3e683b422a986f3171e60739f16c.jpg,Cyst,REMOVED,Duplicate of cystic_acne_-5-_jpg.rf.3f553447f622eeb2b749176e567f59aa.jpg,3161,182.82,duplicate,N/A
cystic_acne_-5-_jpg.rf.61ce5634c4d0ff0a402f097a98af81f1.jpg,Cyst,REMOVED,Duplicate of cystic_acne_-5-_jpg.rf.97762b43212ab4661df5a17562f72b0b.jpg,1188,139.77,duplicate,N/A
cystic_acne_-5-_jpg.rf.640f259411e7edc82d6bafa1f06362c5.jpg,Cyst,REMOVED,Duplicate of cystic_acne_-5-_jpg.rf.8d6db76db1a688218fee020f9b6b2b0b.jpg,1183,86.34,duplicate,N/A
cystic_acne_-5-_jpg.rf.95775d80c83342ba9eac06086c096570.jpg,Cyst,REMOVED,Duplicate of cystic_acne_-5-_jpg.rf.6609322459121f9226211a3730e17a33.jpg,1186,237.10,duplicate,N/A
cystic_acne_-5-_jpg.rf.9a0cd0b57a809168ec15e11075034adf.jpg,Cyst,REMOVED,Duplicate of cystic_acne_-5-_jpg.rf.f89514a62cf15b327ad3f86df6f8b220.jpg,3169,93.59,duplicate,N/A
cystic_acne_-5-_jpg.rf.a1976ee08d436c2eddd0d447f1eb14df.jpg,Cyst,REMOVED,Duplicate of cystic_acne_-5-_jpg.rf.f89514a62cf15b327ad3f86df6f8b220.jpg,3169,80.27,duplicate,N/A
cystic_acne_-5-_jpg.rf.eebc1ad144c9ada0a1ad16619c2a2318.jpg,Cyst,REMOVED,Duplicate of cystic_acne_-5-_jpg.rf.f89514a62cf15b327ad3f86df6f8b220.jpg,3169,80.18,duplicate,N/A
cystic_acne_-5-_jpg.rf.b4ddc5098af670596359db691b90fc10.jpg,Cyst,REMOVED,Duplicate of cystic_acne_-5-_jpg.rf.e51c4fe98bf78ed7d01092530f9ffea9.jpg,1206,99.79,duplicate,N/A
cystic_acne_-5-_jpg.rf.c49e4e3b17548bd989f91c475246e10a.jpg,Cyst,REMOVED,Duplicate of cystic_acne_-5-_jpg.rf.fc034eaaafd05f1e746da35dd9454e04.jpg,1213,282.66,duplicate,N/A
cystic_acne_-5-_jpg.rf.ea789338f400559cd2e2cbcab3d9709a.jpg,Cyst,REMOVED,Duplicate of cystic_acne_-5-_jpg.rf.c8c2503ede09f703f6486b7bf36bde11.jpg,3175,276.95,duplicate,N/A
cystic_acne_-5-_jpg.rf.d284c50545713d8c7447cb09d9bc7375.jpg,Cyst,REMOVED,Duplicate of cystic_acne_-5-_jpg.rf.fef0b4fe466c84d36af70339b15922c8.jpg,1214,85.53,duplicate,N/A
cystic_acne_-6-_jpg.rf.baa23e3d2fe575a79061205437f82497.jpg,Cyst,REMOVED,Duplicate of cystic_acne_-6-_jpg.rf.09aa544cc4b0a43c64769dcb8e6c2c84.jpg,3188,69.15,duplicate,N/A
cystic_acne_-6-_jpg.rf.af6ab2f8a1918c410faa927f733fed4b.jpg,Cyst,REMOVED,Duplicate of cystic_acne_-6-_jpg.rf.09aa544cc4b0a43c64769dcb8e6c2c84.jpg,3188,62.38,duplicate,N/A
cystic_acne_-6-_jpg.rf.1c493d41975ab23fe44d4389cb63fc51.jpg,Cyst,REMOVED,Duplicate of cystic_acne_-6-_jpg.rf.09aa544cc4b0a43c64769dcb8e6c2c84.jpg,3188,62.35,duplicate,N/A
cystic_acne_-6-_jpg.rf.0deccd03807431476dac387e39c433b7.jpg,Cyst,REMOVED,Duplicate of cystic_acne_-6-_jpg.rf.81e5f4e86d3af816ab65e096d9f1fa6b.jpg,4099,63.85,duplicate,N/A
cystic_acne_-6-_jpg.rf.c8a345473c372eadf53443bd535ab5fa.jpg,Cyst,REMOVED,Duplicate of cystic_acne_-6-_jpg.rf.49a088e772b0182bfda6b2edd98003ad.jpg,1243,74.02,duplicate,N/A
cystic_acne_-6-_jpg.rf.a5dd79dea45cc1b754741c07e87e7130.jpg,Cyst,REMOVED,Duplicate of cystic_acne_-6-_jpg.rf.5594a01077c367efb99afa4f2235d647.jpg,3186,76.15,duplicate,N/A
cystic_acne_-6-_jpg.rf.56d508cb9fccc8f9ab0051e45c0841ae.jpg,Cyst,REMOVED,Duplicate of cystic_acne_-6-_jpg.rf.36c0bcbe2d55ad7937918f1a43983d9f.jpg,3181,316.85,duplicate,N/A
cystic_acne_-6-_jpg.rf.66fc29fb162d0430485edaa4bc2b03f7.jpg,Cyst,REMOVED,Duplicate of cystic_acne_-6-_jpg.rf.a781585ac558373f1d082ec88e0f828f.jpg,4100,339.64,duplicate,N/A
cystic_acne_-6-_jpg.rf.6da4ca4594bc27a5934cf6652f1018db.jpg,Cyst,REMOVED,Duplicate of cystic_acne_-6-_jpg.rf.eacf7ccf865fc1f18756de1a07d56d99.jpg,1250,238.07,duplicate,N/A
cystic_acne_-6-_jpg.rf.f66200573a9db92db924b8597514ceb3.jpg,Cyst,REMOVED,Duplicate of cystic_acne_-6-_jpg.rf.6e56ac1a2853f60a47d76bd8d05e6605.jpg,4104,98.62,duplicate,N/A
cystic_acne_-6-_jpg.rf.7125884b77ad136c69576c7306c20082.jpg,Cyst,REMOVED,Duplicate of cystic_acne_-6-_jpg.rf.c623a67696e7c1568bb8607c579d5de6.jpg,4102,37.76,duplicate,N/A
cystic_acne_-6-_jpg.rf.7e8c9559798b2b5c54bb3d77f3de4b2a.jpg,Cyst,REMOVED,Duplicate of cystic_acne_-6-_jpg.rf.9e7d19990a12b6734cc36e03be8ad984.jpg,1234,145.77,duplicate,N/A
cystic_acne_-6-_jpg.rf.b2ff4fa8077bb50d8a2f24e47f55fc0a.jpg,Cyst,REMOVED,Duplicate of cystic_acne_-6-_jpg.rf.850a7f89146d3e2df12560dbf41abe62.jpg,4101,64.88,duplicate,N/A
cystic_acne_-6-_jpg.rf.d23425ac522e62b9b18ee24a53681854.jpg,Cyst,REMOVED,Duplicate of cystic_acne_-6-_jpg.rf.9843d2d899807d2e496ae84b6cf9d62d.jpg,1244,60.31,duplicate,N/A
cystic_acne_-6-_jpg.rf.a1b69a552fade9bc17aacd044eee44c2.jpg,Cyst,REMOVED,Duplicate of cystic_acne_-6-_jpg.rf.11c37211d226989571cd23007ba30ffa.jpg,3185,71.99,duplicate,N/A
cystic_acne_-6-_jpg.rf.5791737f24694e2c4f54e193e327e108.jpg,Cyst,REMOVED,Duplicate of cystic_acne_-6-_jpg.rf.11c37211d226989571cd23007ba30ffa.jpg,3185,65.59,duplicate,N/A
cystic_acne_-6-_jpg.rf.b00b94a18429e6b43ee39574d6cf297c.jpg,Cyst,REMOVED,Duplicate of cystic_acne_-6-_jpg.rf.11c37211d226989571cd23007ba30ffa.jpg,3185,65.55,duplicate,N/A
cystic_acne_-6-_jpg.rf.be59a6a777d2ed4ccb299d7c9fb4fb89.jpg,Cyst,REMOVED,Duplicate of cystic_acne_-6-_jpg.rf.b4d08f3caead5456a05963f7f79f9e6e.jpg,3189,85.41,duplicate,N/A
cystic_acne_-6-_jpg.rf.b693a8790b73148a3b5cf42ed1ae470c.jpg,Cyst,REMOVED,Duplicate of cystic_acne_-6-_jpg.rf.c27b0cbfe59df90194c660918f96d58a.jpg,1239,185.33,duplicate,N/A
cystic_acne_-6-_jpg.rf.60fa7998a55b2911e952bf86ffc50f85.jpg,Cyst,REMOVED,Duplicate of cystic_acne_-6-_jpg.rf.d25b761598ab897f8ecd2823f1c19e96.jpg,3184,57.60,duplicate,N/A
cystic_acne_-68-_jpg.rf.0a752c23c3efaa959b2dc5d7a3fa7df6.jpg,Cyst,REMOVED,Duplicate of cystic_acne_-68-_jpg.rf.54ff342c39998e850b6d031556ab6b48.jpg,1259,31.84,duplicate,N/A
cystic_acne_-68-_jpg.rf.5b4aae6b2b3d5343fa43ab4f5d283c2e.jpg,Cyst,REMOVED,Duplicate of cystic_acne_-68-_jpg.rf.4bc12f06eabc1c665bb994e127710d7a.jpg,4106,46.67,duplicate,N/A
cystic_acne_-68-_jpg.rf.8e308df45d00a65e594cb6ecc117aace.jpg,Cyst,REMOVED,Duplicate of cystic_acne_-68-_jpg.rf.4bc12f06eabc1c665bb994e127710d7a.jpg,4106,33.21,duplicate,N/A
cystic_acne_-68-_jpg.rf.26390a34bdb6b6c9b1c8d1eee5f0c69a.jpg,Cyst,REMOVED,Duplicate of cystic_acne_-68-_jpg.rf.4bc12f06eabc1c665bb994e127710d7a.jpg,4106,33.16,duplicate,N/A
cystic_acne_-68-_jpg.rf.7c4f99224d3cf5260f912e65cd5e2f84.jpg,Cyst,REMOVED,Duplicate of cystic_acne_-68-_jpg.rf.37395a692cc065d9bad8cefcef56bcd9.jpg,4105,10.48,duplicate,N/A
cystic_acne_-68-_jpg.rf.37395a692cc065d9bad8cefcef56bcd9.jpg,Cyst,REJECTED,Severe blur (variance 10.48 < 20),4105,10.48,reject,N/A
cystic_acne_-68-_jpg.rf.a9cca5c8270040965e0e555fd2e73ac4.jpg,Cyst,REMOVED,Duplicate of cystic_acne_-68-_jpg.rf.623f19571198581b704d1ea2d11e787a.jpg,4107,113.09,duplicate,N/A
cystic_acne_-68-_jpg.rf.935bcd28bc7c782b5f2d970b0d17626b.jpg,Cyst,REMOVED,Duplicate of cystic_acne_-68-_jpg.rf.ce7fca0f450b0f222956abc4c2673cdf.jpg,1270,49.92,duplicate,N/A
cystic_acne_-68-_jpg.rf.97dfd4225a60ac2f5b8571c14cf8347a.jpg,Cyst,REMOVED,Duplicate of cystic_acne_-68-_jpg.rf.ea2cc9dfd6349743aaef3d3c42675195.jpg,3197,66.88,duplicate,N/A
cystic_acne_-68-_jpg.rf.9801c2b890b6f440448dadce64932a5a.jpg,Cyst,REMOVED,Duplicate of cystic_acne_-68-_jpg.rf.eeb296cd84f4b29b06e248866a48f263.jpg,1271,86.34,duplicate,N/A
cystic_acne_-68-_jpg.rf.ca31d42e7c310112064dfc9e8001b2d8.jpg,Cyst,REMOVED,Duplicate of cystic_acne_-68-_jpg.rf.c4df0d8d6409cdccc65d0892c52360ac.jpg,1269,97.68,duplicate,N/A
cystic_acne_-84-_jpg.rf.5f06a362b35c1ea9c43f718e31d4c395.jpg,Cyst,REMOVED,Duplicate of cystic_acne_-84-_jpg.rf.04dce22ab8f3668933a9932d3cc14bd7.jpg,4116,114.25,duplicate,N/A
cystic_acne_-84-_jpg.rf.108c30a679cdae6efea733afc472f4aa.jpg,Cyst,REMOVED,Duplicate of cystic_acne_-84-_jpg.rf.c70a3f2c6bb6a1dd5ede4a4a921911a9.jpg,4125,54.18,duplicate,N/A
cystic_acne_-84-_jpg.rf.c178b247ffbf090ac2be470944611618.jpg,Cyst,REMOVED,Duplicate of cystic_acne_-84-_jpg.rf.10d93e2b6b369cbd63b2017ab5005167.jpg,1308,45.07,duplicate,N/A
cystic_acne_-84-_jpg.rf.d13002b889508f91fd94c9e94c42b0f0.jpg,Cyst,REMOVED,Duplicate of cystic_acne_-84-_jpg.rf.1325e896609e7852efaf52662cd7de18.jpg,4126,316.53,duplicate,N/A
cystic_acne_-84-_jpg.rf.54f825467d10a2f0883ad7bca10bdbef.jpg,Cyst,REMOVED,Duplicate of cystic_acne_-84-_jpg.rf.9e37199c9b39418a7bff4d710acfb013.jpg,4127,29.33,duplicate,N/A
cystic_acne_-84-_jpg.rf.6f1cfe1e3aafe605ec11dd635addf48a.jpg,Cyst,REMOVED,Duplicate of cystic_acne_-84-_jpg.rf.9e37199c9b39418a7bff4d710acfb013.jpg,4127,29.33,duplicate,N/A
cystic_acne_-84-_jpg.rf.22bf68289e02a8243e9a09714beb5c9b.jpg,Cyst,REMOVED,Duplicate of cystic_acne_-84-_jpg.rf.9e37199c9b39418a7bff4d710acfb013.jpg,4127,20.83,duplicate,N/A
cystic_acne_-84-_jpg.rf.9e298617e3b7e211670538bc41cb4101.jpg,Cyst,REMOVED,Duplicate of cystic_acne_-84-_jpg.rf.9e37199c9b39418a7bff4d710acfb013.jpg,4127,20.83,duplicate,N/A
cystic_acne_-84-_jpg.rf.5e7abc90d6bfa8d462db29c0607f8f7d.jpg,Cyst,REMOVED,Duplicate of cystic_acne_-84-_jpg.rf.9e37199c9b39418a7bff4d710acfb013.jpg,4127,20.72,duplicate,N/A
cystic_acne_-84-_jpg.rf.6279ef438b74c1dcfe28f9dc1b5f4a29.jpg,Cyst,REMOVED,Duplicate of cystic_acne_-84-_jpg.rf.9e37199c9b39418a7bff4d710acfb013.jpg,4127,20.72,duplicate,N/A
cystic_acne_-84-_jpg.rf.0b4b1026f11a8526b9f0bfbf5acceae9.jpg,Cyst,REMOVED,Duplicate of cystic_acne_-84-_jpg.rf.9e37199c9b39418a7bff4d710acfb013.jpg,4127,20.65,duplicate,N/A
cystic_acne_-84-_jpg.rf.dd8c6ea8b0d92e1e11d73943132fe15d.jpg,Cyst,REMOVED,Duplicate of cystic_acne_-84-_jpg.rf.9e37199c9b39418a7bff4d710acfb013.jpg,4127,20.65,duplicate,N/A
cystic_acne_-84-_jpg.rf.be785f761eb1d9a2fdb6791d27a62bde.jpg,Cyst,REMOVED,Duplicate of cystic_acne_-84-_jpg.rf.323f0b71ec7ff16b88c2cd93f5d37c6c.jpg,4123,35.43,duplicate,N/A
cystic_acne_-84-_jpg.rf.3e454c466e9c633e2e4f8225bc8315cf.jpg,Cyst,REMOVED,Duplicate of cystic_acne_-84-_jpg.rf.f3b68dcc0736f2271862b45bd18c0e8e.jpg,1317,25.53,duplicate,N/A
cystic_acne_-84-_jpg.rf.f3b68dcc0736f2271862b45bd18c0e8e.jpg,Cyst,REJECTED,Cosmetic beauty filter / smoothed skin (blur score 25.57 < 30),1317,25.57,reject,N/A
cystic_acne_-84-_jpg.rf.bd81d948a1dee1aae3170e3cee18b715.jpg,Cyst,REMOVED,Duplicate of cystic_acne_-84-_jpg.rf.51f6ab6d64fb5b4fcc97fe2d73e70459.jpg,3204,33.95,duplicate,N/A
cystic_acne_-84-_jpg.rf.6766d4ada34dd8f147cd8898ea1855c8.jpg,Cyst,REMOVED,Duplicate of cystic_acne_-84-_jpg.rf.c6eb9cbd27ae329151cf459c6d8630b7.jpg,3205,90.12,duplicate,N/A
cystic_acne_-84-_jpg.rf.91697544f61a1f7d2dde953885e94ac4.jpg,Cyst,REMOVED,Duplicate of cystic_acne_-84-_jpg.rf.6f69a436825e4528d55f0e1364777622.jpg,1299,53.65,duplicate,N/A
cystic_acne_-84-_jpg.rf.760a5014ed2d2d2c279569972d9f3906.jpg,Cyst,REMOVED,Duplicate of cystic_acne_-84-_jpg.rf.7cd4cd091bf3669816c0e293b9344c55.jpg,4118,74.89,duplicate,N/A
cystic_acne_-84-_jpg.rf.7c0e09c84b1c999166d54592004d5ce5.jpg,Cyst,REMOVED,Duplicate of cystic_acne_-84-_jpg.rf.9e913829d7e457c0c3fac061f6fb956a.jpg,1303,50.80,duplicate,N/A
cystic_acne_-84-_jpg.rf.81d73129885bb321fe192afa752b7912.jpg,Cyst,REMOVED,Duplicate of cystic_acne_-84-_jpg.rf.bbd3e76c60fbebaddbc082c02b5798b4.jpg,1307,94.32,duplicate,N/A
cystic_acne_-84-_jpg.rf.c9599f11871da03e15f13d9ae56f7106.jpg,Cyst,REMOVED,Duplicate of cystic_acne_-84-_jpg.rf.84b80ded322f7c6a4757f31996281cc8.jpg,1310,84.81,duplicate,N/A
cystic_acne_-84-_jpg.rf.74d17b5a2d95e8b4338a102a149675fa.jpg,Cyst,REMOVED,Duplicate of cystic_acne_-84-_jpg.rf.86f25296312df557fee7293089793c54.jpg,4117,19.98,duplicate,N/A
cystic_acne_-84-_jpg.rf.86f25296312df557fee7293089793c54.jpg,Cyst,REJECTED,Severe blur (variance 19.98 < 20),4117,19.98,reject,N/A
cystic_acne_-84-_jpg.rf.a8a96178d1827eb78a82d470b13dffd9.jpg,Cyst,REMOVED,Duplicate of cystic_acne_-84-_jpg.rf.87aa6a55106b29069d4c627a141eee43.jpg,4120,50.74,duplicate,N/A
cystic_acne_-84-_jpg.rf.a81eee6fdb86c648490fa564623125cb.jpg,Cyst,REMOVED,Duplicate of cystic_acne_-84-_jpg.rf.db46dff5cb2af19e850a995f0d21b365.jpg,1315,108.87,duplicate,N/A
cystic_acne_-84-_jpg.rf.c766afd861ae779bd8d0a90c2f52265f.jpg,Cyst,REMOVED,Duplicate of cystic_acne_-84-_jpg.rf.a9b695d10a1e8b03053d29609fd56af6.jpg,1309,120.03,duplicate,N/A
cystic_acne_-90-_jpg.rf.ef4eb2ab9769b1351dc34e5f60208d62.jpg,Cyst,REMOVED,Duplicate of cystic_acne_-90-_jpg.rf.06a4fa770481047348477e36eecc421d.jpg,1349,79.42,duplicate,N/A
cystic_acne_-90-_jpg.rf.9908e4e67ef552fd2e66aace13f7f7c4.jpg,Cyst,REMOVED,Duplicate of cystic_acne_-90-_jpg.rf.105e391f85de515b09c0cec74a1717f7.jpg,1338,98.64,duplicate,N/A
cystic_acne_-90-_jpg.rf.11d1d3ffeccab4b840689f1710865a55.jpg,Cyst,REMOVED,Duplicate of cystic_acne_-90-_jpg.rf.05ea121ef4d67cb3a1b2918491b58068.jpg,3207,293.76,duplicate,N/A
cystic_acne_-90-_jpg.rf.db951c1a14fe2aab382ccac4830eebd9.jpg,Cyst,REMOVED,Duplicate of cystic_acne_-90-_jpg.rf.1c2e22298a4db0313cc0dd4ff06bd262.jpg,1346,52.17,duplicate,N/A
cystic_acne_-90-_jpg.rf.d69f0042c7f1048a2f1b86c823e127e9.jpg,Cyst,REMOVED,Duplicate of cystic_acne_-90-_jpg.rf.380068e743e7482d46afdfb51c190470.jpg,4143,200.30,duplicate,N/A
cystic_acne_-90-_jpg.rf.729e4a15249f24da818448eedf5c718e.jpg,Cyst,REMOVED,Duplicate of cystic_acne_-90-_jpg.rf.901b4d5210d424718262c78eb20f2e44.jpg,4144,85.95,duplicate,N/A
cystic_acne_-90-_jpg.rf.efc2b227343779ee462a6f33aeb5e83a.jpg,Cyst,REMOVED,Duplicate of cystic_acne_-90-_jpg.rf.901b4d5210d424718262c78eb20f2e44.jpg,4144,83.56,duplicate,N/A
cystic_acne_-90-_jpg.rf.355a93ce91451014fac3f52638bb8617.jpg,Cyst,REMOVED,Duplicate of cystic_acne_-90-_jpg.rf.901b4d5210d424718262c78eb20f2e44.jpg,4144,83.48,duplicate,N/A
cystic_acne_-90-_jpg.rf.82b51b62841f725db1e82d003e332e1c.jpg,Cyst,REMOVED,Duplicate of cystic_acne_-90-_jpg.rf.3aadc0cd0247ae25abd18d8d41fbc866.jpg,4136,162.44,duplicate,N/A
cystic_acne_-90-_jpg.rf.cc35db2f7caff2b676dab2f3afed4870.jpg,Cyst,REMOVED,Duplicate of cystic_acne_-90-_jpg.rf.0309f6499f539be60c46ee176927254f.jpg,4142,85.80,duplicate,N/A
cystic_acne_-90-_jpg.rf.88db864268b499cddf319cb334b9ed48.jpg,Cyst,REMOVED,Duplicate of cystic_acne_-90-_jpg.rf.0309f6499f539be60c46ee176927254f.jpg,4142,85.23,duplicate,N/A
cystic_acne_-90-_jpg.rf.738d772e080f6f30420b4ae8ec71bf9f.jpg,Cyst,REMOVED,Duplicate of cystic_acne_-90-_jpg.rf.0309f6499f539be60c46ee176927254f.jpg,4142,85.09,duplicate,N/A
cystic_acne_-90-_jpg.rf.a375b9760e0aa636e0c9c583358db580.jpg,Cyst,REMOVED,Duplicate of cystic_acne_-90-_jpg.rf.d87aa2f0c757c8e9361e26e91162ca03.jpg,3214,77.98,duplicate,N/A
cystic_acne_-90-_jpg.rf.ff43c1f70990203f124ff88e463e8254.jpg,Cyst,REMOVED,Duplicate of cystic_acne_-90-_jpg.rf.a4d017daa87f5bc09f85fcc501103bc1.jpg,1353,65.78,duplicate,N/A
cystic_acne_-90-_jpg.rf.f03bc37069bfc454e0fcdfad40926d56.jpg,Cyst,REMOVED,Duplicate of cystic_acne_-90-_jpg.rf.aa7e6cb34895b65f61e0f6440a504971.jpg,1350,38.58,duplicate,N/A
cystic_acne_-90-_jpg.rf.b0a73e995418aab4f86f66e2be9c0fe0.jpg,Cyst,REMOVED,Duplicate of cystic_acne_-90-_jpg.rf.e84bac7a0343787dfaf3d5f781977edf.jpg,3215,90.89,duplicate,N/A
cystic_acne_-90-_jpg.rf.f4428539c5ba969fe34c9d9f60ac76d3.jpg,Cyst,REMOVED,Duplicate of cystic_acne_-90-_jpg.rf.e0da0c35a5b5d0e89cbd08d426d3a834.jpg,3216,95.54,duplicate,N/A
cystic_acne_-90-_jpg.rf.b9cc598efb9eb83c2066411f89494d0e.jpg,Cyst,REMOVED,Duplicate of cystic_acne_-90-_jpg.rf.f3bb126b9170484ce8e3129c549b8473.jpg,4141,60.46,duplicate,N/A
cystic_acne_-91-_jpg.rf.1ad474504877af372a0fb0aad8fb718c.jpg,Cyst,REMOVED,Duplicate of cystic_acne_-91-_jpg.rf.003d06363d76394b3f9aaa201c8ff16e.jpg,4146,60.24,duplicate,N/A
cystic_acne_-91-_jpg.rf.007c71c9a3770aef54e6d9c5187d25da.jpg,Cyst,REMOVED,Duplicate of cystic_acne_-91-_jpg.rf.13a5ee747af99f0bbf39d5e21efb8eba.jpg,1358,52.59,duplicate,N/A
cystic_acne_-91-_jpg.rf.071afe99b7de23d3be1d20d836c7e2f7.jpg,Cyst,REMOVED,Duplicate of cystic_acne_-91-_jpg.rf.51b668e76cce72f867692c478eecb41c.jpg,3220,39.92,duplicate,N/A
cystic_acne_-91-_jpg.rf.07daa02a233f8963bdae703c95f29e2b.jpg,Cyst,REMOVED,Duplicate of cystic_acne_-91-_jpg.rf.56f78a9b161d6e43de94e08f02052e8d.jpg,3221,33.50,duplicate,N/A
cystic_acne_-91-_jpg.rf.2263a82aeca51986e315775c54ebb9a5.jpg,Cyst,REMOVED,Duplicate of cystic_acne_-91-_jpg.rf.173dff38c931178804d423f22806941d.jpg,3218,66.87,duplicate,N/A
cystic_acne_-91-_jpg.rf.2b8750dc9ce8fdc799bf457b59a8c4c8.jpg,Cyst,REMOVED,Duplicate of cystic_acne_-91-_jpg.rf.9ee4c4242eba48577ba87e0d96d1c3c1.jpg,1374,106.84,duplicate,N/A
cystic_acne_-91-_jpg.rf.30ce954d5a389ae656a727acd028e025.jpg,Cyst,REMOVED,Duplicate of cystic_acne_-91-_jpg.rf.b41a3be1e050490c18a4bf7b573b4803.jpg,1376,40.31,duplicate,N/A
cystic_acne_-91-_jpg.rf.565c4ba145c0891cc9459900c2e06f2c.jpg,Cyst,REMOVED,Duplicate of cystic_acne_-91-_jpg.rf.32a2a5466c8b6c83971df8a3a8e54de9.jpg,1363,32.17,duplicate,N/A
cystic_acne_-91-_jpg.rf.60bcd4f19149b67c89421158a7d2d039.jpg,Cyst,REMOVED,Duplicate of cystic_acne_-91-_jpg.rf.165b664a991f55355341e226afcfb7e2.jpg,3217,48.60,duplicate,N/A
cystic_acne_-91-_jpg.rf.9b42a20f4221fbea322f721b3293c3d8.jpg,Cyst,REMOVED,Duplicate of cystic_acne_-91-_jpg.rf.6fe3ddace0cf2e4df0de91514a096792.jpg,4151,34.65,duplicate,N/A
cystic_acne_-91-_jpg.rf.b0d590daca1054f1c6f5f0f59e2c9ce8.jpg,Cyst,REMOVED,Duplicate of cystic_acne_-91-_jpg.rf.744a7cf1a3ab2a22763472639ccd809d.jpg,3223,18.52,duplicate,N/A
cystic_acne_-91-_jpg.rf.744a7cf1a3ab2a22763472639ccd809d.jpg,Cyst,REJECTED,Severe blur (variance 18.52 < 20),3223,18.52,reject,N/A
cystic_acne_-91-_jpg.rf.629f92da80adb4ecff7c86ae286735fb.jpg,Cyst,REMOVED,Duplicate of cystic_acne_-91-_jpg.rf.779edb97f58a27550d789e142b3ff40e.jpg,3222,40.19,duplicate,N/A
cystic_acne_-91-_jpg.rf.d0576a1a3067171ae5413faf0f64bbf5.jpg,Cyst,REMOVED,Duplicate of cystic_acne_-91-_jpg.rf.4f2b08586444e2261a53d3235339fc2d.jpg,4149,66.52,duplicate,N/A
papular_acne_-100-_jpg.rf.0cb7c7dfad4f73fe890b6daf38529ded.jpg,Papules,REMOVED,Duplicate of papular_acne_-100-_jpg.rf.0d99cef9360342b74ddf94d7fcb8d90b.jpg,4153,37.94,duplicate,N/A
papular_acne_-100-_jpg.rf.7c39eaa70188b0ba24ce8db8145707ac.jpg,Papules,REMOVED,Duplicate of papular_acne_-100-_jpg.rf.1fa190b630a0be00bcffc8b4f3cf2402.jpg,4157,51.66,duplicate,N/A
papular_acne_-100-_jpg.rf.2c073d2e15d6158a239b03d15310d4c7.jpg,Papules,REMOVED,Duplicate of papular_acne_-100-_jpg.rf.c590ff55b3805d96b7eed2c2d36d0d45.jpg,3231,67.41,duplicate,N/A
papular_acne_-100-_jpg.rf.34cf54cb708f9054cebb045d7f0ca92c.jpg,Papules,REMOVED,Duplicate of papular_acne_-100-_jpg.rf.5e47854bdb94af83bc8481bf93870f52.jpg,1385,42.74,duplicate,N/A
papular_acne_-100-_jpg.rf.af2b7be95c7ab0915840af6c44266904.jpg,Papules,REMOVED,Duplicate of papular_acne_-100-_jpg.rf.67c4db3c6af668567b0c7c31cde7160a.jpg,1393,9.77,duplicate,N/A
papular_acne_-100-_jpg.rf.67c4db3c6af668567b0c7c31cde7160a.jpg,Papules,REJECTED,Severe blur (variance 9.77 < 20),1393,9.77,reject,N/A
papular_acne_-100-_jpg.rf.874e2e29c6f7ed99c63671c758c94599.jpg,Papules,REMOVED,Duplicate of papular_acne_-100-_jpg.rf.6fafb1f229ae5d89ceaa91d08646da42.jpg,4158,48.13,duplicate,N/A
papular_acne_-100-_jpg.rf.a490f88ab0253b26a992177f75f022d5.jpg,Papules,REMOVED,Duplicate of papular_acne_-100-_jpg.rf.7514480f4da5dd2765c8eff37b264809.jpg,3229,55.72,duplicate,N/A
papular_acne_-100-_jpg.rf.c842f5990f8b50f49633212b7186dfc6.jpg,Papules,REMOVED,Duplicate of papular_acne_-100-_jpg.rf.8918637e66ae1ea98e6bc824865ce4d4.jpg,1394,92.94,duplicate,N/A
papular_acne_-100-_jpg.rf.d7996eee21893e0defd50c4f5b8b673b.jpg,Papules,REMOVED,Duplicate of papular_acne_-100-_jpg.rf.a6cfbf04482f815ba21ef44fbcffeee1.jpg,1395,30.26,duplicate,N/A
papular_acne_-100-_jpg.rf.52dcabfa53105a521b310fc9615f8f7f.jpg,Papules,REMOVED,Duplicate of papular_acne_-100-_jpg.rf.ae37c44e66d6e38b12d9229de29aef92.jpg,4154,75.17,duplicate,N/A
papular_acne_-106-_jpg.rf.1490fa8ab5dea7d5614ef7df5592b77e.jpg,Papules,REMOVED,Duplicate of papular_acne_-106-_jpg.rf.3c6165b01e032866d3e38639dc90ddd1.jpg,1399,47.77,duplicate,N/A
papular_acne_-106-_jpg.rf.75f641228a3bf362ea4b985450c4bff9.jpg,Papules,REMOVED,Duplicate of papular_acne_-106-_jpg.rf.2169db082507629daeb360dd3e10642b.jpg,1406,106.71,duplicate,N/A
papular_acne_-106-_jpg.rf.3db577bc782ad3865ee3c910bd73e546.jpg,Papules,REMOVED,Duplicate of papular_acne_-106-_jpg.rf.92a12cf2780f1f22d84a7d6ca4860534.jpg,1410,76.41,duplicate,N/A
papular_acne_-106-_jpg.rf.d489994e79b4fcdf23552ce1a50393e2.jpg,Papules,REMOVED,Duplicate of papular_acne_-106-_jpg.rf.4043b2bd0478fc595fa7ad2e9fc64350.jpg,1419,37.76,duplicate,N/A
papular_acne_-106-_jpg.rf.79811018c5500a46d7f1185a142773a0.jpg,Papules,REMOVED,Duplicate of papular_acne_-106-_jpg.rf.537297ad594a3abeb7310e68b26c43c5.jpg,1407,31.35,duplicate,N/A
papular_acne_-106-_jpg.rf.621babfaf5a4218685b3dc53d112043d.jpg,Papules,REMOVED,Duplicate of papular_acne_-106-_jpg.rf.8215a0ba8ae41933931136c56a1f2509.jpg,1408,26.91,duplicate,N/A
papular_acne_-106-_jpg.rf.8215a0ba8ae41933931136c56a1f2509.jpg,Papules,REJECTED,Cosmetic beauty filter / smoothed skin (blur score 26.92 < 30),1408,26.92,reject,N/A
papular_acne_-106-_jpg.rf.8d09f1d795333fb33ecfbd12b5ec0ee9.jpg,Papules,REMOVED,Duplicate of papular_acne_-106-_jpg.rf.e4c9213320c48c6ddde567dfde21a09e.jpg,1421,41.35,duplicate,N/A
papular_acne_-106-_jpg.rf.c08b715f2c53fb79a7efeabf719a575c.jpg,Papules,REMOVED,Duplicate of papular_acne_-106-_jpg.rf.a0e73f70be72d24c22025133a1b6be4d.jpg,1414,33.46,duplicate,N/A
papular_acne_-106-_jpg.rf.e384939799d2eec6adfe834934ae5df1.jpg,Papules,REMOVED,Duplicate of papular_acne_-106-_jpg.rf.a525e1c6ed2188705518774aa8805d05.jpg,4362,14.89,duplicate,N/A
pustular_acne_-123-_jpg.rf.a4c5c3104d83b0fbab002faab0512892.jpg,Pustules,REMOVED,Duplicate of papular_acne_-106-_jpg.rf.a525e1c6ed2188705518774aa8805d05.jpg,4362,6.53,duplicate,N/A
pustular_acne_-123-_jpg.rf.56f6162f53ffc45d9ba434f7e6b61244.jpg,Pustules,REMOVED,Duplicate of papular_acne_-106-_jpg.rf.a525e1c6ed2188705518774aa8805d05.jpg,4362,6.53,duplicate,N/A
papular_acne_-106-_jpg.rf.a525e1c6ed2188705518774aa8805d05.jpg,Papules,REJECTED,Severe blur (variance 14.89 < 20),4362,14.89,reject,N/A
papular_acne_-106-_jpg.rf.d0bb6a2924a942ff44f86fb495831c01.jpg,Papules,REMOVED,Duplicate of papular_acne_-106-_jpg.rf.e68d983dce16b3b477e72fb35101e7a5.jpg,3242,31.96,duplicate,N/A
papular_acne_-106-_jpg.rf.751bf5228594d7102f5f9b7c8678fbc3.jpg,Papules,REMOVED,Duplicate of papular_acne_-106-_jpg.rf.d478b9a0b2f7631b335e2113bad36411.jpg,4166,55.84,duplicate,N/A
papular_acne_-13-_jpg.rf.324a816ed7d80e4a972447380af01876.jpg,Papules,REMOVED,Duplicate of papular_acne_-13-_jpg.rf.c6b9db9889fa29a70f171d9bee932408.jpg,1436,41.78,duplicate,N/A
papular_acne_-13-_jpg.rf.98b4b6f1352f1ff41debeed41f4fcb84.jpg,Papules,REMOVED,Duplicate of papular_acne_-13-_jpg.rf.3d82fecc456efc599e5245412f53da87.jpg,1432,75.20,duplicate,N/A
papular_acne_-13-_jpg.rf.bd8e2a6477f65b1935b75c98fafdb25c.jpg,Papules,REMOVED,Duplicate of papular_acne_-13-_jpg.rf.6849e84ef9d64684fe4ce51382587508.jpg,1435,72.48,duplicate,N/A
papular_acne_-13-_jpg.rf.6a7e2f5b20fcb2da78296152ca279e04.jpg,Papules,REMOVED,Duplicate of papular_acne_-13-_jpg.rf.477f5920435c69d032881da3950770bb.jpg,4169,82.30,duplicate,N/A
papular_acne_-13-_jpg.rf.75ffe7d7b67b9056708469349c19781f.jpg,Papules,REMOVED,Duplicate of papular_acne_-13-_jpg.rf.b753767a80b3b02de5a7a369812957bb.jpg,4170,89.26,duplicate,N/A
papular_acne_-13-_jpg.rf.fd227577f31f72ce33f07f5f214bf799.jpg,Papules,REMOVED,Duplicate of papular_acne_-13-_jpg.rf.cfea2743845136d9c7b6c2b3785e7e5b.jpg,1442,8.42,duplicate,N/A
papular_acne_-13-_jpg.rf.cfea2743845136d9c7b6c2b3785e7e5b.jpg,Papules,REJECTED,Severe blur (variance 8.42 < 20),1442,8.42,reject,N/A
papular_acne_-13-_jpg.rf.d5326de1dad14a0429110043f130412d.jpg,Papules,REMOVED,Duplicate of papular_acne_-13-_jpg.rf.ec5e86cd9b909b7765db73f3be4b2265.jpg,1441,45.78,duplicate,N/A
papular_acne_-14-_jpg.rf.186e9d33a50fa21c3a9caec3e51c954c.jpg,Papules,REMOVED,Duplicate of papular_acne_-14-_jpg.rf.08cbc3ce26bf1e91d40b67410174fffa.jpg,3249,32.90,duplicate,N/A
papular_acne_-14-_jpg.rf.573c42faaae9b9d229d9677b04d3d705.jpg,Papules,REMOVED,Duplicate of papular_acne_-14-_jpg.rf.1a36e0fe1cb5f68a2424b11c808e3486.jpg,3253,100.06,duplicate,N/A
papular_acne_-14-_jpg.rf.71695167bf4ab0346629bf4cdebda197.jpg,Papules,REMOVED,Duplicate of papular_acne_-14-_jpg.rf.2932df37fa5447baca854a1157064063.jpg,4180,112.96,duplicate,N/A
papular_acne_-14-_jpg.rf.2b77a882293b7d3ecce59e46e1075db0.jpg,Papules,REMOVED,Duplicate of papular_acne_-14-_jpg.rf.bbedec129ccfd14254ed1759fa39da2c.jpg,1466,38.45,duplicate,N/A
papular_acne_-14-_jpg.rf.140fe837a135b7e8e806c4e3486d0f66.jpg,Papules,REMOVED,Duplicate of papular_acne_-14-_jpg.rf.7094cec3b2647e4af75b51aaed3eaec3.jpg,4175,104.94,duplicate,N/A
papular_acne_-14-_jpg.rf.3875fe0adc7a8cdd7c40e371f1bfaf77.jpg,Papules,REMOVED,Duplicate of papular_acne_-14-_jpg.rf.7094cec3b2647e4af75b51aaed3eaec3.jpg,4175,98.31,duplicate,N/A
papular_acne_-14-_jpg.rf.258b3cf426a9a7430aaf96779ba282a8.jpg,Papules,REMOVED,Duplicate of papular_acne_-14-_jpg.rf.7094cec3b2647e4af75b51aaed3eaec3.jpg,4175,98.04,duplicate,N/A
papular_acne_-14-_jpg.rf.bbdf929631db9048a1d3b13f83421b48.jpg,Papules,REMOVED,Duplicate of papular_acne_-14-_jpg.rf.4157dd1e63e54fbdff7b9ec469b3bfd0.jpg,1465,62.71,duplicate,N/A
papular_acne_-14-_jpg.rf.4bc6041651979a7a336a899b5dc7c188.jpg,Papules,REMOVED,Duplicate of papular_acne_-14-_jpg.rf.e3e7681bdf1c474303d9376e51960d68.jpg,3257,51.35,duplicate,N/A
papular_acne_-14-_jpg.rf.97ef6b32d15d5a36e62e802e32aa2d19.jpg,Papules,REMOVED,Duplicate of papular_acne_-14-_jpg.rf.4de0fa4b062a37b59e2feb713c85357c.jpg,4179,76.67,duplicate,N/A
papular_acne_-14-_jpg.rf.a9bf47db8f4f90256311ef17c3253782.jpg,Papules,REMOVED,Duplicate of papular_acne_-14-_jpg.rf.b7b4622fa6b6b2b75b79c0ae212524d1.jpg,3256,40.01,duplicate,N/A
papular_acne_-14-_jpg.rf.c6df7ee6287ad78501bd7b7f3049a56a.jpg,Papules,REMOVED,Duplicate of papular_acne_-14-_jpg.rf.b48785b38554d521fc946a84b122393e.jpg,4182,50.59,duplicate,N/A
papular_acne_-14-_jpg.rf.8fb04db893de8bde809c478d21f77a1e.jpg,Papules,REMOVED,Duplicate of papular_acne_-14-_jpg.rf.443cd1f95326712878c41d43e661ab78.jpg,4181,7.54,duplicate,N/A
papular_acne_-14-_jpg.rf.fa7d7f5a1ebf510f2e19e6098eb15097.jpg,Papules,REMOVED,Duplicate of papular_acne_-14-_jpg.rf.443cd1f95326712878c41d43e661ab78.jpg,4181,7.54,duplicate,N/A
papular_acne_-14-_jpg.rf.70dea5d22ea274d5ba7d6d90c2ced99c.jpg,Papules,REMOVED,Duplicate of papular_acne_-14-_jpg.rf.443cd1f95326712878c41d43e661ab78.jpg,4181,7.54,duplicate,N/A
papular_acne_-14-_jpg.rf.d5a13ed1ac846a21844bae23de090f1f.jpg,Papules,REMOVED,Duplicate of papular_acne_-14-_jpg.rf.443cd1f95326712878c41d43e661ab78.jpg,4181,7.53,duplicate,N/A
papular_acne_-14-_jpg.rf.47b62e17693e4992dc789dc6115ba9f4.jpg,Papules,REMOVED,Duplicate of papular_acne_-14-_jpg.rf.443cd1f95326712878c41d43e661ab78.jpg,4181,7.53,duplicate,N/A
papular_acne_-14-_jpg.rf.443cd1f95326712878c41d43e661ab78.jpg,Papules,REJECTED,Severe blur (variance 7.54 < 20),4181,7.54,reject,N/A
papular_acne_-14-_jpg.rf.f32ded8820bb8c13efc72cc72faa31e3.jpg,Papules,REMOVED,Duplicate of papular_acne_-14-_jpg.rf.e46d9b844ca5c8ad8a9e7aeb2c3b5f76.jpg,1472,48.06,duplicate,N/A
papular_acne_-17-_jpg.rf.392aa825532f7cd478f1d7df896cb9f3.jpg,Papules,REMOVED,Duplicate of papular_acne_-17-_jpg.rf.efa08f3ad65861adf6442028b00f50f6.jpg,3266,63.11,duplicate,N/A
papular_acne_-17-_jpg.rf.f6945c15092a3e5f5de5de0740163746.jpg,Papules,REMOVED,Duplicate of papular_acne_-17-_jpg.rf.efa08f3ad65861adf6442028b00f50f6.jpg,3266,58.05,duplicate,N/A
papular_acne_-17-_jpg.rf.30bf39becdbb9466472bf96e9efba0c9.jpg,Papules,REMOVED,Duplicate of papular_acne_-17-_jpg.rf.efa08f3ad65861adf6442028b00f50f6.jpg,3266,58.01,duplicate,N/A
papular_acne_-17-_jpg.rf.4a13e99699f800c0ef9cc64a2b29d230.jpg,Papules,REMOVED,Duplicate of papular_acne_-17-_jpg.rf.9046b3973c078c9a83d446eadb9f570f.jpg,1484,52.52,duplicate,N/A
papular_acne_-17-_jpg.rf.4ebd999efc39de4d934f1f73cf0754c5.jpg,Papules,REMOVED,Duplicate of papular_acne_-17-_jpg.rf.d3529cc482fca0eaa4298d6c901a744d.jpg,1489,192.71,duplicate,N/A
papular_acne_-17-_jpg.rf.ed036433bb5f3a9beca7fb08ece66e41.jpg,Papules,REMOVED,Duplicate of papular_acne_-17-_jpg.rf.5799f650acdfe454b4e0eded849a3bd5.jpg,1490,113.43,duplicate,N/A
papular_acne_-17-_jpg.rf.7de5c5fe61643891a7511f28e8c80b36.jpg,Papules,REMOVED,Duplicate of papular_acne_-17-_jpg.rf.988043344c0f9b3cbb1c4e7802d85ca8.jpg,1485,50.20,duplicate,N/A
papular_acne_-17-_jpg.rf.d6f4bf8d0f8f3e972bca9ab5ac3e2069.jpg,Papules,REMOVED,Duplicate of papular_acne_-17-_jpg.rf.a72a3aaa4fc0bcbd06cc9534abf08ab4.jpg,3265,111.39,duplicate,N/A
papular_acne_-17-_jpg.rf.1e6dfdd26384c305227a0f4ba058dfdb.jpg,Papules,REMOVED,Duplicate of papular_acne_-17-_jpg.rf.f8e8bec31e6f467b460db155e7fb675c.jpg,3261,62.47,duplicate,N/A
papular_acne_-27-_jpg.rf.0835289c96ea015f302e24327e035e65.jpg,Papules,REMOVED,Duplicate of papular_acne_-27-_jpg.rf.92031bc8a2d18e564711accb3f96cc47.jpg,1503,64.37,duplicate,N/A
papular_acne_-56-_jpg.rf.9fa99e732d9dade0638b092b819fb471.jpg,Papules,REMOVED,Duplicate of papular_acne_-27-_jpg.rf.1acb34a9a01aacac3a0c9595348f6de8.jpg,1695,64.25,duplicate,N/A
papular_acne_-27-_jpg.rf.cc1a4ff1c7067b0790704a8e0647f7b3.jpg,Papules,REMOVED,Duplicate of papular_acne_-27-_jpg.rf.2a7d0e7ebd9217fc94492f0f51d62ef7.jpg,3272,57.69,duplicate,N/A
papular_acne_-27-_jpg.rf.527e52b7e254127701086b3a2d554e1d.jpg,Papules,REMOVED,Duplicate of papular_acne_-27-_jpg.rf.613d31b71d6c5f7d63406dd56bebe145.jpg,1501,16.43,duplicate,N/A
papular_acne_-27-_jpg.rf.613d31b71d6c5f7d63406dd56bebe145.jpg,Papules,REJECTED,Severe blur (variance 16.43 < 20),1501,16.43,reject,N/A
papular_acne_-27-_jpg.rf.f6f4bec59a457800309afb9e994bf760.jpg,Papules,REMOVED,Duplicate of papular_acne_-27-_jpg.rf.52e23459379c36656ec15caf026219bb.jpg,3273,95.45,duplicate,N/A
papular_acne_-27-_jpg.rf.ff5be9a5b69dfb959e655bb86317aaff.jpg,Papules,REMOVED,Duplicate of papular_acne_-27-_jpg.rf.834b92e3a0a8b460c480e11203968ca6.jpg,4195,111.52,duplicate,N/A
papular_acne_-27-_jpg.rf.be039c7f6e1619629eb402af7d39aeec.jpg,Papules,REMOVED,Duplicate of papular_acne_-27-_jpg.rf.834b92e3a0a8b460c480e11203968ca6.jpg,4195,93.66,duplicate,N/A
papular_acne_-27-_jpg.rf.b3c4517375a332a499790accb77d97e4.jpg,Papules,REMOVED,Duplicate of papular_acne_-27-_jpg.rf.834b92e3a0a8b460c480e11203968ca6.jpg,4195,93.52,duplicate,N/A
papular_acne_-27-_jpg.rf.00070a7bd75109763c7220126e26ec18.jpg,Papules,REMOVED,Duplicate of papular_acne_-27-_jpg.rf.af068b3ee11d3b83a50e8423c7a3ce71.jpg,3268,67.36,duplicate,N/A
papular_acne_-27-_jpg.rf.cfbe11d554993490d987f68bf4ccb1f9.jpg,Papules,REMOVED,Duplicate of papular_acne_-27-_jpg.rf.55a9454e30480de645f240feb530d7bf.jpg,4191,47.20,duplicate,N/A
papular_acne_-27-_jpg.rf.b26ea7dbb50685c1738a0c098bed8841.jpg,Papules,REMOVED,Duplicate of papular_acne_-27-_jpg.rf.55a9454e30480de645f240feb530d7bf.jpg,4191,25.56,duplicate,N/A
papular_acne_-27-_jpg.rf.f91cf2e01dad323c7e801b4cb691a40f.jpg,Papules,REMOVED,Duplicate of papular_acne_-27-_jpg.rf.55a9454e30480de645f240feb530d7bf.jpg,4191,25.52,duplicate,N/A
papular_acne_-27-_jpg.rf.c4b2a7cb8e20497a9b54b5f63484fdaa.jpg,Papules,REMOVED,Duplicate of papular_acne_-106-_jpg.rf.87d9d1d270cc614b724ce7586d30dca1.jpg,4189,39.85,duplicate,N/A
papular_acne_-27-_jpg.rf.4169d69e73d07d2f38b1b565fc417de3.jpg,Papules,REMOVED,Duplicate of papular_acne_-106-_jpg.rf.87d9d1d270cc614b724ce7586d30dca1.jpg,4189,39.82,duplicate,N/A
papular_acne_-27-_jpg.rf.de56ea6314f28ed21f585388824d5c64.jpg,Papules,REMOVED,Duplicate of papular_acne_-27-_jpg.rf.17a842cec1212f75f2e12ad50fbfa3d8.jpg,3269,30.86,duplicate,N/A
papular_acne_-3-_jpg.rf.0ae6b610acf1fd8e1ebe0fa0cb9d6a9f.jpg,Papules,REMOVED,Duplicate of papular_acne_-3-_jpg.rf.eb8c5200eae92959368ed78d4bd3b187.jpg,3283,65.00,duplicate,N/A
papular_acne_-3-_jpg.rf.11e715027992291787afd94ef460367d.jpg,Papules,REMOVED,Duplicate of papular_acne_-3-_jpg.rf.b10639ce5826dc3968ac73f38ba0a019.jpg,3280,73.52,duplicate,N/A
papular_acne_-3-_jpg.rf.76dc741cb7e2d24b6c4ce86653a1f0ca.jpg,Papules,REMOVED,Duplicate of papular_acne_-3-_jpg.rf.1c36ca03ce23d1dc29d14563f1f08b99.jpg,4199,41.18,duplicate,N/A
papular_acne_-3-_jpg.rf.7594e12e078cb5100501c420c263e250.jpg,Papules,REMOVED,Duplicate of papular_acne_-3-_jpg.rf.387c07060e0367a40aa80749be809e7f.jpg,3285,51.76,duplicate,N/A
papular_acne_-3-_jpg.rf.e375a83fecacbfdb3d667b39665ef46a.jpg,Papules,REMOVED,Duplicate of papular_acne_-3-_jpg.rf.387c07060e0367a40aa80749be809e7f.jpg,3285,51.06,duplicate,N/A
papular_acne_-3-_jpg.rf.f87423fb0c3f97cf7513eb14a52206e6.jpg,Papules,REMOVED,Duplicate of papular_acne_-3-_jpg.rf.387c07060e0367a40aa80749be809e7f.jpg,3285,51.06,duplicate,N/A
papular_acne_-3-_jpg.rf.8119c7b7f1c6f0793650d8883dca7ac7.jpg,Papules,REMOVED,Duplicate of papular_acne_-3-_jpg.rf.db0bfade0f284facc255b07da2e4e615.jpg,3278,53.54,duplicate,N/A
papular_acne_-3-_jpg.rf.4b2d6795c7428e3d61e2f53aa5bce1e9.jpg,Papules,REMOVED,Duplicate of papular_acne_-3-_jpg.rf.db0bfade0f284facc255b07da2e4e615.jpg,3278,28.64,duplicate,N/A
papular_acne_-3-_jpg.rf.beadcbe698c104fdb55081139973468a.jpg,Papules,REMOVED,Duplicate of papular_acne_-3-_jpg.rf.db0bfade0f284facc255b07da2e4e615.jpg,3278,28.45,duplicate,N/A
papular_acne_-3-_jpg.rf.325974f338e93cd9812b9b617a533563.jpg,Papules,REMOVED,Duplicate of papular_acne_-3-_jpg.rf.c5cd973d485a1bc369f77c876c499369.jpg,3276,102.57,duplicate,N/A
papular_acne_-3-_jpg.rf.4bd0b4f22ac5b44becbc248ac0d16bfa.jpg,Papules,REMOVED,Duplicate of papular_acne_-3-_jpg.rf.f5462cf680c66897952db5db8281f061.jpg,4197,53.16,duplicate,N/A
papular_acne_-3-_jpg.rf.9ff848ec8784367332ef6439431cc8d5.jpg,Papules,REMOVED,Duplicate of papular_acne_-3-_jpg.rf.ff10b1cafacb5c955315b97039714f31.jpg,4200,53.81,duplicate,N/A
papular_acne_-37-_jpg.rf.0de990e261436d301ea7c7de027cda09.jpg,Papules,REMOVED,Duplicate of papular_acne_-37-_jpg.rf.197b6be42a420284dfc59b1df49fb9c0.jpg,3287,39.76,duplicate,N/A
papular_acne_-37-_jpg.rf.59646591beae42f1b7ea7917a7d42bfa.jpg,Papules,REMOVED,Duplicate of papular_acne_-37-_jpg.rf.23c5411b2939e451bf8d4d8ded76806e.jpg,4207,45.71,duplicate,N/A
papular_acne_-37-_jpg.rf.ff0680c3c65f512a0b35a34331d475ba.jpg,Papules,REMOVED,Duplicate of papular_acne_-37-_jpg.rf.271b66d5d54f47d4bacfb335d2cd9271.jpg,4212,49.41,duplicate,N/A
papular_acne_-37-_jpg.rf.2ea6e1f0a34501a4dd05fb62d363441e.jpg,Papules,REMOVED,Duplicate of papular_acne_-37-_jpg.rf.dc4e0c6fb689975be294e64ddb10a866.jpg,1546,45.56,duplicate,N/A
papular_acne_-37-_jpg.rf.46af7667403e3bb25d6c597821c9d628.jpg,Papules,REMOVED,Duplicate of papular_acne_-37-_jpg.rf.7c867f28b4d0ae38311694946ab1e733.jpg,4211,42.52,duplicate,N/A
papular_acne_-37-_jpg.rf.2feabc39e5600981b14237577a8fdca6.jpg,Papules,REMOVED,Duplicate of papular_acne_-37-_jpg.rf.7c867f28b4d0ae38311694946ab1e733.jpg,4211,19.29,duplicate,N/A
papular_acne_-37-_jpg.rf.e25a1a1f0ed17401721a370b0183dd88.jpg,Papules,REMOVED,Duplicate of papular_acne_-37-_jpg.rf.7c867f28b4d0ae38311694946ab1e733.jpg,4211,19.29,duplicate,N/A
papular_acne_-37-_jpg.rf.94c1f48b7b71f47d5c7ccf8ca36d98f2.jpg,Papules,REMOVED,Duplicate of papular_acne_-37-_jpg.rf.33d75d7d7a8b9ac25f9d489d2b8ba0a6.jpg,4209,43.97,duplicate,N/A
papular_acne_-37-_jpg.rf.51fe8dd9f77815dbf6220ea8826c77b5.jpg,Papules,REMOVED,Duplicate of papular_acne_-37-_jpg.rf.33d75d7d7a8b9ac25f9d489d2b8ba0a6.jpg,4209,30.28,duplicate,N/A
papular_acne_-37-_jpg.rf.9fcad5d3331e9abfeab121291f2c4089.jpg,Papules,REMOVED,Duplicate of papular_acne_-37-_jpg.rf.33d75d7d7a8b9ac25f9d489d2b8ba0a6.jpg,4209,30.18,duplicate,N/A
papular_acne_-37-_jpg.rf.f06b3389a161507b34f129e190231433.jpg,Papules,REMOVED,Duplicate of papular_acne_-37-_jpg.rf.4f568e28d33a527bdd0bcafa854b5bbb.jpg,1548,7.68,duplicate,N/A
papular_acne_-37-_jpg.rf.4f568e28d33a527bdd0bcafa854b5bbb.jpg,Papules,REJECTED,Severe blur (variance 7.68 < 20),1548,7.68,reject,N/A
papular_acne_-37-_jpg.rf.6b4e4b0fc37170034903c6684a508a03.jpg,Papules,REMOVED,Duplicate of papular_acne_-37-_jpg.rf.8542343e98daf5a53689fd93b1ce10ed.jpg,1538,38.95,duplicate,N/A
papular_acne_-37-_jpg.rf.fdeb04d64882f15af3d1cbe9eb514d58.jpg,Papules,REMOVED,Duplicate of papular_acne_-37-_jpg.rf.c57f6a9a9106168596c83c872a38aedb.jpg,1550,53.29,duplicate,N/A
papular_acne_-38-_jpg.rf.624f47d8610ef972bcc8f1169da065da.jpg,Papules,REMOVED,Duplicate of papular_acne_-38-_jpg.rf.08cf6b33ebc32dfa594c20111bad474f.jpg,1573,33.25,duplicate,N/A
papular_acne_-38-_jpg.rf.56f074a93ee7f37eac4c14353c2a3147.jpg,Papules,REMOVED,Duplicate of papular_acne_-38-_jpg.rf.08cf6b33ebc32dfa594c20111bad474f.jpg,1573,25.93,duplicate,N/A
papular_acne_-38-_jpg.rf.7eaa9035238bf12d7b53a3b159fd7bf0.jpg,Papules,REMOVED,Duplicate of papular_acne_-38-_jpg.rf.08cf6b33ebc32dfa594c20111bad474f.jpg,1573,25.93,duplicate,N/A
papular_acne_-38-_jpg.rf.17a718f22d04deb264e4d048767e7fc5.jpg,Papules,REMOVED,Duplicate of papular_acne_-38-_jpg.rf.781cf8c5ece3f22cb73118aba1c92751.jpg,4216,27.75,duplicate,N/A
papular_acne_-38-_jpg.rf.781cf8c5ece3f22cb73118aba1c92751.jpg,Papules,REJECTED,Cosmetic beauty filter / smoothed skin (blur score 27.83 < 30),4216,27.83,reject,N/A
papular_acne_-38-_jpg.rf.af6398dbb7a897f52ed74363acaf6d73.jpg,Papules,REMOVED,Duplicate of papular_acne_-38-_jpg.rf.aabaaf9e823c9a612a3d7eb33e5ef21c.jpg,3298,76.36,duplicate,N/A
papular_acne_-38-_jpg.rf.1d0d713d88431ff45c0bbf4cec4543ba.jpg,Papules,REMOVED,Duplicate of papular_acne_-38-_jpg.rf.aabaaf9e823c9a612a3d7eb33e5ef21c.jpg,3298,72.22,duplicate,N/A
papular_acne_-38-_jpg.rf.fc25ff4d5ef6a19a89e4fddb1b40eb7e.jpg,Papules,REMOVED,Duplicate of papular_acne_-38-_jpg.rf.aabaaf9e823c9a612a3d7eb33e5ef21c.jpg,3298,72.18,duplicate,N/A
papular_acne_-38-_jpg.rf.1a234d5aa0dc831d6cf1211ba714e70b.jpg,Papules,REMOVED,Duplicate of papular_acne_-38-_jpg.rf.aabaaf9e823c9a612a3d7eb33e5ef21c.jpg,3298,70.30,duplicate,N/A
papular_acne_-38-_jpg.rf.6a2a8cdccdd2a3c9b2d5ed5c9b9dc32c.jpg,Papules,REMOVED,Duplicate of papular_acne_-38-_jpg.rf.aabaaf9e823c9a612a3d7eb33e5ef21c.jpg,3298,70.16,duplicate,N/A
papular_acne_-38-_jpg.rf.b2f3ff5c46f500ed34b358ebf2b7b991.jpg,Papules,REMOVED,Duplicate of papular_acne_-38-_jpg.rf.2e81879e224c042f2feb5811a6a774e0.jpg,3299,45.48,duplicate,N/A
papular_acne_-38-_jpg.rf.7d7ba0e37fe0d89355cbc5a7c6158e83.jpg,Papules,REMOVED,Duplicate of papular_acne_-38-_jpg.rf.40bee0f8efc7dd48ec6640f3794ce42a.jpg,1572,36.06,duplicate,N/A
papular_acne_-38-_jpg.rf.56bf4bf3c1a300b85aa14fda632639aa.jpg,Papules,REMOVED,Duplicate of papular_acne_-38-_jpg.rf.46e8ba294722c054adf12db0804b05b3.jpg,4215,41.81,duplicate,N/A
papular_acne_-38-_jpg.rf.3c3ef63ba08a24d5ed050cf53c22b40d.jpg,Papules,REMOVED,Duplicate of papular_acne_-38-_jpg.rf.f627a9052d604b70d348619827b0e98c.jpg,4218,24.73,duplicate,N/A
papular_acne_-38-_jpg.rf.9d81c53db5a9917ce26fd763ea172d6e.jpg,Papules,REMOVED,Duplicate of papular_acne_-38-_jpg.rf.f627a9052d604b70d348619827b0e98c.jpg,4218,17.85,duplicate,N/A
papular_acne_-38-_jpg.rf.4d07306a81c8eb2e2be9a26e73520fee.jpg,Papules,REMOVED,Duplicate of papular_acne_-38-_jpg.rf.f627a9052d604b70d348619827b0e98c.jpg,4218,17.82,duplicate,N/A
papular_acne_-38-_jpg.rf.dd91194f7be97bb59ffdfe43aad6591b.jpg,Papules,REMOVED,Duplicate of papular_acne_-38-_jpg.rf.f627a9052d604b70d348619827b0e98c.jpg,4218,12.96,duplicate,N/A
papular_acne_-38-_jpg.rf.493b7379f522958c3168d7973acd9542.jpg,Papules,REMOVED,Duplicate of papular_acne_-38-_jpg.rf.f627a9052d604b70d348619827b0e98c.jpg,4218,12.96,duplicate,N/A
papular_acne_-38-_jpg.rf.f627a9052d604b70d348619827b0e98c.jpg,Papules,REJECTED,Cosmetic beauty filter / smoothed skin (blur score 24.75 < 30),4218,24.75,reject,N/A
papular_acne_-38-_jpg.rf.12fc03b1af546a05ac3aed4852f00061.jpg,Papules,REMOVED,Duplicate of papular_acne_-38-_jpg.rf.71ba37492965ebc7ff8f2383338a2fb3.jpg,3291,50.23,duplicate,N/A
papular_acne_-38-_jpg.rf.854c7b42cbf4704c882bc363b23fc671.jpg,Papules,REMOVED,Duplicate of papular_acne_-38-_jpg.rf.b58923abf4980099b0478612d2afd53b.jpg,1578,38.82,duplicate,N/A
papular_acne_-38-_jpg.rf.a644c58682d3e078a7b27cede41890a0.jpg,Papules,REMOVED,Duplicate of papular_acne_-38-_jpg.rf.1c054a8488aed69c76e2e318909dc426.jpg,3292,41.26,duplicate,N/A
papular_acne_-38-_jpg.rf.65c94beb682d37204b800fb375aaf539.jpg,Papules,REMOVED,Duplicate of papular_acne_-38-_jpg.rf.fea50ed41e145069ba4efe0cc70b91a7.jpg,3294,52.26,duplicate,N/A
papular_acne_-42-_jpg.rf.56e27731d602e6b3f49782a76d9ec631.jpg,Papules,REMOVED,Duplicate of papular_acne_-42-_jpg.rf.2866752cd3f162ead994466c4f4e381b.jpg,4222,61.83,duplicate,N/A
papular_acne_-42-_jpg.rf.73226406bb10ed137cc8fa0bc611c17d.jpg,Papules,REMOVED,Duplicate of papular_acne_-42-_jpg.rf.2945dc71d0110a4dec2fe46a56e428c6.jpg,4223,4.01,duplicate,N/A
papular_acne_-42-_jpg.rf.2945dc71d0110a4dec2fe46a56e428c6.jpg,Papules,REJECTED,Severe blur (variance 4.01 < 20),4223,4.01,reject,N/A
papular_acne_-42-_jpg.rf.97e3981984f59e62022ef9ee73967fff.jpg,Papules,REMOVED,Duplicate of papular_acne_-42-_jpg.rf.36f7e3cc1278fc26bac2f7a01e2d55f9.jpg,3302,79.42,duplicate,N/A
papular_acne_-42-_jpg.rf.3bb6a1ef178eaed6a5ff4a043a795dc0.jpg,Papules,REMOVED,Duplicate of papular_acne_-42-_jpg.rf.3731633a3332dbcf06006d4d37e3d09d.jpg,4220,40.84,duplicate,N/A
papular_acne_-42-_jpg.rf.576ebc168d19406afb2140d70c2e3297.jpg,Papules,REMOVED,Duplicate of papular_acne_-42-_jpg.rf.06790c0284b14f20368b8c0b487a3179.jpg,3300,45.48,duplicate,N/A
papular_acne_-42-_jpg.rf.78754547eb7c86eabfdad442fa225503.jpg,Papules,REMOVED,Duplicate of papular_acne_-42-_jpg.rf.8fdff408e200d68cf974701df524d554.jpg,4225,38.92,duplicate,N/A
papular_acne_-42-_jpg.rf.420d893c9de45168c19a7a952f619264.jpg,Papules,REMOVED,Duplicate of papular_acne_-42-_jpg.rf.8c480b9dde6d8778b27ba0cc6c826857.jpg,4221,63.12,duplicate,N/A
papular_acne_-42-_jpg.rf.b3d3290b32b2e5d68266d48200703022.jpg,Papules,REMOVED,Duplicate of papular_acne_-42-_jpg.rf.816226973caad7c91adc430f6eb812a5.jpg,4224,93.09,duplicate,N/A
papular_acne_-42-_jpg.rf.b6957fe23fe3b11628c8d837b626a340.jpg,Papules,REMOVED,Duplicate of papular_acne_-42-_jpg.rf.ddc5d0dcb70a4749de5e8d3d5d8fef0b.jpg,1606,47.39,duplicate,N/A
papular_acne_-42-_jpg.rf.d49bf861ca128bcec41ad544ec620709.jpg,Papules,REMOVED,Duplicate of papular_acne_-42-_jpg.rf.2d3ca2d82bcc9f995f55f3f8cc79dc6c.jpg,3301,43.21,duplicate,N/A
papular_acne_-48-_jpg.rf.267aa87939debc36ce0cd16d0c1ce8c1.jpg,Papules,REMOVED,Duplicate of papular_acne_-48-_jpg.rf.44f17ca5755a56771d2689b6221b44ef.jpg,1612,67.13,duplicate,N/A
papular_acne_-48-_jpg.rf.bec17356a2aef6a68d4e248fb84d9a31.jpg,Papules,REMOVED,Duplicate of papular_acne_-48-_jpg.rf.2c6eba93bcfba1f63061d795a4f0733d.jpg,3309,70.76,duplicate,N/A
papular_acne_-48-_jpg.rf.a97316776e4a2c1a61dfea69473a9813.jpg,Papules,REMOVED,Duplicate of papular_acne_-48-_jpg.rf.4b03651804e258938126fee1dd32bb4b.jpg,1622,61.09,duplicate,N/A
papular_acne_-48-_jpg.rf.83be2af4d54a473b2d800cb83aaf2232.jpg,Papules,REMOVED,Duplicate of papular_acne_-48-_jpg.rf.4b03651804e258938126fee1dd32bb4b.jpg,1622,39.25,duplicate,N/A
papular_acne_-48-_jpg.rf.694aaae6971d998c2c1eb86d6d64012d.jpg,Papules,REMOVED,Duplicate of papular_acne_-48-_jpg.rf.4b03651804e258938126fee1dd32bb4b.jpg,1622,39.21,duplicate,N/A
papular_acne_-48-_jpg.rf.51f8951f74bb71979ba1abe8190629e0.jpg,Papules,REMOVED,Duplicate of papular_acne_-48-_jpg.rf.be6d9224f6094ab1a8d80493d7eab27b.jpg,1624,30.97,duplicate,N/A
papular_acne_-48-_jpg.rf.9fc923213093009ba4becf9ca8865ba4.jpg,Papules,REMOVED,Duplicate of papular_acne_-48-_jpg.rf.689d4645fad4e59a64a74bb28cc13073.jpg,1620,13.20,duplicate,N/A
papular_acne_-48-_jpg.rf.689d4645fad4e59a64a74bb28cc13073.jpg,Papules,REJECTED,Severe blur (variance 13.20 < 20),1620,13.20,reject,N/A
papular_acne_-48-_jpg.rf.a8b907e4a0e09eca6db7809747ae0ef5.jpg,Papules,REMOVED,Duplicate of papular_acne_-48-_jpg.rf.93aaddd1a3e2bec7f1bd977c3c67e726.jpg,1621,86.48,duplicate,N/A
papular_acne_-48-_jpg.rf.8cfdb722994ed5c3dd1ffaa33a50753b.jpg,Papules,REMOVED,Duplicate of papular_acne_-48-_jpg.rf.d1f51ca95ecff7c050f2156dc913a24e.jpg,3306,89.79,duplicate,N/A
papular_acne_-48-_jpg.rf.d46e5b0ac0cd96599b7ad3977c0c600a.jpg,Papules,REMOVED,Duplicate of papular_acne_-48-_jpg.rf.8bedeffe6cf600ae0917626b9abba3e6.jpg,3305,50.50,duplicate,N/A
papular_acne_-50-_jpg.rf.febece7fda16467a2aecc3eb28cfe608.jpg,Papules,REMOVED,Duplicate of papular_acne_-50-_jpg.rf.12ed06a1191c33ae3ec001cfc0d14dd4.jpg,1655,52.92,duplicate,N/A
Papule17_JPG_jpg.rf.5621acdb173d76bbd61a224fc046f34f.jpg,Papules,REMOVED,Duplicate of papular_acne_-50-_jpg.rf.12f89b7dd717250ce6c60441029d602e.jpg,1963,89.37,duplicate,N/A
Papule17_JPG_jpg.rf.dce586f764672629eaf21fd2ff786d74.jpg,Papules,REMOVED,Duplicate of papular_acne_-50-_jpg.rf.12f89b7dd717250ce6c60441029d602e.jpg,1963,84.33,duplicate,N/A
papular_acne_-50-_jpg.rf.2966f90777c21e73fb697397fc058211.jpg,Papules,REMOVED,Duplicate of papular_acne_-50-_jpg.rf.ff784e23728507d4e74ee43b6133b2a0.jpg,1656,98.05,duplicate,N/A
papular_acne_-50-_jpg.rf.c6af7f4f515ff6690c4661a1872b4bcc.jpg,Papules,REMOVED,Duplicate of papular_acne_-50-_jpg.rf.36b645b3b11b3d351eb69d4d70277755.jpg,1651,5.12,duplicate,N/A
papular_acne_-50-_jpg.rf.36b645b3b11b3d351eb69d4d70277755.jpg,Papules,REJECTED,Severe blur (variance 5.12 < 20),1651,5.12,reject,N/A
papular_acne_-50-_jpg.rf.3fa8ae13aebcf0cbf1735426c8ada1c7.jpg,Papules,REMOVED,Duplicate of papular_acne_-50-_jpg.rf.4b338d577e8f05f6e5e24c9b2ae1471d.jpg,1643,108.57,duplicate,N/A
papular_acne_-50-_jpg.rf.6bea6c88ee751c9edbdc16087e2d275e.jpg,Papules,REMOVED,Duplicate of papular_acne_-50-_jpg.rf.40012ef77bfaad464c52a16bd8b0ce6f.jpg,1645,131.28,duplicate,N/A
papular_acne_-50-_jpg.rf.4485761a758176a89ad32ecba0d5defc.jpg,Papules,REMOVED,Duplicate of papular_acne_-50-_jpg.rf.93a0e19548ad0feca001fa280679a462.jpg,1648,31.63,duplicate,N/A
papular_acne_-50-_jpg.rf.586cc8f04703d72933e0441af3b8ff4a.jpg,Papules,REMOVED,Duplicate of papular_acne_-50-_jpg.rf.4bffc441e79cba6d145cc7af1880b860.jpg,4232,73.75,duplicate,N/A
papular_acne_-50-_jpg.rf.739c84f4955fe798a8f074bd59f236d8.jpg,Papules,REMOVED,Duplicate of papular_acne_-50-_jpg.rf.dfaf08f5a13437481054a49ffe1dac4e.jpg,1653,71.64,duplicate,N/A
papular_acne_-50-_jpg.rf.cf2f466fd9d956c4e3a991d334868fef.jpg,Papules,REMOVED,Duplicate of papular_acne_-50-_jpg.rf.8687d8eb24438c35f5d54b17acd4a752.jpg,1652,97.49,duplicate,N/A
papular_acne_-50-_jpg.rf.85aebb3a4eed82aba248711d6d9320e5.jpg,Papules,REMOVED,Duplicate of papular_acne_-50-_jpg.rf.e1febb803da8f98e04248c82ece20c09.jpg,3314,106.27,duplicate,N/A
papular_acne_-55-_jpg.rf.050100df93469efb7822381dae5f87ec.jpg,Papules,REMOVED,Duplicate of papular_acne_-55-_jpg.rf.daf7ef57fe2323e868d2662ec36537b9.jpg,1670,77.27,duplicate,N/A
papular_acne_-55-_jpg.rf.0010a5685b9167a3cf76b9e914ed2f56.jpg,Papules,REMOVED,Duplicate of papular_acne_-55-_jpg.rf.4b073ea60615d6287e33724abb6b3e6b.jpg,3318,74.89,duplicate,N/A
papular_acne_-55-_jpg.rf.c51d2022e506bb6e1edca4f72fa6448f.jpg,Papules,REMOVED,Duplicate of papular_acne_-55-_jpg.rf.4b073ea60615d6287e33724abb6b3e6b.jpg,3318,64.21,duplicate,N/A
papular_acne_-55-_jpg.rf.3114f34ec4fadf8cd4a23a3db6cfa0ce.jpg,Papules,REMOVED,Duplicate of papular_acne_-55-_jpg.rf.4b073ea60615d6287e33724abb6b3e6b.jpg,3318,64.15,duplicate,N/A
papular_acne_-55-_jpg.rf.047d286286922d10f49006e67c754e19.jpg,Papules,REMOVED,Duplicate of papular_acne_-55-_jpg.rf.b147d2546cb963c8797dd565ede228d5.jpg,3319,56.72,duplicate,N/A
papular_acne_-55-_jpg.rf.483e34fc90a192b4a85f892cd4024880.jpg,Papules,REMOVED,Duplicate of papular_acne_-55-_jpg.rf.b147d2546cb963c8797dd565ede228d5.jpg,3319,51.98,duplicate,N/A
papular_acne_-55-_jpg.rf.ee62df0def8426cb8c1989927809fd20.jpg,Papules,REMOVED,Duplicate of papular_acne_-55-_jpg.rf.b147d2546cb963c8797dd565ede228d5.jpg,3319,51.97,duplicate,N/A
papular_acne_-55-_jpg.rf.4afbcf9f3b607cd78bfc1f44ea84ffca.jpg,Papules,REMOVED,Duplicate of papular_acne_-55-_jpg.rf.d863b23ede5acc29363475635876045f.jpg,4240,97.01,duplicate,N/A
papular_acne_-55-_jpg.rf.b86dd2e09fd09e0aa99682a034dc196d.jpg,Papules,REMOVED,Duplicate of papular_acne_-55-_jpg.rf.d9e7e3f8fa861b7c364f7a7065e89e1f.jpg,1669,61.00,duplicate,N/A
papular_acne_-56-_jpg.rf.02d0254204ec930a76c4d26af18b0c11.jpg,Papules,REMOVED,Duplicate of papular_acne_-56-_jpg.rf.2b8d3420642ca95f88651988f9d5697b.jpg,3321,90.28,duplicate,N/A
papular_acne_-56-_jpg.rf.a45d7cee17283db5187b889d014fd3ba.jpg,Papules,REMOVED,Duplicate of papular_acne_-56-_jpg.rf.270e0cd79b2978a2d4d25f7fdf75f9c1.jpg,3327,53.54,duplicate,N/A
papular_acne_-56-_jpg.rf.a13ff0d8345cfd2f684d6813b9503870.jpg,Papules,REMOVED,Duplicate of papular_acne_-56-_jpg.rf.49ed4e9aead9c922eb47f51a9b482ac4.jpg,4249,66.89,duplicate,N/A
papular_acne_-56-_jpg.rf.3532a5766476daf13d3e2b238daf5984.jpg,Papules,REMOVED,Duplicate of papular_acne_-56-_jpg.rf.49ed4e9aead9c922eb47f51a9b482ac4.jpg,4249,48.76,duplicate,N/A
papular_acne_-56-_jpg.rf.3fb95496f3eb18e4d37b4a420e7f40bc.jpg,Papules,REMOVED,Duplicate of papular_acne_-56-_jpg.rf.49ed4e9aead9c922eb47f51a9b482ac4.jpg,4249,48.76,duplicate,N/A
papular_acne_-56-_jpg.rf.419f0d4af1a7bd57e69fcacc01c2e9f3.jpg,Papules,REMOVED,Duplicate of papular_acne_-56-_jpg.rf.825041625f70f91372147d677e783d27.jpg,1690,101.59,duplicate,N/A
papular_acne_-56-_jpg.rf.4428c92dfa31cc57c39358f298b81a1e.jpg,Papules,REMOVED,Duplicate of papular_acne_-56-_jpg.rf.6d7b7ac4fe9fcdb0390fbf77fb7f0d6e.jpg,4247,45.46,duplicate,N/A
papular_acne_-56-_jpg.rf.4977fb2e38af7e6290f72f763c6a31cd.jpg,Papules,REMOVED,Duplicate of papular_acne_-56-_jpg.rf.7025b75d414afb9fbd79e674b9a3df0c.jpg,3325,101.19,duplicate,N/A
papular_acne_-56-_jpg.rf.e3789740d349194ae218c5f2e8a7028a.jpg,Papules,REMOVED,Duplicate of papular_acne_-56-_jpg.rf.4ac5b872f4e70bc8c2a9fa12d396a52b.jpg,1706,41.15,duplicate,N/A
papular_acne_-56-_jpg.rf.aa57c10d4dd9108186d6ca3af0c7fbe4.jpg,Papules,REMOVED,Duplicate of papular_acne_-56-_jpg.rf.637c098c0d2c93c409a7f7b9ff4f6ff1.jpg,1696,66.49,duplicate,N/A
papular_acne_-56-_jpg.rf.9d2a0d5b19dad089016e793cdf740e1a.jpg,Papules,REMOVED,Duplicate of papular_acne_-56-_jpg.rf.699b51513acab66ad88eaebb87a83a72.jpg,4248,101.56,duplicate,N/A
papular_acne_-56-_jpg.rf.6b28bbabf82fe8f08dd72c33266c5b0b.jpg,Papules,REMOVED,Duplicate of papular_acne_-56-_jpg.rf.966f468d99d9c75ae094abe1992678ed.jpg,1693,83.97,duplicate,N/A
papular_acne_-56-_jpg.rf.0b00d15a9281791e1c990c38de5a7fd8.jpg,Papules,REMOVED,Duplicate of papular_acne_-56-_jpg.rf.9cd104e3c64e362717352184c4e4c462.jpg,4243,12.54,duplicate,N/A
papular_acne_-56-_jpg.rf.9cd104e3c64e362717352184c4e4c462.jpg,Papules,REJECTED,Severe blur (variance 12.54 < 20),4243,12.54,reject,N/A
papular_acne_-56-_jpg.rf.da05f0cf1858b41834943fdaa05af3af.jpg,Papules,REMOVED,Duplicate of papular_acne_-56-_jpg.rf.2ea95121f89591362b96810d81d715e4.jpg,3322,46.29,duplicate,N/A
papular_acne_-56-_jpg.rf.e01b8cc2824210c6ce67480265ef2adc.jpg,Papules,REMOVED,Duplicate of papular_acne_-56-_jpg.rf.b78e409933750b01b913b30e841b512d.jpg,4250,92.78,duplicate,N/A
papular_acne_-56-_jpg.rf.e0f61916caa2b556e3fa370e389eb1d3.jpg,Papules,REMOVED,Duplicate of papular_acne_-56-_jpg.rf.413c78e09fc42bc67fd04d9f2ad154a7.jpg,4245,61.33,duplicate,N/A
papular_acne_-65-_jpg.rf.06783fa1771dc5205702b4fb36cf6ae3.jpg,Papules,REMOVED,Duplicate of papular_acne_-65-_jpg.rf.6640a68492106fa4d65e8217d972fc78.jpg,4256,58.81,duplicate,N/A
papular_acne_-65-_jpg.rf.d5c9c02c7a66eccd507608801f0d9f58.jpg,Papules,REMOVED,Duplicate of papular_acne_-65-_jpg.rf.6640a68492106fa4d65e8217d972fc78.jpg,4256,56.86,duplicate,N/A
papular_acne_-65-_jpg.rf.df6e4d81a8e27f7ceefc2fee4848a334.jpg,Papules,REMOVED,Duplicate of papular_acne_-65-_jpg.rf.6640a68492106fa4d65e8217d972fc78.jpg,4256,56.73,duplicate,N/A
papular_acne_-65-_jpg.rf.08c148a6c9a51efe64df32874e42e1fb.jpg,Papules,REMOVED,Duplicate of papular_acne_-65-_jpg.rf.94721b8b3a42c56f0655eeb658566004.jpg,1715,71.90,duplicate,N/A
papular_acne_-65-_jpg.rf.b60548939777d14b228a2c3970e2acb2.jpg,Papules,REMOVED,Duplicate of papular_acne_-65-_jpg.rf.6d0209c0f9946aaf90e5bdd0f2521fd9.jpg,1719,66.38,duplicate,N/A
papular_acne_-65-_jpg.rf.6605de15a6aba7d6656dac9cf7100ce4.jpg,Papules,REMOVED,Duplicate of papular_acne_-65-_jpg.rf.c52579979334b0b99704795a8dcaab2d.jpg,3338,66.35,duplicate,N/A
papular_acne_-65-_jpg.rf.9dd1a2a8d8768e7166cd6d2c0d34cab7.jpg,Papules,REMOVED,Duplicate of papular_acne_-65-_jpg.rf.c52579979334b0b99704795a8dcaab2d.jpg,3338,62.75,duplicate,N/A
papular_acne_-65-_jpg.rf.ee4d8063d8144630a051eabe1afe6730.jpg,Papules,REMOVED,Duplicate of papular_acne_-65-_jpg.rf.c52579979334b0b99704795a8dcaab2d.jpg,3338,62.64,duplicate,N/A
papular_acne_-68-_jpg.rf.0a1b86302c838e0dc271c726c21a6ffa.jpg,Papules,REMOVED,Duplicate of papular_acne_-68-_jpg.rf.73b6b505081013466ab687de8579124a.jpg,3344,65.81,duplicate,N/A
papular_acne_-68-_jpg.rf.99b04f0cd1b4ad8faa6362eff447c321.jpg,Papules,REMOVED,Duplicate of papular_acne_-68-_jpg.rf.73b6b505081013466ab687de8579124a.jpg,3344,63.06,duplicate,N/A
papular_acne_-68-_jpg.rf.480562527916f383f52894ecc7d0bdb8.jpg,Papules,REMOVED,Duplicate of papular_acne_-68-_jpg.rf.73b6b505081013466ab687de8579124a.jpg,3344,63.02,duplicate,N/A
papular_acne_-68-_jpg.rf.767e95d2c41fa4a9a3293bc167ece86d.jpg,Papules,REMOVED,Duplicate of papular_acne_-68-_jpg.rf.4d97394af53c304b57cd824f56d4226f.jpg,3343,75.11,duplicate,N/A
papular_acne_-68-_jpg.rf.9d908aa8ce4a58efe949c5749892e0dc.jpg,Papules,REMOVED,Duplicate of papular_acne_-68-_jpg.rf.f7b7313dcbcffcc2839c9ca0d021d718.jpg,3350,90.25,duplicate,N/A
papular_acne_-68-_jpg.rf.00749f9e0d565b24b2f92dbf8b6462a8.jpg,Papules,REMOVED,Duplicate of papular_acne_-68-_jpg.rf.9f25432e01c9fdc849875838b48a7331.jpg,3340,114.27,duplicate,N/A
papular_acne_-68-_jpg.rf.20411cbf4e5f441b1af36a141cc0e5b4.jpg,Papules,REMOVED,Duplicate of papular_acne_-68-_jpg.rf.ab3512c4702644cdad348fd8cdbdecb4.jpg,4258,91.02,duplicate,N/A
papular_acne_-68-_jpg.rf.af50e51f67c8c0836474ec60fb73a7fd.jpg,Papules,REMOVED,Duplicate of papular_acne_-68-_jpg.rf.5e6364eca227f784b8ad7d94af955a3d.jpg,4259,65.96,duplicate,N/A
papular_acne_-68-_jpg.rf.bd37704b223b12c9654ddbca6c374857.jpg,Papules,REMOVED,Duplicate of papular_acne_-68-_jpg.rf.dee9159d381739d4b83e8129ab9f01da.jpg,4266,59.34,duplicate,N/A
papular_acne_-68-_jpg.rf.e2fbd52f0b50ab2acc844637404ad7b6.jpg,Papules,REMOVED,Duplicate of papular_acne_-68-_jpg.rf.d021af3549f8e91011d05642399c0b6d.jpg,4262,51.19,duplicate,N/A
papular_acne_-68-_jpg.rf.a0a9644c72176cd905d199d6cfc3bf90.jpg,Papules,REMOVED,Duplicate of papular_acne_-68-_jpg.rf.d021af3549f8e91011d05642399c0b6d.jpg,4262,42.77,duplicate,N/A
papular_acne_-68-_jpg.rf.82c17d5aa9793f26b3ae5e78d939683a.jpg,Papules,REMOVED,Duplicate of papular_acne_-68-_jpg.rf.d021af3549f8e91011d05642399c0b6d.jpg,4262,42.75,duplicate,N/A
papular_acne_-68-_jpg.rf.de0e0bd07bfdbb4cdff88f3f2fd9f243.jpg,Papules,REMOVED,Duplicate of papular_acne_-68-_jpg.rf.8e13494896ac60f45f12272086364e9b.jpg,4261,60.36,duplicate,N/A
papular_acne_-68-_jpg.rf.7c88f1cc18f4df6bb42d9e086dd2aece.jpg,Papules,REMOVED,Duplicate of papular_acne_-68-_jpg.rf.f881b3648b6f350c000402465c82df95.jpg,3345,10.92,duplicate,N/A
papular_acne_-68-_jpg.rf.f881b3648b6f350c000402465c82df95.jpg,Papules,REJECTED,Severe blur (variance 10.92 < 20),3345,10.92,reject,N/A
papular_acne_-77-_jpg.rf.750e17465ea6aeef10bfd95fc6da3c25.jpg,Papules,REMOVED,Duplicate of papular_acne_-77-_jpg.rf.06a2a75f0df4a122419b76a2e0a282e8.jpg,4268,43.98,duplicate,N/A
papular_acne_-77-_jpg.rf.f387193b96826b69d8bc211c38c424ba.jpg,Papules,REMOVED,Duplicate of papular_acne_-77-_jpg.rf.2a3616937b10560545d4b8e6a8c89275.jpg,1757,72.10,duplicate,N/A
papular_acne_-77-_jpg.rf.9655ff61408da985a061f8ec0dbebb28.jpg,Papules,REMOVED,Duplicate of papular_acne_-77-_jpg.rf.2a3616937b10560545d4b8e6a8c89275.jpg,1757,59.22,duplicate,N/A
papular_acne_-77-_jpg.rf.56525a5b41aabf3e7e090defcf28a23b.jpg,Papules,REMOVED,Duplicate of papular_acne_-77-_jpg.rf.2a3616937b10560545d4b8e6a8c89275.jpg,1757,59.14,duplicate,N/A
papular_acne_-77-_jpg.rf.785f39581fd2f33cf10e86be8ea216d4.jpg,Papules,REMOVED,Duplicate of papular_acne_-77-_jpg.rf.6461dd36822a2ea5b2174f431f23aecc.jpg,1752,90.99,duplicate,N/A
papular_acne_-77-_jpg.rf.8ccb147ade09ec79e769beb286025a3c.jpg,Papules,REMOVED,Duplicate of papular_acne_-77-_jpg.rf.a6144ec4e90a7b6504ce9fc5c910693d.jpg,3353,90.37,duplicate,N/A
papular_acne_-77-_jpg.rf.f78395236eef2f59c3fb4d997bd7ea69.jpg,Papules,REMOVED,Duplicate of papular_acne_-77-_jpg.rf.82d653cadea6c14dfdb558aae7b51f98.jpg,4270,89.77,duplicate,N/A
papular_acne_-8-_jpg.rf.0891a3317a024e1fdb3d79e821a98151.jpg,Papules,REMOVED,Duplicate of papular_acne_-8-_jpg.rf.742d09ee5320ca7849ae177022e620b7.jpg,3362,24.55,duplicate,N/A
papular_acne_-8-_jpg.rf.742d09ee5320ca7849ae177022e620b7.jpg,Papules,REJECTED,Cosmetic beauty filter / smoothed skin (blur score 24.55 < 30),3362,24.55,reject,N/A
papular_acne_-8-_jpg.rf.1a8666a2b063e7d239fea10d6bb49711.jpg,Papules,REMOVED,Duplicate of papular_acne_-8-_jpg.rf.105cd56ded1f9f81c8e1ec902ef9d60d.jpg,1766,68.66,duplicate,N/A
papular_acne_-8-_jpg.rf.5029fcc563287bd31bd3940152022dc5.jpg,Papules,REMOVED,Duplicate of papular_acne_-8-_jpg.rf.2a8156fa758c7f0353bb9a6f8e73ce55.jpg,1775,47.38,duplicate,N/A
papular_acne_-8-_jpg.rf.85ee6b124fdea54942ef03a5da63517d.jpg,Papules,REMOVED,Duplicate of papular_acne_-8-_jpg.rf.321c4945d79efd75bf9580b580dcf476.jpg,1782,61.36,duplicate,N/A
papular_acne_-8-_jpg.rf.b5894f3250332218b0cfdf50cdc74ae9.jpg,Papules,REMOVED,Duplicate of papular_acne_-8-_jpg.rf.33db323aaaf051080e49c276ecd35d08.jpg,4277,69.08,duplicate,N/A
papular_acne_-8-_jpg.rf.83a84a44edbee7089ca9280c40c0feb7.jpg,Papules,REMOVED,Duplicate of papular_acne_-8-_jpg.rf.36c96a0c54156f3c2133fe1091d427c7.jpg,4275,83.77,duplicate,N/A
papular_acne_-8-_jpg.rf.a66fe232f208cc06d1f0cb3cdcfd4176.jpg,Papules,REMOVED,Duplicate of papular_acne_-8-_jpg.rf.36c96a0c54156f3c2133fe1091d427c7.jpg,4275,71.12,duplicate,N/A
papular_acne_-8-_jpg.rf.52ffe5763145049c0a77fe90c2ceb8d5.jpg,Papules,REMOVED,Duplicate of papular_acne_-8-_jpg.rf.36c96a0c54156f3c2133fe1091d427c7.jpg,4275,70.89,duplicate,N/A
papular_acne_-8-_jpg.rf.3f2726943f973106434740156a8fd21d.jpg,Papules,REMOVED,Duplicate of papular_acne_-8-_jpg.rf.de743fadf84b7aa8ab561ab01fba048a.jpg,1792,23.72,duplicate,N/A
papular_acne_-8-_jpg.rf.de743fadf84b7aa8ab561ab01fba048a.jpg,Papules,REJECTED,Cosmetic beauty filter / smoothed skin (blur score 23.76 < 30),1792,23.76,reject,N/A
papular_acne_-8-_jpg.rf.46d624c829cf8827aac20da64f7a221b.jpg,Papules,REMOVED,Duplicate of papular_acne_-8-_jpg.rf.d78c504ba374436e4365c3b9fbde533c.jpg,4278,65.41,duplicate,N/A
papular_acne_-8-_jpg.rf.a445ef0402bcf14512995547789e3531.jpg,Papules,REMOVED,Duplicate of papular_acne_-8-_jpg.rf.7655eb61506635ffe10927ae344d4f4c.jpg,1784,61.70,duplicate,N/A
papular_acne_-8-_jpg.rf.805a7e7b519e9e1370a6b8ecce8b7557.jpg,Papules,REMOVED,Duplicate of papular_acne_-8-_jpg.rf.4b79099869284a6451f0d341815c180e.jpg,4274,37.30,duplicate,N/A
papular_acne_-8-_jpg.rf.b35d38ccb3c2fb10475dc1c65075bb45.jpg,Papules,REMOVED,Duplicate of papular_acne_-8-_jpg.rf.d7103b07df4d11a56208dc359065fb79.jpg,3367,53.83,duplicate,N/A
papular_acne_-8-_jpg.rf.0b939d16ca3bbfeb180d54127aefb4f3.jpg,Papules,REMOVED,Duplicate of papular_acne_-8-_jpg.rf.b54547e63f289b739e0224f50cea18a9.jpg,3359,57.98,duplicate,N/A
papular_acne_-8-_jpg.rf.c4afee578e76dccdec88bbf1726f61bb.jpg,Papules,REMOVED,Duplicate of papular_acne_-8-_jpg.rf.45b81f102242e59f51c6e2174fa13a70.jpg,4273,82.19,duplicate,N/A
papular_acne_-8-_jpg.rf.0886bf7de33487ba0836d76d207e6cc5.jpg,Papules,REMOVED,Duplicate of papular_acne_-8-_jpg.rf.d1262d196caf5f4f762e6122b217676f.jpg,3358,48.93,duplicate,N/A
papular_acne_-89-_jpg.rf.b7f382c909efa39d8dad352f0a5d7e14.jpg,Papules,REMOVED,Duplicate of papular_acne_-89-_jpg.rf.f027661ff2d19a8dd9069f23936970d7.jpg,3374,40.42,duplicate,N/A
papular_acne_-89-_jpg.rf.3dedb117ecd24b5979d9957071fa9523.jpg,Papules,REMOVED,Duplicate of papular_acne_-89-_jpg.rf.f027661ff2d19a8dd9069f23936970d7.jpg,3374,33.83,duplicate,N/A
papular_acne_-89-_jpg.rf.bd3dae04a972f080d8f6e3a56484fdee.jpg,Papules,REMOVED,Duplicate of papular_acne_-89-_jpg.rf.f027661ff2d19a8dd9069f23936970d7.jpg,3374,33.81,duplicate,N/A
papular_acne_-89-_jpg.rf.fbf55fd37e889c203edc8d3db4533a5f.jpg,Papules,REMOVED,Duplicate of papular_acne_-89-_jpg.rf.6c98103fdbc0a35abd7d1adccd1382ec.jpg,3376,10.13,duplicate,N/A
papular_acne_-89-_jpg.rf.6c98103fdbc0a35abd7d1adccd1382ec.jpg,Papules,REJECTED,Severe blur (variance 10.13 < 20),3376,10.13,reject,N/A
papular_acne_-89-_jpg.rf.c1798dd7633d4ccda1b2a4d70c0ab640.jpg,Papules,REMOVED,Duplicate of papular_acne_-89-_jpg.rf.6e64de947251aee54e2b9ea0db2cc443.jpg,1805,71.11,duplicate,N/A
papular_acne_-89-_jpg.rf.7197a0f6748e104517a1966cfd5c548b.jpg,Papules,REMOVED,Duplicate of papular_acne_-89-_jpg.rf.c994a3b8b54e6ee8bb05d11930299750.jpg,4281,39.79,duplicate,N/A
papular_acne_-89-_jpg.rf.bcd49a93192c976f7fd6d6ff39c8af99.jpg,Papules,REMOVED,Duplicate of papular_acne_-89-_jpg.rf.68229de38f54aa7d299b1b64405e721b.jpg,4280,53.40,duplicate,N/A
papular_acne_-89-_jpg.rf.4ea900553368a771730cfe388d152f02.jpg,Papules,REMOVED,Duplicate of papular_acne_-89-_jpg.rf.e0f61619a96e27af429458a0a7a83a86.jpg,3372,57.46,duplicate,N/A
papular_acne_-90-_jpg.rf.7893539aae92079c08c9f070a9c67928.jpg,Papules,REMOVED,Duplicate of papular_acne_-90-_jpg.rf.0983e6ea38c5900373d1ca08a4ccdb9a.jpg,1826,28.13,duplicate,N/A
papular_acne_-90-_jpg.rf.0983e6ea38c5900373d1ca08a4ccdb9a.jpg,Papules,REJECTED,Cosmetic beauty filter / smoothed skin (blur score 28.16 < 30),1826,28.16,reject,N/A
papular_acne_-90-_jpg.rf.8052b225f45f1912b60bff8fdb7040c1.jpg,Papules,REMOVED,Duplicate of papular_acne_-90-_jpg.rf.14a53f395fa45c143c368f366eafc297.jpg,3382,69.12,duplicate,N/A
papular_acne_-90-_jpg.rf.d62e1615abdc7697f22de1b8c5c1380a.jpg,Papules,REMOVED,Duplicate of papular_acne_-90-_jpg.rf.14a53f395fa45c143c368f366eafc297.jpg,3382,63.32,duplicate,N/A
papular_acne_-90-_jpg.rf.bcca49d9186a30e37e8eec695477f634.jpg,Papules,REMOVED,Duplicate of papular_acne_-90-_jpg.rf.14a53f395fa45c143c368f366eafc297.jpg,3382,63.25,duplicate,N/A
papular_acne_-90-_jpg.rf.281bc0188ac0a4a8df4c3a05befcc986.jpg,Papules,REMOVED,Duplicate of papular_acne_-90-_jpg.rf.edcf4fce098866dab9a89ff3cb13e6ef.jpg,4289,76.73,duplicate,N/A
papular_acne_-90-_jpg.rf.f299ceabc4a4e2cca6a3e6e79687015d.jpg,Papules,REMOVED,Duplicate of papular_acne_-90-_jpg.rf.2f77e00bdaefad3e83ac2868bf5c15ce.jpg,1840,46.37,duplicate,N/A
papular_acne_-90-_jpg.rf.5502571eb4f6fdc5796ba06bd3794069.jpg,Papules,REMOVED,Duplicate of papular_acne_-90-_jpg.rf.85bf48c4de85545a9c01e823d4488027.jpg,1827,58.77,duplicate,N/A
papular_acne_-90-_jpg.rf.59d24b291b1c26484109ce012368fe69.jpg,Papules,REMOVED,Duplicate of papular_acne_-90-_jpg.rf.96b7252aec521d6b3554e9e87a7f12ca.jpg,1829,71.03,duplicate,N/A
papular_acne_-90-_jpg.rf.68291c65b1aea7c7862d161c3dbb97ce.jpg,Papules,REMOVED,Duplicate of papular_acne_-90-_jpg.rf.b190135eed655adb199fac8b55f2cd44.jpg,1834,39.38,duplicate,N/A
papular_acne_-90-_jpg.rf.ffac5be9d125f2d61f143f8bf2f311e7.jpg,Papules,REMOVED,Duplicate of papular_acne_-90-_jpg.rf.94c9c59dbb2addca3ea10deab7b982b4.jpg,1843,26.57,duplicate,N/A
papular_acne_-90-_jpg.rf.94c9c59dbb2addca3ea10deab7b982b4.jpg,Papules,REJECTED,Cosmetic beauty filter / smoothed skin (blur score 26.60 < 30),1843,26.60,reject,N/A
papular_acne_-90-_jpg.rf.93cb7d6acac892e37bf37155e0c22c11.jpg,Papules,REMOVED,Duplicate of papular_acne_-90-_jpg.rf.a6eaff69bcfd781385056f06d4b83dc2.jpg,3384,48.83,duplicate,N/A
papular_acne_-90-_jpg.rf.ed712379be119391b83fc51082804d6a.jpg,Papules,REMOVED,Duplicate of papular_acne_-90-_jpg.rf.476d8a30a5b4f9509097153792381598.jpg,3379,49.59,duplicate,N/A
papular_acne_-90-_jpg.rf.ef94f1352098f4fea0167be2e5ee766e.jpg,Papules,REMOVED,Duplicate of papular_acne_-90-_jpg.rf.2850b82fe0a00014e96bfbbcce7ddb7a.jpg,4284,37.73,duplicate,N/A
papular_acne_-90-_jpg.rf.f806d5f6174884a71aa13275e33f645d.jpg,Papules,REMOVED,Duplicate of papular_acne_-90-_jpg.rf.ad0814d01090b3560bd229f98a3a9cd4.jpg,4287,52.85,duplicate,N/A
papular_acne_-91-_jpg.rf.b7d0c6f9195db34ecfe247cef25acf73.jpg,Papules,REMOVED,Duplicate of papular_acne_-91-_jpg.rf.11f552fd0618cb86dc0ecb236122a3bf.jpg,1862,58.23,duplicate,N/A
papular_acne_-91-_jpg.rf.24dbe324a410634b42a113b0cec8cdbc.jpg,Papules,REJECTED,Cosmetic beauty filter / smoothed skin (blur score 22.39 < 30),1846,22.39,reject,N/A
papular_acne_-91-_jpg.rf.373ecf2dfeba4bca2bc876843672d849.jpg,Papules,REMOVED,Duplicate of papular_acne_-91-_jpg.rf.c52a6d66f1d74834ea76550c1c731cc2.jpg,1866,61.43,duplicate,N/A
papular_acne_-91-_jpg.rf.49e0aff518e831e6f6a76aead452fe3d.jpg,Papules,REMOVED,Duplicate of papular_acne_-91-_jpg.rf.c52a6d66f1d74834ea76550c1c731cc2.jpg,1866,45.43,duplicate,N/A
papular_acne_-91-_jpg.rf.31ef9d92bfa066c1e3afa756a7993340.jpg,Papules,REMOVED,Duplicate of papular_acne_-91-_jpg.rf.c52a6d66f1d74834ea76550c1c731cc2.jpg,1866,45.35,duplicate,N/A
papular_acne_-91-_jpg.rf.3f483b626a7e8c7bd5340fda7328b84d.jpg,Papules,REMOVED,Duplicate of papular_acne_-91-_jpg.rf.39141eb5d04c9b20604aa68bad9aba62.jpg,4296,109.64,duplicate,N/A
papular_acne_-91-_jpg.rf.0b8c50ef14043a520b0da310d048cfb4.jpg,Papules,REMOVED,Duplicate of papular_acne_-91-_jpg.rf.39141eb5d04c9b20604aa68bad9aba62.jpg,4296,86.37,duplicate,N/A
papular_acne_-91-_jpg.rf.ff1a5563931caed8d96df0249db17411.jpg,Papules,REMOVED,Duplicate of papular_acne_-91-_jpg.rf.39141eb5d04c9b20604aa68bad9aba62.jpg,4296,86.10,duplicate,N/A
papular_acne_-91-_jpg.rf.c752316dab09072adc4854dad605bebb.jpg,Papules,REMOVED,Duplicate of papular_acne_-91-_jpg.rf.733696694769a601c0eb377957307268.jpg,1867,13.61,duplicate,N/A
papular_acne_-91-_jpg.rf.733696694769a601c0eb377957307268.jpg,Papules,REJECTED,Severe blur (variance 13.61 < 20),1867,13.61,reject,N/A
papular_acne_-91-_jpg.rf.7b1b73c33e6f7d2cd260112d09fca528.jpg,Papules,REJECTED,Cosmetic beauty filter / smoothed skin (blur score 29.84 < 30),1858,29.84,reject,N/A
papular_acne_-91-_jpg.rf.bb28fe9411a1ae7d2750168ecd1586a8.jpg,Papules,REMOVED,Duplicate of papular_acne_-91-_jpg.rf.80cd014f832cc748eca0bc261cb353aa.jpg,3387,57.98,duplicate,N/A
papular_acne_-91-_jpg.rf.0ae69680285a48d07d1f647822c66299.jpg,Papules,REMOVED,Duplicate of papular_acne_-91-_jpg.rf.80cd014f832cc748eca0bc261cb353aa.jpg,3387,52.57,duplicate,N/A
papular_acne_-91-_jpg.rf.bc5b4c740fa52ab2b107797efe1cd91f.jpg,Papules,REMOVED,Duplicate of papular_acne_-91-_jpg.rf.80cd014f832cc748eca0bc261cb353aa.jpg,3387,52.49,duplicate,N/A
papular_acne_-91-_jpg.rf.af0d3d954f1275987531ede3c0e9aed1.jpg,Papules,REMOVED,Duplicate of papular_acne_-91-_jpg.rf.c2b3de27e60409908841815366f6d5a9.jpg,1865,87.45,duplicate,N/A
papular_acne_-91-_jpg.rf.ca798a51082f58056cd35d97d3cde590.jpg,Papules,REJECTED,Cosmetic beauty filter / smoothed skin (blur score 26.55 < 30),1868,26.55,reject,N/A
papular_acne_-92-_jpg.rf.11e95f5617975ddef014937c6ab6340c.jpg,Papules,REMOVED,Duplicate of papular_acne_-92-_jpg.rf.eaa5693a2db3fd32e83360cd160003ce.jpg,1885,46.21,duplicate,N/A
papular_acne_-92-_jpg.rf.cf281e8c7e244d7e7b210031bfb13ef8.jpg,Papules,REMOVED,Duplicate of papular_acne_-92-_jpg.rf.2a2aaabb345559cdd303060501f8c93c.jpg,1884,63.89,duplicate,N/A
papular_acne_-92-_jpg.rf.7af060acd3ca97c8edbb93b789e5c4eb.jpg,Papules,REMOVED,Duplicate of papular_acne_-92-_jpg.rf.65acd9510d704b950f25176f93ac7262.jpg,4300,92.66,duplicate,N/A
papular_acne_-92-_jpg.rf.84d1e05c64b052cbdfcad82257b0aea9.jpg,Papules,REMOVED,Duplicate of papular_acne_-92-_jpg.rf.65acd9510d704b950f25176f93ac7262.jpg,4300,83.79,duplicate,N/A
papular_acne_-92-_jpg.rf.49cd808919c8f88da69746bc2227111a.jpg,Papules,REMOVED,Duplicate of papular_acne_-92-_jpg.rf.65acd9510d704b950f25176f93ac7262.jpg,4300,83.74,duplicate,N/A
papular_acne_-92-_jpg.rf.7660ca84e8d94684a35ea644212fdf3d.jpg,Papules,REMOVED,Duplicate of papular_acne_-92-_jpg.rf.53e2665d93f579b515c54dd6be194f92.jpg,1880,87.63,duplicate,N/A
papular_acne_-92-_jpg.rf.7167631cc2924d6c912bc4d2586bad86.jpg,Papules,REMOVED,Duplicate of papular_acne_-92-_jpg.rf.77767b3d6719febc11d7122999fc71a6.jpg,1881,41.68,duplicate,N/A
papular_acne_-92-_jpg.rf.577a91dce172ab73425496a821b180c6.jpg,Papules,REMOVED,Duplicate of papular_acne_-92-_jpg.rf.b2e95a55bfb8f2b67193dedb22b8c63e.jpg,4298,91.02,duplicate,N/A
papular_acne_-97-_jpg.rf.495e50599d0f8291ccc60504637ea60e.jpg,Papules,REMOVED,Duplicate of papular_acne_-97-_jpg.rf.0450d9aaf4f36cb3b609745a8a70c13d.jpg,1893,77.04,duplicate,N/A
papular_acne_-97-_jpg.rf.efb85efc61003d75a24b46c49d791138.jpg,Papules,REMOVED,Duplicate of papular_acne_-97-_jpg.rf.ff6fc0c775cf97f8de406c1e57721523.jpg,3403,73.25,duplicate,N/A
papular_acne_-97-_jpg.rf.26d7a04eadaa03b4de93b58a92cf987a.jpg,Papules,REMOVED,Duplicate of papular_acne_-97-_jpg.rf.ff6fc0c775cf97f8de406c1e57721523.jpg,3403,49.53,duplicate,N/A
papular_acne_-97-_jpg.rf.08ec38b82ff765cf000e00bb9f8f4504.jpg,Papules,REMOVED,Duplicate of papular_acne_-97-_jpg.rf.ff6fc0c775cf97f8de406c1e57721523.jpg,3403,49.45,duplicate,N/A
papular_acne_-97-_jpg.rf.edf94009f77d8e4bdad4b00f77f46d64.jpg,Papules,REMOVED,Duplicate of papular_acne_-97-_jpg.rf.3605a982803af0d77cf25551b7062512.jpg,1902,97.41,duplicate,N/A
papular_acne_-97-_jpg.rf.72fd540138555c2a8c5af79c0bd8a005.jpg,Papules,REMOVED,Duplicate of papular_acne_-97-_jpg.rf.46f51122bdfb4be8c1877f98d9b6dbf9.jpg,3398,35.72,duplicate,N/A
papular_acne_-97-_jpg.rf.e01457ecb793da388a1666135bb9828f.jpg,Papules,REMOVED,Duplicate of papular_acne_-97-_jpg.rf.a67e24a3022822eaaabe808677c6bc3a.jpg,4307,53.84,duplicate,N/A
papular_acne_-97-_jpg.rf.c32ab297560bf88da6e2cc881c77d1b3.jpg,Papules,REMOVED,Duplicate of papular_acne_-97-_jpg.rf.c38d91b10e65b135407db599fea338ab.jpg,3401,87.23,duplicate,N/A
papular_acne_-97-_jpg.rf.dbc23b8065e28583f9bda67a1f04e9bf.jpg,Papules,REMOVED,Duplicate of papular_acne_-97-_jpg.rf.dc94ee9f7962f42e9096d48b3ac7d22f.jpg,4306,80.71,duplicate,N/A
papular_acne_-98-_jpg.rf.09b5fd805da16fbb60cb1ad1bb6fc7be.jpg,Papules,REMOVED,Duplicate of papular_acne_-98-_jpg.rf.6207489996388e5551c9ca0f457198fd.jpg,3407,33.08,duplicate,N/A
papular_acne_-98-_jpg.rf.245a0d9589c25320b07f4784c3a89ced.jpg,Papules,REMOVED,Duplicate of papular_acne_-98-_jpg.rf.6207489996388e5551c9ca0f457198fd.jpg,3407,12.73,duplicate,N/A
papular_acne_-98-_jpg.rf.3a5df38fe3d26899eb44c81d9e1d6ebb.jpg,Papules,REMOVED,Duplicate of papular_acne_-98-_jpg.rf.6207489996388e5551c9ca0f457198fd.jpg,3407,12.73,duplicate,N/A
papular_acne_-98-_jpg.rf.d5d2cb4f80574da6e660b238cbb7c23f.jpg,Papules,REMOVED,Duplicate of papular_acne_-98-_jpg.rf.27e393e6b8d2c00491ccbbfc794a4905.jpg,3413,47.57,duplicate,N/A
papular_acne_-98-_jpg.rf.423bb3c28412312042e7b5cce4edf583.jpg,Papules,REMOVED,Duplicate of papular_acne_-98-_jpg.rf.27e393e6b8d2c00491ccbbfc794a4905.jpg,3413,28.02,duplicate,N/A
papular_acne_-98-_jpg.rf.f770eee79859b4c879ba13031a05b46d.jpg,Papules,REMOVED,Duplicate of papular_acne_-98-_jpg.rf.27e393e6b8d2c00491ccbbfc794a4905.jpg,3413,27.85,duplicate,N/A
papular_acne_-98-_jpg.rf.548010e4ee1d152a316e1fef7314c284.jpg,Papules,REMOVED,Duplicate of papular_acne_-98-_jpg.rf.4a60f2347518d6837f7c973f4d1d2e08.jpg,3406,63.27,duplicate,N/A
papular_acne_-98-_jpg.rf.3e8cf33c8ef9c99a0a824bbc03707a67.jpg,Papules,REMOVED,Duplicate of papular_acne_-98-_jpg.rf.8a2266807eaa5920a7238b62f08e6da1.jpg,3405,44.67,duplicate,N/A
papular_acne_-98-_jpg.rf.9c55ca9023e4fd45ae4be9ccb62fafaa.jpg,Papules,REMOVED,Duplicate of papular_acne_-98-_jpg.rf.948e3bbd9c9cb1fbdc9f292982a0fa15.jpg,3411,43.93,duplicate,N/A
papular_acne_-98-_jpg.rf.ad4c122cba9231e2d916044e75d303a1.jpg,Papules,REMOVED,Duplicate of papular_acne_-98-_jpg.rf.b62277436c6aec9d24a3017950fd1928.jpg,1914,30.53,duplicate,N/A
papular_acne_-98-_jpg.rf.f7785a9dc52bfb9c044eea92dc2cf6a1.jpg,Papules,REMOVED,Duplicate of papular_acne_-98-_jpg.rf.b9b1fb9128a85584a3d295cf6f5792a8.jpg,4314,74.32,duplicate,N/A
Papule10_JPG_jpg.rf.676e04df9879fd64a7b281962531f477.jpg,Papules,REMOVED,Duplicate of Papule10_JPG_jpg.rf.51d9bc93d5bebde2e8673fd828b3f971.jpg,4317,19.62,duplicate,N/A
Papule10_JPG_jpg.rf.8e19cc2725e23c976e59a95bf46e3814.jpg,Papules,REMOVED,Duplicate of Papule10_JPG_jpg.rf.51d9bc93d5bebde2e8673fd828b3f971.jpg,4317,7.02,duplicate,N/A
Papule10_JPG_jpg.rf.a7d81e3cfb07fc8237651fe05e442d47.jpg,Papules,REMOVED,Duplicate of Papule10_JPG_jpg.rf.51d9bc93d5bebde2e8673fd828b3f971.jpg,4317,7.02,duplicate,N/A
Papule10_JPG_jpg.rf.51d9bc93d5bebde2e8673fd828b3f971.jpg,Papules,REJECTED,Severe blur (variance 19.63 < 20),4317,19.63,reject,N/A
Papule10_JPG_jpg.rf.b5821bc6a8b62e7ad8fcfab6627b6ca4.jpg,Papules,REMOVED,Duplicate of Papule10_JPG_jpg.rf.6cfd85d1b6aff88727ab07bac334c053.jpg,1925,49.14,duplicate,N/A
Papule11_JPG_jpg.rf.847787ce6bfd8e81d5811a7bad74477f.jpg,Papules,REMOVED,Duplicate of Papule11_JPG_jpg.rf.c3ab3f1dda85aa9850bf3b9a3598b06e.jpg,4323,30.54,duplicate,N/A
Papule11_JPG_jpg.rf.8762e07f1a01febc14e6a2bea3efe3de.jpg,Papules,REMOVED,Duplicate of Papule11_JPG_jpg.rf.c3ab3f1dda85aa9850bf3b9a3598b06e.jpg,4323,8.33,duplicate,N/A
Papule11_JPG_jpg.rf.9f149860399021762db807b76c33e182.jpg,Papules,REMOVED,Duplicate of Papule11_JPG_jpg.rf.c3ab3f1dda85aa9850bf3b9a3598b06e.jpg,4323,8.33,duplicate,N/A
Papule12_JPG_jpg.rf.6345573cfecb615cd0001cf4ea3f5bf8.jpg,Papules,REMOVED,Duplicate of Papule12_JPG_jpg.rf.f95cd5649419c80506b26fec95b15fe4.jpg,1937,16.15,duplicate,N/A
Papule12_JPG_jpg.rf.a4010019f9e97156398da087c6dcc7a2.jpg,Papules,REMOVED,Duplicate of Papule12_JPG_jpg.rf.f95cd5649419c80506b26fec95b15fe4.jpg,1937,2.32,duplicate,N/A
Papule12_JPG_jpg.rf.d75eb87cf9c70288399564ec8f86f08e.jpg,Papules,REMOVED,Duplicate of Papule12_JPG_jpg.rf.f95cd5649419c80506b26fec95b15fe4.jpg,1937,2.32,duplicate,N/A
Papule12_JPG_jpg.rf.f95cd5649419c80506b26fec95b15fe4.jpg,Papules,REJECTED,Severe blur (variance 16.20 < 20),1937,16.20,reject,N/A
Papule12_JPG_jpg.rf.dfaf4b757ab52684456257f5f1e7b672.jpg,Papules,REMOVED,Duplicate of Papule12_JPG_jpg.rf.9ee87120e67d591d0f929855c8e64ef8.jpg,1935,20.85,duplicate,N/A
Papule12_JPG_jpg.rf.9ee87120e67d591d0f929855c8e64ef8.jpg,Papules,REJECTED,Cosmetic beauty filter / smoothed skin (blur score 20.85 < 30),1935,20.85,reject,N/A
Papule13_JPG_jpg.rf.f31eaada28ef5993e1b2a2ef72a68bcd.jpg,Papules,REMOVED,Duplicate of Papule13_JPG_jpg.rf.888a497f969dfd54a7342b81544c0779.jpg,1941,19.07,duplicate,N/A
Papule13_JPG_jpg.rf.888a497f969dfd54a7342b81544c0779.jpg,Papules,REJECTED,Severe blur (variance 19.12 < 20),1941,19.12,reject,N/A
Papule13_JPG_jpg.rf.f9841dec856c6f92e0310074ee03e6aa.jpg,Papules,REMOVED,Duplicate of Papule13_JPG_jpg.rf.f9d0a1afaeea3ae0157893990da30347.jpg,4327,3.09,duplicate,N/A
Papule13_JPG_jpg.rf.f9d0a1afaeea3ae0157893990da30347.jpg,Papules,REJECTED,Severe blur (variance 3.09 < 20),4327,3.09,reject,N/A
Papule14_JPG_jpg.rf.384cb50fee056850026b6bf621ba2b39.jpg,Papules,REMOVED,Duplicate of Papule14_JPG_jpg.rf.1c9f78ddb0c26422f5bf005196dcd845.jpg,3416,10.40,duplicate,N/A
Papule14_JPG_jpg.rf.1c9f78ddb0c26422f5bf005196dcd845.jpg,Papules,REJECTED,Severe blur (variance 10.40 < 20),3416,10.40,reject,N/A
Papule14_JPG_jpg.rf.8a9a2ea0da11dc6150fcb69a3a8cc993.jpg,Papules,REMOVED,Duplicate of Papule14_JPG_jpg.rf.f7a1c6a561bd62da831cdf79073fff6d.jpg,3417,31.25,duplicate,N/A
Papule15_JPG_jpg.rf.af057ef1bec4b906f609a5b6763dbc90.jpg,Papules,REMOVED,Duplicate of Papule15_JPG_jpg.rf.069bf30a439171a3cba34fa7847bd994.jpg,1946,12.43,duplicate,N/A
Papule15_JPG_jpg.rf.069bf30a439171a3cba34fa7847bd994.jpg,Papules,REJECTED,Severe blur (variance 12.43 < 20),1946,12.43,reject,N/A
Papule16_JPG_jpg.rf.5cdb5493f0ce73b52555596bc50f52d7.jpg,Papules,REMOVED,Duplicate of Papule16_JPG_jpg.rf.f69d7b4f44d309b57d546db409b15c60.jpg,1955,54.56,duplicate,N/A
Papule16_JPG_jpg.rf.a8bff52763a8d87c7253cc458b0dd21d.jpg,Papules,REMOVED,Duplicate of Papule16_JPG_jpg.rf.44786a1c39303bbf485743ce2af0580c.jpg,3419,32.95,duplicate,N/A
Papule16_JPG_jpg.rf.d69437a000d524e4f6c47dff48e37b32.jpg,Papules,REMOVED,Duplicate of Papule16_JPG_jpg.rf.bf2edad1f3ceffba17f494bd1db2f7a5.jpg,1953,17.93,duplicate,N/A
Papule16_JPG_jpg.rf.bf2edad1f3ceffba17f494bd1db2f7a5.jpg,Papules,REJECTED,Severe blur (variance 17.93 < 20),1953,17.93,reject,N/A
Papule17_JPG_jpg.rf.dfc1536d3f95f121aab8769bed60577a.jpg,Papules,REMOVED,Duplicate of Papule17_JPG_jpg.rf.ac6080da229505458932f675d442d609.jpg,1964,12.11,duplicate,N/A
Papule17_JPG_jpg.rf.ac6080da229505458932f675d442d609.jpg,Papules,REJECTED,Severe blur (variance 12.11 < 20),1964,12.11,reject,N/A
Papule18_JPG_jpg.rf.c0e1a6a0dead343be80d9dbb6d076f6f.jpg,Papules,REMOVED,Duplicate of Papule18_JPG_jpg.rf.28e3a409a48a280cf43274f564bb8380.jpg,4334,46.46,duplicate,N/A
Papule18_JPG_jpg.rf.d334a2df0adc9ef3dbbfd3902e0762f4.jpg,Papules,REMOVED,Duplicate of Papule18_JPG_jpg.rf.28e3a409a48a280cf43274f564bb8380.jpg,4334,34.51,duplicate,N/A
Papule18_JPG_jpg.rf.5ab10553e695b14a85d614e60afe242f.jpg,Papules,REMOVED,Duplicate of Papule18_JPG_jpg.rf.28e3a409a48a280cf43274f564bb8380.jpg,4334,34.51,duplicate,N/A
Papule18_JPG_jpg.rf.a7b9d4ce9da069f260e706cba13e0c60.jpg,Papules,REMOVED,Duplicate of Papule18_JPG_jpg.rf.5a5c173a7b73fbd2432043aefe196e7d.jpg,3421,59.72,duplicate,N/A
Papule2_JPG_jpg.rf.de0f3b4a0d4d6b3e82209e0c2eb7a99b.jpg,Papules,REMOVED,Duplicate of Papule2_JPG_jpg.rf.337589eb6828ea9b43b915198cb8ad11.jpg,1973,50.14,duplicate,N/A
Papule2_JPG_jpg.rf.0736b8666e68d2f73f0613ce1aa1d5ec.jpg,Papules,REMOVED,Duplicate of Papule2_JPG_jpg.rf.a172914b829363f633c00fb115520772.jpg,4338,31.96,duplicate,N/A
Papule2_JPG_jpg.rf.d8ebd028ef436dccf178a789494b4dff.jpg,Papules,REMOVED,Duplicate of Papule2_JPG_jpg.rf.9db79e510f6593f63f222532acef905d.jpg,4339,51.87,duplicate,N/A
Papule4_JPG_jpg.rf.7c4ecde0f22bbe4a5eac95331f069950.jpg,Papules,REMOVED,Duplicate of Papule4_JPG_jpg.rf.6941fcbdb0de20e8c80522328860ee87.jpg,4343,24.52,duplicate,N/A
Papule4_JPG_jpg.rf.6941fcbdb0de20e8c80522328860ee87.jpg,Papules,REJECTED,Cosmetic beauty filter / smoothed skin (blur score 24.52 < 30),4343,24.52,reject,N/A
Papule5_JPG_jpg.rf.23191b98b048060dbc8fc76a60722f0d.jpg,Papules,REMOVED,Duplicate of Papule5_JPG_jpg.rf.41ccd2832f291d79ff863dc097809977.jpg,1977,32.34,duplicate,N/A
Papule6_JPG_jpg.rf.ce833e8615485612f3e7728209ff0426.jpg,Papules,REMOVED,Duplicate of Papule6_JPG_jpg.rf.1af5c9e01d6491db24ffb6a26667a8eb.jpg,4347,4.63,duplicate,N/A
Papule6_JPG_jpg.rf.1af5c9e01d6491db24ffb6a26667a8eb.jpg,Papules,REJECTED,Severe blur (variance 4.63 < 20),4347,4.63,reject,N/A
Papule8_JPG_jpg.rf.b3cf1cb2ba65a976bcd4f7b27c81c826.jpg,Papules,REMOVED,Duplicate of Papule8_JPG_jpg.rf.8976ee84e407bee3efa300100ccffe9a.jpg,1983,90.91,duplicate,N/A
Papule8_JPG_jpg.rf.f88ee1886c37bafe2a6eb33433868df3.jpg,Papules,REMOVED,Duplicate of Papule8_JPG_jpg.rf.c0eca2ad4a4e741b803f1fb29d794866.jpg,1986,40.18,duplicate,N/A
Papule8_JPG_jpg.rf.eb2c6b439fa799083393072664f39c7a.jpg,Papules,REMOVED,Duplicate of Papule8_JPG_jpg.rf.dda5941a96189fb587c50eed5b5ecd1b.jpg,4354,77.77,duplicate,N/A
Papule9_JPG_jpg.rf.a6ccf4dcd454055a5ae29c49f88aba9b.jpg,Papules,REMOVED,Duplicate of Papule9_JPG_jpg.rf.a4db5a51df44008608ffac910af24d3b.jpg,1988,11.16,duplicate,N/A
Papule9_JPG_jpg.rf.a4db5a51df44008608ffac910af24d3b.jpg,Papules,REJECTED,Severe blur (variance 11.16 < 20),1988,11.16,reject,N/A
Papule_JPG_jpg.rf.08b7252503bfec9022015c6eb65e0758.jpg,Papules,REMOVED,Duplicate of Papule_JPG_jpg.rf.6a28f42ad8fbd4a3ea3a05171d622cf3.jpg,3432,30.97,duplicate,N/A
Papule_JPG_jpg.rf.5f80e196c0a350c728f2816be4a71978.jpg,Papules,REMOVED,Duplicate of Papule_JPG_jpg.rf.6a28f42ad8fbd4a3ea3a05171d622cf3.jpg,3432,17.96,duplicate,N/A
Papule_JPG_jpg.rf.0634dfa53fac3589072d8f9fbdbc80c4.jpg,Papules,REMOVED,Duplicate of Papule_JPG_jpg.rf.6a28f42ad8fbd4a3ea3a05171d622cf3.jpg,3432,17.96,duplicate,N/A
Papule_JPG_jpg.rf.0e83bdce1487ae3b0b945a0ec7d06e70.jpg,Papules,REMOVED,Duplicate of Papule_JPG_jpg.rf.ea3c427b38c8ef4608a867c88a7eed77.jpg,2000,47.06,duplicate,N/A
pustular_acne_-101-_jpg.rf.007ee1eb2cf0c6de729e698eae4a1513.jpg,Pustules,REMOVED,Duplicate of pustular_acne_-101-_jpg.rf.a144221c8468cfd4b9d33564a37674b1.jpg,2013,35.49,duplicate,N/A
pustular_acne_-101-_jpg.rf.f4e4d27ddfa38ea6597d6396cdc90359.jpg,Pustules,REMOVED,Duplicate of pustular_acne_-101-_jpg.rf.22f874637af95b6a811f5612f0998f72.jpg,3437,57.50,duplicate,N/A
pustular_acne_-101-_jpg.rf.42791ffc53d018b0728cfd92763ddfc2.jpg,Pustules,REMOVED,Duplicate of pustular_acne_-101-_jpg.rf.26322b8a673b18250e4a30ce9811884b.jpg,2006,37.24,duplicate,N/A
pustular_acne_-101-_jpg.rf.b3dfc9f89f6cfa9509c7749aa816a1f9.jpg,Pustules,REMOVED,Duplicate of pustular_acne_-101-_jpg.rf.4a8f0bbfa3c8fe3b151b05d82e5ad936.jpg,2014,9.00,duplicate,N/A
pustular_acne_-101-_jpg.rf.4a8f0bbfa3c8fe3b151b05d82e5ad936.jpg,Pustules,REJECTED,Severe blur (variance 9.00 < 20),2014,9.00,reject,N/A
pustular_acne_-101-_jpg.rf.4c4d0cbe7e162592a111a36c0cf6faad.jpg,Pustules,REMOVED,Duplicate of pustular_acne_-101-_jpg.rf.f0e26c601ecbd00dfc1c271c4db3a1f2.jpg,2016,57.39,duplicate,N/A
pustular_acne_-101-_jpg.rf.d9ebb823c541ec7fb5d42d2cf66b8ad2.jpg,Pustules,REMOVED,Duplicate of pustular_acne_-101-_jpg.rf.9ce09f9f4c04aca69234e086ab36ede9.jpg,4359,54.66,duplicate,N/A
pustular_acne_-101-_jpg.rf.7e0e9a2d07c14d2965b7c868d50ae8c6.jpg,Pustules,REMOVED,Duplicate of pustular_acne_-101-_jpg.rf.9ce09f9f4c04aca69234e086ab36ede9.jpg,4359,26.68,duplicate,N/A
pustular_acne_-101-_jpg.rf.e195bdeccdf4411a214f98eb75f1453e.jpg,Pustules,REMOVED,Duplicate of pustular_acne_-101-_jpg.rf.9ce09f9f4c04aca69234e086ab36ede9.jpg,4359,26.67,duplicate,N/A
pustular_acne_-101-_jpg.rf.64719ca55794dfbc84d8d2463f87dc89.jpg,Pustules,REMOVED,Duplicate of pustular_acne_-101-_jpg.rf.e2fbefc8c342cb3eb5e76567bf4584f3.jpg,4355,71.06,duplicate,N/A
pustular_acne_-123-_jpg.rf.0260ee11ec19854b567a62e2542540e1.jpg,Pustules,REJECTED,Cosmetic beauty filter / smoothed skin (blur score 24.45 < 30),2017,24.45,reject,N/A
pustular_acne_-123-_jpg.rf.0a4a6e4d110f3ce8d67a219650a7b59f.jpg,Pustules,REMOVED,Duplicate of pustular_acne_-123-_jpg.rf.d445a7fc7a54eaff5a906191a4c25f0c.jpg,4369,72.46,duplicate,N/A
pustular_acne_-123-_jpg.rf.efe73d7856372263c160b7b72870c02d.jpg,Pustules,REMOVED,Duplicate of pustular_acne_-123-_jpg.rf.d445a7fc7a54eaff5a906191a4c25f0c.jpg,4369,69.52,duplicate,N/A
pustular_acne_-123-_jpg.rf.e2215fc8ab56cf2945a7899128c79ca7.jpg,Pustules,REMOVED,Duplicate of pustular_acne_-123-_jpg.rf.d445a7fc7a54eaff5a906191a4c25f0c.jpg,4369,69.38,duplicate,N/A
pustular_acne_-123-_jpg.rf.0c14a2167a947cb9886502f78b61581b.jpg,Pustules,REMOVED,Duplicate of pustular_acne_-123-_jpg.rf.e10292a210af12f5245888e9ad11338f.jpg,2050,71.74,duplicate,N/A
pustular_acne_-123-_jpg.rf.16fb37f9dcdff21add16d6ec3989683e.jpg,Pustules,REMOVED,Duplicate of pustular_acne_-123-_jpg.rf.e86ee0c764dff7964b26c7988f2a8261.jpg,3452,16.14,duplicate,N/A
pustular_acne_-123-_jpg.rf.e86ee0c764dff7964b26c7988f2a8261.jpg,Pustules,REJECTED,Severe blur (variance 16.17 < 20),3452,16.17,reject,N/A
pustular_acne_-123-_jpg.rf.abe87549d046f332e1c86a4d5ea88eb7.jpg,Pustules,REMOVED,Duplicate of pustular_acne_-123-_jpg.rf.570fc8364df9cf6e7dc7a5627076267f.jpg,2038,49.41,duplicate,N/A
pustular_acne_-123-_jpg.rf.6727f12c1a76dfe57c615787d74bb8a4.jpg,Pustules,REMOVED,Duplicate of pustular_acne_-123-_jpg.rf.82c1336bda7117919a4cb15655a6732a.jpg,4364,106.28,duplicate,N/A
pustular_acne_-123-_jpg.rf.a843ae50ded489eb2e8101344c5d364d.jpg,Pustules,REMOVED,Duplicate of pustular_acne_-123-_jpg.rf.673a0e1a1f2c3a52164157c0bdc6b67b.jpg,2037,59.20,duplicate,N/A
pustular_acne_-123-_jpg.rf.6954fbcb37281542d41db33748a5cfff.jpg,Pustules,REMOVED,Duplicate of pustular_acne_-123-_jpg.rf.88fd47d8ecb54617d734546d67f65381.jpg,2033,58.59,duplicate,N/A
pustular_acne_-123-_jpg.rf.be96fb034221c4730e2ca17567f1035a.jpg,Pustules,REMOVED,Duplicate of pustular_acne_-123-_jpg.rf.79c03ec495940cad62db895a2e2b9a9e.jpg,2041,11.61,duplicate,N/A
pustular_acne_-123-_jpg.rf.79c03ec495940cad62db895a2e2b9a9e.jpg,Pustules,REJECTED,Severe blur (variance 11.65 < 20),2041,11.65,reject,N/A
pustular_acne_-123-_jpg.rf.8433cdca7edcfc60a9b7665e54b47dcf.jpg,Pustules,REMOVED,Duplicate of pustular_acne_-123-_jpg.rf.835161e83cffc5491665bbd840575440.jpg,2032,39.96,duplicate,N/A
pustular_acne_-123-_jpg.rf.c9f0f107203d1542a899ded83bd592ac.jpg,Pustules,REMOVED,Duplicate of pustular_acne_-123-_jpg.rf.96637f17f56768c57c92422b599e1155.jpg,4367,47.25,duplicate,N/A
pustular_acne_-123-_jpg.rf.af639350b1feae21e3249bc3f05d2c34.jpg,Pustules,REMOVED,Duplicate of pustular_acne_-123-_jpg.rf.c33e1c3a6348ab43a053f9ba21c859d3.jpg,3449,79.48,duplicate,N/A
pustular_acne_-123-_jpg.rf.ba18547a82d83fab53c95d242307889e.jpg,Pustules,REMOVED,Duplicate of pustular_acne_-123-_jpg.rf.793aa1797d0b246cefef494e52953a2d.jpg,3443,44.59,duplicate,N/A
pustular_acne_-123-_jpg.rf.97cae8106794f64f5d399eea68a201f0.jpg,Pustules,REMOVED,Duplicate of pustular_acne_-123-_jpg.rf.c4f078dac58f21df7e720bea5feebd85.jpg,4365,94.06,duplicate,N/A
pustular_acne_-123-_jpg.rf.cd8e1fe3975b0df5dd4258978defa3e1.jpg,Pustules,REJECTED,Cosmetic beauty filter / smoothed skin (blur score 23.61 < 30),2044,23.61,reject,N/A
pustular_acne_-123-_jpg.rf.db57cfce31c5b8507d3c18dc61da222b.jpg,Pustules,REMOVED,Duplicate of pustular_acne_-123-_jpg.rf.ee2fc6dcba9b70132b0896514e79914d.jpg,2053,99.51,duplicate,N/A
pustular_acne_-15-_jpg.rf.bf17bb15673fe2222f06a542f632c2f4.jpg,Pustules,REMOVED,Duplicate of pustular_acne_-15-_jpg.rf.044b53dd59c8d85450db38cd4862a30f.jpg,2071,34.46,duplicate,N/A
pustular_acne_-15-_jpg.rf.342537925bdda40c5392b0ff84b5d086.jpg,Pustules,REMOVED,Duplicate of pustular_acne_-15-_jpg.rf.1ae50d8943cb38000b96aba0e7a35dec.jpg,4370,64.34,duplicate,N/A
pustular_acne_-15-_jpg.rf.95d83abb2267c1e3d266f2311f982847.jpg,Pustules,REMOVED,Duplicate of pustular_acne_-15-_jpg.rf.317e67a347740720cc53432d413882e6.jpg,3454,56.14,duplicate,N/A
pustular_acne_-15-_jpg.rf.5a228bc69c62088ea549a21df4d07392.jpg,Pustules,REMOVED,Duplicate of pustular_acne_-15-_jpg.rf.59f9e2c12f6d32889bd91055a90d7a86.jpg,2062,20.85,duplicate,N/A
pustular_acne_-15-_jpg.rf.59f9e2c12f6d32889bd91055a90d7a86.jpg,Pustules,REJECTED,Cosmetic beauty filter / smoothed skin (blur score 20.85 < 30),2062,20.85,reject,N/A
pustular_acne_-15-_jpg.rf.d7c09158ab1ae74fcc94d929177c85e7.jpg,Pustules,REMOVED,Duplicate of pustular_acne_-15-_jpg.rf.075bbe8080fb638c206c31046fce23a5.jpg,3453,43.79,duplicate,N/A
pustular_acne_-15-_jpg.rf.816088efc1c3cf7103585a2b0d34aa87.jpg,Pustules,REMOVED,Duplicate of pustular_acne_-15-_jpg.rf.075bbe8080fb638c206c31046fce23a5.jpg,3453,28.04,duplicate,N/A
pustular_acne_-15-_jpg.rf.9937b821f056a4c0c174ac23e2912750.jpg,Pustules,REMOVED,Duplicate of pustular_acne_-15-_jpg.rf.075bbe8080fb638c206c31046fce23a5.jpg,3453,28.04,duplicate,N/A
pustular_acne_-15-_jpg.rf.aa218d0e8e0141f70815714fa08e68ec.jpg,Pustules,REMOVED,Duplicate of pustular_acne_-15-_jpg.rf.92135406f0649868fb249428335bc4a0.jpg,2070,54.43,duplicate,N/A
pustular_acne_-192-_jpg.rf.bf521461c7d79fb39ac404dbc9936869.jpg,Pustules,REMOVED,Duplicate of pustular_acne_-192-_jpg.rf.0126376e7d9594253e4eabdd8c583129.jpg,3463,102.93,duplicate,N/A
pustular_acne_-192-_jpg.rf.334df20a2f1482ce22fa108a79ab394f.jpg,Pustules,REMOVED,Duplicate of pustular_acne_-192-_jpg.rf.0126376e7d9594253e4eabdd8c583129.jpg,3463,93.32,duplicate,N/A
pustular_acne_-192-_jpg.rf.f266a9bbce8a08a8436289247fa4fe05.jpg,Pustules,REMOVED,Duplicate of pustular_acne_-192-_jpg.rf.0126376e7d9594253e4eabdd8c583129.jpg,3463,93.15,duplicate,N/A
pustular_acne_-192-_jpg.rf.0a7bd6ba52133271b81b071f70577cdc.jpg,Pustules,REMOVED,Duplicate of pustular_acne_-192-_jpg.rf.6ec00623b9c3f1d35352c38de40d8489.jpg,2083,43.32,duplicate,N/A
pustular_acne_-192-_jpg.rf.5ca14d5156a596dd4030b171cbed39c9.jpg,Pustules,REMOVED,Duplicate of pustular_acne_-192-_jpg.rf.15e7fea7266a0e91124adf21a0d20a58.jpg,2082,46.39,duplicate,N/A
pustular_acne_-192-_jpg.rf.ffac3ae62c5c7f7c93b97f34a3582d0b.jpg,Pustules,REMOVED,Duplicate of pustular_acne_-192-_jpg.rf.7f160f05707690d12845582c28336521.jpg,4377,95.06,duplicate,N/A
pustular_acne_-192-_jpg.rf.b89d6ed2da78217f8c92231805c9dc01.jpg,Pustules,REMOVED,Duplicate of pustular_acne_-192-_jpg.rf.1fe3bcb93aad894f329dc44999b2c0c8.jpg,3457,5.22,duplicate,N/A
pustular_acne_-192-_jpg.rf.1fe3bcb93aad894f329dc44999b2c0c8.jpg,Pustules,REJECTED,Severe blur (variance 5.22 < 20),3457,5.22,reject,N/A
pustular_acne_-192-_jpg.rf.c27662eb585c1ee6a57af4cbeaeb9cea.jpg,Pustules,REMOVED,Duplicate of pustular_acne_-192-_jpg.rf.0a961d6ee543dd40e1a52f012ec45118.jpg,3455,48.92,duplicate,N/A
pustular_acne_-192-_jpg.rf.f7dc177d6193ba3d81356643f7849495.jpg,Pustules,REMOVED,Duplicate of pustular_acne_-192-_jpg.rf.1e3b15edada260ee4f78fa57621e8a30.jpg,3456,115.30,duplicate,N/A
pustular_acne_-192-_jpg.rf.facdb7e9d23b761dd5ef51bd1a8cd997.jpg,Pustules,REMOVED,Duplicate of pustular_acne_-192-_jpg.rf.7595a2e8f2f0b667a7e23420b856bab7.jpg,4376,39.42,duplicate,N/A
pustular_acne_-193-_jpg.rf.19e17a408e2dfd441cc5e19115506947.jpg,Pustules,REMOVED,Duplicate of pustular_acne_-193-_jpg.rf.61ff6b4742f4d00ed9d513ad8c9de952.jpg,2096,50.28,duplicate,N/A
pustular_acne_-193-_jpg.rf.26fea9e011f112e1a14e68f3e839994d.jpg,Pustules,REMOVED,Duplicate of pustular_acne_-193-_jpg.rf.c13cef56be16afcc29692f4d923d9fb9.jpg,2100,85.81,duplicate,N/A
pustular_acne_-193-_jpg.rf.9500bf51849476253265eb5df621a817.jpg,Pustules,REMOVED,Duplicate of pustular_acne_-193-_jpg.rf.8b67320f19bbf7d2df246bca5517d5d9.jpg,4379,41.11,duplicate,N/A
pustular_acne_-193-_jpg.rf.2f131da44ccaa31907e6100c5fb7dbca.jpg,Pustules,REMOVED,Duplicate of pustular_acne_-193-_jpg.rf.8b67320f19bbf7d2df246bca5517d5d9.jpg,4379,12.18,duplicate,N/A
pustular_acne_-193-_jpg.rf.809ce82cebf9d51d6230d89a8f335325.jpg,Pustules,REMOVED,Duplicate of pustular_acne_-193-_jpg.rf.8b67320f19bbf7d2df246bca5517d5d9.jpg,4379,12.18,duplicate,N/A
pustular_acne_-193-_jpg.rf.25da55653842fe2a6dbf8c7ce96cb5f0.jpg,Pustules,REMOVED,Duplicate of pustular_acne_-193-_jpg.rf.7d6298b2c6b7a3a1ca62f00ff189b75d.jpg,4378,11.44,duplicate,N/A
pustular_acne_-193-_jpg.rf.7d6298b2c6b7a3a1ca62f00ff189b75d.jpg,Pustules,REJECTED,Severe blur (variance 11.44 < 20),4378,11.44,reject,N/A
pustular_acne_-193-_jpg.rf.22fc2280a5c725a727eb9b078312716e.jpg,Pustules,REMOVED,Duplicate of pustular_acne_-193-_jpg.rf.ca1be36930a48251ef89721f1d130a40.jpg,3464,1.73,duplicate,N/A
pustular_acne_-193-_jpg.rf.ca1be36930a48251ef89721f1d130a40.jpg,Pustules,REJECTED,Severe blur (variance 1.73 < 20),3464,1.73,reject,N/A
pustular_acne_-289-_jpg.rf.0007fb2acfd4d56598b22429a0932c56.jpg,Pustules,REMOVED,Duplicate of pustular_acne_-289-_jpg.rf.7355f297dbbb41e73234060380ed086c.jpg,2115,206.31,duplicate,N/A
pustular_acne_-289-_jpg.rf.7c464d4ab77fe41d010294c68b5e42e5.jpg,Pustules,REMOVED,Duplicate of pustular_acne_-289-_jpg.rf.2b4d959e52a3cea952ff882689ba99ae.jpg,2117,74.79,duplicate,N/A
pustular_acne_-289-_jpg.rf.58521490e3750c430ebd251c76faaa4f.jpg,Pustules,REMOVED,Duplicate of pustular_acne_-289-_jpg.rf.339e2e170ac731454d6831daa6126758.jpg,2111,59.78,duplicate,N/A
pustular_acne_-289-_jpg.rf.75d744a42ab10ee72715058acd65f0d9.jpg,Pustules,REMOVED,Duplicate of pustular_acne_-289-_jpg.rf.4abb0aeafae5319adc96b412dd163e61.jpg,2116,45.66,duplicate,N/A
pustular_acne_-289-_jpg.rf.69231a3a30c1734c9dac66715cd1b519.jpg,Pustules,REMOVED,Duplicate of pustular_acne_-289-_jpg.rf.9761ac2bfa9aa5b029541cdd456edee7.jpg,2118,83.36,duplicate,N/A
pustular_acne_-289-_jpg.rf.72136014786cbaf03c4bfccdc499e6af.jpg,Pustules,REMOVED,Duplicate of pustular_acne_-289-_jpg.rf.feabb6b058bae94254b40266df9d6ede.jpg,2127,120.18,duplicate,N/A
pustular_acne_-289-_jpg.rf.fadf70ebfff47878ebcbeb3baf11afe8.jpg,Pustules,REMOVED,Duplicate of pustular_acne_-289-_jpg.rf.cea88c8e7c637346f69a4a92749bc97a.jpg,2126,21.51,duplicate,N/A
pustular_acne_-289-_jpg.rf.cea88c8e7c637346f69a4a92749bc97a.jpg,Pustules,REJECTED,Cosmetic beauty filter / smoothed skin (blur score 21.51 < 30),2126,21.51,reject,N/A
pustular_acne_-289-_jpg.rf.e5699db9f708cb92f6cecee8cecadfb8.jpg,Pustules,REMOVED,Duplicate of pustular_acne_-289-_jpg.rf.1ea5cbbd97718304d08fec7106c03042.jpg,4381,38.72,duplicate,N/A
pustular_acne_-308-_jpg.rf.012620bfcf7bec839b6480bbde83e178.jpg,Pustules,REMOVED,Duplicate of pustular_acne_-308-_jpg.rf.eb5aee584951fa1d11676f6b14b77664.jpg,3486,60.82,duplicate,N/A
pustular_acne_-308-_jpg.rf.f22e11a8402b2be6500f6d510f909c89.jpg,Pustules,REMOVED,Duplicate of pustular_acne_-308-_jpg.rf.eb5aee584951fa1d11676f6b14b77664.jpg,3486,48.11,duplicate,N/A
pustular_acne_-308-_jpg.rf.64752eff35ed2e0ebcb23e2486bc3613.jpg,Pustules,REMOVED,Duplicate of pustular_acne_-308-_jpg.rf.eb5aee584951fa1d11676f6b14b77664.jpg,3486,48.10,duplicate,N/A
pustular_acne_-308-_jpg.rf.86ccffa5edf9a9ba1dba6857653c46f3.jpg,Pustules,REMOVED,Duplicate of pustular_acne_-308-_jpg.rf.3adbcb5fb3ee77cbbd2e12a7188c3903.jpg,2139,48.31,duplicate,N/A
pustular_acne_-308-_jpg.rf.48eb35c2ba18268198638f6f7e807e25.jpg,Pustules,REMOVED,Duplicate of pustular_acne_-308-_jpg.rf.2fcdcbc24744eb1ee5ef436501c4bec7.jpg,4391,89.06,duplicate,N/A
pustular_acne_-308-_jpg.rf.5677fadab58102d5087919b4eed08a13.jpg,Pustules,REMOVED,Duplicate of pustular_acne_-308-_jpg.rf.5f0b018b436917267530d16a5d871584.jpg,4394,29.21,duplicate,N/A
pustular_acne_-308-_jpg.rf.5f0b018b436917267530d16a5d871584.jpg,Pustules,REJECTED,Cosmetic beauty filter / smoothed skin (blur score 29.21 < 30),4394,29.21,reject,N/A
pustular_acne_-308-_jpg.rf.e6085553ff38dcd43ce14aec11ecb1a9.jpg,Pustules,REMOVED,Duplicate of pustular_acne_-308-_jpg.rf.744046ed646e28c71452c6402f572c15.jpg,2149,35.21,duplicate,N/A
pustular_acne_-308-_jpg.rf.3ae6270cb2d12cf56107c3e35509a469.jpg,Pustules,REMOVED,Duplicate of pustular_acne_-308-_jpg.rf.8102d3b689bff6752b4b22664ebd4135.jpg,3479,103.63,duplicate,N/A
pustular_acne_-308-_jpg.rf.8398984828d8038e6e8e3ec1da86e1ef.jpg,Pustules,REMOVED,Duplicate of pustular_acne_-308-_jpg.rf.c2b73f8b51a7cdd159d92a15c9462653.jpg,2145,28.72,duplicate,N/A
pustular_acne_-308-_jpg.rf.c2b73f8b51a7cdd159d92a15c9462653.jpg,Pustules,REJECTED,Cosmetic beauty filter / smoothed skin (blur score 28.77 < 30),2145,28.77,reject,N/A
pustular_acne_-308-_jpg.rf.88518d01c5878d06f8e658a06d591638.jpg,Pustules,REMOVED,Duplicate of pustular_acne_-308-_jpg.rf.41ebf6541640cff2bae75c40004c44d6.jpg,3480,351.03,duplicate,N/A
pustular_acne_-308-_jpg.rf.96f986706b3455cbdefcb0e785f579bd.jpg,Pustules,REMOVED,Duplicate of pustular_acne_-308-_jpg.rf.33e0cb9cd07fa84c07d58320fe3df9a2.jpg,3478,70.70,duplicate,N/A
pustular_acne_-308-_jpg.rf.c2c8d09eda05b22692e90384ce39e1ef.jpg,Pustules,REMOVED,Duplicate of pustular_acne_-308-_jpg.rf.33e0cb9cd07fa84c07d58320fe3df9a2.jpg,3478,67.24,duplicate,N/A
pustular_acne_-308-_jpg.rf.fc8f84da96a1f4cf3c6875ea592e52de.jpg,Pustules,REMOVED,Duplicate of pustular_acne_-308-_jpg.rf.33e0cb9cd07fa84c07d58320fe3df9a2.jpg,3478,67.23,duplicate,N/A
pustular_acne_-308-_jpg.rf.bc5eb72e44da97933ba69b51b7047d52.jpg,Pustules,REMOVED,Duplicate of pustular_acne_-308-_jpg.rf.e0bd727c791948fee09d74c3afff83f2.jpg,4401,81.02,duplicate,N/A
pustular_acne_-308-_jpg.rf.40cd230d87f196788dc08c247cb4a141.jpg,Pustules,REMOVED,Duplicate of pustular_acne_-308-_jpg.rf.2b15c532b35037cd88b319445e373fdd.jpg,4399,75.84,duplicate,N/A
pustular_acne_-308-_jpg.rf.eb075953ebbcd9f565e52c45d745f754.jpg,Pustules,REMOVED,Duplicate of pustular_acne_-308-_jpg.rf.2b15c532b35037cd88b319445e373fdd.jpg,4399,75.03,duplicate,N/A
pustular_acne_-308-_jpg.rf.baf1582ed7080b038678db4afb38f560.jpg,Pustules,REMOVED,Duplicate of pustular_acne_-308-_jpg.rf.2b15c532b35037cd88b319445e373fdd.jpg,4399,74.98,duplicate,N/A
pustular_acne_-308-_jpg.rf.2cc2398073a06a47ca3861e2a3a19f23.jpg,Pustules,REMOVED,Duplicate of pustular_acne_-308-_jpg.rf.f15544bf178bda021f0574aef630c5fd.jpg,3477,106.42,duplicate,N/A
pustular_acne_-31-_jpg.rf.4f008f4817d9b32cced688507d0b31f7.jpg,Pustules,REMOVED,Duplicate of pustular_acne_-31-_jpg.rf.0d296d4c7c34ab06430d888cd7b6f571.jpg,2162,74.51,duplicate,N/A
pustular_acne_-31-_jpg.rf.157dc6b9483d6d263375f429cd3ebe5e.jpg,Pustules,REMOVED,Duplicate of pustular_acne_-31-_jpg.rf.a1f8f2d3281866fad1211413700b3a10.jpg,4407,67.99,duplicate,N/A
pustular_acne_-31-_jpg.rf.eefb736d692b4dad9ab74942f634ab27.jpg,Pustules,REMOVED,Duplicate of pustular_acne_-31-_jpg.rf.a1f8f2d3281866fad1211413700b3a10.jpg,4407,63.85,duplicate,N/A
pustular_acne_-31-_jpg.rf.9f479157d076274726df49559858e417.jpg,Pustules,REMOVED,Duplicate of pustular_acne_-31-_jpg.rf.a1f8f2d3281866fad1211413700b3a10.jpg,4407,63.80,duplicate,N/A
pustular_acne_-31-_jpg.rf.b9cd024631a9fe68f3362636c86815e0.jpg,Pustules,REMOVED,Duplicate of pustular_acne_-31-_jpg.rf.20959df0052786a0f0573c5bdd93cdb6.jpg,2180,78.20,duplicate,N/A
pustular_acne_-31-_jpg.rf.3b6d111aa1c24a5962bbfa02653d46a4.jpg,Pustules,REMOVED,Duplicate of pustular_acne_-31-_jpg.rf.20959df0052786a0f0573c5bdd93cdb6.jpg,2180,69.22,duplicate,N/A
pustular_acne_-31-_jpg.rf.d7bdeda6d473efd9e4f5ddb0c0735b92.jpg,Pustules,REMOVED,Duplicate of pustular_acne_-31-_jpg.rf.20959df0052786a0f0573c5bdd93cdb6.jpg,2180,69.09,duplicate,N/A
pustular_acne_-31-_jpg.rf.f5e7d9abb327a604dbd220b0e3636fc4.jpg,Pustules,REMOVED,Duplicate of pustular_acne_-31-_jpg.rf.2f6209694458fb17e0d9b155c13e2280.jpg,4411,37.66,duplicate,N/A
pustular_acne_-31-_jpg.rf.4b9f48dcc6fc43486a030e25f0d50581.jpg,Pustules,REMOVED,Duplicate of pustular_acne_-31-_jpg.rf.6aa957138c684b387675255358fe56a5.jpg,3488,130.35,duplicate,N/A
pustular_acne_-31-_jpg.rf.7cc32c2a9d2c7bd14bdd36020e5b10e6.jpg,Pustules,REMOVED,Duplicate of pustular_acne_-31-_jpg.rf.9deecbb710b9b00f5f160d03d63d158d.jpg,2170,72.18,duplicate,N/A
pustular_acne_-31-_jpg.rf.8b4d2ede62e5ac76525ccf45f535875b.jpg,Pustules,REMOVED,Duplicate of pustular_acne_-31-_jpg.rf.9fcbe7d4d5504121141f381f4ab065f5.jpg,2171,26.95,duplicate,N/A
pustular_acne_-31-_jpg.rf.9fcbe7d4d5504121141f381f4ab065f5.jpg,Pustules,REJECTED,Cosmetic beauty filter / smoothed skin (blur score 26.98 < 30),2171,26.98,reject,N/A
pustular_acne_-31-_jpg.rf.c8917bb7c2ae2122c0112511c816d051.jpg,Pustules,REMOVED,Duplicate of pustular_acne_-31-_jpg.rf.41b2a296337da30bdb79155f4554a5c2.jpg,3487,100.35,duplicate,N/A
pustular_acne_-31-_jpg.rf.e144e0b0e544fbabd4de8047b9748c86.jpg,Pustules,REMOVED,Duplicate of pustular_acne_-31-_jpg.rf.d080bb6c4ce9a68c01b7b904d038663a.jpg,3492,12.28,duplicate,N/A
pustular_acne_-31-_jpg.rf.d080bb6c4ce9a68c01b7b904d038663a.jpg,Pustules,REJECTED,Severe blur (variance 12.28 < 20),3492,12.28,reject,N/A
pustular_acne_-317-_jpg.rf.1a0cdce8face5121d3a5790311e7630e.jpg,Pustules,REMOVED,Duplicate of pustular_acne_-317-_jpg.rf.6ca681343dfdaab4566714345ae326ad.jpg,3499,48.74,duplicate,N/A
pustular_acne_-317-_jpg.rf.2a3286545f474f3cc1470d2a84d42092.jpg,Pustules,REMOVED,Duplicate of pustular_acne_-317-_jpg.rf.b5c97df8a21a5e489ce62e446245ee7d.jpg,4420,83.06,duplicate,N/A
pustular_acne_-317-_jpg.rf.808fed24b1f50f7f80aee074b426a241.jpg,Pustules,REMOVED,Duplicate of pustular_acne_-317-_jpg.rf.2ba4b915ca15bdcfc03921fb42465a65.jpg,2189,71.32,duplicate,N/A
pustular_acne_-317-_jpg.rf.3223b7861b94881d61aeacf9c2fe77d6.jpg,Pustules,REMOVED,Duplicate of pustular_acne_-317-_jpg.rf.0a141492113dd492add76739c926602f.jpg,3494,83.69,duplicate,N/A
pustular_acne_-317-_jpg.rf.ea93b24cc8b2cd6148ef99d474a361bd.jpg,Pustules,REMOVED,Duplicate of pustular_acne_-317-_jpg.rf.35fdcc9fac72318e1ed51d3b91a65d65.jpg,3503,69.90,duplicate,N/A
pustular_acne_-317-_jpg.rf.a42fd05ecbf9e4064966e41c5fa9df51.jpg,Pustules,REMOVED,Duplicate of pustular_acne_-317-_jpg.rf.620174ea1de67843e207853c062f92b3.jpg,2191,7.51,duplicate,N/A
pustular_acne_-317-_jpg.rf.620174ea1de67843e207853c062f92b3.jpg,Pustules,REJECTED,Severe blur (variance 7.51 < 20),2191,7.51,reject,N/A
pustular_acne_-317-_jpg.rf.ca562ab541b3506f4af91064537d6083.jpg,Pustules,REMOVED,Duplicate of pustular_acne_-317-_jpg.rf.af8e8cd3201d3799df97aa325824b162.jpg,3501,28.37,duplicate,N/A
pustular_acne_-317-_jpg.rf.af8e8cd3201d3799df97aa325824b162.jpg,Pustules,REJECTED,Cosmetic beauty filter / smoothed skin (blur score 28.38 < 30),3501,28.38,reject,N/A
pustular_acne_-317-_jpg.rf.c3e4788b21f8d04a671efb5954fbbca6.jpg,Pustules,REMOVED,Duplicate of pustular_acne_-317-_jpg.rf.93013ed8eb09e0f08744c5111af026b8.jpg,4417,69.09,duplicate,N/A
pustular_acne_-317-_jpg.rf.b109857049d3bdf8e16e976afd58fc36.jpg,Pustules,REMOVED,Duplicate of pustular_acne_-317-_jpg.rf.d06faf54e7796bd0d1a8a60151783c01.jpg,4419,60.44,duplicate,N/A
pustular_acne_-317-_jpg.rf.e8a4e6320c44abd41f4a5eee5f518f2c.jpg,Pustules,REMOVED,Duplicate of pustular_acne_-317-_jpg.rf.77481f5b08c725c091f7627b65cf9233.jpg,4416,63.71,duplicate,N/A
pustular_acne_-317-_jpg.rf.1efa3808fc5dd7048714fdecb35bd19f.jpg,Pustules,REMOVED,Duplicate of pustular_acne_-317-_jpg.rf.fa847780ca1c9cea7cad361e0e0df96a.jpg,4418,51.80,duplicate,N/A
pustular_acne_-317-_jpg.rf.41c16dcba2b145a9d89a81e6da420749.jpg,Pustules,REMOVED,Duplicate of pustular_acne_-317-_jpg.rf.fa847780ca1c9cea7cad361e0e0df96a.jpg,4418,47.45,duplicate,N/A
pustular_acne_-317-_jpg.rf.96d03530d95c8b18bb493f40d0579e76.jpg,Pustules,REMOVED,Duplicate of pustular_acne_-317-_jpg.rf.fa847780ca1c9cea7cad361e0e0df96a.jpg,4418,47.40,duplicate,N/A
pustular_acne_-323-_jpg.rf.903d371acfab741d61c463914a9685e3.jpg,Pustules,REMOVED,Duplicate of pustular_acne_-323-_jpg.rf.059c40cd7659049233dfcc92a76c6c22.jpg,2208,62.48,duplicate,N/A
pustular_acne_-323-_jpg.rf.4a9b3a184ac29861fd2a64a5a4be3e50.jpg,Pustules,REMOVED,Duplicate of pustular_acne_-323-_jpg.rf.1384bbad1fdfd492a816e18849727479.jpg,4423,32.98,duplicate,N/A
pustular_acne_-323-_jpg.rf.16d0d5a6b02ae3304fb87a60d2772f95.jpg,Pustules,REMOVED,Duplicate of pustular_acne_-323-_jpg.rf.23103d4edf4c8c92574f967c460aadc1.jpg,4421,37.67,duplicate,N/A
pustular_acne_-323-_jpg.rf.339d3cf1b95b869e0079ac660f3f82a4.jpg,Pustules,REMOVED,Duplicate of pustular_acne_-323-_jpg.rf.cbe172e130e83156951a0837b60f66cf.jpg,2216,50.51,duplicate,N/A
pustular_acne_-323-_jpg.rf.d680a816106b139d0465d7f6b73c9674.jpg,Pustules,REMOVED,Duplicate of pustular_acne_-323-_jpg.rf.79243ad3d9f73687a4c8fca645169215.jpg,4428,66.83,duplicate,N/A
pustular_acne_-323-_jpg.rf.b7cdacf046d8bb8bbd8aa75dc860540a.jpg,Pustules,REMOVED,Duplicate of pustular_acne_-323-_jpg.rf.a58935dc413198523cccf445c57be1d7.jpg,2214,5.68,duplicate,N/A
pustular_acne_-323-_jpg.rf.a58935dc413198523cccf445c57be1d7.jpg,Pustules,REJECTED,Severe blur (variance 5.68 < 20),2214,5.68,reject,N/A
pustular_acne_-323-_jpg.rf.d6e706552fec8de56f935b1b6c39b652.jpg,Pustules,REMOVED,Duplicate of pustular_acne_-323-_jpg.rf.c90990c82c395a7fc5cbce39a1792357.jpg,4427,65.22,duplicate,N/A
pustular_acne_-323-_jpg.rf.ecf39645c45eefa419490344378c2ac0.jpg,Pustules,REMOVED,Duplicate of pustular_acne_-323-_jpg.rf.c90990c82c395a7fc5cbce39a1792357.jpg,4427,64.27,duplicate,N/A
pustular_acne_-323-_jpg.rf.c79616159ac2fba2355c4c1fc942922f.jpg,Pustules,REMOVED,Duplicate of pustular_acne_-323-_jpg.rf.c90990c82c395a7fc5cbce39a1792357.jpg,4427,64.16,duplicate,N/A
pustular_acne_-323-_jpg.rf.a9df0877ff65adbd492eadd38aaf8ec0.jpg,Pustules,REMOVED,Duplicate of pustular_acne_-323-_jpg.rf.c90990c82c395a7fc5cbce39a1792357.jpg,4427,56.74,duplicate,N/A
pustular_acne_-323-_jpg.rf.7793f885dee8cfa276c82dc54ed6c049.jpg,Pustules,REMOVED,Duplicate of pustular_acne_-323-_jpg.rf.c90990c82c395a7fc5cbce39a1792357.jpg,4427,56.61,duplicate,N/A
pustular_acne_-323-_jpg.rf.99c85cccb271217c1fa4b04a3b7918f0.jpg,Pustules,REMOVED,Duplicate of pustular_acne_-323-_jpg.rf.b0ddd6f73f0998147784536d433bf1a0.jpg,4425,89.91,duplicate,N/A
pustular_acne_-323-_jpg.rf.f594c6b27275993fa414904f7f2cc61f.jpg,Pustules,REMOVED,Duplicate of pustular_acne_-323-_jpg.rf.20886fc799abeedb08e8478f6f361fe4.jpg,4422,47.91,duplicate,N/A
pustular_acne_-338-_jpg.rf.0601b1a33404d878d36aef4ebaeabd50.jpg,Pustules,REMOVED,Duplicate of pustular_acne_-338-_jpg.rf.2c745d32591a1671854a6d7b14cf9a5e.jpg,2223,62.02,duplicate,N/A
pustular_acne_-338-_jpg.rf.099012154dc8eeacac0325c13a036105.jpg,Pustules,REMOVED,Duplicate of pustular_acne_-338-_jpg.rf.d4dc97460f09c09cacf540436b6eccec.jpg,2252,77.30,duplicate,N/A
pustular_acne_-338-_jpg.rf.b9a966cba7ffbc382066f284ff920ae1.jpg,Pustules,REMOVED,Duplicate of pustular_acne_-338-_jpg.rf.3c85f6c3511a91044f655de36b375026.jpg,2249,59.15,duplicate,N/A
pustular_acne_-338-_jpg.rf.d7ccf934a7fc92f3136669c9d375b06f.jpg,Pustules,REMOVED,Duplicate of pustular_acne_-338-_jpg.rf.4a703105088373dff8380210de9d77a0.jpg,3517,69.21,duplicate,N/A
pustular_acne_-338-_jpg.rf.ec211b25f14d01589d59419ed197b552.jpg,Pustules,REMOVED,Duplicate of pustular_acne_-338-_jpg.rf.4bf80471fcb9e1def25b356e85849529.jpg,3520,25.01,duplicate,N/A
pustular_acne_-338-_jpg.rf.6b305a006ac264095922d8753590a107.jpg,Pustules,REMOVED,Duplicate of pustular_acne_-338-_jpg.rf.4bf80471fcb9e1def25b356e85849529.jpg,3520,25.01,duplicate,N/A
pustular_acne_-338-_jpg.rf.eedcb70d8cd30ea8c4fdd3ba8c9cab0a.jpg,Pustules,REMOVED,Duplicate of pustular_acne_-338-_jpg.rf.4bf80471fcb9e1def25b356e85849529.jpg,3520,25.01,duplicate,N/A
pustular_acne_-338-_jpg.rf.4bf80471fcb9e1def25b356e85849529.jpg,Pustules,REJECTED,Cosmetic beauty filter / smoothed skin (blur score 25.01 < 30),3520,25.01,reject,N/A
pustular_acne_-338-_jpg.rf.1fa01fdccc49bdd0e4c23c5b7732a80d.jpg,Pustules,REMOVED,Duplicate of pustular_acne_-338-_jpg.rf.55481cb8f29638360f8c5464bc9951f8.jpg,3510,14.23,duplicate,N/A
pustular_acne_-338-_jpg.rf.55481cb8f29638360f8c5464bc9951f8.jpg,Pustules,REJECTED,Severe blur (variance 14.23 < 20),3510,14.23,reject,N/A
pustular_acne_-338-_jpg.rf.c12a9589edcec47cead698a5aae92b60.jpg,Pustules,REMOVED,Duplicate of pustular_acne_-338-_jpg.rf.5625cc9acd84acfc7c15e10350a48d70.jpg,2250,39.27,duplicate,N/A
pustular_acne_-338-_jpg.rf.e71817439842653d8e2fa7eece353d92.jpg,Pustules,REMOVED,Duplicate of pustular_acne_-338-_jpg.rf.6508a4569bfc6f7e2ccb1f2c18b545b0.jpg,4444,205.04,duplicate,N/A
pustular_acne_-338-_jpg.rf.b7b2109403752708d3241101c073ecb0.jpg,Pustules,REMOVED,Duplicate of pustular_acne_-338-_jpg.rf.7a1ee8a3abafb3408a9e9faaeecd25f8.jpg,2248,97.51,duplicate,N/A
pustular_acne_-338-_jpg.rf.84e96e18d0d7d4999488f0f91fb846c5.jpg,Pustules,REMOVED,Duplicate of pustular_acne_-338-_jpg.rf.6106d9ba125571c53488deebab2e3df9.jpg,3514,103.36,duplicate,N/A
pustular_acne_-338-_jpg.rf.da4bd4204849c043960fe81010af0d3c.jpg,Pustules,REMOVED,Duplicate of pustular_acne_-338-_jpg.rf.8f5c79f3c1756d2462f019d6429e40aa.jpg,2254,42.44,duplicate,N/A
pustular_acne_-338-_jpg.rf.e063738404876d1936c3ccb0c3181c13.jpg,Pustules,REMOVED,Duplicate of pustular_acne_-338-_jpg.rf.970e36bd8fcffb3d7852cc371b618816.jpg,2255,74.33,duplicate,N/A
pustular_acne_-338-_jpg.rf.9a5bbe95ab85875ca5f74aef6bb00af4.jpg,Pustules,REMOVED,Duplicate of pustular_acne_-338-_jpg.rf.d8b1ae29ffb9666df6d6f6517249c5e2.jpg,3518,88.75,duplicate,N/A
pustular_acne_-338-_jpg.rf.d7b014f49b59f4119878493d674aebeb.jpg,Pustules,REMOVED,Duplicate of pustular_acne_-338-_jpg.rf.a1b2e3f705348b19d167779006d8c503.jpg,2256,141.72,duplicate,N/A
pustular_acne_-338-_jpg.rf.d477a0289c71b6812e93c5d648fe4519.jpg,Pustules,REMOVED,Duplicate of pustular_acne_-338-_jpg.rf.a1b2e3f705348b19d167779006d8c503.jpg,2256,141.50,duplicate,N/A
pustular_acne_-338-_jpg.rf.e1c6da5b4ae76845bab65a873ffa5760.jpg,Pustules,REMOVED,Duplicate of pustular_acne_-338-_jpg.rf.a1b2e3f705348b19d167779006d8c503.jpg,2256,141.24,duplicate,N/A
pustular_acne_-338-_jpg.rf.ec27d71107c405444680d4a39cb5ddd6.jpg,Pustules,REMOVED,Duplicate of pustular_acne_-338-_jpg.rf.a20359ddff5fe6748cac1588682b836d.jpg,2258,52.71,duplicate,N/A
pustular_acne_-339-_jpg.rf.d84984bf908e21f796c282c61365c6e7.jpg,Pustules,REMOVED,Duplicate of pustular_acne_-339-_jpg.rf.0eb92c7ace3e555509a16f8d319e73ab.jpg,2284,91.57,duplicate,N/A
pustular_acne_-339-_jpg.rf.7272428aa8e63c337842d3270bda055e.jpg,Pustules,REMOVED,Duplicate of pustular_acne_-339-_jpg.rf.0eb92c7ace3e555509a16f8d319e73ab.jpg,2284,73.84,duplicate,N/A
pustular_acne_-339-_jpg.rf.d2d72fae17c69f9510b3dc4a392a4f70.jpg,Pustules,REMOVED,Duplicate of pustular_acne_-339-_jpg.rf.0eb92c7ace3e555509a16f8d319e73ab.jpg,2284,73.74,duplicate,N/A
pustular_acne_-339-_jpg.rf.15825c4ac6a444be48f46ff0b923defc.jpg,Pustules,REMOVED,Duplicate of pustular_acne_-339-_jpg.rf.d542372cc8afb056921ec6b954d74dee.jpg,2283,24.39,duplicate,N/A
pustular_acne_-339-_jpg.rf.d542372cc8afb056921ec6b954d74dee.jpg,Pustules,REJECTED,Cosmetic beauty filter / smoothed skin (blur score 24.43 < 30),2283,24.43,reject,N/A
pustular_acne_-339-_jpg.rf.22561ca1dc1b44b06c34628767f657df.jpg,Pustules,REMOVED,Duplicate of pustular_acne_-339-_jpg.rf.fcf4141a6345b57f88274b5c4100afc4.jpg,2291,58.96,duplicate,N/A
pustular_acne_-339-_jpg.rf.458301cb01e7add124a2b16d8aab4a70.jpg,Pustules,REMOVED,Duplicate of pustular_acne_-339-_jpg.rf.4004ab64de4e48ad7ef8eeb6a8f05c64.jpg,3529,67.18,duplicate,N/A
pustular_acne_-339-_jpg.rf.9ebf27011a9c2ea4652133059eb6db39.jpg,Pustules,REMOVED,Duplicate of pustular_acne_-339-_jpg.rf.4004ab64de4e48ad7ef8eeb6a8f05c64.jpg,3529,50.45,duplicate,N/A
pustular_acne_-339-_jpg.rf.ac058829293c0cfcb6e2ef9d76bdf255.jpg,Pustules,REMOVED,Duplicate of pustular_acne_-339-_jpg.rf.4004ab64de4e48ad7ef8eeb6a8f05c64.jpg,3529,50.35,duplicate,N/A
pustular_acne_-339-_jpg.rf.4c4ea6c103012f7310ebff0f526e4bc8.jpg,Pustules,REMOVED,Duplicate of pustular_acne_-339-_jpg.rf.bafad647343706236098c1214654163e.jpg,2280,55.40,duplicate,N/A
pustular_acne_-339-_jpg.rf.98abbe61a676f8d834ef09a46d5d0c8d.jpg,Pustules,REMOVED,Duplicate of pustular_acne_-339-_jpg.rf.92110e273ed64f50508545fdfa7ce5d3.jpg,3536,102.71,duplicate,N/A
pustular_acne_-339-_jpg.rf.eea8a67f0f0e4bb3956b93a54c9c7382.jpg,Pustules,REMOVED,Duplicate of pustular_acne_-339-_jpg.rf.92110e273ed64f50508545fdfa7ce5d3.jpg,3536,98.64,duplicate,N/A
pustular_acne_-339-_jpg.rf.7e4b039de7fc7844cba4f09f1c337533.jpg,Pustules,REMOVED,Duplicate of pustular_acne_-339-_jpg.rf.92110e273ed64f50508545fdfa7ce5d3.jpg,3536,98.61,duplicate,N/A
pustular_acne_-339-_jpg.rf.df237ee70fee4fe7a71c0dd25fe3c877.jpg,Pustules,REMOVED,Duplicate of pustular_acne_-339-_jpg.rf.ee39486c4f5a35651b64075527abb16f.jpg,3535,66.92,duplicate,N/A
pustular_acne_-339-_jpg.rf.e0f8391407e71521b2d474114f949781.jpg,Pustules,REMOVED,Duplicate of pustular_acne_-339-_jpg.rf.f58b262ce6afedd96703b09af09b2e02.jpg,4451,64.98,duplicate,N/A
pustular_acne_-339-_jpg.rf.eb864c490ba92e48095a44c95f721671.jpg,Pustules,REMOVED,Duplicate of pustular_acne_-339-_jpg.rf.ae0b8c5dda2727f603d6e06b40c75d4a.jpg,4449,57.65,duplicate,N/A
pustular_acne_-339-_jpg.rf.195c5fb1fe4cd1a9d56c67705e38356a.jpg,Pustules,REMOVED,Duplicate of pustular_acne_-339-_jpg.rf.ae0b8c5dda2727f603d6e06b40c75d4a.jpg,4449,55.77,duplicate,N/A
pustular_acne_-339-_jpg.rf.8cb8fa39b0c4eaf2505d155d3b20470d.jpg,Pustules,REMOVED,Duplicate of pustular_acne_-339-_jpg.rf.ae0b8c5dda2727f603d6e06b40c75d4a.jpg,4449,55.63,duplicate,N/A
pustular_acne_-339-_jpg.rf.f61583c57da08bf4e764a2c8cbe379ff.jpg,Pustules,REMOVED,Duplicate of pustular_acne_-339-_jpg.rf.eea445decf7e2ed54bc72a557fe8df6e.jpg,2290,8.10,duplicate,N/A
pustular_acne_-339-_jpg.rf.eea445decf7e2ed54bc72a557fe8df6e.jpg,Pustules,REJECTED,Severe blur (variance 8.10 < 20),2290,8.10,reject,N/A
pustular_acne_-343-_jpg.rf.38070f22ecbfa45ba7bd19a0a06bf9a2.jpg,Pustules,REMOVED,Duplicate of pustular_acne_-343-_jpg.rf.1d5a49aa9ddcf60bdb426a8c053cefe9.jpg,2299,31.93,duplicate,N/A
pustular_acne_-343-_jpg.rf.2c9d21004860f03f11f8cdc6196edb46.jpg,Pustules,REMOVED,Duplicate of pustular_acne_-343-_jpg.rf.e7b7cf39ae6f6fb769e4d4a300d3e847.jpg,3543,65.43,duplicate,N/A
pustular_acne_-343-_jpg.rf.cb80b3d5c9715406a810cd75899c2f13.jpg,Pustules,REMOVED,Duplicate of pustular_acne_-343-_jpg.rf.4e8dd60e6f477121f55308f90204b0de.jpg,4460,57.34,duplicate,N/A
pustular_acne_-343-_jpg.rf.bedd6208e387fbbc02c1d8d37554cfed.jpg,Pustules,REMOVED,Duplicate of pustular_acne_-343-_jpg.rf.4e8dd60e6f477121f55308f90204b0de.jpg,4460,50.95,duplicate,N/A
pustular_acne_-343-_jpg.rf.2e1519e8e516b081c7e429ed752ad260.jpg,Pustules,REMOVED,Duplicate of pustular_acne_-343-_jpg.rf.4e8dd60e6f477121f55308f90204b0de.jpg,4460,50.94,duplicate,N/A
pustular_acne_-343-_jpg.rf.af883471daf316e8bab06300617b7923.jpg,Pustules,REMOVED,Duplicate of pustular_acne_-343-_jpg.rf.7b9f4f5a1d50919e59727aaee283199c.jpg,3540,72.31,duplicate,N/A
pustular_acne_-343-_jpg.rf.3acce4045bcdd7373e39ad77afca24db.jpg,Pustules,REMOVED,Duplicate of pustular_acne_-343-_jpg.rf.7b9f4f5a1d50919e59727aaee283199c.jpg,3540,68.20,duplicate,N/A
pustular_acne_-343-_jpg.rf.3057883745cc2cc1ddaba2a65f721121.jpg,Pustules,REMOVED,Duplicate of pustular_acne_-343-_jpg.rf.7b9f4f5a1d50919e59727aaee283199c.jpg,3540,68.18,duplicate,N/A
pustular_acne_-343-_jpg.rf.6c338b795a57d8d3aebd2bbcec7dac94.jpg,Pustules,REMOVED,Duplicate of pustular_acne_-343-_jpg.rf.93f6e9c6287917478b89a75425ba34d2.jpg,4457,80.96,duplicate,N/A
pustular_acne_-343-_jpg.rf.3d3ebb9ff1184a459d5cc1da23388572.jpg,Pustules,REMOVED,Duplicate of pustular_acne_-343-_jpg.rf.93f6e9c6287917478b89a75425ba34d2.jpg,4457,76.01,duplicate,N/A
pustular_acne_-343-_jpg.rf.34858729ab0985753531fb9b95398c0f.jpg,Pustules,REMOVED,Duplicate of pustular_acne_-343-_jpg.rf.93f6e9c6287917478b89a75425ba34d2.jpg,4457,76.01,duplicate,N/A
pustular_acne_-343-_jpg.rf.e58bdb97e0533a7bfe7ff5de60cd22eb.jpg,Pustules,REMOVED,Duplicate of pustular_acne_-343-_jpg.rf.c0a23b8f9597a74b325cc36bf43512a7.jpg,2310,82.76,duplicate,N/A
pustular_acne_-343-_jpg.rf.d074fcc906b87e2dddf002c61047b1f9.jpg,Pustules,REMOVED,Duplicate of pustular_acne_-343-_jpg.rf.e3b1af0c0330ff5554e67297e8fe4367.jpg,2309,84.26,duplicate,N/A
pustular_acne_-343-_jpg.rf.c0c17818d801f012b80185ec1cef196d.jpg,Pustules,REMOVED,Duplicate of pustular_acne_-343-_jpg.rf.fead022e69a134953e46f4db62cf965d.jpg,3542,77.27,duplicate,N/A
pustular_acne_-35-_jpg.rf.b5c14959598c86ebeedaf4b884d769d2.jpg,Pustules,REMOVED,Duplicate of pustular_acne_-35-_jpg.rf.01b4a8981c5787224a08259e7ea5f149.jpg,2319,8.43,duplicate,N/A
pustular_acne_-35-_jpg.rf.01b4a8981c5787224a08259e7ea5f149.jpg,Pustules,REJECTED,Severe blur (variance 8.43 < 20),2319,8.43,reject,N/A
pustular_acne_-35-_jpg.rf.37b135fc5eab9daac46b48b7791c25cb.jpg,Pustules,REMOVED,Duplicate of pustular_acne_-35-_jpg.rf.3765b7c83e6deded1667d835d4c503e1.jpg,4467,25.51,duplicate,N/A
pustular_acne_-35-_jpg.rf.3765b7c83e6deded1667d835d4c503e1.jpg,Pustules,REJECTED,Cosmetic beauty filter / smoothed skin (blur score 25.51 < 30),4467,25.51,reject,N/A
pustular_acne_-35-_jpg.rf.eec957d048efd9c6755f3569d308eabf.jpg,Pustules,REMOVED,Duplicate of pustular_acne_-35-_jpg.rf.60a9bb1a6b1952e1e41ec1209fe0005a.jpg,2322,220.32,duplicate,N/A
pustular_acne_-35-_jpg.rf.d4321b07eb5b17c02d0bc7e4e96ccb23.jpg,Pustules,REMOVED,Duplicate of pustular_acne_-35-_jpg.rf.7ffe1e21a5baee21f0f258cd90e402c6.jpg,3548,7.15,duplicate,N/A
pustular_acne_-35-_jpg.rf.7ffe1e21a5baee21f0f258cd90e402c6.jpg,Pustules,REJECTED,Severe blur (variance 7.15 < 20),3548,7.15,reject,N/A
pustular_acne_-35-_jpg.rf.14be7ff7d9ec4533353b85fd842f8689.jpg,Pustules,REMOVED,Duplicate of pustular_acne_-35-_jpg.rf.88ccab27bd497e025f13801217c60d4e.jpg,3544,108.87,duplicate,N/A
pustular_acne_-35-_jpg.rf.256fbf4a161306c1c06241bcfc521509.jpg,Pustules,REMOVED,Duplicate of pustular_acne_-35-_jpg.rf.ce6cf5bf2504ae36bbe4e6316bf43aef.jpg,3545,9.76,duplicate,N/A
pustular_acne_-35-_jpg.rf.ce6cf5bf2504ae36bbe4e6316bf43aef.jpg,Pustules,REJECTED,Severe blur (variance 9.76 < 20),3545,9.76,reject,N/A
pustular_acne_-50-_jpg.rf.0ddb7c19706df19d1c17faef8a59346b.jpg,Pustules,REMOVED,Duplicate of pustular_acne_-50-_jpg.rf.408300de4ef1fed3cb6dd19ef8840bf5.jpg,2330,31.36,duplicate,N/A
pustular_acne_-50-_jpg.rf.0f6d5556acd2c714406d655c19e4aa83.jpg,Pustules,REMOVED,Duplicate of pustular_acne_-50-_jpg.rf.de4e64f0688d751e64212b55a050202c.jpg,3551,100.84,duplicate,N/A
pustular_acne_-50-_jpg.rf.94207b35df51ef7ec7416ebecd2e0eca.jpg,Pustules,REMOVED,Duplicate of pustular_acne_-50-_jpg.rf.de4e64f0688d751e64212b55a050202c.jpg,3551,95.06,duplicate,N/A
pustular_acne_-50-_jpg.rf.510beb6a0d5bbde28be4a053e16a419a.jpg,Pustules,REMOVED,Duplicate of pustular_acne_-50-_jpg.rf.de4e64f0688d751e64212b55a050202c.jpg,3551,94.96,duplicate,N/A
pustular_acne_-50-_jpg.rf.11180bd5796d023a556d81845b000f0d.jpg,Pustules,REMOVED,Duplicate of pustular_acne_-50-_jpg.rf.ef62400ad2b4a5d31ee92652e653c8f0.jpg,2340,62.06,duplicate,N/A
pustular_acne_-50-_jpg.rf.9ce92b8485d155924e0ab2fea7971a29.jpg,Pustules,REMOVED,Duplicate of pustular_acne_-50-_jpg.rf.6406f3d47676c39e38e176a9257cda7e.jpg,4471,11.50,duplicate,N/A
pustular_acne_-50-_jpg.rf.6406f3d47676c39e38e176a9257cda7e.jpg,Pustules,REJECTED,Severe blur (variance 11.51 < 20),4471,11.51,reject,N/A
pustular_acne_-50-_jpg.rf.ae2cdb1ca9c76d7d8a6bc70d723a64dc.jpg,Pustules,REMOVED,Duplicate of pustular_acne_-50-_jpg.rf.67820559ccdbad0ab43b8dc7c4f2ddd7.jpg,4469,121.52,duplicate,N/A
pustular_acne_-50-_jpg.rf.e162177b44ead156a18db3c9e23d6870.jpg,Pustules,REMOVED,Duplicate of pustular_acne_-50-_jpg.rf.f948ed9ad198692dcd1c6b3d521b1b98.jpg,2341,65.32,duplicate,N/A
pustular_acne_-6-_jpg.rf.2a0e398a0bd8b342e0619ff4584ffa57.jpg,Pustules,REMOVED,Duplicate of pustular_acne_-6-_jpg.rf.1742bc633df6baee3c86c04bb60f9ab4.jpg,3552,59.06,duplicate,N/A
pustular_acne_-6-_jpg.rf.5571acdd69b65a6691209797c1b0af20.jpg,Pustules,REMOVED,Duplicate of pustular_acne_-6-_jpg.rf.5a3e34b820f10fb9d1629da629a61d3b.jpg,3556,41.75,duplicate,N/A
pustular_acne_-6-_jpg.rf.53ee46258d30e8e32830d4fc32f66ad2.jpg,Pustules,REMOVED,Duplicate of pustular_acne_-6-_jpg.rf.8b530313d6a0486c484fdd90252e2179.jpg,4479,62.86,duplicate,N/A
pustular_acne_-6-_jpg.rf.5d68ff4c3cb03ceaf966bd2c6a86aa7c.jpg,Pustules,REMOVED,Duplicate of pustular_acne_-6-_jpg.rf.8b530313d6a0486c484fdd90252e2179.jpg,4479,56.57,duplicate,N/A
pustular_acne_-6-_jpg.rf.92a4e12c396d0b6bee5f82cd73d2f325.jpg,Pustules,REMOVED,Duplicate of pustular_acne_-6-_jpg.rf.8b530313d6a0486c484fdd90252e2179.jpg,4479,56.52,duplicate,N/A
pustular_acne_-6-_jpg.rf.bf416a0cb9ed044863dbda497e6a8434.jpg,Pustules,REMOVED,Duplicate of pustular_acne_-6-_jpg.rf.a0ce11899bcc752ace01ee1e62318941.jpg,2351,119.38,duplicate,N/A
pustular_acne_-6-_jpg.rf.fd0ffd48d051962c76d1d5360d36f0ae.jpg,Pustules,REMOVED,Duplicate of pustular_acne_-6-_jpg.rf.b2f27f68e0443b0526688472cc0e796b.jpg,3635,9.00,duplicate,N/A
Pustule-27-_jpg.rf.7d2c2cfb1b0b563f3d1fc5f09fe60d33.jpg,Pustules,REMOVED,Duplicate of pustular_acne_-6-_jpg.rf.b2f27f68e0443b0526688472cc0e796b.jpg,3635,8.98,duplicate,N/A
Pustule-27-_jpg.rf.7f7525d2c59c93d64ba670cf1eb0a6d6.jpg,Pustules,REMOVED,Duplicate of pustular_acne_-6-_jpg.rf.b2f27f68e0443b0526688472cc0e796b.jpg,3635,8.98,duplicate,N/A
pustular_acne_-6-_jpg.rf.b2f27f68e0443b0526688472cc0e796b.jpg,Pustules,REJECTED,Severe blur (variance 9.00 < 20),3635,9.00,reject,N/A
pustular_acne_-6-_jpg.rf.ec1e62c81cec4f7ab0992b5ea3af667a.jpg,Pustules,REMOVED,Duplicate of pustular_acne_-6-_jpg.rf.19b5e801c9640622c4dc9acabe38e766.jpg,4474,66.97,duplicate,N/A
pustular_acne_-77-_jpg.rf.6d03b0ec06ff2eaabb734c3795666445.jpg,Pustules,REMOVED,Duplicate of pustular_acne_-77-_jpg.rf.060391b920fc5b8f779da574e198e6b1.jpg,2379,56.46,duplicate,N/A
pustular_acne_-77-_jpg.rf.198f9ef9f7a6a27927dd010ab4899be1.jpg,Pustules,REMOVED,Duplicate of pustular_acne_-77-_jpg.rf.f96c71f46a9a16a6a09e6051a80bb4d6.jpg,2406,96.81,duplicate,N/A
pustular_acne_-77-_jpg.rf.fceebed6fa4f796a208c8ff57081ca68.jpg,Pustules,REMOVED,Duplicate of pustular_acne_-77-_jpg.rf.1c9c1897034ee486982b99031deb3290.jpg,2407,109.90,duplicate,N/A
pustular_acne_-77-_jpg.rf.1af2f191be628787be3bbff8e496a524.jpg,Pustules,REMOVED,Duplicate of pustular_acne_-77-_jpg.rf.222587f89f47200db066deabcf5cac38.jpg,3560,55.31,duplicate,N/A
pustular_acne_-77-_jpg.rf.6cfb4d773f7928f0e32e8b63904c32e5.jpg,Pustules,REMOVED,Duplicate of pustular_acne_-77-_jpg.rf.2b00ee4166d7c749f3f833d0d0e66573.jpg,4485,62.74,duplicate,N/A
pustular_acne_-77-_jpg.rf.58cb67272a1fbaf9a957a5fecafb6067.jpg,Pustules,REMOVED,Duplicate of pustular_acne_-77-_jpg.rf.2e72079b74548d6c468676f3225e2619.jpg,2375,59.34,duplicate,N/A
pustular_acne_-77-_jpg.rf.3b70569496f71ca027f05af6dc851beb.jpg,Pustules,REMOVED,Duplicate of pustular_acne_-77-_jpg.rf.c6242b79c95523a6670e7f35eed46af9.jpg,4491,45.28,duplicate,N/A
pustular_acne_-77-_jpg.rf.6f21c2ff0681b00ba0f6f3aa2ccc9485.jpg,Pustules,REMOVED,Duplicate of pustular_acne_-77-_jpg.rf.4705e7a70e6ec9b0777e4d131487299c.jpg,4486,42.90,duplicate,N/A
pustular_acne_-77-_jpg.rf.4c72d5308da6dea48b0c6d53a5621c19.jpg,Pustules,REMOVED,Duplicate of pustular_acne_-77-_jpg.rf.b7a65f391c875f30b7d5fa703575aecd.jpg,2393,46.63,duplicate,N/A
pustular_acne_-77-_jpg.rf.23c5f7999d66ff03bd2def98d3391152.jpg,Pustules,REMOVED,Duplicate of pustular_acne_-77-_jpg.rf.bdd586ac82a434068f1f1ef38671c29b.jpg,4493,24.17,duplicate,N/A
pustular_acne_-77-_jpg.rf.c27abbb1f9f3da4e4e78c41cde5eacde.jpg,Pustules,REMOVED,Duplicate of pustular_acne_-77-_jpg.rf.bdd586ac82a434068f1f1ef38671c29b.jpg,4493,7.94,duplicate,N/A
pustular_acne_-77-_jpg.rf.784f6e2a38d01def21d696760afec3a3.jpg,Pustules,REMOVED,Duplicate of pustular_acne_-77-_jpg.rf.bdd586ac82a434068f1f1ef38671c29b.jpg,4493,7.94,duplicate,N/A
pustular_acne_-77-_jpg.rf.ec571414765c99191b4de5a25297a408.jpg,Pustules,REMOVED,Duplicate of pustular_acne_-77-_jpg.rf.bdd586ac82a434068f1f1ef38671c29b.jpg,4493,7.90,duplicate,N/A
pustular_acne_-77-_jpg.rf.8b4fee016f727d4506349b882878ed93.jpg,Pustules,REMOVED,Duplicate of pustular_acne_-77-_jpg.rf.bdd586ac82a434068f1f1ef38671c29b.jpg,4493,7.90,duplicate,N/A
pustular_acne_-77-_jpg.rf.e800fc1f7b9c7f87429d97d2bb169472.jpg,Pustules,REMOVED,Duplicate of pustular_acne_-77-_jpg.rf.bdd586ac82a434068f1f1ef38671c29b.jpg,4493,7.89,duplicate,N/A
pustular_acne_-77-_jpg.rf.d73c6f9d086cf584cbfe04181be455ff.jpg,Pustules,REMOVED,Duplicate of pustular_acne_-77-_jpg.rf.bdd586ac82a434068f1f1ef38671c29b.jpg,4493,7.89,duplicate,N/A
pustular_acne_-77-_jpg.rf.bdd586ac82a434068f1f1ef38671c29b.jpg,Pustules,REJECTED,Cosmetic beauty filter / smoothed skin (blur score 24.23 < 30),4493,24.23,reject,N/A
pustular_acne_-77-_jpg.rf.7a8a26c85312ec24e8c2049311c666dd.jpg,Pustules,REMOVED,Duplicate of pustular_acne_-77-_jpg.rf.85a3c3192f46e40e207093d31d6cbef9.jpg,3565,44.95,duplicate,N/A
pustular_acne_-77-_jpg.rf.ea10a608cd6e478cf80beb77f6a685d6.jpg,Pustules,REMOVED,Duplicate of pustular_acne_-77-_jpg.rf.802a1d0c4b05261c6254dce2b9f117f3.jpg,3570,65.84,duplicate,N/A
pustular_acne_-77-_jpg.rf.835b704b90204a30f2e722c85622b724.jpg,Pustules,REMOVED,Duplicate of pustular_acne_-77-_jpg.rf.866e907fed4c89f0cd16d2323df01e80.jpg,2386,35.25,duplicate,N/A
pustular_acne_-77-_jpg.rf.89649d303ec90e2acf969f6ea895eff9.jpg,Pustules,REMOVED,Duplicate of pustular_acne_-77-_jpg.rf.337dadeb5d7c183a39e68268902fd589.jpg,3562,76.65,duplicate,N/A
pustular_acne_-77-_jpg.rf.d8045935297d9b6862909815123c931c.jpg,Pustules,REMOVED,Duplicate of pustular_acne_-77-_jpg.rf.95960ad098dbf1c7ebd3273526885601.jpg,2400,56.82,duplicate,N/A
pustular_acne_-77-_jpg.rf.96fa034d388fcaaffbe18154cd99ee56.jpg,Pustules,REMOVED,Duplicate of pustular_acne_-77-_jpg.rf.f673ee8e808e3498d34d53c435693a8c.jpg,2405,93.56,duplicate,N/A
pustular_acne_-77-_jpg.rf.c04f7b31f2cde6f80ab0bd04dc145961.jpg,Pustules,REMOVED,Duplicate of pustular_acne_-77-_jpg.rf.54ac467e0849c5201e8fd080af7598a1.jpg,4484,51.37,duplicate,N/A
pustular_acne_-77-_jpg.rf.c7dba1dd2117a907dc9c77cc72c06b82.jpg,Pustules,REMOVED,Duplicate of pustular_acne_-77-_jpg.rf.ce0ab8c092178b04132d1f6f2403b82d.jpg,2397,67.66,duplicate,N/A
pustular_acne_-77-_jpg.rf.723215962f0a1a7ab38dbb187043e21f.jpg,Pustules,REMOVED,Duplicate of pustular_acne_-77-_jpg.rf.ce9ea1360d0753606985979138271d65.jpg,4487,35.74,duplicate,N/A
pustular_acne_-77-_jpg.rf.ccac816f750250e41565f8eeab9811e6.jpg,Pustules,REMOVED,Duplicate of pustular_acne_-77-_jpg.rf.de6a5d3873d8afbad01ab75795899b07.jpg,3568,25.37,duplicate,N/A
pustular_acne_-77-_jpg.rf.de6a5d3873d8afbad01ab75795899b07.jpg,Pustules,REJECTED,Cosmetic beauty filter / smoothed skin (blur score 25.37 < 30),3568,25.37,reject,N/A
pustular_acne_-81-_jpg.rf.09b43c91413f5a04d413e7b5bb2f5498.jpg,Pustules,REMOVED,Duplicate of pustular_acne_-81-_jpg.rf.bcd66b3ceb533b2d1518d77a8cbf8a88.jpg,2429,49.47,duplicate,N/A
pustular_acne_-81-_jpg.rf.69998bb2245dbaa4d308f62612c2acb6.jpg,Pustules,REMOVED,Duplicate of pustular_acne_-81-_jpg.rf.c94d2d109832244304138202f9801847.jpg,3581,21.23,duplicate,N/A
pustular_acne_-81-_jpg.rf.0f1db6f5cd284c2f1bc54e7d57c7de82.jpg,Pustules,REMOVED,Duplicate of pustular_acne_-81-_jpg.rf.c94d2d109832244304138202f9801847.jpg,3581,11.46,duplicate,N/A
pustular_acne_-81-_jpg.rf.b7111cff756d3b5dbe9a2250fcf7b8d5.jpg,Pustules,REMOVED,Duplicate of pustular_acne_-81-_jpg.rf.c94d2d109832244304138202f9801847.jpg,3581,11.46,duplicate,N/A
pustular_acne_-81-_jpg.rf.c94d2d109832244304138202f9801847.jpg,Pustules,REJECTED,Cosmetic beauty filter / smoothed skin (blur score 21.23 < 30),3581,21.23,reject,N/A
pustular_acne_-81-_jpg.rf.1df64242b7eefeafef5060aa36261bd9.jpg,Pustules,REMOVED,Duplicate of pustular_acne_-81-_jpg.rf.dfdf07162b05ee7e605c071ea9f7d26f.jpg,2433,71.84,duplicate,N/A
pustular_acne_-81-_jpg.rf.a6789215323a0eef392e6d1d59be65eb.jpg,Pustules,REMOVED,Duplicate of pustular_acne_-81-_jpg.rf.24ca2782993ad9615c0ebab46559a173.jpg,2426,27.79,duplicate,N/A
pustular_acne_-81-_jpg.rf.24ca2782993ad9615c0ebab46559a173.jpg,Pustules,REJECTED,Cosmetic beauty filter / smoothed skin (blur score 27.79 < 30),2426,27.79,reject,N/A
pustular_acne_-81-_jpg.rf.df3ac8597835a7b15a5b6806d008f0cd.jpg,Pustules,REMOVED,Duplicate of pustular_acne_-81-_jpg.rf.27b1efe1cdd48ed357813772468714f5.jpg,4502,16.05,duplicate,N/A
pustular_acne_-81-_jpg.rf.27b1efe1cdd48ed357813772468714f5.jpg,Pustules,REJECTED,Severe blur (variance 16.05 < 20),4502,16.05,reject,N/A
pustular_acne_-81-_jpg.rf.fdb1ea33c528cc5f742c1df8f3733151.jpg,Pustules,REMOVED,Duplicate of pustular_acne_-81-_jpg.rf.6b10584964f5fe2bfa761d893db707be.jpg,2437,30.42,duplicate,N/A
pustular_acne_-81-_jpg.rf.b847018c9588eaa5d98b1ad796f22bab.jpg,Pustules,REMOVED,Duplicate of pustular_acne_-81-_jpg.rf.96939282694fad39efd953ca46220afe.jpg,3582,99.28,duplicate,N/A
pustular_acne_-81-_jpg.rf.eb9a1aa98c28cef75528fab3166be0e0.jpg,Pustules,REMOVED,Duplicate of pustular_acne_-81-_jpg.rf.a63bb929a41234eef538bcfd980fcded.jpg,2434,35.87,duplicate,N/A
pustular_acne_-81-_jpg.rf.a9f01f9f14271273c4c7cbbc1ec4a9f5.jpg,Pustules,REMOVED,Duplicate of pustular_acne_-81-_jpg.rf.29120e0be04ba54f416a2f89fef851a3.jpg,4496,191.17,duplicate,N/A
pustular_acne_-81-_jpg.rf.f3987c7f08eca5a2f911f46a9a878864.jpg,Pustules,REMOVED,Duplicate of pustular_acne_-81-_jpg.rf.c8ef37f83f743a6248c2194208e77c92.jpg,4498,80.62,duplicate,N/A
pustular_acne_-81-_jpg.rf.f8216fba54fc567aad92aff436717012.jpg,Pustules,REMOVED,Duplicate of pustular_acne_-81-_jpg.rf.c8ef37f83f743a6248c2194208e77c92.jpg,4498,77.34,duplicate,N/A
pustular_acne_-81-_jpg.rf.4a70395f67d9543a672b3db1798626c7.jpg,Pustules,REMOVED,Duplicate of pustular_acne_-81-_jpg.rf.c8ef37f83f743a6248c2194208e77c92.jpg,4498,77.29,duplicate,N/A
pustular_acne_-83-_jpg.rf.2a395c40da431852fd2135b6c4e95042.jpg,Pustules,REMOVED,Duplicate of pustular_acne_-83-_jpg.rf.1b43b4a94680ffd37ab44a33a01021c9.jpg,2441,60.00,duplicate,N/A
pustular_acne_-83-_jpg.rf.1e36b843ecee6bb27862a49904b037f7.jpg,Pustules,REMOVED,Duplicate of pustular_acne_-83-_jpg.rf.b404516458e5eaefe412cb5051824145.jpg,3590,65.78,duplicate,N/A
pustular_acne_-83-_jpg.rf.541ceb972dca94ba74420a176ae72c10.jpg,Pustules,REMOVED,Duplicate of pustular_acne_-83-_jpg.rf.667e958315c39848b1f9591272bf0cbb.jpg,3587,259.07,duplicate,N/A
pustular_acne_-83-_jpg.rf.eab4db27a4a115416c819f3745863593.jpg,Pustules,REMOVED,Duplicate of pustular_acne_-83-_jpg.rf.6a94ca660430b9ad298e1b93b4f1f956.jpg,3592,46.55,duplicate,N/A
pustular_acne_-83-_jpg.rf.b76acb6fb44eebb14386e5893c64f1e8.jpg,Pustules,REMOVED,Duplicate of pustular_acne_-83-_jpg.rf.7911bde8b56462b16d64b1d3a60fb53f.jpg,4505,193.33,duplicate,N/A
pustular_acne_-83-_jpg.rf.2c1c03fe6bafc89a99b18f39447513c2.jpg,Pustules,REMOVED,Duplicate of pustular_acne_-83-_jpg.rf.7911bde8b56462b16d64b1d3a60fb53f.jpg,4505,117.88,duplicate,N/A
pustular_acne_-83-_jpg.rf.bc642af4bdbf15b19975f8a040813493.jpg,Pustules,REMOVED,Duplicate of pustular_acne_-83-_jpg.rf.7911bde8b56462b16d64b1d3a60fb53f.jpg,4505,117.79,duplicate,N/A
pustular_acne_-83-_jpg.rf.22547997931f89ec636c50ce2a0c8f95.jpg,Pustules,REMOVED,Duplicate of pustular_acne_-83-_jpg.rf.929994af423746e83b32c9c05126f14c.jpg,4504,14.03,duplicate,N/A
pustular_acne_-83-_jpg.rf.929994af423746e83b32c9c05126f14c.jpg,Pustules,REJECTED,Severe blur (variance 14.03 < 20),4504,14.03,reject,N/A
pustular_acne_-83-_jpg.rf.d3106dfb07376840c84f73ac6310d402.jpg,Pustules,REMOVED,Duplicate of pustular_acne_-83-_jpg.rf.1dbc3dd945640e33ab42d1a1c113f1fb.jpg,3584,74.76,duplicate,N/A
pustular_acne_-86-_jpg.rf.005f6ad287dc7c901ef5f1a1491859c7.jpg,Pustules,REMOVED,Duplicate of pustular_acne_-86-_jpg.rf.1a02541b936a482cb14c78f85600802e.jpg,4509,13.52,duplicate,N/A
pustular_acne_-86-_jpg.rf.1a02541b936a482cb14c78f85600802e.jpg,Pustules,REJECTED,Severe blur (variance 13.52 < 20),4509,13.52,reject,N/A
pustular_acne_-86-_jpg.rf.1e7b93b27bd72c28bff5317913745e13.jpg,Pustules,REMOVED,Duplicate of pustular_acne_-86-_jpg.rf.a770b657761087d09ed7e28bab9e6171.jpg,4516,63.16,duplicate,N/A
pustular_acne_-86-_jpg.rf.9038332e499a7129556ea845163d8cff.jpg,Pustules,REMOVED,Duplicate of pustular_acne_-86-_jpg.rf.21957a7ccf1e3294b0a600b8583fd2b4.jpg,4513,115.47,duplicate,N/A
pustular_acne_-86-_jpg.rf.5a8d9afb739a572f8b86c45b3a706c60.jpg,Pustules,REMOVED,Duplicate of pustular_acne_-86-_jpg.rf.21957a7ccf1e3294b0a600b8583fd2b4.jpg,4513,111.33,duplicate,N/A
pustular_acne_-86-_jpg.rf.64afbe8522c3e8b380cc3cd20625ef99.jpg,Pustules,REMOVED,Duplicate of pustular_acne_-86-_jpg.rf.21957a7ccf1e3294b0a600b8583fd2b4.jpg,4513,111.13,duplicate,N/A
pustular_acne_-86-_jpg.rf.bed3a1bf138ef950c421db149743d385.jpg,Pustules,REMOVED,Duplicate of pustular_acne_-86-_jpg.rf.2793139e1150a5636aaf40f416188de3.jpg,2474,42.38,duplicate,N/A
pustular_acne_-86-_jpg.rf.427bd13e1a012abafd8d2a79386f7cff.jpg,Pustules,REMOVED,Duplicate of pustular_acne_-86-_jpg.rf.fd9cfce928ddbf1f7d86566d88a9ef9b.jpg,4519,302.36,duplicate,N/A
pustular_acne_-86-_jpg.rf.5f5e5a317a6e2158c3a5baa0fded06bc.jpg,Pustules,REMOVED,Duplicate of pustular_acne_-86-_jpg.rf.f5e2743ebf00c043c852815a54354512.jpg,2481,60.51,duplicate,N/A
pustular_acne_-86-_jpg.rf.627875009fe1cdec753151180894a946.jpg,Pustules,REMOVED,Duplicate of pustular_acne_-86-_jpg.rf.d3d918004aebd7cbd11f4a2b0f173be9.jpg,4517,33.06,duplicate,N/A
pustular_acne_-86-_jpg.rf.ac465b7885668d3db0299cc895d79bce.jpg,Pustules,REMOVED,Duplicate of pustular_acne_-86-_jpg.rf.7e289095f92dd72293fe54fb811f17aa.jpg,2472,94.60,duplicate,N/A
pustular_acne_-86-_jpg.rf.e584efefe06cdc6addb9d812e507de38.jpg,Pustules,REMOVED,Duplicate of pustular_acne_-86-_jpg.rf.abd0442dc3c520edc0ff94a8031139c7.jpg,2477,303.26,duplicate,N/A
pustular_acne_-86-_jpg.rf.dd479480d35548a8aab4f3286ed68419.jpg,Pustules,REMOVED,Duplicate of pustular_acne_-86-_jpg.rf.711149e5b932e92f87e158c1c68d402d.jpg,3598,54.09,duplicate,N/A
Pustule-7-_jpg.rf.6812c8f6a19775b479f14d171223fc0a.jpg,Pustules,REMOVED,Duplicate of blackhead-30-_jpg.rf.2f99791c398b25b85944e978e55bfed1.jpg,3646,70.80,duplicate,N/A
Pustule-7-_jpg.rf.57920ec46dd7bd401847f49a2911c714.jpg,Pustules,REMOVED,Duplicate of blackhead-30-_jpg.rf.2f99791c398b25b85944e978e55bfed1.jpg,3646,66.80,duplicate,N/A
Pustule-10-_jpg.rf.2f1f402478551c9ff2b874dad5435939.jpg,Pustules,REMOVED,Duplicate of blackhead-30-_jpg.rf.2f99791c398b25b85944e978e55bfed1.jpg,3646,60.96,duplicate,N/A
Pustule-11-_jpg.rf.5cd51ef5fd748a88fc1124238593c94f.jpg,Pustules,REMOVED,Duplicate of Pustule-11-_jpg.rf.4eb9f04c77b94c387f429817f769b790.jpg,3602,42.19,duplicate,N/A
Pustule-11-_jpg.rf.4f181789530953aed683e9ccb219d21c.jpg,Pustules,REMOVED,Duplicate of Pustule-11-_jpg.rf.4eb9f04c77b94c387f429817f769b790.jpg,3602,41.99,duplicate,N/A
Pustule-11-_jpg.rf.dd5564945bc39f0a00cc0090ff18af61.jpg,Pustules,REMOVED,Duplicate of Pustule-11-_jpg.rf.4eb9f04c77b94c387f429817f769b790.jpg,3602,41.89,duplicate,N/A
Pustule-11-_jpg.rf.ae25c3426ea4417949e8e268c23498c7.jpg,Pustules,REMOVED,Duplicate of Pustule-11-_jpg.rf.50a642b30651463b97643d240ab69fe9.jpg,3604,1.40,duplicate,N/A
Pustule-11-_jpg.rf.50a642b30651463b97643d240ab69fe9.jpg,Pustules,REJECTED,Severe blur (variance 1.40 < 20),3604,1.40,reject,N/A
Pustule-13-_jpg.rf.290f2366b7f658d88668b38004f59d20.jpg,Pustules,REMOVED,Duplicate of Pustule-13-_jpg.rf.59efabb022e4cf73e1d87c2f77a9ae7a.jpg,3605,25.73,duplicate,N/A
Pustule-13-_jpg.rf.59efabb022e4cf73e1d87c2f77a9ae7a.jpg,Pustules,REJECTED,Cosmetic beauty filter / smoothed skin (blur score 25.84 < 30),3605,25.84,reject,N/A
Pustule-13-_jpg.rf.90a1ce57a571f1b3a500652f3fd7fe39.jpg,Pustules,REMOVED,Duplicate of Pustule-13-_jpg.rf.1a62dfc92a287ce740b6c159f67cf110.jpg,4525,46.24,duplicate,N/A
Pustule-14-_jpg.rf.19a044f6c2543d972099646b6b4b8ece.jpg,Pustules,REMOVED,Duplicate of Pustule-14-_jpg.rf.4cfdcd8b6781ae5a5b36fba7a44146a0.jpg,4528,26.50,duplicate,N/A
Pustule-14-_jpg.rf.9dc07ca097a4aff10a86c279669ddc20.jpg,Pustules,REMOVED,Duplicate of Pustule-14-_jpg.rf.4cfdcd8b6781ae5a5b36fba7a44146a0.jpg,4528,3.84,duplicate,N/A
Pustule-14-_jpg.rf.fd25ea773094a5944fdc456d41d9c9ca.jpg,Pustules,REMOVED,Duplicate of Pustule-14-_jpg.rf.4cfdcd8b6781ae5a5b36fba7a44146a0.jpg,4528,3.84,duplicate,N/A
Pustule-14-_jpg.rf.4cfdcd8b6781ae5a5b36fba7a44146a0.jpg,Pustules,REJECTED,Cosmetic beauty filter / smoothed skin (blur score 26.51 < 30),4528,26.51,reject,N/A
Pustule-16-_JPG_jpg.rf.0b37467d9cd396fdfe67c1174a236bf1.jpg,Pustules,REMOVED,Duplicate of Pustule-16-_JPG_jpg.rf.7387f240af76369fefab048631e72b91.jpg,2502,27.32,duplicate,N/A
Pustule-16-_JPG_jpg.rf.7387f240af76369fefab048631e72b91.jpg,Pustules,REJECTED,Cosmetic beauty filter / smoothed skin (blur score 27.34 < 30),2502,27.34,reject,N/A
Pustule-16-_JPG_jpg.rf.58e37bf2fcd8cb5ef46f7a5c37505cc9.jpg,Pustules,REMOVED,Duplicate of Pustule-16-_JPG_jpg.rf.e484da490b03740429b6158f0973debb.jpg,3616,47.13,duplicate,N/A
Pustule-18-_JPG_jpg.rf.bde66f409cd51b030910160999dbe751.jpg,Pustules,REMOVED,Duplicate of Pustule-18-_JPG_jpg.rf.5abaf94109859039932117d9e171ffe4.jpg,2509,5.51,duplicate,N/A
Pustule-18-_JPG_jpg.rf.5abaf94109859039932117d9e171ffe4.jpg,Pustules,REJECTED,Severe blur (variance 5.51 < 20),2509,5.51,reject,N/A
Pustule-19-_JPG_jpg.rf.1831f93acd478f90bae29df250776172.jpg,Pustules,REMOVED,Duplicate of Pustule-19-_JPG_jpg.rf.45e462adf9a0436428abd4d66ab10faf.jpg,2512,48.93,duplicate,N/A
Pustule-19-_JPG_jpg.rf.f972d57c3e4ebf64d3bcb3e182f09784.jpg,Pustules,REMOVED,Duplicate of Pustule-19-_JPG_jpg.rf.3d317586e492e8917c48d5e2b9bfc61a.jpg,2516,17.19,duplicate,N/A
Pustule-19-_JPG_jpg.rf.3d317586e492e8917c48d5e2b9bfc61a.jpg,Pustules,REJECTED,Severe blur (variance 17.19 < 20),2516,17.19,reject,N/A
Pustule-19-_JPG_jpg.rf.73d9b564419bb0b8ce74244f6c8852fc.jpg,Pustules,REMOVED,Duplicate of Pustule-19-_JPG_jpg.rf.c293afca2dc79aea8e297576c6293a20.jpg,2514,41.67,duplicate,N/A
Pustule-2-_jpg.rf.b0816439e44ec4fb01a63ead9bc87d52.jpg,Pustules,REMOVED,Duplicate of Pustule-2-_jpg.rf.513861705a36f84f1fe73137d4bd75a1.jpg,3622,4.66,duplicate,N/A
Pustule-2-_jpg.rf.513861705a36f84f1fe73137d4bd75a1.jpg,Pustules,REJECTED,Severe blur (variance 4.66 < 20),3622,4.66,reject,N/A
Pustule-2-_jpg.rf.70ccb4b2fe5435389f5135605a7c33b0.jpg,Pustules,REMOVED,Duplicate of Pustule-2-_jpg.rf.4dbffacbddf972d6c14d74788ea47a22.jpg,4532,37.31,duplicate,N/A
Pustule-2-_jpg.rf.84cc7794203a6215c9be9af852e588da.jpg,Pustules,REMOVED,Duplicate of Pustule-2-_jpg.rf.ebc1d165194f09f9912d2bd356e7c235.jpg,2523,32.46,duplicate,N/A
Pustule-20-_JPG_jpg.rf.d38196e096f89a740b036ea16e6c308d.jpg,Pustules,REMOVED,Duplicate of Pustule-20-_JPG_jpg.rf.d7ef308314cb4695323fdfa48edd08f2.jpg,2525,81.61,duplicate,N/A
Pustule-21-_JPG_jpg.rf.3c7cc97aaa2c755a2e414fbaf662dd82.jpg,Pustules,REMOVED,Duplicate of Pustule-21-_JPG_jpg.rf.2a502d238579b294e7515e309f7806cb.jpg,3627,26.68,duplicate,N/A
Pustule-21-_JPG_jpg.rf.2a502d238579b294e7515e309f7806cb.jpg,Pustules,REJECTED,Cosmetic beauty filter / smoothed skin (blur score 26.72 < 30),3627,26.72,reject,N/A
Pustule-21-_JPG_jpg.rf.d412e28dae277253c315120da91e6ee4.jpg,Pustules,REMOVED,Duplicate of Pustule-21-_JPG_jpg.rf.88f02a468fb662057d95fef20f3a4efb.jpg,4536,12.56,duplicate,N/A
Pustule-21-_JPG_jpg.rf.88f02a468fb662057d95fef20f3a4efb.jpg,Pustules,REJECTED,Severe blur (variance 12.56 < 20),4536,12.56,reject,N/A
Pustule-21-_JPG_jpg.rf.d503e447badaa99f80683a1580ebe6fd.jpg,Pustules,REMOVED,Duplicate of Pustule-21-_JPG_jpg.rf.e7d279560a02b566a42df347224e2e22.jpg,3628,38.38,duplicate,N/A
Pustule-23-_JPG_jpg.rf.8c4463da2c95a835d3a64ff53e38ba9e.jpg,Pustules,REMOVED,Duplicate of Pustule-23-_JPG_jpg.rf.888f564b9cecd7fc02bc6283de0f6597.jpg,4537,16.34,duplicate,N/A
Pustule-23-_JPG_jpg.rf.b5b6501abbab8dbd2b1c6d4250cc83f5.jpg,Pustules,REMOVED,Duplicate of Pustule-23-_JPG_jpg.rf.888f564b9cecd7fc02bc6283de0f6597.jpg,4537,14.00,duplicate,N/A
Pustule-23-_JPG_jpg.rf.1d35b88d128a3a736d0beb5c9375e04f.jpg,Pustules,REMOVED,Duplicate of Pustule-23-_JPG_jpg.rf.888f564b9cecd7fc02bc6283de0f6597.jpg,4537,13.99,duplicate,N/A
Pustule-23-_JPG_jpg.rf.888f564b9cecd7fc02bc6283de0f6597.jpg,Pustules,REJECTED,Severe blur (variance 16.35 < 20),4537,16.35,reject,N/A
Pustule-25-_JPG_jpg.rf.50dc2086b353eab77a155f2634f8f206.jpg,Pustules,REMOVED,Duplicate of Pustule-25-_JPG_jpg.rf.1b91c4e4fd64362f2bf169e1f622c11e.jpg,4539,10.41,duplicate,N/A
Pustule-25-_JPG_jpg.rf.1b91c4e4fd64362f2bf169e1f622c11e.jpg,Pustules,REJECTED,Severe blur (variance 10.41 < 20),4539,10.41,reject,N/A
Pustule-26-_JPG_jpg.rf.291de56a30c5b8f4cda28a69956123a1.jpg,Pustules,REMOVED,Duplicate of Pustule-26-_JPG_jpg.rf.da39e663f9ee4ff1333f1b3044b5a682.jpg,3633,20.67,duplicate,N/A
Pustule-26-_JPG_jpg.rf.da39e663f9ee4ff1333f1b3044b5a682.jpg,Pustules,REJECTED,Cosmetic beauty filter / smoothed skin (blur score 20.67 < 30),3633,20.67,reject,N/A
Pustule-27-_jpg.rf.d82841c2315fb9762090944bf0586ef4.jpg,Pustules,REMOVED,Duplicate of Pustule-27-_jpg.rf.92c2816ea09d73d26c94bd60bf956462.jpg,3636,39.59,duplicate,N/A
Pustule-27-_jpg.rf.593f11846ca04fecf18d459be081608d.jpg,Pustules,REMOVED,Duplicate of Pustule-27-_jpg.rf.f54091ec550aea7b29f18874ebc6bd90.jpg,3634,29.28,duplicate,N/A
Pustule-27-_jpg.rf.f54091ec550aea7b29f18874ebc6bd90.jpg,Pustules,REJECTED,Cosmetic beauty filter / smoothed skin (blur score 29.35 < 30),3634,29.35,reject,N/A
Pustule-28-_jpg.rf.d4ed1f3fc71da39b7d4737567541d6c8.jpg,Pustules,REMOVED,Duplicate of Pustule-28-_jpg.rf.ce223b9c5468e52c640eca8b34e1dc83.jpg,3638,5.26,duplicate,N/A
Pustule-28-_jpg.rf.ce223b9c5468e52c640eca8b34e1dc83.jpg,Pustules,REJECTED,Severe blur (variance 5.26 < 20),3638,5.26,reject,N/A
Pustule-28-_jpg.rf.e045b49209053ef725e09a4082ef6478.jpg,Pustules,REMOVED,Duplicate of Pustule-28-_jpg.rf.d10b32060f58c33439730febf4aa368e.jpg,3637,28.71,duplicate,N/A
Pustule-28-_jpg.rf.d10b32060f58c33439730febf4aa368e.jpg,Pustules,REJECTED,Cosmetic beauty filter / smoothed skin (blur score 28.74 < 30),3637,28.74,reject,N/A
Pustule-28-_jpg.rf.3bf1b0c43902f10052380b9c094671c0.jpg,Pustules,REMOVED,Duplicate of Pustule-28-_jpg.rf.e44ef6ba5ba05d313f7ab7b3fdb0c250.jpg,4542,25.91,duplicate,N/A
Pustule-28-_jpg.rf.e44ef6ba5ba05d313f7ab7b3fdb0c250.jpg,Pustules,REJECTED,Cosmetic beauty filter / smoothed skin (blur score 25.93 < 30),4542,25.93,reject,N/A
Pustule-29-_jpg.rf.0b553c4c506fbc4a89f5777c12724399.jpg,Pustules,REMOVED,Duplicate of Pustule-29-_jpg.rf.1eade89e987f4f295319ea19c90d1eb4.jpg,2545,35.14,duplicate,N/A
Pustule-29-_jpg.rf.9d2846ac0570cecd16010b91be61f287.jpg,Pustules,REMOVED,Duplicate of Pustule-29-_jpg.rf.76429a5eda26f36846ecf4e69c1203db.jpg,4546,15.38,duplicate,N/A
Pustule-29-_jpg.rf.d20916968c8279c83b309973532eacf5.jpg,Pustules,REMOVED,Duplicate of Pustule-29-_jpg.rf.76429a5eda26f36846ecf4e69c1203db.jpg,4546,5.31,duplicate,N/A
Pustule-29-_jpg.rf.c8863acd17f30c7609e6ba7b8f42ac46.jpg,Pustules,REMOVED,Duplicate of Pustule-29-_jpg.rf.76429a5eda26f36846ecf4e69c1203db.jpg,4546,5.31,duplicate,N/A
Pustule-29-_jpg.rf.76429a5eda26f36846ecf4e69c1203db.jpg,Pustules,REJECTED,Severe blur (variance 15.41 < 20),4546,15.41,reject,N/A
Pustule-3-_jpg.rf.5cc437f630e74c343ea4c13f1ab37a12.jpg,Pustules,REMOVED,Duplicate of Pustule-3-_jpg.rf.bc16efff31627e8a02ee4bcdb9411f37.jpg,4549,27.21,duplicate,N/A
Pustule-3-_jpg.rf.d1a264549c85b6310ec0085269ba3ec6.jpg,Pustules,REMOVED,Duplicate of Pustule-3-_jpg.rf.bc16efff31627e8a02ee4bcdb9411f37.jpg,4549,3.43,duplicate,N/A
Pustule-3-_jpg.rf.d6d1033a426aeaf2adbee61d739626cb.jpg,Pustules,REMOVED,Duplicate of Pustule-3-_jpg.rf.bc16efff31627e8a02ee4bcdb9411f37.jpg,4549,3.43,duplicate,N/A
Pustule-3-_jpg.rf.bc16efff31627e8a02ee4bcdb9411f37.jpg,Pustules,REJECTED,Cosmetic beauty filter / smoothed skin (blur score 27.23 < 30),4549,27.23,reject,N/A
Pustule-3-_jpg.rf.6c720e1ad4be5e58f40b5fbcff438b53.jpg,Pustules,REMOVED,Duplicate of Pustule-3-_jpg.rf.8cf06700323b8333d0c8a94c960c7a7d.jpg,4548,43.04,duplicate,N/A
Pustule-4-_jpg.rf.1f51f79c4cfd610e82be2ca33d8f412d.jpg,Pustules,REMOVED,Duplicate of Pustule-4-_jpg.rf.18e8c83c125b6a16a91b9a16d5a5d3e8.jpg,4550,8.32,duplicate,N/A
Pustule-4-_jpg.rf.18e8c83c125b6a16a91b9a16d5a5d3e8.jpg,Pustules,REJECTED,Severe blur (variance 8.32 < 20),4550,8.32,reject,N/A
Pustule-4-_jpg.rf.55f091d32cbc5f3a9df1d4d8086ae126.jpg,Pustules,REMOVED,Duplicate of Pustule-4-_jpg.rf.c0984913e9e50f75fb289bb2b67d9fa8.jpg,3642,6.17,duplicate,N/A
Pustule-4-_jpg.rf.c0984913e9e50f75fb289bb2b67d9fa8.jpg,Pustules,REJECTED,Severe blur (variance 6.17 < 20),3642,6.17,reject,N/A
Pustule-5-_jpg.rf.13c9e17af33ffe87eb59d6ad5e41e05e.jpg,Pustules,REMOVED,Duplicate of Pustule-5-_jpg.rf.b6c654ea0f90ac9f209d5ec2d8372e8d.jpg,3644,2.78,duplicate,N/A
Pustule-5-_jpg.rf.b6c654ea0f90ac9f209d5ec2d8372e8d.jpg,Pustules,REJECTED,Severe blur (variance 2.78 < 20),3644,2.78,reject,N/A
Pustule-5-_jpg.rf.bc14195126a56e150cd732c33297a812.jpg,Pustules,REMOVED,Duplicate of Pustule-5-_jpg.rf.8d43c0defa5b4b6bf5b901ab893d4562.jpg,3645,27.08,duplicate,N/A
Pustule-5-_jpg.rf.8d43c0defa5b4b6bf5b901ab893d4562.jpg,Pustules,REJECTED,Cosmetic beauty filter / smoothed skin (blur score 27.08 < 30),3645,27.08,reject,N/A
Pustule-6-_jpg.rf.e4f2636870187ecee682f6f749b259bd.jpg,Pustules,REMOVED,Duplicate of Pustule-6-_jpg.rf.58ff91a139adfa0f93e62daf0414c046.jpg,4556,40.95,duplicate,N/A
Pustule-6-_jpg.rf.838fb21d0ae9a1093233b0c3c7f79741.jpg,Pustules,REMOVED,Duplicate of Pustule-6-_jpg.rf.c54d1ec5154c184d589c170d2200cc24.jpg,2563,18.88,duplicate,N/A
Pustule-6-_jpg.rf.c54d1ec5154c184d589c170d2200cc24.jpg,Pustules,REJECTED,Severe blur (variance 18.90 < 20),2563,18.90,reject,N/A
Pustule-6-_jpg.rf.8b92ed8fb8df5ae2abf90af8dfff8005.jpg,Pustules,REMOVED,Duplicate of Pustule-6-_jpg.rf.e8204056df838d9a54d166a7d143957c.jpg,2564,42.42,duplicate,N/A
Pustule-6-_jpg.rf.8d6ce19c0612d6d4424609934469cc58.jpg,Pustules,REJECTED,Severe blur (variance 19.53 < 20),2562,19.53,reject,N/A
Pustule-7-_jpg.rf.7dbf57b3438be820e138dd0845c96e61.jpg,Pustules,REMOVED,Duplicate of Pustule-7-_jpg.rf.cd8a523275691ef00b94d8cf74aaee54.jpg,4558,20.00,duplicate,N/A
Pustule-7-_jpg.rf.4f44cb6489d98d251cfd8ff72cbf92e8.jpg,Pustules,REMOVED,Duplicate of Pustule-7-_jpg.rf.cd8a523275691ef00b94d8cf74aaee54.jpg,4558,1.40,duplicate,N/A
Pustule-7-_jpg.rf.bc490edf1baaca82142d39c74c0f90d3.jpg,Pustules,REMOVED,Duplicate of Pustule-7-_jpg.rf.cd8a523275691ef00b94d8cf74aaee54.jpg,4558,1.40,duplicate,N/A
Pustule-7-_jpg.rf.cd8a523275691ef00b94d8cf74aaee54.jpg,Pustules,REJECTED,Cosmetic beauty filter / smoothed skin (blur score 20.04 < 30),4558,20.04,reject,N/A
Pustule-7-_jpg.rf.6c94a25d0961c9423850782833d141bb.jpg,Pustules,REMOVED,Duplicate of Pustule-7-_jpg.rf.a138ada6d067b7b0ab445d6dfbeec142.jpg,2569,25.69,duplicate,N/A
Pustule-7-_jpg.rf.a138ada6d067b7b0ab445d6dfbeec142.jpg,Pustules,REJECTED,Cosmetic beauty filter / smoothed skin (blur score 25.70 < 30),2569,25.70,reject,N/A
Pustule-8-_jpg.rf.fa29a0c54d725cbd99557a0dc8e87e11.jpg,Pustules,REMOVED,Duplicate of Pustule-8-_jpg.rf.5cc7b67d7c11aee764980fed613e61c0.jpg,2575,53.06,duplicate,N/A
Pustule-9-_jpg.rf.eefd854cdeb28d208631f4381d95c099.jpg,Pustules,REMOVED,Duplicate of Pustule-9-_jpg.rf.b0a4e95122be270d3c21ea1e9d88878f.jpg,3648,20.25,duplicate,N/A
Pustule-9-_jpg.rf.2a363664d4e809da2fc65da0ed2dc5a8.jpg,Pustules,REMOVED,Duplicate of Pustule-9-_jpg.rf.b0a4e95122be270d3c21ea1e9d88878f.jpg,3648,1.63,duplicate,N/A
Pustule-9-_jpg.rf.72b353d3de91199a057296cfb32d1983.jpg,Pustules,REMOVED,Duplicate of Pustule-9-_jpg.rf.b0a4e95122be270d3c21ea1e9d88878f.jpg,3648,1.63,duplicate,N/A
Pustule-9-_jpg.rf.b0a4e95122be270d3c21ea1e9d88878f.jpg,Pustules,REJECTED,Cosmetic beauty filter / smoothed skin (blur score 20.28 < 30),3648,20.28,reject,N/A
white_head_-14-_jpg.rf.54a3b1c2e74c213db2af808f0877c312.jpg,Whiteheads,REMOVED,Duplicate of white_head_-14-_jpg.rf.446293d8f218c5becd0e1b10df6a1668.jpg,4612,72.96,duplicate,N/A
white_head_-14-_jpg.rf.1dc276277e7f6e0dda29de673132f5ea.jpg,Whiteheads,REMOVED,Duplicate of white_head_-14-_jpg.rf.446293d8f218c5becd0e1b10df6a1668.jpg,4612,65.92,duplicate,N/A
white_head_-14-_jpg.rf.96a6253fc1fdb164203a3847cfcdfd02.jpg,Whiteheads,REMOVED,Duplicate of white_head_-14-_jpg.rf.446293d8f218c5becd0e1b10df6a1668.jpg,4612,65.78,duplicate,N/A
white_head_-4-_jpg.rf.adf6e20bb4c8d0657008d72e95db3619.jpg,Whiteheads,REMOVED,Duplicate of white_head_-14-_jpg.rf.446293d8f218c5becd0e1b10df6a1668.jpg,4612,64.79,duplicate,N/A
white_head_-4-_jpg.rf.da41c871ba4e735f459253720d42dce3.jpg,Whiteheads,REMOVED,Duplicate of white_head_-14-_jpg.rf.446293d8f218c5becd0e1b10df6a1668.jpg,4612,64.49,duplicate,N/A
white_head_-14-_jpg.rf.ac385d401ba6a5e5921f491a777f2d25.jpg,Whiteheads,REMOVED,Duplicate of white_head_-14-_jpg.rf.446293d8f218c5becd0e1b10df6a1668.jpg,4612,56.94,duplicate,N/A
white_head_-14-_jpg.rf.3fc92be7813b37a13426ab57f200dbf6.jpg,Whiteheads,REMOVED,Duplicate of white_head_-14-_jpg.rf.446293d8f218c5becd0e1b10df6a1668.jpg,4612,56.85,duplicate,N/A
white_head_-12-_jpg.rf.26a6389ecdc1d07a9922bb7c738705df.jpg,Whiteheads,REMOVED,Duplicate of white_head_-14-_jpg.rf.446293d8f218c5becd0e1b10df6a1668.jpg,4612,54.88,duplicate,N/A
white_head_-12-_jpg.rf.80e39935746e05a90fe533f691030453.jpg,Whiteheads,REMOVED,Duplicate of white_head_-14-_jpg.rf.446293d8f218c5becd0e1b10df6a1668.jpg,4612,54.88,duplicate,N/A
white_head_-11-_jpg.rf.477fd552ee4a174603e5aac4468dffa5.jpg,Whiteheads,REMOVED,Duplicate of white_head_-14-_jpg.rf.446293d8f218c5becd0e1b10df6a1668.jpg,4612,53.67,duplicate,N/A
white_head_-11-_jpg.rf.83ba400fd8807213d346c4fe98acf594.jpg,Whiteheads,REMOVED,Duplicate of white_head_-14-_jpg.rf.446293d8f218c5becd0e1b10df6a1668.jpg,4612,53.64,duplicate,N/A
white_head_-11-_jpg.rf.2193f24fc08c4cd5e2f6185771659641.jpg,Whiteheads,REMOVED,Duplicate of white_head_-14-_jpg.rf.446293d8f218c5becd0e1b10df6a1668.jpg,4612,45.23,duplicate,N/A
white_head_-11-_jpg.rf.301a1e807270def41856d72eb89aa792.jpg,Whiteheads,REMOVED,Duplicate of white_head_-14-_jpg.rf.446293d8f218c5becd0e1b10df6a1668.jpg,4612,45.22,duplicate,N/A
white_head_-4-_jpg.rf.1f8bb6e0e1c90bc98083f7985ae777bd.jpg,Whiteheads,REMOVED,Duplicate of white_head_-14-_jpg.rf.446293d8f218c5becd0e1b10df6a1668.jpg,4612,45.11,duplicate,N/A
white_head_-4-_jpg.rf.a6669711289fc117e520e0fddd152266.jpg,Whiteheads,REMOVED,Duplicate of white_head_-14-_jpg.rf.446293d8f218c5becd0e1b10df6a1668.jpg,4612,45.00,duplicate,N/A
white_head_-4-_jpg.rf.b8653b0e300407921fdbe03b1452a9be.jpg,Whiteheads,REMOVED,Duplicate of white_head_-14-_jpg.rf.446293d8f218c5becd0e1b10df6a1668.jpg,4612,41.81,duplicate,N/A
white_head_-4-_jpg.rf.3b607d24f0da83b1938350ff0317094f.jpg,Whiteheads,REMOVED,Duplicate of white_head_-14-_jpg.rf.446293d8f218c5becd0e1b10df6a1668.jpg,4612,41.78,duplicate,N/A
white_head_-3-_jpg.rf.5f3a7eb395315d25ed67ec2bab0648b3.jpg,Whiteheads,REMOVED,Duplicate of white_head_-14-_jpg.rf.446293d8f218c5becd0e1b10df6a1668.jpg,4612,39.72,duplicate,N/A
white_head_-3-_jpg.rf.3c3c10e8637063804cf9b4b8ac96d921.jpg,Whiteheads,REMOVED,Duplicate of white_head_-14-_jpg.rf.446293d8f218c5becd0e1b10df6a1668.jpg,4612,39.69,duplicate,N/A
white_head_-5-_jpg.rf.8c39dfaaeba9581c1e67b52e98545456.jpg,Whiteheads,REMOVED,Duplicate of white_head_-14-_jpg.rf.446293d8f218c5becd0e1b10df6a1668.jpg,4612,34.93,duplicate,N/A
white_head_-5-_jpg.rf.7f5fb571f4b55b46725b2edac1e457df.jpg,Whiteheads,REMOVED,Duplicate of white_head_-14-_jpg.rf.446293d8f218c5becd0e1b10df6a1668.jpg,4612,34.80,duplicate,N/A
white_head_-8-_jpg.rf.a3664c3896f1c35209c077fca3c7453c.jpg,Whiteheads,REMOVED,Duplicate of white_head_-14-_jpg.rf.446293d8f218c5becd0e1b10df6a1668.jpg,4612,34.72,duplicate,N/A
white_head_-8-_jpg.rf.f3b9c5eda728185d6f4fda83c5786ddd.jpg,Whiteheads,REMOVED,Duplicate of white_head_-14-_jpg.rf.446293d8f218c5becd0e1b10df6a1668.jpg,4612,34.71,duplicate,N/A
white_head_-11-_jpg.rf.bf2772483a140f24143473ac4cc93cde.jpg,Whiteheads,REMOVED,Duplicate of white_head_-14-_jpg.rf.446293d8f218c5becd0e1b10df6a1668.jpg,4612,34.27,duplicate,N/A
white_head_-11-_jpg.rf.7bc85f79a68893bbf870fc5b96b5c7ab.jpg,Whiteheads,REMOVED,Duplicate of white_head_-14-_jpg.rf.446293d8f218c5becd0e1b10df6a1668.jpg,4612,34.25,duplicate,N/A
white_head_-1-_jpg.rf.16feebf714be47b1c7b37ef2d26207f3.jpg,Whiteheads,REMOVED,Duplicate of white_head_-14-_jpg.rf.446293d8f218c5becd0e1b10df6a1668.jpg,4612,32.18,duplicate,N/A
white_head_-1-_jpg.rf.df6c6ec7918f22ecd3d80f43af7514fd.jpg,Whiteheads,REMOVED,Duplicate of white_head_-14-_jpg.rf.446293d8f218c5becd0e1b10df6a1668.jpg,4612,32.17,duplicate,N/A
white_head_-18-_jpg.rf.94aa65bd726742281ffc0d077b380307.jpg,Whiteheads,REMOVED,Duplicate of white_head_-14-_jpg.rf.446293d8f218c5becd0e1b10df6a1668.jpg,4612,30.18,duplicate,N/A
white_head_-18-_jpg.rf.202858a0f6702ff3e1e2b204cf5eee6d.jpg,Whiteheads,REMOVED,Duplicate of white_head_-14-_jpg.rf.446293d8f218c5becd0e1b10df6a1668.jpg,4612,30.10,duplicate,N/A
white_head_-8-_jpg.rf.3569030f7d6314220df06b1fa5e32403.jpg,Whiteheads,REMOVED,Duplicate of white_head_-14-_jpg.rf.446293d8f218c5becd0e1b10df6a1668.jpg,4612,27.74,duplicate,N/A
white_head_-8-_jpg.rf.36bdebd4ab20c036943e6a23a9fc178c.jpg,Whiteheads,REMOVED,Duplicate of white_head_-14-_jpg.rf.446293d8f218c5becd0e1b10df6a1668.jpg,4612,27.73,duplicate,N/A
white_head_-16-_jpg.rf.5ed3c5f4366bfac8b52fba51ecbe38df.jpg,Whiteheads,REMOVED,Duplicate of white_head_-14-_jpg.rf.446293d8f218c5becd0e1b10df6a1668.jpg,4612,27.07,duplicate,N/A
white_head_-16-_jpg.rf.98399c8c63ed0b75f9392fef0c7e5dc1.jpg,Whiteheads,REMOVED,Duplicate of white_head_-14-_jpg.rf.446293d8f218c5becd0e1b10df6a1668.jpg,4612,26.94,duplicate,N/A
white_head_-15-_jpg.rf.6c3e02bc36a6a26f302dc03c523595e8.jpg,Whiteheads,REMOVED,Duplicate of white_head_-14-_jpg.rf.446293d8f218c5becd0e1b10df6a1668.jpg,4612,25.19,duplicate,N/A
white_head_-15-_jpg.rf.128e88e3a1cd7448cf9cbd6dcbc1d623.jpg,Whiteheads,REMOVED,Duplicate of white_head_-14-_jpg.rf.446293d8f218c5becd0e1b10df6a1668.jpg,4612,25.17,duplicate,N/A
white_head_-18-_jpg.rf.4c6931dfdb07ec1e00c73e76e60dd5b0.jpg,Whiteheads,REMOVED,Duplicate of white_head_-14-_jpg.rf.446293d8f218c5becd0e1b10df6a1668.jpg,4612,24.67,duplicate,N/A
white_head_-18-_jpg.rf.f0fbe5c39fd802b10c33f1a13d8d4ad7.jpg,Whiteheads,REMOVED,Duplicate of white_head_-14-_jpg.rf.446293d8f218c5becd0e1b10df6a1668.jpg,4612,24.64,duplicate,N/A
white_head_-4-_jpg.rf.a52a2051269c8602b6c68086cd0596e6.jpg,Whiteheads,REMOVED,Duplicate of white_head_-14-_jpg.rf.446293d8f218c5becd0e1b10df6a1668.jpg,4612,24.37,duplicate,N/A
white_head_-1-_jpg.rf.7054dce152d46e66600c853fd4cc4083.jpg,Whiteheads,REMOVED,Duplicate of white_head_-14-_jpg.rf.446293d8f218c5becd0e1b10df6a1668.jpg,4612,24.14,duplicate,N/A
white_head_-1-_jpg.rf.82b0ea5b03975d82c27a3f504289db71.jpg,Whiteheads,REMOVED,Duplicate of white_head_-14-_jpg.rf.446293d8f218c5becd0e1b10df6a1668.jpg,4612,24.13,duplicate,N/A
white_head_-18-_jpg.rf.9aaa7282478e1696f9bacd53dcaf9b5b.jpg,Whiteheads,REMOVED,Duplicate of white_head_-14-_jpg.rf.446293d8f218c5becd0e1b10df6a1668.jpg,4612,21.56,duplicate,N/A
white_head_-18-_jpg.rf.09fe3d5abe29ef5bf7252dff374b328e.jpg,Whiteheads,REMOVED,Duplicate of white_head_-14-_jpg.rf.446293d8f218c5becd0e1b10df6a1668.jpg,4612,21.48,duplicate,N/A
white_head_-12-_jpg.rf.e257f9ed77161282ead862da93da6e2c.jpg,Whiteheads,REMOVED,Duplicate of white_head_-14-_jpg.rf.446293d8f218c5becd0e1b10df6a1668.jpg,4612,19.71,duplicate,N/A
white_head_-4-_jpg.rf.c237b54cfb6f0896b7ce8ff5934d2bc8.jpg,Whiteheads,REMOVED,Duplicate of white_head_-14-_jpg.rf.446293d8f218c5becd0e1b10df6a1668.jpg,4612,16.72,duplicate,N/A
white_head_-1-_jpg.rf.31ec7e7590f6bde9c2cd01f3e6527faf.jpg,Whiteheads,REJECTED,Severe blur (variance 11.91 < 15),2586,11.91,reject,N/A
white_head_-1-_jpg.rf.4129fd7b6453289b08c4f025c14333a2.jpg,Whiteheads,REMOVED,Duplicate of white_head_-3-_jpg.rf.56c045c5e320d942e652c60c0158dca8.jpg,2694,15.09,duplicate,N/A
white_head_-1-_jpg.rf.6a5eb4bc36483ce0b742aea18c978f9a.jpg,Whiteheads,REMOVED,Duplicate of white_head_-1-_jpg.rf.ff1b93a128a9195950d48c8a90fabb00.jpg,3655,41.16,duplicate,N/A
white_head_-1-_jpg.rf.e6ece0461c40b25e11537a9ca7b99c03.jpg,Whiteheads,REMOVED,Duplicate of white_head_-1-_jpg.rf.6ee1b5b56779d2c88d4cfd2419152df0.jpg,2598,10.10,duplicate,N/A
white_head_-1-_jpg.rf.6ee1b5b56779d2c88d4cfd2419152df0.jpg,Whiteheads,REJECTED,Severe blur (variance 10.10 < 15),2598,10.10,reject,N/A
white_head_-13-_jpg.rf.13dcdc67e1becdf07df031cfc78fea13.jpg,Whiteheads,REMOVED,Duplicate of white_head_-13-_jpg.rf.397d64c7234637ad2537717e4eb5924b.jpg,3685,35.99,duplicate,N/A
white_head_-13-_jpg.rf.eb96001e07f303de68eee9f250c3a36e.jpg,Whiteheads,REMOVED,Duplicate of white_head_-13-_jpg.rf.397d64c7234637ad2537717e4eb5924b.jpg,3685,33.45,duplicate,N/A
white_head_-13-_jpg.rf.3687fdf23e25b76a1d8458d0dfa1e6f3.jpg,Whiteheads,REMOVED,Duplicate of white_head_-13-_jpg.rf.397d64c7234637ad2537717e4eb5924b.jpg,3685,33.38,duplicate,N/A
white_head_-3-_jpg.rf.f29af9d17194a9ee5d05a8231d225298.jpg,Whiteheads,REMOVED,Duplicate of white_head_-13-_jpg.rf.397d64c7234637ad2537717e4eb5924b.jpg,3685,27.65,duplicate,N/A
white_head_-3-_jpg.rf.047ae25355b39f40448f399ea2abeb80.jpg,Whiteheads,REMOVED,Duplicate of white_head_-13-_jpg.rf.397d64c7234637ad2537717e4eb5924b.jpg,3685,27.63,duplicate,N/A
white_head_-6-_jpg.rf.6290f554707d48081f025e832aeaeb30.jpg,Whiteheads,REMOVED,Duplicate of white_head_-13-_jpg.rf.397d64c7234637ad2537717e4eb5924b.jpg,3685,27.31,duplicate,N/A
white_head_-6-_jpg.rf.a4deb56eab187f8524374f5412aa4a0b.jpg,Whiteheads,REMOVED,Duplicate of white_head_-13-_jpg.rf.397d64c7234637ad2537717e4eb5924b.jpg,3685,27.19,duplicate,N/A
white_head_-1-_jpg.rf.792df4e2389c188ffc10b4489cc6efc8.jpg,Whiteheads,REMOVED,Duplicate of white_head_-13-_jpg.rf.397d64c7234637ad2537717e4eb5924b.jpg,3685,25.36,duplicate,N/A
white_head_-1-_jpg.rf.cbc0034bf1f5dc9c77a8aa3301bea988.jpg,Whiteheads,REMOVED,Duplicate of white_head_-13-_jpg.rf.397d64c7234637ad2537717e4eb5924b.jpg,3685,25.34,duplicate,N/A
white_head_-10-_jpg.rf.3d574033fa808d409ed275b31f522c8a.jpg,Whiteheads,REMOVED,Duplicate of white_head_-13-_jpg.rf.397d64c7234637ad2537717e4eb5924b.jpg,3685,17.90,duplicate,N/A
white_head_-10-_jpg.rf.c8906e632e4e5a989945403107ac1f30.jpg,Whiteheads,REMOVED,Duplicate of white_head_-13-_jpg.rf.397d64c7234637ad2537717e4eb5924b.jpg,3685,17.88,duplicate,N/A
white_head_-1-_jpg.rf.f449acc48dc868254b55409c4da6b551.jpg,Whiteheads,REMOVED,Duplicate of white_head_-1-_jpg.rf.883a983dbbbb0241aa5cd7b504e2189a.jpg,2599,46.99,duplicate,N/A
white_head_-1-_jpg.rf.a8df374a2b11acdf3f1fe85b3745de2a.jpg,Whiteheads,REJECTED,Severe blur (variance 11.00 < 15),2595,11.00,reject,N/A
white_head_-1-_png_jpg.rf.504ea5c35c33a68085b54ba5fc3d1da2.jpg,Whiteheads,REMOVED,Duplicate of white_head_-1-_png_jpg.rf.f790fea88f010ddab9f92d20df7de334.jpg,2606,69.78,duplicate,N/A
white_head_-1-_png_jpg.rf.a4806abe9cdbd72ed9aa65734389bf0e.jpg,Whiteheads,REMOVED,Duplicate of white_head_-1-_png_jpg.rf.932137c71ba5dfd3d8d8035b4d42c261.jpg,3656,20.93,duplicate,N/A
white_head_-10-_jpg.rf.47183cf062f297081abaf24a819a79fa.jpg,Whiteheads,REMOVED,Duplicate of white_head_-10-_jpg.rf.764f4d104556aa7539795b89966e5b0f.jpg,3659,46.03,duplicate,N/A
white_head_-10-_jpg.rf.039d8757948b79b14626cfbf32a8337f.jpg,Whiteheads,REMOVED,Duplicate of white_head_-10-_jpg.rf.764f4d104556aa7539795b89966e5b0f.jpg,3659,29.57,duplicate,N/A
white_head_-10-_jpg.rf.f8577df46c1189a88ff687fc8aa35581.jpg,Whiteheads,REMOVED,Duplicate of white_head_-10-_jpg.rf.764f4d104556aa7539795b89966e5b0f.jpg,3659,29.56,duplicate,N/A
white_head_-10-_jpg.rf.252a03048c2f9d01a5d62f8c840b1fba.jpg,Whiteheads,REMOVED,Duplicate of white_head_-10-_jpg.rf.817dffee4347e8d40681478254ffd0e8.jpg,3660,290.69,duplicate,N/A
white_head_-10-_jpg.rf.a18d85d5d50b49e55ced235a24a5e917.jpg,Whiteheads,REMOVED,Duplicate of white_head_-10-_jpg.rf.75e47f7e8e5b4dea5c6c9a106a1e96d0.jpg,4564,25.65,duplicate,N/A
white_head_-10-_jpg.rf.46b642aa2dcbeb7990ee6a0fb88a028e.jpg,Whiteheads,REMOVED,Duplicate of white_head_-10-_jpg.rf.75e47f7e8e5b4dea5c6c9a106a1e96d0.jpg,4564,19.02,duplicate,N/A
white_head_-10-_jpg.rf.03fee5487428bc8d5ea550b1c7deb0cc.jpg,Whiteheads,REMOVED,Duplicate of white_head_-10-_jpg.rf.75e47f7e8e5b4dea5c6c9a106a1e96d0.jpg,4564,19.01,duplicate,N/A
white_head_-10-_jpg.rf.4ba9a3fb31dc709b7071a7d92b853a37.jpg,Whiteheads,REJECTED,Severe blur (variance 8.02 < 15),2616,8.02,reject,N/A
white_head_-10-_jpg.rf.4f75d44da6ef32bcbbdbf28c7c371c2d.jpg,Whiteheads,REMOVED,Duplicate of white_head_-10-_jpg.rf.a866135b87718718a68bfd6dc89e3196.jpg,2624,207.85,duplicate,N/A
white_head_-10-_jpg.rf.a110845f9945cebb517bd500bd63df99.jpg,Whiteheads,REJECTED,Severe blur (variance 8.42 < 15),2621,8.42,reject,N/A
white_head_-10-_jpg.rf.d09e8031369ba567d33eaae8aec6fa80.jpg,Whiteheads,REJECTED,Severe blur (variance 7.89 < 15),2628,7.89,reject,N/A
white_head_-11-_jpg.rf.8e84b22a1f28b4f763eeb468ec9b3b45.jpg,Whiteheads,REMOVED,Duplicate of white_head_-11-_jpg.rf.101c75a0715827b53067c68152d2719f.jpg,2643,233.28,duplicate,N/A
white_head_-11-_jpg.rf.719ba4ac5946bd7dd404e5525a7b8b64.jpg,Whiteheads,REMOVED,Duplicate of white_head_-11-_jpg.rf.1d71af8cfa265ce55eaaae0f8dbf599f.jpg,2639,65.75,duplicate,N/A
white_head_-11-_jpg.rf.75bf2cfd5aefb471e18bfb8213676659.jpg,Whiteheads,REMOVED,Duplicate of white_head_-11-_jpg.rf.5891a9d06c8a4c9822539170635440db.jpg,4567,13.13,duplicate,N/A
white_head_-11-_jpg.rf.aee32d9f14810435ef3f8d9913cdd64c.jpg,Whiteheads,REMOVED,Duplicate of white_head_-11-_jpg.rf.8fc22facd189052e91b01b319a47b89c.jpg,2646,20.41,duplicate,N/A
white_head_-11-_jpg.rf.b968763df8ff73c324037ef9ee0ba053.jpg,Whiteheads,REMOVED,Duplicate of white_head_-11-_jpg.rf.f856e1edb32a2a2bdd91e5b75ab0f32d.jpg,2649,16.33,duplicate,N/A
white_head_-12-_jpg.rf.8850c417776b214c20f389e62bbba951.jpg,Whiteheads,REMOVED,Duplicate of white_head_-12-_jpg.rf.243d7a1aa171f47d4ebd74d2160ae251.jpg,4572,60.63,duplicate,N/A
white_head_-12-_jpg.rf.7978336a9d49060f3f8270f98875c421.jpg,Whiteheads,REMOVED,Duplicate of white_head_-12-_jpg.rf.18b921da59862252170d37af2bcee4bd.jpg,4570,552.04,duplicate,N/A
white_head_-12-_jpg.rf.f7e551887fe7accfe293404d372a5680.jpg,Whiteheads,REMOVED,Duplicate of white_head_-12-_jpg.rf.fde1e2ac81268256a5c2dfffb192e7b5.jpg,3664,178.62,duplicate,N/A
white_head_-13-_jpg.rf.0bf9932adf741bdb7acdcc334ce96de9.jpg,Whiteheads,REMOVED,Duplicate of white_head_-13-_jpg.rf.6173cb2f411a6a15d444411ef9485716.jpg,3665,172.88,duplicate,N/A
white_head_-13-_jpg.rf.7e35cc6f2d4039f04f79bacd48c96988.jpg,Whiteheads,REMOVED,Duplicate of white_head_-13-_jpg.rf.ccd492de62f3ba637b199344a0d6890a.jpg,4581,21.44,duplicate,N/A
white_head_-13-_jpg.rf.4cea3703a2322e2ceb61f7e17405701c.jpg,Whiteheads,REMOVED,Duplicate of white_head_-13-_jpg.rf.d2a879e12c6bac895a6f90b21937fb97.jpg,4577,26.86,duplicate,N/A
white_head_-13-_jpg.rf.a0da04a8abd67bb708689bafa7dbe441.jpg,Whiteheads,REMOVED,Duplicate of white_head_-13-_jpg.rf.d2a879e12c6bac895a6f90b21937fb97.jpg,4577,26.14,duplicate,N/A
white_head_-13-_jpg.rf.06feb7a40901e1d4e12ef81eef2303a0.jpg,Whiteheads,REMOVED,Duplicate of white_head_-13-_jpg.rf.d2a879e12c6bac895a6f90b21937fb97.jpg,4577,26.14,duplicate,N/A
white_head_-13-_jpg.rf.da3014f2e0d565d461e412c9736110a4.jpg,Whiteheads,REMOVED,Duplicate of white_head_-13-_jpg.rf.b99ae2b0ca77b7ba81e9e898cf119f3d.jpg,4580,29.20,duplicate,N/A
white_head_-14-_jpg.rf.7101806b79c33aaeed83850dc1bf6cbf.jpg,Whiteheads,REMOVED,Duplicate of white_head_-14-_jpg.rf.9b8ba13d5d052b2689c2ff465438effd.jpg,4589,19.25,duplicate,N/A
white_head_-14-_jpg.rf.5b9e1fdebb3d5fe8da8c2971f157ce92.jpg,Whiteheads,REMOVED,Duplicate of white_head_-14-_jpg.rf.d533cebc4486f8d4154a2ee3682063b9.jpg,4588,8.08,duplicate,N/A
white_head_-14-_jpg.rf.d533cebc4486f8d4154a2ee3682063b9.jpg,Whiteheads,REJECTED,Severe blur (variance 8.09 < 15),4588,8.09,reject,N/A
white_head_-14-_jpg.rf.f132db2b636c3a9ba8c544b17d043395.jpg,Whiteheads,REMOVED,Duplicate of white_head_-14-_jpg.rf.f1555ddb480bc8034fe5bf72156d1c4d.jpg,4585,46.48,duplicate,N/A
white_head_-14-_jpg.rf.11f3407559dfa625ae3854a246682da6.jpg,Whiteheads,REMOVED,Duplicate of white_head_-14-_jpg.rf.f1555ddb480bc8034fe5bf72156d1c4d.jpg,4585,45.88,duplicate,N/A
white_head_-14-_jpg.rf.205712f8496110981d3e0b57fa41075a.jpg,Whiteheads,REMOVED,Duplicate of white_head_-14-_jpg.rf.f1555ddb480bc8034fe5bf72156d1c4d.jpg,4585,45.81,duplicate,N/A
white_head_-15-_jpg.rf.0ba1700a8a8fe55dec516963ce36c702.jpg,Whiteheads,REMOVED,Duplicate of white_head_-15-_jpg.rf.5a07f5f2b35c69ec3b73babbdaaf49ef.jpg,3669,216.57,duplicate,N/A
white_head_-17-_jpg.rf.0d5ac77e1110b3a81596b3a61bd3cb87.jpg,Whiteheads,REMOVED,Duplicate of white_head_-17-_jpg.rf.2baf4eb4f41011221eabf3a4f870c1db.jpg,3674,64.77,duplicate,N/A
white_head_-17-_jpg.rf.f4727e7e805fffd1f1edeb4d7e378bd8.jpg,Whiteheads,REMOVED,Duplicate of white_head_-17-_jpg.rf.518159a2002467013ca4b2615d5ef911.jpg,3676,72.91,duplicate,N/A
white_head_-17-_jpg.rf.c3a97893673da8afe05d96d24b207532.jpg,Whiteheads,REMOVED,Duplicate of white_head_-17-_jpg.rf.238eb835904996e23d7ab481a2d9f996.jpg,3675,40.62,duplicate,N/A
white_head_-2-_jpg.rf.98b08dde9ba36e1dbbd408dad44ce6ba.jpg,Whiteheads,REMOVED,Duplicate of white_head_-2-_jpg.rf.380b5223ba7a0f66ee1da7109e1789c5.jpg,2683,33.61,duplicate,N/A
white_head_-2-_jpg.rf.e05b9c09039ca8c4e9b640d4c9665881.jpg,Whiteheads,REMOVED,Duplicate of white_head_-2-_jpg.rf.bd3f08954bac7cf413e4d61bfaf0e2f0.jpg,2687,40.89,duplicate,N/A
white_head_-2-_jpg.rf.efa36bf335be3c15f78c887063312d94.jpg,Whiteheads,REMOVED,Duplicate of white_head_-2-_jpg.rf.89beb330ce83ea2d394b982d019a81d7.jpg,4597,41.13,duplicate,N/A
white_head_-3-_jpg.rf.0b75c8452feb7362040ee2709074c30d.jpg,Whiteheads,REMOVED,Duplicate of white_head_-3-_jpg.rf.ae239cfd657d587bc08ee07fcbdb009d.jpg,2698,37.78,duplicate,N/A
white_head_-3-_jpg.rf.1455a3430e38f51ab40a3999e29c6ab2.jpg,Whiteheads,REMOVED,Duplicate of white_head_-3-_jpg.rf.ae239cfd657d587bc08ee07fcbdb009d.jpg,2698,17.26,duplicate,N/A
white_head_-3-_jpg.rf.5ec6914ef8102b094e610c619f116ba7.jpg,Whiteheads,REJECTED,Severe blur (variance 14.82 < 15),2695,14.82,reject,N/A
white_head_-3-_jpg.rf.65ca04f78792857e2cc7358dea1e763f.jpg,Whiteheads,REJECTED,Severe blur (variance 11.87 < 15),2697,11.87,reject,N/A
white_head_-3-_jpg.rf.d0582689608e708c7c72e6cfda8b0879.jpg,Whiteheads,REMOVED,Duplicate of white_head_-3-_jpg.rf.c3ff295749f11cbe1e8afb98f56bfb96.jpg,4599,15.49,duplicate,N/A
white_head_-3-_jpg.rf.562ec6a09abae7d69f1044431e473998.jpg,Whiteheads,REMOVED,Duplicate of white_head_-3-_jpg.rf.d2e53b261f57e10307bf5ab177c7bf45.jpg,4598,64.32,duplicate,N/A
white_head_-3-_jpg.rf.db719cb698b17c6614c4751a99de3c00.jpg,Whiteheads,REMOVED,Duplicate of white_head_-3-_jpg.rf.ef6c610989792db6d4a2b5e5f09f9ebf.jpg,2706,225.04,duplicate,N/A
white_head_-3-_jpg.rf.df6138665abeffcdc2ccca3eb5671a17.jpg,Whiteheads,REJECTED,Severe blur (variance 14.12 < 15),2703,14.12,reject,N/A
white_head_-3-_png_jpg.rf.0649189fbd2b2832432365c5171d7774.jpg,Whiteheads,REMOVED,Duplicate of white_head_-3-_png_jpg.rf.610b20693b5cad607d1ca9d0e70cac00.jpg,2711,308.41,duplicate,N/A
blackhead-32-_JPG_jpg.rf.3d28a19a8518692e03212d514f9dae28.jpg,Blackheads,REMOVED,Duplicate of blackhead-32-_JPG_jpg.rf.9a2610c0c810aa388bf699f34125603a.jpg,4600,58.39,duplicate,N/A
white_head_-3-_png_jpg.rf.12e5ae3ba57ea76181e4cbccf19c8594.jpg,Whiteheads,REMOVED,Duplicate of blackhead-32-_JPG_jpg.rf.9a2610c0c810aa388bf699f34125603a.jpg,4600,9.66,duplicate,N/A
white_head_-3-_png_jpg.rf.2db6ec01d04e3f07e28e47f8934b705b.jpg,Whiteheads,REMOVED,Duplicate of blackhead-32-_JPG_jpg.rf.9a2610c0c810aa388bf699f34125603a.jpg,4600,9.66,duplicate,N/A
white_head_-3-_png_jpg.rf.8fbf7621afdbbcc7870249dfc08a2b1a.jpg,Whiteheads,REMOVED,Duplicate of white_head_-3-_png_jpg.rf.aff2392b0eca046d4aa597fd8a733fbc.jpg,2714,98.09,duplicate,N/A
white_head_-4-_jpg.rf.23eaffa695dd87126f22d42cd8c35176.jpg,Whiteheads,REMOVED,Duplicate of white_head_-4-_jpg.rf.2ae762979460dd27015e22130d3a310f.jpg,3687,63.73,duplicate,N/A
white_head_-4-_jpg.rf.85e9348c8c2539dc03105c87cd72f878.jpg,Whiteheads,REMOVED,Duplicate of white_head_-4-_jpg.rf.47ff51b7e4cdac5c6dfe5cb156d2f701.jpg,2726,84.14,duplicate,N/A
white_head_-4-_jpg.rf.70d4fafeb3ca1b9a184e588a7a03e3a0.jpg,Whiteheads,REMOVED,Duplicate of white_head_-4-_jpg.rf.a3bbf6758f1464a4a4346a047ac0036e.jpg,2728,81.83,duplicate,N/A
white_head_-5-_jpg.rf.f4fd7260dddd07b29fe1384eedcffa99.jpg,Whiteheads,REMOVED,Duplicate of white_head_-5-_jpg.rf.4416e9a98c22e2750f709b6f0cc7a777.jpg,2745,14.39,duplicate,N/A
white_head_-5-_jpg.rf.4416e9a98c22e2750f709b6f0cc7a777.jpg,Whiteheads,REJECTED,Severe blur (variance 14.39 < 15),2745,14.39,reject,N/A
white_head_-5-_jpg.rf.be191fed70612290774da63b5815cc92.jpg,Whiteheads,REJECTED,Severe blur (variance 14.68 < 15),2738,14.68,reject,N/A
white_head_-5-_jpg.rf.ec270a4f18c9504b16c284ce873a7281.jpg,Whiteheads,REMOVED,Duplicate of white_head_-5-_jpg.rf.d24fc57254bc1535cf458f2d01ebcaed.jpg,2740,20.93,duplicate,N/A
white_head_-5-_jpg.rf.f278c3e65b8d467f3ea1d4be1d5ddd17.jpg,Whiteheads,REMOVED,Duplicate of white_head_-5-_jpg.rf.f120c46b1eec7a852301e97628d061fc.jpg,2743,112.29,duplicate,N/A
white_head_-9-_jpg.rf.461647d46bd848de11e24d70bd6a06fa.jpg,Whiteheads,REMOVED,Duplicate of white_head_-9-_jpg.rf.344d7e18ea70ee4f365f35528fab0188.jpg,3696,46.80,duplicate,N/A
white_head_-9-_jpg.rf.6b1c7bf333e365469c8492344de68110.jpg,Whiteheads,REMOVED,Duplicate of white_head_-9-_jpg.rf.344d7e18ea70ee4f365f35528fab0188.jpg,3696,16.78,duplicate,N/A
white_head_-9-_jpg.rf.b6eaaa5efb44d80ee13c9ecec1f4d616.jpg,Whiteheads,REMOVED,Duplicate of white_head_-9-_jpg.rf.344d7e18ea70ee4f365f35528fab0188.jpg,3696,16.76,duplicate,N/A
white_head_-6-_jpg.rf.0631231eba0158770487192a593906e1.jpg,Whiteheads,REMOVED,Duplicate of white_head_-9-_jpg.rf.344d7e18ea70ee4f365f35528fab0188.jpg,3696,14.15,duplicate,N/A
white_head_-6-_jpg.rf.afb0e148d6d464095a7e1b2674c963ba.jpg,Whiteheads,REMOVED,Duplicate of white_head_-9-_jpg.rf.344d7e18ea70ee4f365f35528fab0188.jpg,3696,14.15,duplicate,N/A
white_head_-6-_jpg.rf.4aeca26d2e11474c3cd9834a0fc1dc0f.jpg,Whiteheads,REMOVED,Duplicate of white_head_-6-_jpg.rf.86ba43a58a1ff5908fd74e76db102b7c.jpg,3695,36.07,duplicate,N/A
white_head_-6-_jpg.rf.77ea2dee8fe30287ad37191d1ddc06ab.jpg,Whiteheads,REMOVED,Duplicate of white_head_-6-_jpg.rf.86ba43a58a1ff5908fd74e76db102b7c.jpg,3695,30.03,duplicate,N/A
white_head_-6-_jpg.rf.1c884cbfe877c4ed757b83cf40e8eba5.jpg,Whiteheads,REMOVED,Duplicate of white_head_-6-_jpg.rf.86ba43a58a1ff5908fd74e76db102b7c.jpg,3695,29.60,duplicate,N/A
white_head_-6-_jpg.rf.8e0e5c5b9ad9f6b1b92a06921e5d35cb.jpg,Whiteheads,REMOVED,Duplicate of white_head_-6-_jpg.rf.264541b93eb71e582f2bb8a1388d10d6.jpg,4616,36.81,duplicate,N/A
white_head_-6-_jpg.rf.de132aaa488307a38bfd8daf73080db5.jpg,Whiteheads,REMOVED,Duplicate of white_head_-6-_jpg.rf.264541b93eb71e582f2bb8a1388d10d6.jpg,4616,30.94,duplicate,N/A
white_head_-6-_jpg.rf.e625a79d4cec61abc1e6819d1ff8e05f.jpg,Whiteheads,REMOVED,Duplicate of white_head_-6-_jpg.rf.264541b93eb71e582f2bb8a1388d10d6.jpg,4616,30.94,duplicate,N/A
white_head_-9-_jpg.rf.f087e01a6cfdec49ce15d64d1ba599de.jpg,Whiteheads,REMOVED,Duplicate of white_head_-6-_jpg.rf.264541b93eb71e582f2bb8a1388d10d6.jpg,4616,14.05,duplicate,N/A
white_head_-9-_jpg.rf.c41373f7bd0f70eba0d9ceaa5ee579d8.jpg,Whiteheads,REMOVED,Duplicate of white_head_-6-_jpg.rf.264541b93eb71e582f2bb8a1388d10d6.jpg,4616,14.05,duplicate,N/A
white_head_-6-_jpg.rf.98b84a94ea428465af8b8c5c248d39be.jpg,Whiteheads,REMOVED,Duplicate of white_head_-6-_jpg.rf.264541b93eb71e582f2bb8a1388d10d6.jpg,4616,11.13,duplicate,N/A
white_head_-6-_jpg.rf.2243ec2726b78328b12c43ed32543852.jpg,Whiteheads,REMOVED,Duplicate of white_head_-6-_jpg.rf.264541b93eb71e582f2bb8a1388d10d6.jpg,4616,11.13,duplicate,N/A
white_head_-6-_jpg.rf.5d73b8c1b618f7594c926c7843f47728.jpg,Whiteheads,REJECTED,Severe blur (variance 14.35 < 15),2751,14.35,reject,N/A
white_head_-6-_jpg.rf.9dfa9f07904900155b6b4f0a768af184.jpg,Whiteheads,REJECTED,Severe blur (variance 10.51 < 15),2758,10.51,reject,N/A
white_head_-6-_jpg.rf.a067eee69c04424e1f4a4c2512c4dce2.jpg,Whiteheads,REMOVED,Duplicate of white_head_-9-_jpg.rf.b1d95f7513256675017937555c714ae8.jpg,2773,68.07,duplicate,N/A
white_head_-8-_jpg.rf.2191987c8973ac560861c7c95c5524f6.jpg,Whiteheads,REJECTED,Severe blur (variance 11.87 < 15),2764,11.87,reject,N/A
white_head_-8-_jpg.rf.b8dedab23699068b7a77200ed58a4f7d.jpg,Whiteheads,REJECTED,Severe blur (variance 13.62 < 15),2767,13.62,reject,N/A
blackhead-10-_JPG_jpg.rf.0fe787a4f910d83b76190dd81c8557e4.jpg,Blackheads,REMOVED,Duplicate of blackhead-10-_JPG_jpg.rf.d7a92d9bd2f374afe1aeda6974fd052c.jpg,3700,35.91,duplicate,N/A
blackhead-15-_jpg.rf.daa389bda5d56d42123e40bcb08113ae.jpg,Blackheads,REMOVED,Duplicate of blackhead-15-_jpg.rf.2fe0f54ea783ab47d3a431b855981877.jpg,2785,79.33,duplicate,N/A
blackhead-17-_JPG_jpg.rf.614e92c8ba2120ef00684352df625547.jpg,Blackheads,REMOVED,Duplicate of blackhead-17-_JPG_jpg.rf.5c770dc497fc820dd42aeafbd2657937.jpg,3709,16.07,duplicate,N/A
blackhead-17-_JPG_jpg.rf.5c770dc497fc820dd42aeafbd2657937.jpg,Blackheads,REJECTED,Severe blur (variance 16.07 < 20),3709,16.07,reject,N/A
blackhead-19-_jpg.rf.d5cc637e3f9ddd3d18c99455ed4f9b26.jpg,Blackheads,REMOVED,Duplicate of blackhead-19-_jpg.rf.79230319fddec605d6d20994f6a2575b.jpg,3714,17.59,duplicate,N/A
blackhead-19-_jpg.rf.79230319fddec605d6d20994f6a2575b.jpg,Blackheads,REJECTED,Severe blur (variance 17.59 < 20),3714,17.59,reject,N/A
blackhead-19-_jpg.rf.8bca4d673873d0608a824de127362b3e.jpg,Blackheads,REMOVED,Duplicate of blackhead-19-_jpg.rf.cb3be8f8bb3519d4c93a085270351454.jpg,3713,31.65,duplicate,N/A
blackhead-24-_jpg.rf.650d6c909fc7f2142b8355008b1a03bd.jpg,Blackheads,REMOVED,Duplicate of blackhead-24-_jpg.rf.b6a6397c03c40af3320ab49b4a1b9f3a.jpg,3724,26.92,duplicate,N/A
blackhead-24-_jpg.rf.b6a6397c03c40af3320ab49b4a1b9f3a.jpg,Blackheads,REJECTED,Cosmetic beauty filter / smoothed skin (blur score 26.93 < 30),3724,26.93,reject,N/A
blackhead-26-_jpg.rf.97b4cb0e6bf48daa13d36359c4aacea1.jpg,Blackheads,REMOVED,Duplicate of blackhead-26-_jpg.rf.a137df5c4f7ce82faae13c0e09d035d1.jpg,3730,74.98,duplicate,N/A
blackhead-45-_JPG_jpg.rf.2abfc6df69b07b7ab408f051cc6c8903.jpg,Blackheads,REMOVED,Duplicate of blackhead-45-_JPG_jpg.rf.d9ee360e70af9556f53807b811891fbb.jpg,3762,23.70,duplicate,N/A
blackhead-45-_JPG_jpg.rf.d9ee360e70af9556f53807b811891fbb.jpg,Blackheads,REJECTED,Cosmetic beauty filter / smoothed skin (blur score 23.70 < 30),3762,23.70,reject,N/A
blackhead-46-_jpg.rf.7a67a89bf4c07a1dbc1cef6a553554a7.jpg,Blackheads,REMOVED,Duplicate of blackhead-46-_jpg.rf.793301da365660c720ef7ed17ff3fb7a.jpg,2835,32.58,duplicate,N/A
blackhead-48-_jpg.rf.2c8e6c4d8c89f0d08e0c9c6027787328.jpg,Blackheads,REMOVED,Duplicate of blackhead-48-_jpg.rf.98db1791a12c68342bf5270b30e3721e.jpg,3770,44.68,duplicate,N/A
blackhead-53-_JPG_jpg.rf.3d488c9eabe35b6a1863950897bb5725.jpg,Blackheads,REMOVED,Duplicate of blackhead-53-_JPG_jpg.rf.77f75674f7758f856f03ac3a99178533.jpg,3781,44.55,duplicate,N/A
blackhead-65-_JPG_jpg.rf.68574a60032e901345f274f8db50a1dd.jpg,Blackheads,REMOVED,Duplicate of blackhead-65-_JPG_jpg.rf.1ea2ffdf5c6ddd4b004dc897d10c3b3b.jpg,2860,44.36,duplicate,N/A
blackhead-66-_JPG_jpg.rf.3aaf8271ac49ca1e981dfa631f43d647.jpg,Blackheads,REMOVED,Duplicate of blackhead-66-_JPG_jpg.rf.04d3e05fbc6d01393ea77ec500302a94.jpg,2862,25.30,duplicate,N/A
blackhead-66-_JPG_jpg.rf.04d3e05fbc6d01393ea77ec500302a94.jpg,Blackheads,REJECTED,Cosmetic beauty filter / smoothed skin (blur score 25.34 < 30),2862,25.34,reject,N/A
Pustule-5-_jpg.rf.fdcac75364bb048d6d5f7d9c8d992763.jpg,Pustules,REMOVED,Duplicate of blackhead-67-_jpg.rf.45d6f474a96f397c3317a80fb0b5357b.jpg,4554,21.75,duplicate,N/A
Pustule-5-_jpg.rf.f0186c7df4fc159b90c49ddc99bc53cd.jpg,Pustules,REMOVED,Duplicate of blackhead-67-_jpg.rf.45d6f474a96f397c3317a80fb0b5357b.jpg,4554,21.70,duplicate,N/A
blackhead-7-_JPG_jpg.rf.6eace421de4d795f8515b7a8a380ece8.jpg,Blackheads,REMOVED,Duplicate of blackhead-7-_JPG_jpg.rf.0a56e6dce16541fd413bd6c0a46e68c4.jpg,2874,29.00,duplicate,N/A
blackhead-7-_JPG_jpg.rf.0a56e6dce16541fd413bd6c0a46e68c4.jpg,Blackheads,REJECTED,Cosmetic beauty filter / smoothed skin (blur score 29.00 < 30),2874,29.00,reject,N/A
blackhead-73-_JPG_jpg.rf.f0ad74d40347b47f1eb41a650905f2f8.jpg,Blackheads,REMOVED,Duplicate of blackhead-73-_JPG_jpg.rf.1d8b77930400c0e37d7e75034abc69f5.jpg,3808,22.33,duplicate,N/A
blackhead-73-_JPG_jpg.rf.1d8b77930400c0e37d7e75034abc69f5.jpg,Blackheads,REJECTED,Cosmetic beauty filter / smoothed skin (blur score 22.47 < 30),3808,22.47,reject,N/A
blackhead-76-_JPG_jpg.rf.d490ecc9027c0e18061afeb58dd45d99.jpg,Blackheads,REMOVED,Duplicate of blackhead-76-_JPG_jpg.rf.d220357daa598af85ec4c453f25febd2.jpg,3815,5.89,duplicate,N/A
blackhead-76-_JPG_jpg.rf.d220357daa598af85ec4c453f25febd2.jpg,Blackheads,REJECTED,Severe blur (variance 5.89 < 20),3815,5.89,reject,N/A
blackhead-9-_JPG_jpg.rf.e6d0fa1f94fb5c7c0abce1f4ee5dfda0.jpg,Blackheads,REMOVED,Duplicate of blackhead-9-_JPG_jpg.rf.8e3bd864ab1bb09ab0e2a8d2a771a6b9.jpg,2891,75.43,duplicate,N/A
blackhead_122_jpg.rf.30c82bf2cad049ecb967a5124045a32c.jpg,Blackheads,REJECTED,Cosmetic beauty filter / smoothed skin (blur score 22.07 < 30),2892,22.07,reject,N/A
blackhead_122_jpg.rf.6023d3de6a16b7244abb823c0fc13a38.jpg,Blackheads,REMOVED,Duplicate of blackhead_122_jpg.rf.3dbe3a3294d8698637e55e1ab3d5a1f8.jpg,3828,54.92,duplicate,N/A
blackhead_202_jpg.rf.444e853c5560358a70be8ae990016deb.jpg,Blackheads,REMOVED,Duplicate of blackhead_202_jpg.rf.0a4e583ec10560afe61c44e923b4b5bf.jpg,2910,100.71,duplicate,N/A
blackhead_202_jpg.rf.aa975e65cbd1ea50f13cbf266eb0a85f.jpg,Blackheads,REMOVED,Duplicate of blackhead_202_jpg.rf.29b36d3d54d2af6ceb62913045d6ba3a.jpg,2914,28.93,duplicate,N/A
blackhead_202_jpg.rf.29b36d3d54d2af6ceb62913045d6ba3a.jpg,Blackheads,REJECTED,Cosmetic beauty filter / smoothed skin (blur score 28.94 < 30),2914,28.94,reject,N/A
blackhead_242_jpg.rf.a387b707c6ba479ef06af16f5edbbe4c.jpg,Blackheads,REMOVED,Duplicate of blackhead_242_jpg.rf.444e5ed3526bd14b90d433d18b5146df.jpg,2924,6.72,duplicate,N/A
blackhead_242_jpg.rf.444e5ed3526bd14b90d433d18b5146df.jpg,Blackheads,REJECTED,Severe blur (variance 6.72 < 20),2924,6.72,reject,N/A
blackhead_266_jpg.rf.a8693c24a6a2e3e91e1e7f7acc26b622.jpg,Blackheads,REMOVED,Duplicate of blackhead_266_jpg.rf.96adc0897bbecae79099395819083abc.jpg,2931,44.87,duplicate,N/A
blackhead_266_jpg.rf.d0bae6a409a57dc2a97f84ec921a3d71.jpg,Blackheads,REMOVED,Duplicate of blackhead_266_jpg.rf.e2c0a17baaefaa64806904f79781503c.jpg,3859,46.07,duplicate,N/A
blackhead_266_jpg.rf.bf27116f8c10cb8d39b03e590ddb6a7c.jpg,Blackheads,REMOVED,Duplicate of blackhead_266_jpg.rf.edfad084b62740ae18c7976f909f107e.jpg,3857,61.68,duplicate,N/A
blackhead_536_jpg.rf.9fbeccafe81eee0574e8517af8f35217.jpg,Blackheads,REMOVED,Duplicate of blackhead_536_jpg.rf.0a0934963ace4c6d4d5d4a25e7f00b14.jpg,3874,41.32,duplicate,N/A
blackhead_546_jpg.rf.7ab262f6612d0a83f44118b75b7ec831.jpg,Blackheads,REMOVED,Duplicate of blackhead_546_jpg.rf.7e8437717434868a2dcccee013198504.jpg,3884,55.90,duplicate,N/A
blackhead_548_jpg.rf.815c3c7d18502683b0e32387be24a990.jpg,Blackheads,REMOVED,Duplicate of blackhead_548_jpg.rf.3ba445b54a3c82dfd1fb46c6bba5b00e.jpg,3895,73.93,duplicate,N/A
blackhead_548_jpg.rf.35253c82330875626496eb40f3065734.jpg,Blackheads,REMOVED,Duplicate of blackhead_548_jpg.rf.98d559656a42850c8d7d4a7f4a1d3b77.jpg,3894,57.27,duplicate,N/A
blackhead_554_jpg.rf.3c8ac2646ced98f25beabb93838a3b50.jpg,Blackheads,REMOVED,Duplicate of blackhead_554_jpg.rf.ded18f51e55c99d26b4039f028f3eadd.jpg,3909,56.74,duplicate,N/A
blackhead_581_jpg.rf.00840a1930c66d6e9bbf22fcda05ce10.jpg,Blackheads,REMOVED,Duplicate of blackhead_581_jpg.rf.c01ea323d44b71c60a52eede88966615.jpg,3913,97.56,duplicate,N/A
blackhead_581_jpg.rf.15b21fc8bc5ed84657c7e95e2597dbc4.jpg,Blackheads,REMOVED,Duplicate of blackhead_581_jpg.rf.3f296102dbbea15398722ff163455a5e.jpg,2975,69.16,duplicate,N/A
blackhead_602_jpg.rf.10910bedea70c9a9d10b1b3522dcea43.jpg,Blackheads,REMOVED,Duplicate of blackhead_602_jpg.rf.30153dfb9ab4d367847900dd32ac1389.jpg,2984,128.48,duplicate,N/A
blackhead_602_jpg.rf.5c3c4bf73dbc1d0f9e8233914e9a1e76.jpg,Blackheads,REMOVED,Duplicate of blackhead_602_jpg.rf.18950123716cfaebfd2b8d6ae8a9405d.jpg,2987,36.14,duplicate,N/A
blackhead_602_jpg.rf.833f9bb6754558a828cd8210d16b2b80.jpg,Blackheads,REMOVED,Duplicate of blackhead_602_jpg.rf.92108ca710cb4a61a6ee6f4bc80d783b.jpg,3927,13.17,duplicate,N/A
blackhead_602_jpg.rf.bc616629b181ab21c264af9890bc3ad3.jpg,Blackheads,REMOVED,Duplicate of blackhead_602_jpg.rf.92108ca710cb4a61a6ee6f4bc80d783b.jpg,3927,13.10,duplicate,N/A
blackhead_602_jpg.rf.ee6e38ff797790735b423ad2cc2c0652.jpg,Blackheads,REMOVED,Duplicate of blackhead_602_jpg.rf.92108ca710cb4a61a6ee6f4bc80d783b.jpg,3927,13.10,duplicate,N/A
blackhead_602_jpg.rf.92108ca710cb4a61a6ee6f4bc80d783b.jpg,Blackheads,REJECTED,Severe blur (variance 13.17 < 20),3927,13.17,reject,N/A
blackhead_602_jpg.rf.9ac40b078b9d3ecee518acd2c25af108.jpg,Blackheads,REMOVED,Duplicate of blackhead_602_jpg.rf.708a1d0de62b50de46af6849fa519b94.jpg,3920,71.39,duplicate,N/A
blackhead_70_jpg.rf.58715024633c293619608aaad5e5a8f5.jpg,Blackheads,REMOVED,Duplicate of blackhead_70_jpg.rf.4badeb597fd1ec8ffae07a7c5a74fb4c.jpg,3948,72.11,duplicate,N/A
blackhead_70_jpg.rf.bead1b11546893d082de0aa7807e073a.jpg,Blackheads,REMOVED,Duplicate of blackhead_70_jpg.rf.68e7d44567d3313001ec0ddeb30109c8.jpg,3950,45.52,duplicate,N/A
blackhead_79_jpg.rf.3d97a768c3d4b768f92533811d2ff08f.jpg,Blackheads,REJECTED,Severe blur (variance 2.40 < 20),3009,2.40,reject,N/A
blackhead_79_jpg.rf.03e3ee54ee0e9521cd7ec6696b97e1b3.jpg,Blackheads,REMOVED,Duplicate of blackhead_79_jpg.rf.44ac66ade9ce334e87d15fb9b2cb5c92.jpg,3956,61.60,duplicate,N/A
blackhead_79_jpg.rf.4feaf4d6e180f817b6a6e496bd90ab7b.jpg,Blackheads,REMOVED,Duplicate of blackhead_79_jpg.rf.f42d32c94f2e21ce7aa60b0030f9ebf4.jpg,3958,106.17,duplicate,N/A
cystic_acne_-100-_jpg.rf.027d31fdea45b9601765241d8dd23381.jpg,Cyst,REMOVED,Duplicate of cystic_acne_-100-_jpg.rf.cb8716bc104b4023335648ab2f465e29.jpg,3036,25.49,duplicate,N/A
cystic_acne_-100-_jpg.rf.cb8716bc104b4023335648ab2f465e29.jpg,Cyst,REJECTED,Cosmetic beauty filter / smoothed skin (blur score 25.50 < 30),3036,25.50,reject,N/A
cystic_acne_-100-_jpg.rf.3dc0c90344c007cbdd1cf2fe453c1441.jpg,Cyst,REMOVED,Duplicate of cystic_acne_-100-_jpg.rf.e15511849b9cec5b50320151a48187f9.jpg,3038,73.83,duplicate,N/A
cystic_acne_-100-_jpg.rf.56a1c5bf7a8a657d6d861b3cac07c771.jpg,Cyst,REMOVED,Duplicate of cystic_acne_-100-_jpg.rf.c310f3abbf38b0390cd64f26ba6dbc36.jpg,3035,78.60,duplicate,N/A
cystic_acne_-100-_jpg.rf.cccadddf52c30c7b41cd7b37ee2a6ceb.jpg,Cyst,REMOVED,Duplicate of cystic_acne_-100-_jpg.rf.0fda0cd8bc603beec33abc8c9ed5a9d3.jpg,3974,340.71,duplicate,N/A
cystic_acne_-106-_jpg.rf.b2626199764e4102a0b1e47b3c1a6a95.jpg,Cyst,REMOVED,Duplicate of cystic_acne_-106-_jpg.rf.4e510c26f88dc0a68e5f5dd53f7733dc.jpg,3047,69.15,duplicate,N/A
cystic_acne_-106-_jpg.rf.c7a79affc3672823ee6d8a16c3c10a1c.jpg,Cyst,REMOVED,Duplicate of cystic_acne_-106-_jpg.rf.c361e02bc8a8cf43a3c12a24628566a0.jpg,3049,103.24,duplicate,N/A
cystic_acne_-136-_jpg.rf.53b0d60c5b3d7b8bac2351428706618d.jpg,Cyst,REMOVED,Duplicate of cystic_acne_-136-_jpg.rf.238189fc249d920265b5f74cf50df5d7.jpg,4000,377.04,duplicate,N/A
cystic_acne_-149-_jpg.rf.6c75e2b8d7ac4400da881a69192c6e92.jpg,Cyst,REMOVED,Duplicate of cystic_acne_-149-_jpg.rf.0def3916c308eb4f457e88634bc33eb5.jpg,3072,123.90,duplicate,N/A
cystic_acne_-149-_jpg.rf.1517cf6236a57b82ba606d762c08dccd.jpg,Cyst,REMOVED,Duplicate of cystic_acne_-149-_jpg.rf.e71a31af402413444fee7db3912fe10b.jpg,4017,92.00,duplicate,N/A
cystic_acne_-149-_jpg.rf.567048c9e397aba372a47a4223d344f0.jpg,Cyst,REMOVED,Duplicate of cystic_acne_-149-_jpg.rf.4a89995f9f28f1362321f7c79eba6ca1.jpg,3068,46.57,duplicate,N/A
cystic_acne_-149-_jpg.rf.f4364603d70d9352c5ca6e28700d1587.jpg,Cyst,REMOVED,Duplicate of cystic_acne_-149-_jpg.rf.626989f20b94a7432932900f2e28efc5.jpg,3075,284.54,duplicate,N/A
cystic_acne_-168-_jpg.rf.464c2c6e02577eb7fe5e36f7ffe02cfa.jpg,Cyst,REMOVED,Duplicate of cystic_acne_-168-_jpg.rf.2b2f3814345cc25316a04441b7d86d97.jpg,4033,170.78,duplicate,N/A
cystic_acne_-168-_jpg.rf.7ae0cd978e99c1fe637c4fb31f7aea01.jpg,Cyst,REMOVED,Duplicate of cystic_acne_-168-_jpg.rf.ba3927836836f51023eb38975a3c4662.jpg,4037,58.59,duplicate,N/A
cystic_acne_-168-_jpg.rf.d91105a18009944c777f850e0989be84.jpg,Cyst,REMOVED,Duplicate of cystic_acne_-168-_jpg.rf.c9cfed9f4191f9745b28851a1ae19390.jpg,3084,47.97,duplicate,N/A
cystic_acne_-175-_jpg.rf.6b484155e935b00d6ad61164d3fdd783.jpg,Cyst,REMOVED,Duplicate of cystic_acne_-175-_jpg.rf.8e9523978436fab08a955a8263f29226.jpg,3095,143.32,duplicate,N/A
cystic_acne_-181-_jpg.rf.c2f22ca532472131a94a76d1e8d6a264.jpg,Cyst,REMOVED,Duplicate of cystic_acne_-181-_jpg.rf.01076016cd7d38fa49966788130e1109.jpg,4052,353.22,duplicate,N/A
cystic_acne_-181-_jpg.rf.f0b51fcc1affb596259fa04f9fb290d2.jpg,Cyst,REMOVED,Duplicate of cystic_acne_-181-_jpg.rf.9984d74d026359176e1f71bd37d2f3cc.jpg,3111,12.72,duplicate,N/A
cystic_acne_-181-_jpg.rf.9984d74d026359176e1f71bd37d2f3cc.jpg,Cyst,REJECTED,Severe blur (variance 12.72 < 20),3111,12.72,reject,N/A
cystic_acne_-25-_jpg.rf.43ab309efbb1d97782e8db53193d876b.jpg,Cyst,REMOVED,Duplicate of cystic_acne_-25-_jpg.rf.3c751c2a8b3e4fcc94f46adda702bbe2.jpg,3116,67.09,duplicate,N/A
cystic_acne_-25-_jpg.rf.c167cc75a9087c86af8a5362d41af16f.jpg,Cyst,REMOVED,Duplicate of cystic_acne_-25-_jpg.rf.b56480baaadde4a813df3af14343f802.jpg,4061,67.73,duplicate,N/A
cystic_acne_-25-_jpg.rf.c35a247c198f4b97f5b8d9b78de33a33.jpg,Cyst,REMOVED,Duplicate of cystic_acne_-25-_jpg.rf.e4d83877d5c37d9b61cd84a2f0160c5e.jpg,4062,207.35,duplicate,N/A
cystic_acne_-4-_jpg.rf.f4d7cf80de93a7d1019705dfa5c0aac0.jpg,Cyst,REMOVED,Duplicate of cystic_acne_-4-_jpg.rf.5a9ec41660bc2f8e032fe8af6828ff95.jpg,3140,49.02,duplicate,N/A
cystic_acne_-4-_jpg.rf.5db76a6a08662f353348b66e9f7d49a2.jpg,Cyst,REMOVED,Duplicate of cystic_acne_-4-_jpg.rf.5312ece5075379f1a3c67395e271dd4d.jpg,4063,280.24,duplicate,N/A
cystic_acne_-4-_jpg.rf.9eb4779750a25b445d9c3fd1bcb50772.jpg,Cyst,REMOVED,Duplicate of cystic_acne_-4-_jpg.rf.6e55b7876664ddd0bea277a15fe7b998.jpg,4069,80.60,duplicate,N/A
cystic_acne_-4-_jpg.rf.f0b29afc0d492182d766b272357199eb.jpg,Cyst,REMOVED,Duplicate of cystic_acne_-4-_jpg.rf.71516a7f6cee9f9f66c04d64d7abe234.jpg,4067,20.80,duplicate,N/A
cystic_acne_-4-_jpg.rf.71516a7f6cee9f9f66c04d64d7abe234.jpg,Cyst,REJECTED,Cosmetic beauty filter / smoothed skin (blur score 20.81 < 30),4067,20.81,reject,N/A
cystic_acne_-43-_jpg.rf.663a63a3f8db98b49dc31f9459c9e3b4.jpg,Cyst,REMOVED,Duplicate of cystic_acne_-43-_jpg.rf.805c9525b8ccafcccde08559030ba335.jpg,3148,67.15,duplicate,N/A
cystic_acne_-43-_jpg.rf.21bdbc6459187c72377bc63bf59d2c68.jpg,Cyst,REMOVED,Duplicate of cystic_acne_-43-_jpg.rf.e7067263ccb663394ec8afd22859d889.jpg,4077,73.68,duplicate,N/A
cystic_acne_-5-_jpg.rf.2196f2bbdbbba5939111905fb9bbcb83.jpg,Cyst,REMOVED,Duplicate of cystic_acne_-5-_jpg.rf.619ce6e620ebf91b8803c555377801d0.jpg,4092,84.54,duplicate,N/A
cystic_acne_-5-_jpg.rf.856b23a8150094e0253bc295e605499b.jpg,Cyst,REMOVED,Duplicate of cystic_acne_-5-_jpg.rf.a91ab0bbd4329b5bdc3812e093c8f472.jpg,4094,233.97,duplicate,N/A
cystic_acne_-6-_jpg.rf.7b56cc50853d0f7608743911983b927f.jpg,Cyst,REMOVED,Duplicate of cystic_acne_-6-_jpg.rf.a6bd53dd9385fe89173a066e7425b356.jpg,4098,81.92,duplicate,N/A
cystic_acne_-6-_jpg.rf.cf4e12a951dd6ef0b5666899772868de.jpg,Cyst,REMOVED,Duplicate of cystic_acne_-6-_jpg.rf.da447e499a2b10d075ce7469f9ed5dab.jpg,4103,97.36,duplicate,N/A
cystic_acne_-68-_jpg.rf.1b27d1b3b264fbbe34a596bfa27bf874.jpg,Cyst,REMOVED,Duplicate of cystic_acne_-68-_jpg.rf.fa14a91b941c92e76bb7cb1fa29eba50.jpg,4109,44.87,duplicate,N/A
cystic_acne_-68-_jpg.rf.fcc7477a093a0efb773a7ff89507991a.jpg,Cyst,REMOVED,Duplicate of cystic_acne_-68-_jpg.rf.f8d399de9d172b74a654b2c5b22ed012.jpg,3199,55.84,duplicate,N/A
cystic_acne_-84-_jpg.rf.554831244810546a6cf7467fdeae7d2b.jpg,Cyst,REMOVED,Duplicate of cystic_acne_-84-_jpg.rf.48b59fcc2a8fea4eb33c7fd0543f9fe4.jpg,4115,65.40,duplicate,N/A
cystic_acne_-84-_jpg.rf.d7d48d6bee682a25e24af0b93a121563.jpg,Cyst,REMOVED,Duplicate of cystic_acne_-84-_jpg.rf.f264b9b09d2a84f9cbb65278aa1b45ae.jpg,4131,212.26,duplicate,N/A
cystic_acne_-90-_jpg.rf.28e526e6d9103286dbfc5326f21affc3.jpg,Cyst,REMOVED,Duplicate of cystic_acne_-90-_jpg.rf.ce23037ad7b94b5c14b73f6904559d6e.jpg,4134,65.23,duplicate,N/A
papular_acne_-100-_jpg.rf.cb41b506ed107614d82b520fff0a9f81.jpg,Papules,REMOVED,Duplicate of papular_acne_-100-_jpg.rf.94bb4a0e303423306dfb428a5abccfe0.jpg,3232,49.91,duplicate,N/A
papular_acne_-106-_jpg.rf.43efef4cb39a4c175f0926a3ed6de5e6.jpg,Papules,REMOVED,Duplicate of papular_acne_-106-_jpg.rf.a24898d08f84a8d38527e570248a7252.jpg,3240,88.60,duplicate,N/A
papular_acne_-13-_jpg.rf.14f770011dc078aafa312ec5da2d20d0.jpg,Papules,REMOVED,Duplicate of papular_acne_-13-_jpg.rf.fe0a0dd207f94828d3ec7fa14746aaeb.jpg,4174,108.93,duplicate,N/A
papular_acne_-13-_jpg.rf.fc77c820fbf2cef94e639ab5d1e3ed63.jpg,Papules,REMOVED,Duplicate of papular_acne_-13-_jpg.rf.d14ebf11d6101489ac8aee0a4a69bf01.jpg,3248,81.16,duplicate,N/A
papular_acne_-14-_jpg.rf.0b9b26ac66d24c3ce3f9c42ae84ddb38.jpg,Papules,REMOVED,Duplicate of papular_acne_-14-_jpg.rf.ca7a970a2bad421774a52136ea826d01.jpg,4183,82.63,duplicate,N/A
papular_acne_-14-_jpg.rf.fc0295c5c8e406ada790ac78e23b6639.jpg,Papules,REMOVED,Duplicate of papular_acne_-14-_jpg.rf.ec3f28ecf87630a7021a2346f8a1f8f7.jpg,3259,71.40,duplicate,N/A
papular_acne_-17-_jpg.rf.49fe0cfa6dc158025ff79ef21be88ba3.jpg,Papules,REMOVED,Duplicate of papular_acne_-17-_jpg.rf.e215679afba6fec1a2a41060cb531907.jpg,4187,8.13,duplicate,N/A
papular_acne_-17-_jpg.rf.e215679afba6fec1a2a41060cb531907.jpg,Papules,REJECTED,Severe blur (variance 8.13 < 20),4187,8.13,reject,N/A
papular_acne_-17-_jpg.rf.01c2901faf2c4922f371becc56b048c1.jpg,Papules,REMOVED,Duplicate of papular_acne_-17-_jpg.rf.bcb00406d208a1bee57708104c75b040.jpg,4185,98.25,duplicate,N/A
papular_acne_-3-_jpg.rf.558bf02410b4dca208f57927bebdf085.jpg,Papules,REMOVED,Duplicate of papular_acne_-3-_jpg.rf.093cc6574025bc33d7a926547c111957.jpg,4198,101.67,duplicate,N/A
papular_acne_-3-_jpg.rf.a656e120e356b975fd835d77ad855a4a.jpg,Papules,REMOVED,Duplicate of papular_acne_-3-_jpg.rf.7119a00d166f07daff8c9713de0bb59d.jpg,4201,53.93,duplicate,N/A
papular_acne_-37-_jpg.rf.4ef7ac55db9d3cb328300fcd944d56fc.jpg,Papules,REMOVED,Duplicate of papular_acne_-37-_jpg.rf.178f14bf38cf6b55995c999aae8271d3.jpg,4206,59.61,duplicate,N/A
papular_acne_-50-_jpg.rf.dc23249751dc5a7b85e5a0e375b4f66c.jpg,Papules,REMOVED,Duplicate of papular_acne_-50-_jpg.rf.26963aa7999557022b47cafb9f390df1.jpg,3315,98.26,duplicate,N/A
papular_acne_-56-_jpg.rf.9cb4c602416b0b2cd546e03dc17c5fa1.jpg,Papules,REMOVED,Duplicate of papular_acne_-56-_jpg.rf.098025e8b9906945f5511bd2b74b0acd.jpg,4242,33.53,duplicate,N/A
papular_acne_-56-_jpg.rf.d03f510aa78e50fb8971629f133c5d6d.jpg,Papules,REMOVED,Duplicate of papular_acne_-56-_jpg.rf.5363eb2d97322ec22a5b391a465b3848.jpg,4246,83.36,duplicate,N/A
papular_acne_-65-_jpg.rf.831a3210ad68e50dd2c14b078f60f34e.jpg,Papules,REMOVED,Duplicate of papular_acne_-65-_jpg.rf.6dcd24d76dd53e0f5f447e806b37dfc4.jpg,4255,71.22,duplicate,N/A
papular_acne_-65-_jpg.rf.3cf2d25b04a088a4d8332634b33ab83f.jpg,Papules,REMOVED,Duplicate of papular_acne_-65-_jpg.rf.6dcd24d76dd53e0f5f447e806b37dfc4.jpg,4255,63.52,duplicate,N/A
papular_acne_-65-_jpg.rf.04603650999e535bcf78ea68bdb86dbf.jpg,Papules,REMOVED,Duplicate of papular_acne_-65-_jpg.rf.6dcd24d76dd53e0f5f447e806b37dfc4.jpg,4255,63.40,duplicate,N/A
papular_acne_-65-_jpg.rf.e630c1b95668a04a973cc166faa7e8fc.jpg,Papules,REMOVED,Duplicate of papular_acne_-65-_jpg.rf.8823e3577564879ca13dc66da6fde436.jpg,4257,90.60,duplicate,N/A
papular_acne_-77-_jpg.rf.7a1fc56cfc47bfd07d0ab94050df826d.jpg,Papules,REMOVED,Duplicate of papular_acne_-77-_jpg.rf.20b031a3c7b3c228433e09275ec8481b.jpg,4269,36.14,duplicate,N/A
papular_acne_-77-_jpg.rf.c6258001204ba6a249410d67a21927bc.jpg,Papules,REMOVED,Duplicate of papular_acne_-77-_jpg.rf.252e1ec43e6dc7378b54bde7e302e4e9.jpg,4271,15.09,duplicate,N/A
papular_acne_-77-_jpg.rf.252e1ec43e6dc7378b54bde7e302e4e9.jpg,Papules,REJECTED,Severe blur (variance 15.09 < 20),4271,15.09,reject,N/A
papular_acne_-77-_jpg.rf.ea5d2ad30809c56d8edde861245190ca.jpg,Papules,REMOVED,Duplicate of papular_acne_-77-_jpg.rf.c974838310a28fa58b9450534d2a5239.jpg,3357,32.52,duplicate,N/A
papular_acne_-89-_jpg.rf.3008ef801a3271b1024ef6ce0c745a05.jpg,Papules,REMOVED,Duplicate of papular_acne_-89-_jpg.rf.1328de959369e41c50907b27f41a423c.jpg,3371,26.54,duplicate,N/A
papular_acne_-89-_jpg.rf.1328de959369e41c50907b27f41a423c.jpg,Papules,REJECTED,Cosmetic beauty filter / smoothed skin (blur score 26.56 < 30),3371,26.56,reject,N/A
papular_acne_-90-_jpg.rf.f377f7fdabb414e19198f04f447310db.jpg,Papules,REMOVED,Duplicate of papular_acne_-90-_jpg.rf.64fcfb88c092389dbddb3a625d64d360.jpg,4290,58.86,duplicate,N/A
papular_acne_-90-_jpg.rf.f4944a218bfca4a93a2ce715c092d63f.jpg,Papules,REMOVED,Duplicate of papular_acne_-90-_jpg.rf.71166d792719e00a7790604efd4153ec.jpg,4291,7.48,duplicate,N/A
papular_acne_-90-_jpg.rf.71166d792719e00a7790604efd4153ec.jpg,Papules,REJECTED,Severe blur (variance 7.48 < 20),4291,7.48,reject,N/A
papular_acne_-91-_jpg.rf.65b001d2163f73d659a7da3ecff584f7.jpg,Papules,REJECTED,Cosmetic beauty filter / smoothed skin (blur score 25.66 < 30),3391,25.66,reject,N/A
papular_acne_-97-_jpg.rf.98a74194893ecc7bf7e26aab25c76ddd.jpg,Papules,REMOVED,Duplicate of papular_acne_-97-_jpg.rf.49e8aea4fd3944cebc43557d0cafe915.jpg,3400,100.34,duplicate,N/A
papular_acne_-98-_jpg.rf.09c05555d8dd793614c68f14c70ff6f7.jpg,Papules,REMOVED,Duplicate of papular_acne_-98-_jpg.rf.9b7b7fac351d7e6644cea49f07b83708.jpg,4308,52.58,duplicate,N/A
papular_acne_-98-_jpg.rf.fa0f74e9ae1d8c5d73015ae433d39999.jpg,Papules,REMOVED,Duplicate of papular_acne_-98-_jpg.rf.e2efca3c971f1f7c56b0e55fb6cdef8d.jpg,3414,48.51,duplicate,N/A
Papule19_JPG_jpg.rf.f54f55f83faef9e1747e29f0ca829bd9.jpg,Papules,REMOVED,Duplicate of Papule19_JPG_jpg.rf.b9bfe4deb57db687a73df1538cd0c7b2.jpg,4335,10.07,duplicate,N/A
Papule19_JPG_jpg.rf.b9bfe4deb57db687a73df1538cd0c7b2.jpg,Papules,REJECTED,Severe blur (variance 10.07 < 20),4335,10.07,reject,N/A
Papule5_JPG_jpg.rf.adfeee49ff8e539179a3c692b311920e.jpg,Papules,REMOVED,Duplicate of Papule5_JPG_jpg.rf.51eeb1708a51b9bac1296e6a811d8d8e.jpg,4345,9.92,duplicate,N/A
Papule5_JPG_jpg.rf.51eeb1708a51b9bac1296e6a811d8d8e.jpg,Papules,REJECTED,Severe blur (variance 9.92 < 20),4345,9.92,reject,N/A
Papule5_JPG_jpg.rf.ebc9af87594cf874846bf4f6d9fa7cc6.jpg,Papules,REMOVED,Duplicate of Papule5_JPG_jpg.rf.acba13751a3ad3dc59e57494e0058faf.jpg,4346,10.05,duplicate,N/A
Papule5_JPG_jpg.rf.acba13751a3ad3dc59e57494e0058faf.jpg,Papules,REJECTED,Severe blur (variance 10.05 < 20),4346,10.05,reject,N/A
Papule7_JPG_jpg.rf.68b749d482505a65cd06624918cab611.jpg,Papules,REMOVED,Duplicate of Papule7_JPG_jpg.rf.3dd7922bcf3aa3d369d6ce4aa5c01cf1.jpg,4349,63.34,duplicate,N/A
Papule7_JPG_jpg.rf.d94cd717d3ad7315744618f9a3553f8c.jpg,Papules,REMOVED,Duplicate of Papule7_JPG_jpg.rf.7e0c3cc571f95b678698d162bf4d09e6.jpg,4350,63.15,duplicate,N/A
pustular_acne_-101-_jpg.rf.ab71aafd1cb4c272a941eaf269836e8b.jpg,Pustules,REMOVED,Duplicate of pustular_acne_-101-_jpg.rf.808f34b3105ecde98633224b1f6cc129.jpg,3435,46.47,duplicate,N/A
pustular_acne_-123-_jpg.rf.091b6721247f9651b95c2efbfe8550a5.jpg,Pustules,REMOVED,Duplicate of pustular_acne_-123-_jpg.rf.7d2c405c91c7061dab2352f0e2c4080f.jpg,4360,307.81,duplicate,N/A
pustular_acne_-123-_jpg.rf.3101391d5f2694f3a67f17273ebf1de9.jpg,Pustules,REMOVED,Duplicate of pustular_acne_-123-_jpg.rf.7d2c405c91c7061dab2352f0e2c4080f.jpg,4360,306.86,duplicate,N/A
pustular_acne_-123-_jpg.rf.d8146b80e6017ffbef3bbcafc28bb794.jpg,Pustules,REMOVED,Duplicate of pustular_acne_-123-_jpg.rf.7d2c405c91c7061dab2352f0e2c4080f.jpg,4360,306.70,duplicate,N/A
pustular_acne_-123-_jpg.rf.b195c49e37596784038fddd882db6e24.jpg,Pustules,REJECTED,Severe blur (variance 18.07 < 20),3447,18.07,reject,N/A
pustular_acne_-123-_jpg.rf.b8a18a05ca35e7285d4766b50c6fd3ef.jpg,Pustules,REMOVED,Duplicate of pustular_acne_-123-_jpg.rf.80762da0365b540a03731e635d77bbf5.jpg,4363,68.47,duplicate,N/A
pustular_acne_-123-_jpg.rf.d34cf0db76466e9b074a4e173bd7fead.jpg,Pustules,REJECTED,Severe blur (variance 19.04 < 20),3450,19.04,reject,N/A
pustular_acne_-193-_jpg.rf.c56e3e21708740228677853cef454285.jpg,Pustules,REMOVED,Duplicate of pustular_acne_-193-_jpg.rf.f9799ef6ba55c4453a61982b27704f58.jpg,3470,31.73,duplicate,N/A
pustular_acne_-289-_jpg.rf.d863a2aa771ac9b3808e6c079c42f207.jpg,Pustules,REMOVED,Duplicate of pustular_acne_-289-_jpg.rf.dad08f31a7ecc637bba86151ac338a16.jpg,3476,40.83,duplicate,N/A
pustular_acne_-31-_jpg.rf.61aa4a245831b42ec8ee43f68d1c4873.jpg,Pustules,REMOVED,Duplicate of pustular_acne_-31-_jpg.rf.d1baaada0971a8ae98732b348ca0ce61.jpg,4404,28.63,duplicate,N/A
pustular_acne_-31-_jpg.rf.d1baaada0971a8ae98732b348ca0ce61.jpg,Pustules,REJECTED,Cosmetic beauty filter / smoothed skin (blur score 28.68 < 30),4404,28.68,reject,N/A
pustular_acne_-317-_jpg.rf.00c882571d7348d1f2f84eb68dba5820.jpg,Pustules,REMOVED,Duplicate of pustular_acne_-317-_jpg.rf.ecf238756efb031cf6821d5b1aab30b5.jpg,3504,83.11,duplicate,N/A
pustular_acne_-338-_jpg.rf.63d0f40fc850d2c0d821201c1622ac99.jpg,Pustules,REMOVED,Duplicate of pustular_acne_-338-_jpg.rf.5db97d00b05d0c9115c3851e2adfd7db.jpg,4435,53.72,duplicate,N/A
pustular_acne_-338-_jpg.rf.642e8623995bc5e220be11c84ec546e7.jpg,Pustules,REMOVED,Duplicate of pustular_acne_-338-_jpg.rf.c49900471ecc96c189ceb2ddd1d268eb.jpg,4442,49.82,duplicate,N/A
pustular_acne_-338-_jpg.rf.6bbdc9b67bc104a1a37c00c8c30291f8.jpg,Pustules,REMOVED,Duplicate of pustular_acne_-338-_jpg.rf.b8a839ee3ef178ba1797b22de3746d70.jpg,4441,77.15,duplicate,N/A
pustular_acne_-339-_jpg.rf.e81a3ba9e454172936cea0e29c8e3a62.jpg,Pustules,REMOVED,Duplicate of pustular_acne_-339-_jpg.rf.bce1d0e33dcce92ae1aa1cdbbf9cc0eb.jpg,4450,80.76,duplicate,N/A
pustular_acne_-339-_jpg.rf.4f297ad5ae13880504f3d8bc42e4fe88.jpg,Pustules,REMOVED,Duplicate of pustular_acne_-339-_jpg.rf.ed6e0ac181f8c10ede3203bba7dfee8f.jpg,4446,103.39,duplicate,N/A
pustular_acne_-35-_jpg.rf.07fa823e193fc066ceb6631646f47209.jpg,Pustules,REMOVED,Duplicate of pustular_acne_-35-_jpg.rf.9ddfd523b61bafa718e7411a3b722818.jpg,4462,91.21,duplicate,N/A
pustular_acne_-35-_jpg.rf.d5a4eeb78e881cdc9ef481b996ea3322.jpg,Pustules,REMOVED,Duplicate of pustular_acne_-35-_jpg.rf.747c7094329e63e7afb318f982ccb122.jpg,4468,24.92,duplicate,N/A
pustular_acne_-35-_jpg.rf.747c7094329e63e7afb318f982ccb122.jpg,Pustules,REJECTED,Cosmetic beauty filter / smoothed skin (blur score 24.94 < 30),4468,24.94,reject,N/A
pustular_acne_-6-_jpg.rf.38704f079d19c0b49f2509bc3280171d.jpg,Pustules,REMOVED,Duplicate of pustular_acne_-6-_jpg.rf.63cd5a30736aa283094e12c10c6f3cdf.jpg,3557,28.97,duplicate,N/A
pustular_acne_-6-_jpg.rf.63cd5a30736aa283094e12c10c6f3cdf.jpg,Pustules,REJECTED,Cosmetic beauty filter / smoothed skin (blur score 28.99 < 30),3557,28.99,reject,N/A
pustular_acne_-6-_jpg.rf.3b051fdc314329ce6078db9ab096a8c4.jpg,Pustules,REMOVED,Duplicate of pustular_acne_-6-_jpg.rf.673b840c1fa680a809a802585d3ebeac.jpg,4477,59.22,duplicate,N/A
pustular_acne_-6-_jpg.rf.f2414b8134c687a3aa101e208ad4aadc.jpg,Pustules,REMOVED,Duplicate of pustular_acne_-6-_jpg.rf.b64293261c59365687a4861ef7bc7f46.jpg,3559,41.99,duplicate,N/A
pustular_acne_-77-_jpg.rf.f07f68463395c9ad10a37c30bae88d4b.jpg,Pustules,REMOVED,Duplicate of pustular_acne_-77-_jpg.rf.2540b283aeb4d7f3be66fd66134b9bbe.jpg,4495,365.87,duplicate,N/A
pustular_acne_-77-_jpg.rf.6a409045fbd9d639fa0d7bd04f6ac326.jpg,Pustules,REMOVED,Duplicate of pustular_acne_-77-_jpg.rf.dbf483cd18055e6bd365741dde5ab6ea.jpg,4492,49.04,duplicate,N/A
pustular_acne_-77-_jpg.rf.a78e8441318631dd34e1d5e2f700c64f.jpg,Pustules,REMOVED,Duplicate of pustular_acne_-77-_jpg.rf.1750159bd0969a650ab87b85bebb5094.jpg,4482,68.45,duplicate,N/A
pustular_acne_-77-_jpg.rf.ffed8c951dd84b45b405fbda102e02a8.jpg,Pustules,REMOVED,Duplicate of pustular_acne_-77-_jpg.rf.fb0a3c83f6c883ae05a101bf69bc9364.jpg,3573,50.18,duplicate,N/A
pustular_acne_-81-_jpg.rf.3bdfc9138cbfc86fa9b74806cce5d123.jpg,Pustules,REMOVED,Duplicate of pustular_acne_-81-_jpg.rf.1b35aa13376a4db8e2d1094a3f91a16d.jpg,4497,70.12,duplicate,N/A
pustular_acne_-81-_jpg.rf.9c7e10fa1ee69cc377286b172f1ed6bb.jpg,Pustules,REMOVED,Duplicate of pustular_acne_-81-_jpg.rf.220d62b4243e2200e1fdfc2be68e2d52.jpg,3579,344.53,duplicate,N/A
pustular_acne_-83-_jpg.rf.5a3f7766386e9e29b2b3846c489d0ed8.jpg,Pustules,REMOVED,Duplicate of pustular_acne_-83-_jpg.rf.6635b84c2b8880006d5aa1c9b1bda58a.jpg,4506,126.21,duplicate,N/A
pustular_acne_-86-_jpg.rf.bb676c9bb051ae74a5244f4a6dd58ad7.jpg,Pustules,REMOVED,Duplicate of pustular_acne_-86-_jpg.rf.87016b9fbaac6a4599462a67871de1d9.jpg,4515,61.59,duplicate,N/A
Pustule-14-_jpg.rf.4deddd01392f607d544fb9b2389b5de0.jpg,Pustules,REMOVED,Duplicate of Pustule-14-_jpg.rf.bbde9a9c56a6c47b4d75a97284407771.jpg,3609,41.46,duplicate,N/A
Pustule-15-_jpg.rf.f63658a4495f9918bdd4af2bf549396d.jpg,Pustules,REMOVED,Duplicate of Pustule-15-_jpg.rf.a3294fd569971fbe034093b2f2539a06.jpg,3612,4.94,duplicate,N/A
Pustule-15-_jpg.rf.a3294fd569971fbe034093b2f2539a06.jpg,Pustules,REJECTED,Severe blur (variance 4.94 < 20),3612,4.94,reject,N/A
Pustule-16-_JPG_jpg.rf.007ac32bb641bd6cdeb247e0bc8f2f7d.jpg,Pustules,REMOVED,Duplicate of Pustule-16-_JPG_jpg.rf.93f59b6561fdda07154211ea98727847.jpg,4529,73.72,duplicate,N/A
Pustule-20-_JPG_jpg.rf.3b5759ab7ee6f35d971ba525344500cc.jpg,Pustules,REMOVED,Duplicate of Pustule-20-_JPG_jpg.rf.179350bbc5b10b61f26da0ca43fa38b1.jpg,3624,111.56,duplicate,N/A
Pustule-20-_JPG_jpg.rf.6b95b24cd920821a002f7b4c0f987a23.jpg,Pustules,REMOVED,Duplicate of Pustule-20-_JPG_jpg.rf.e755ff62b764dcc6f61bc5a4374b6a69.jpg,4534,65.54,duplicate,N/A
Pustule-23-_JPG_jpg.rf.b02b4efd1c51b09d63e9c4df5b21bf87.jpg,Pustules,REMOVED,Duplicate of Pustule-23-_JPG_jpg.rf.6436b9f4ca496239f078ccf6aafc45da.jpg,4538,14.12,duplicate,N/A
Pustule-23-_JPG_jpg.rf.6436b9f4ca496239f078ccf6aafc45da.jpg,Pustules,REJECTED,Severe blur (variance 14.12 < 20),4538,14.12,reject,N/A
Pustule-4-_jpg.rf.c62574de848aea02505f0a969680cbf2.jpg,Pustules,REMOVED,Duplicate of Pustule-4-_jpg.rf.6e87ff114d1094605396471a259fda00.jpg,4551,16.42,duplicate,N/A
Pustule-4-_jpg.rf.6e87ff114d1094605396471a259fda00.jpg,Pustules,REJECTED,Severe blur (variance 16.53 < 20),4551,16.53,reject,N/A
white_head_-1-_jpg.rf.2d02fd8e60c8f6c785e90ffa04771ab6.jpg,Whiteheads,REJECTED,Severe blur (variance 9.69 < 15),3651,9.69,reject,N/A
white_head_-1-_jpg.rf.e36119e47590d56f5d371109ceaca667.jpg,Whiteheads,REJECTED,Severe blur (variance 12.59 < 15),3654,12.59,reject,N/A
white_head_-10-_jpg.rf.332aa29046cbc40a4dcf9af8a2ea6baa.jpg,Whiteheads,REJECTED,Severe blur (variance 11.87 < 15),3658,11.87,reject,N/A
white_head_-14-_jpg.rf.68e032e31f459a028b2dae8af0d53ff4.jpg,Whiteheads,REMOVED,Duplicate of white_head_-14-_jpg.rf.cfb22b1f7537700ebaa0d357720d000f.jpg,4592,89.74,duplicate,N/A
white_head_-15-_jpg.rf.d1774ab87fdcaa6fd7e0d2329c7a7089.jpg,Whiteheads,REMOVED,Duplicate of white_head_-15-_jpg.rf.7f463ed4657a368bfeffc34e853516bb.jpg,4593,472.25,duplicate,N/A
white_head_-4-_jpg.rf.ec62ddda0e1fee60a9d87b32927915c5.jpg,Whiteheads,REMOVED,Duplicate of white_head_-4-_jpg.rf.73193f9b1730f38ad5933a5a99e35a99.jpg,3689,21.06,duplicate,N/A
white_head_-6-_jpg.rf.791bb434534f761fbb4bcf895355b7f1.jpg,Whiteheads,REJECTED,Severe blur (variance 13.46 < 15),3694,13.46,reject,N/A
white_head_-8-_jpg.rf.013f31f010179f74c8de0b202b7bb32d.jpg,Whiteheads,REJECTED,Severe blur (variance 11.72 < 15),3698,11.72,reject,N/A
blackhead-29-_jpg.rf.b853f8a025f5272a2c639871c8b80814.jpg,Blackheads,REMOVED,Duplicate of blackhead-29-_jpg.rf.adc2d13c1df7980f2019c7e14c0ac82a.jpg,3736,21.22,duplicate,N/A
blackhead-29-_jpg.rf.adc2d13c1df7980f2019c7e14c0ac82a.jpg,Blackheads,REJECTED,Cosmetic beauty filter / smoothed skin (blur score 21.22 < 30),3736,21.22,reject,N/A
blackhead-31-_JPG_jpg.rf.c0e6188c6c5d267020c422094dc37ea0.jpg,Blackheads,REJECTED,Cosmetic beauty filter / smoothed skin (blur score 23.15 < 30),3743,23.15,reject,N/A
blackhead-45-_JPG_jpg.rf.57e46ee8211553e48f7cc2e42e26afc7.jpg,Blackheads,REMOVED,Duplicate of blackhead-45-_JPG_jpg.rf.c22dc0a04764c96c0833b5e5ebda8067.jpg,3764,35.95,duplicate,N/A
blackhead-53-_JPG_jpg.rf.719c2124e6a0c27683b3ed6daac727c8.jpg,Blackheads,REMOVED,Duplicate of blackhead-53-_JPG_jpg.rf.95aeea03cc84d91eb977921a5f8c5ad6.jpg,3782,31.61,duplicate,N/A
blackhead-54-_JPG_jpg.rf.8b556a7c989e9c999778e582db2457a2.jpg,Blackheads,REMOVED,Duplicate of blackhead-54-_JPG_jpg.rf.555711390481373165d048fd4e26cc5a.jpg,3785,53.67,duplicate,N/A
blackhead-66-_JPG_jpg.rf.12c3fc71946a414bfe353a59006842a7.jpg,Blackheads,REMOVED,Duplicate of blackhead-66-_JPG_jpg.rf.123423685a5083b37c7f71398666a108.jpg,3803,8.99,duplicate,N/A
blackhead-66-_JPG_jpg.rf.123423685a5083b37c7f71398666a108.jpg,Blackheads,REJECTED,Severe blur (variance 8.99 < 20),3803,8.99,reject,N/A
blackhead_242_jpg.rf.7fafdc1ff7bb74999982ae1da14f59e0.jpg,Blackheads,REMOVED,Duplicate of blackhead_242_jpg.rf.4c7b13fa7ff81f9ce84497501346889c.jpg,3851,59.50,duplicate,N/A
blackhead_581_jpg.rf.e89ef36bb249ea8e25b22dc08b803c77.jpg,Blackheads,REMOVED,Duplicate of blackhead_581_jpg.rf.da28981c3d5ff208d59475a824c89eb2.jpg,3915,66.32,duplicate,N/A
blackhead_602_jpg.rf.9baa56d013e801ae1823f05093d3cbea.jpg,Blackheads,REMOVED,Duplicate of blackhead_602_jpg.rf.205415caffb0307b28362fd26a650d5f.jpg,3922,58.98,duplicate,N/A
cystic_acne_-10-_jpg.rf.dd38e6efffb06b746904a9cb4963b9d9.jpg,Cyst,REMOVED,Duplicate of cystic_acne_-10-_jpg.rf.d6e8bed80fb329194c561016669f87c1.jpg,3971,73.46,duplicate,N/A
cystic_acne_-100-_jpg.rf.8597ac7b6c09b0962eae9dd517cb4ea4.jpg,Cyst,REMOVED,Duplicate of cystic_acne_-100-_jpg.rf.f50812196edcf006a787c95457321fab.jpg,3984,213.34,duplicate,N/A
cystic_acne_-167-_jpg.rf.908f9720a24adb7fa8e17a04a2fa71b4.jpg,Cyst,REMOVED,Duplicate of cystic_acne_-167-_jpg.rf.87a158b6c352e158d1e8bb318d56134a.jpg,4024,311.43,duplicate,N/A
cystic_acne_-168-_jpg.rf.1275b746209266032c20e12aeadd1383.jpg,Cyst,REMOVED,Duplicate of cystic_acne_-168-_jpg.rf.ff737224c267df669885cb9920b62f67.jpg,4040,85.71,duplicate,N/A
cystic_acne_-168-_jpg.rf.8838e2b55787e7fdf27fd6fe6803a07b.jpg,Cyst,REMOVED,Duplicate of cystic_acne_-168-_jpg.rf.ac5c9d56129072a2cc552405f31cc0e5.jpg,4036,331.06,duplicate,N/A
cystic_acne_-84-_jpg.rf.f23eb1c30523026f071a49a946acd1f9.jpg,Cyst,REMOVED,Duplicate of cystic_acne_-84-_jpg.rf.2e0b8aee045fa4b63160e574d702ce41.jpg,4130,337.66,duplicate,N/A
papular_acne_-100-_jpg.rf.9ac0ff265c0bfebc0c55f6c45eb01a9f.jpg,Papules,REMOVED,Duplicate of papular_acne_-100-_jpg.rf.7c10009c0cd2f034616a9a5c438f60ab.jpg,4159,38.02,duplicate,N/A
papular_acne_-48-_jpg.rf.72cb9d5efc266f9e91ee4c8f103c14fd.jpg,Papules,REMOVED,Duplicate of papular_acne_-48-_jpg.rf.7a691a99e6057cfdb544e7dcdfb03612.jpg,4228,44.19,duplicate,N/A
papular_acne_-55-_jpg.rf.0dc9f023eb090a0d1d4bd2fa9d32be39.jpg,Papules,REMOVED,Duplicate of papular_acne_-55-_jpg.rf.6daf147a7678a29386a39b4c9906660e.jpg,4237,30.65,duplicate,N/A
papular_acne_-68-_jpg.rf.cf4a062a6ca01952b47ef3db5a042a4e.jpg,Papules,REMOVED,Duplicate of papular_acne_-68-_jpg.rf.72f4148b225d8dce774332386a59e774.jpg,4265,98.97,duplicate,N/A
papular_acne_-8-_jpg.rf.a11dd2432cd8d62283fd4e999d29b1f4.jpg,Papules,REMOVED,Duplicate of papular_acne_-8-_jpg.rf.23579bfaabc2dbfe75f5795837278182.jpg,4276,11.77,duplicate,N/A
papular_acne_-8-_jpg.rf.23579bfaabc2dbfe75f5795837278182.jpg,Papules,REJECTED,Severe blur (variance 11.77 < 20),4276,11.77,reject,N/A
papular_acne_-90-_jpg.rf.3bb6a4f2f79f55cb066a54aa49e93dea.jpg,Papules,REMOVED,Duplicate of papular_acne_-90-_jpg.rf.9aa2cc8bb1c947ab21f5fa96733c28ca.jpg,4286,36.10,duplicate,N/A
papular_acne_-91-_jpg.rf.5d0852861b9ee5a67dc3f0b5e8203e4c.jpg,Papules,REJECTED,Cosmetic beauty filter / smoothed skin (blur score 22.74 < 30),4294,22.74,reject,N/A
papular_acne_-92-_jpg.rf.81da60e786053b8ccb5b7cf4ac90c22d.jpg,Papules,REMOVED,Duplicate of papular_acne_-92-_jpg.rf.97ddfa956a3bf960a04c38bd5c64c116.jpg,4301,9.91,duplicate,N/A
papular_acne_-92-_jpg.rf.97ddfa956a3bf960a04c38bd5c64c116.jpg,Papules,REJECTED,Severe blur (variance 9.91 < 20),4301,9.91,reject,N/A
papular_acne_-97-_jpg.rf.86ecd5d66b11c680b176bd736b039600.jpg,Papules,REMOVED,Duplicate of papular_acne_-97-_jpg.rf.88c7e2b21553272c9bed988e8718b711.jpg,4303,7.48,duplicate,N/A
papular_acne_-97-_jpg.rf.88c7e2b21553272c9bed988e8718b711.jpg,Papules,REJECTED,Severe blur (variance 7.48 < 20),4303,7.48,reject,N/A
Papule11_JPG_jpg.rf.3813192c151c4a7bc15a3ee0a8d8330f.jpg,Papules,REMOVED,Duplicate of Papule11_JPG_jpg.rf.5b5ba153e148883eb59f429ae8e5efa9.jpg,4322,38.06,duplicate,N/A
Papule12_JPG_jpg.rf.1c694b2c1e1f405e970fde5aa208c03a.jpg,Papules,REJECTED,Cosmetic beauty filter / smoothed skin (blur score 24.95 < 30),4324,24.95,reject,N/A
Papule12_JPG_jpg.rf.4f9aed2a5f5b83d5536b0de89ca9c8d3.jpg,Papules,REJECTED,Cosmetic beauty filter / smoothed skin (blur score 26.38 < 30),4325,26.38,reject,N/A
Papule14_JPG_jpg.rf.a18a2a5d54fed74b554873799b637c8a.jpg,Papules,REMOVED,Duplicate of Papule14_JPG_jpg.rf.338d7f291e48f24b40a304d6c09c4476.jpg,4329,35.43,duplicate,N/A
Papule20_JPG_jpg.rf.754b76af016d8d09bb1fb918b420488d.jpg,Papules,REMOVED,Duplicate of Papule20_JPG_jpg.rf.1a18b1105b21a5cc89d48de10a2e6afc.jpg,4337,6.64,duplicate,N/A
Papule20_JPG_jpg.rf.1a18b1105b21a5cc89d48de10a2e6afc.jpg,Papules,REJECTED,Severe blur (variance 6.64 < 20),4337,6.64,reject,N/A
Papule3_JPG_jpg.rf.d8cdca40d1c22fbcd475e1b2498f2182.jpg,Papules,REMOVED,Duplicate of Papule3_JPG_jpg.rf.7d48d852f0597fd7286adf77c69ca241.jpg,4342,5.03,duplicate,N/A
Papule3_JPG_jpg.rf.7d48d852f0597fd7286adf77c69ca241.jpg,Papules,REJECTED,Severe blur (variance 5.03 < 20),4342,5.03,reject,N/A
Papule7_JPG_jpg.rf.05ca14947c6198ff10cd1f935d2567ae.jpg,Papules,REMOVED,Duplicate of Papule7_JPG_jpg.rf.f9f7a5e7beed4ce79865a4a6d8a9cd1e.jpg,4351,58.24,duplicate,N/A
pustular_acne_-289-_jpg.rf.a38678adba14a03128479757bfc949ad.jpg,Pustules,REMOVED,Duplicate of pustular_acne_-289-_jpg.rf.d932c02a07958ed7f80ca9a24025255f.jpg,4386,49.93,duplicate,N/A
pustular_acne_-308-_jpg.rf.5d13c4eafd7e1080954607ad976ae5eb.jpg,Pustules,REMOVED,Duplicate of pustular_acne_-308-_jpg.rf.0d2ea668e31402578f888765dc8c1dd5.jpg,4395,11.96,duplicate,N/A
pustular_acne_-308-_jpg.rf.0d2ea668e31402578f888765dc8c1dd5.jpg,Pustules,REJECTED,Severe blur (variance 11.96 < 20),4395,11.96,reject,N/A
pustular_acne_-31-_jpg.rf.ed563618071cf2a687d4797eb44881ff.jpg,Pustules,REMOVED,Duplicate of pustular_acne_-31-_jpg.rf.c9fbafae0edee57fcff8cd73d22bcf8f.jpg,4410,63.68,duplicate,N/A
pustular_acne_-323-_jpg.rf.8f0559f3a7ea657066e11d26f79d5f94.jpg,Pustules,REMOVED,Duplicate of pustular_acne_-323-_jpg.rf.ef43ceaed647023b2d444e8ef091b34b.jpg,4429,73.47,duplicate,N/A
pustular_acne_-343-_jpg.rf.6c98bb1fc55b3e710df710c4683ffe33.jpg,Pustules,REMOVED,Duplicate of pustular_acne_-343-_jpg.rf.d0ec258814ba6a8f14c11bfc64725313.jpg,4461,87.88,duplicate,N/A
pustular_acne_-81-_jpg.rf.7b32ce309c18c0d5ad40731b7bd0c0d8.jpg,Pustules,REMOVED,Duplicate of pustular_acne_-81-_jpg.rf.78f1b87e11d793101b2cb6259a97344d.jpg,4501,76.42,duplicate,N/A
pustular_acne_-86-_jpg.rf.3ba0f82a8e007ff696b97d90e085f71a.jpg,Pustules,REMOVED,Duplicate of pustular_acne_-86-_jpg.rf.576219fe96d54a45f46ea6ba4d24ee60.jpg,4512,415.61,duplicate,N/A
Pustule-10-_jpg.rf.a52e2a99ffacdf7ab8bdf8837efc92db.jpg,Pustules,REMOVED,Duplicate of Pustule-10-_jpg.rf.412d0d0e0b4bbc92c54228e7d9b6aece.jpg,4522,1.58,duplicate,N/A
Pustule-10-_jpg.rf.412d0d0e0b4bbc92c54228e7d9b6aece.jpg,Pustules,REJECTED,Severe blur (variance 1.58 < 20),4522,1.58,reject,N/A
white_head_-1-_jpg.rf.37555f58f3143a6c353343d6f1523f57.jpg,Whiteheads,REJECTED,Severe blur (variance 9.31 < 15),4562,9.31,reject,N/A
white_head_-10-_jpg.rf.572bfc469e7adad89fe50464d868b54a.jpg,Whiteheads,REJECTED,Severe blur (variance 10.49 < 15),4563,10.49,reject,N/A
white_head_-10-_jpg.rf.8765993560f1123378a04ce82d96d05d.jpg,Whiteheads,REJECTED,Severe blur (variance 8.70 < 15),4565,8.70,reject,N/A
white_head_-11-_jpg.rf.b25e3a25911415e3b7d5272da27fecd7.jpg,Whiteheads,REMOVED,Duplicate of white_head_-11-_jpg.rf.528e25de2262712f684181ddedafdf75.jpg,4569,69.20,duplicate,N/A
white_head_-11-_jpg.rf.888569c2e047c803ab277c31d7d1292e.jpg,Whiteheads,REJECTED,Severe blur (variance 12.43 < 15),4568,12.43,reject,N/A
white_head_-13-_jpg.rf.8723b86e117996cc7ab785215514acfb.jpg,Whiteheads,REMOVED,Duplicate of white_head_-13-_jpg.rf.68b883285b959320b3b60a0277bc10c7.jpg,4579,146.51,duplicate,N/A
white_head_-6-_jpg.rf.e98adc42dd89b15fc42dfe309363a2b9.jpg,Whiteheads,REJECTED,Severe blur (variance 11.44 < 15),4611,11.44,reject,N/A
white_head_-8-_jpg.rf.d7c9aeb702833c7c7fcb12c9458e98dc.jpg,Whiteheads,REJECTED,Severe blur (variance 12.72 < 15),4613,12.72,reject,N/A
blackhead-12-_jpg.rf.9e15246fe92b0d00759bba108aa17198.jpg,Blackheads,ACCEPTED,Unique representative. Quality: usable,blackhead-12-_jpg.rf.9e15246fe92b0d00759bba108aa17198.jpg,113.05,usable,train
blackhead_548_jpg.rf.a147c354819b5619f8620e1628730181.jpg,Blackheads,ACCEPTED,Unique representative. Quality: usable,blackhead_548_jpg.rf.a147c354819b5619f8620e1628730181.jpg,64.33,usable,train
blackhead_554_jpg.rf.01bf8840931484520132121aea061fbb.jpg,Blackheads,ACCEPTED,Unique representative. Quality: borderline,blackhead_554_jpg.rf.01bf8840931484520132121aea061fbb.jpg,46.80,borderline,train
blackhead-39-_JPG_jpg.rf.484d43dfd71bc26a510d4abfe71a26eb.jpg,Blackheads,ACCEPTED,Unique representative. Quality: usable,blackhead-39-_JPG_jpg.rf.484d43dfd71bc26a510d4abfe71a26eb.jpg,82.82,usable,train
blackhead-49-_jpg.rf.7ce5b365bfe85ba7de3786dce4ce5f02.jpg,Blackheads,ACCEPTED,Unique representative. Quality: borderline,blackhead-49-_jpg.rf.7ce5b365bfe85ba7de3786dce4ce5f02.jpg,59.70,borderline,train
blackhead-33-_jpg.rf.9615cd58e37c3b817c3570bc08ed41e0.jpg,Blackheads,ACCEPTED,Unique representative. Quality: borderline,blackhead-33-_jpg.rf.9615cd58e37c3b817c3570bc08ed41e0.jpg,36.93,borderline,train
blackhead_602_jpg.rf.a6948e903ed822cbaa8a2e5b492855e1.jpg,Blackheads,ACCEPTED,Unique representative. Quality: usable,blackhead_602_jpg.rf.a6948e903ed822cbaa8a2e5b492855e1.jpg,69.45,usable,train
blackhead-48-_jpg.rf.03f251581e4cb65a56818f4cbf7f28b3.jpg,Blackheads,ACCEPTED,Unique representative. Quality: borderline,blackhead-48-_jpg.rf.03f251581e4cb65a56818f4cbf7f28b3.jpg,55.29,borderline,train
blackhead-68-_jpg.rf.000d9bf4dc2726e109d2f42de8f5fde8.jpg,Blackheads,ACCEPTED,Unique representative. Quality: borderline,blackhead-68-_jpg.rf.000d9bf4dc2726e109d2f42de8f5fde8.jpg,53.29,borderline,train
blackhead_602_jpg.rf.57a74bbd1608e53a912c680089f34036.jpg,Blackheads,ACCEPTED,Unique representative. Quality: usable,blackhead_602_jpg.rf.57a74bbd1608e53a912c680089f34036.jpg,96.88,usable,train
blackhead_266_jpg.rf.35a74eb0c5a8728e7f2d6e4e44346dea.jpg,Blackheads,ACCEPTED,Unique representative. Quality: usable,blackhead_266_jpg.rf.35a74eb0c5a8728e7f2d6e4e44346dea.jpg,71.35,usable,train
blackhead-10-_JPG_jpg.rf.cae82c5c08fb4794f1844d368e22f636.jpg,Blackheads,ACCEPTED,Unique representative. Quality: usable,blackhead-10-_JPG_jpg.rf.cae82c5c08fb4794f1844d368e22f636.jpg,60.97,usable,train
blackhead_546_jpg.rf.c2ad3867b5f590b9492023be3c1933e9.jpg,Blackheads,ACCEPTED,Unique representative. Quality: usable,blackhead_546_jpg.rf.c2ad3867b5f590b9492023be3c1933e9.jpg,109.00,usable,train
blackhead_242_jpg.rf.6ed140b62ac3c932c7404105d8430124.jpg,Blackheads,ACCEPTED,Unique representative. Quality: usable,blackhead_242_jpg.rf.6ed140b62ac3c932c7404105d8430124.jpg,85.33,usable,train
blackhead-9-_JPG_jpg.rf.3438f1db267fed82f2012b3e024e4819.jpg,Blackheads,ACCEPTED,Unique representative. Quality: usable,blackhead-9-_JPG_jpg.rf.3438f1db267fed82f2012b3e024e4819.jpg,99.79,usable,train
blackhead_22_jpg.rf.3d3819e4862a9d6a7c8c47b8548c1ac0.jpg,Blackheads,ACCEPTED,Unique representative. Quality: usable,blackhead_22_jpg.rf.3d3819e4862a9d6a7c8c47b8548c1ac0.jpg,72.34,usable,train
blackhead-24-_jpg.rf.fc1972b4fcbb98485bec759c7828f510.jpg,Blackheads,ACCEPTED,Unique representative. Quality: borderline,blackhead-24-_jpg.rf.fc1972b4fcbb98485bec759c7828f510.jpg,36.80,borderline,train
blackhead_242_jpg.rf.216a7bf432058c2373bb325d94c7b2f7.jpg,Blackheads,ACCEPTED,Unique representative. Quality: usable,blackhead_242_jpg.rf.216a7bf432058c2373bb325d94c7b2f7.jpg,141.29,usable,train
blackhead_202_jpg.rf.1f8746791f6336e7c0e3fdd716e51b71.jpg,Blackheads,ACCEPTED,Unique representative. Quality: usable,blackhead_202_jpg.rf.1f8746791f6336e7c0e3fdd716e51b71.jpg,76.00,usable,train
blackhead-31-_JPG_jpg.rf.ac93fdc338e8de737657af26bc555ffb.jpg,Blackheads,ACCEPTED,Unique representative. Quality: borderline,blackhead-31-_JPG_jpg.rf.ac93fdc338e8de737657af26bc555ffb.jpg,36.22,borderline,train
blackhead_581_jpg.rf.e5bfa52bc44e5aec55a8df45598e1db4.jpg,Blackheads,ACCEPTED,Unique representative. Quality: usable,blackhead_581_jpg.rf.e5bfa52bc44e5aec55a8df45598e1db4.jpg,109.61,usable,train
blackhead_122_jpg.rf.6e22d057a17655539a32ec0ffe3def9c.jpg,Blackheads,ACCEPTED,Unique representative. Quality: usable,blackhead_122_jpg.rf.6e22d057a17655539a32ec0ffe3def9c.jpg,73.14,usable,train
blackhead-12-_jpg.rf.7a59f724e34e7fa29d7a557f41c2f4ec.jpg,Blackheads,ACCEPTED,Unique representative. Quality: borderline,blackhead-12-_jpg.rf.7a59f724e34e7fa29d7a557f41c2f4ec.jpg,45.12,borderline,train
blackhead_122_jpg.rf.d797412e5b9a021033e14f930783f29d.jpg,Blackheads,ACCEPTED,Unique representative. Quality: usable,blackhead_122_jpg.rf.d797412e5b9a021033e14f930783f29d.jpg,66.65,usable,train
blackhead_79_jpg.rf.a4d9333253fb928535be134ae629c0c7.jpg,Blackheads,ACCEPTED,Unique representative. Quality: usable,blackhead_79_jpg.rf.a4d9333253fb928535be134ae629c0c7.jpg,110.72,usable,train
blackhead_266_jpg.rf.9643804f6e60c3b2b054622a7bd75ee5.jpg,Blackheads,ACCEPTED,Unique representative. Quality: usable,blackhead_266_jpg.rf.9643804f6e60c3b2b054622a7bd75ee5.jpg,63.50,usable,train
blackhead_581_jpg.rf.89744ee4da0b17a94cea0b7b229538bd.jpg,Blackheads,ACCEPTED,Unique representative. Quality: usable,blackhead_581_jpg.rf.89744ee4da0b17a94cea0b7b229538bd.jpg,79.21,usable,train
blackhead_602_jpg.rf.083c0b492990da299d44d01b266b1baa.jpg,Blackheads,ACCEPTED,Unique representative. Quality: high_quality,blackhead_602_jpg.rf.083c0b492990da299d44d01b266b1baa.jpg,152.88,high_quality,train
blackhead-34-_JPG_jpg.rf.e09c6f7fc6bd5de5b043a3accd621c43.jpg,Blackheads,ACCEPTED,Unique representative. Quality: usable,blackhead-34-_JPG_jpg.rf.e09c6f7fc6bd5de5b043a3accd621c43.jpg,61.06,usable,train
blackhead_202_jpg.rf.0a4e583ec10560afe61c44e923b4b5bf.jpg,Blackheads,ACCEPTED,Unique representative. Quality: usable,blackhead_202_jpg.rf.0a4e583ec10560afe61c44e923b4b5bf.jpg,100.92,usable,train
blackhead-42-_JPG_jpg.rf.a7d7ec6dfab2e54377e5ceb2cdbd19d5.jpg,Blackheads,ACCEPTED,Unique representative. Quality: borderline,blackhead-42-_JPG_jpg.rf.a7d7ec6dfab2e54377e5ceb2cdbd19d5.jpg,41.74,borderline,train
blackhead_122_jpg.rf.dd1f4ee4849960909803b4bd6c4f2a4d.jpg,Blackheads,ACCEPTED,Unique representative. Quality: borderline,blackhead_122_jpg.rf.dd1f4ee4849960909803b4bd6c4f2a4d.jpg,51.07,borderline,train
blackhead-62-_JPG_jpg.rf.8e63cbd5c096b5b43425541e924d69d5.jpg,Blackheads,ACCEPTED,Unique representative. Quality: usable,blackhead-62-_JPG_jpg.rf.8e63cbd5c096b5b43425541e924d69d5.jpg,76.78,usable,train
blackhead_602_jpg.rf.a877c38d5c102bde99f860c57de9f4fd.jpg,Blackheads,ACCEPTED,Unique representative. Quality: borderline,blackhead_602_jpg.rf.a877c38d5c102bde99f860c57de9f4fd.jpg,34.28,borderline,train
blackhead_602_jpg.rf.eb898b1f26745464759ba30a6994709d.jpg,Blackheads,ACCEPTED,Unique representative. Quality: usable,blackhead_602_jpg.rf.eb898b1f26745464759ba30a6994709d.jpg,103.86,usable,train
blackhead-15-_jpg.rf.73d12d3612f9eefebb418bc81f535f95.jpg,Blackheads,ACCEPTED,Unique representative. Quality: usable,blackhead-15-_jpg.rf.73d12d3612f9eefebb418bc81f535f95.jpg,63.07,usable,train
blackhead_122_jpg.rf.09364a1ca7f89d871e09567756db8db6.jpg,Blackheads,ACCEPTED,Unique representative. Quality: usable,blackhead_122_jpg.rf.09364a1ca7f89d871e09567756db8db6.jpg,98.36,usable,train
blackhead-70-_jpg.rf.27d600d6adf2da922bb3828392b2e6d5.jpg,Blackheads,ACCEPTED,Unique representative. Quality: borderline,blackhead-70-_jpg.rf.27d600d6adf2da922bb3828392b2e6d5.jpg,37.06,borderline,train
blackhead_546_jpg.rf.b648f6e860ba6c58282c5e24b829676e.jpg,Blackheads,ACCEPTED,Unique representative. Quality: usable,blackhead_546_jpg.rf.b648f6e860ba6c58282c5e24b829676e.jpg,96.84,usable,train
blackhead-58-_jpg.rf.059f80240c9c0effa1db6f1e56c6b22f.jpg,Blackheads,ACCEPTED,Unique representative. Quality: usable,blackhead-58-_jpg.rf.059f80240c9c0effa1db6f1e56c6b22f.jpg,137.52,usable,train
blackhead-7-_JPG_jpg.rf.0b87d93650bc556f78e27790c42828f2.jpg,Blackheads,ACCEPTED,Unique representative. Quality: usable,blackhead-7-_JPG_jpg.rf.0b87d93650bc556f78e27790c42828f2.jpg,106.37,usable,train
blackhead_546_jpg.rf.17db1039067131d9ae76b81484e90b96.jpg,Blackheads,ACCEPTED,Unique representative. Quality: usable,blackhead_546_jpg.rf.17db1039067131d9ae76b81484e90b96.jpg,94.04,usable,train
blackhead_602_jpg.rf.a54815c17c0ac223a0a0a97e060c5de3.jpg,Blackheads,ACCEPTED,Unique representative. Quality: high_quality,blackhead_602_jpg.rf.a54815c17c0ac223a0a0a97e060c5de3.jpg,150.91,high_quality,train
blackhead-58-_jpg.rf.17f2915d5739a387c162b6f07ca2b75a.jpg,Blackheads,ACCEPTED,Unique representative. Quality: usable,blackhead-58-_jpg.rf.17f2915d5739a387c162b6f07ca2b75a.jpg,69.84,usable,train
blackhead-53-_JPG_jpg.rf.95aeea03cc84d91eb977921a5f8c5ad6.jpg,Blackheads,ACCEPTED,Unique representative. Quality: borderline,blackhead-53-_JPG_jpg.rf.95aeea03cc84d91eb977921a5f8c5ad6.jpg,31.61,borderline,train
blackhead_536_jpg.rf.6974edd8b4188ead8a2cc9ba1028dd94.jpg,Blackheads,ACCEPTED,Unique representative. Quality: borderline,blackhead_536_jpg.rf.6974edd8b4188ead8a2cc9ba1028dd94.jpg,51.41,borderline,train
blackhead_270_jpg.rf.9f4c10a01c3fc552cd9c351b440aebda.jpg,Blackheads,ACCEPTED,Unique representative. Quality: usable,blackhead_270_jpg.rf.9f4c10a01c3fc552cd9c351b440aebda.jpg,123.99,usable,train
blackhead_142_jpg.rf.90a6121569bdce85b9e7aa72c1bb7ae8.jpg,Blackheads,ACCEPTED,Unique representative. Quality: usable,blackhead_142_jpg.rf.90a6121569bdce85b9e7aa72c1bb7ae8.jpg,110.08,usable,train
blackhead_270_jpg.rf.f1543526ebc72e28dbfbbc1c76830428.jpg,Blackheads,ACCEPTED,Unique representative. Quality: usable,blackhead_270_jpg.rf.f1543526ebc72e28dbfbbc1c76830428.jpg,94.68,usable,train
blackhead_270_jpg.rf.d8668e2f17cd131f9e9453d2879f2040.jpg,Blackheads,ACCEPTED,Unique representative. Quality: high_quality,blackhead_270_jpg.rf.d8668e2f17cd131f9e9453d2879f2040.jpg,155.97,high_quality,train
blackhead-18-_jpg.rf.2c50aa0e4f4fff9bc9c62cb4d9331b5a.jpg,Blackheads,ACCEPTED,Unique representative. Quality: usable,blackhead-18-_jpg.rf.2c50aa0e4f4fff9bc9c62cb4d9331b5a.jpg,80.20,usable,train
blackhead-48-_jpg.rf.867f74a393a185885e8701ae1ab68551.jpg,Blackheads,ACCEPTED,Unique representative. Quality: usable,blackhead-48-_jpg.rf.867f74a393a185885e8701ae1ab68551.jpg,60.72,usable,train
blackhead_70_jpg.rf.3c61737f7bceb4ba52f6cde767d5ef94.jpg,Blackheads,ACCEPTED,Unique representative. Quality: usable,blackhead_70_jpg.rf.3c61737f7bceb4ba52f6cde767d5ef94.jpg,88.33,usable,train
blackhead-53-_JPG_jpg.rf.77f75674f7758f856f03ac3a99178533.jpg,Blackheads,ACCEPTED,Unique representative. Quality: borderline,blackhead-53-_JPG_jpg.rf.77f75674f7758f856f03ac3a99178533.jpg,44.56,borderline,train
blackhead_122_jpg.rf.8d0186f538c6830145f92bf7f7b10aee.jpg,Blackheads,ACCEPTED,Unique representative. Quality: usable,blackhead_122_jpg.rf.8d0186f538c6830145f92bf7f7b10aee.jpg,65.64,usable,train
blackhead_602_jpg.rf.3f0784414e4720d7f5b52f1b2849bc81.jpg,Blackheads,ACCEPTED,Unique representative. Quality: usable,blackhead_602_jpg.rf.3f0784414e4720d7f5b52f1b2849bc81.jpg,100.44,usable,train
blackhead_546_jpg.rf.4a4e899afaf015a404ae8c25ef0472b0.jpg,Blackheads,ACCEPTED,Unique representative. Quality: usable,blackhead_546_jpg.rf.4a4e899afaf015a404ae8c25ef0472b0.jpg,84.87,usable,train
blackhead_536_jpg.rf.320f7a16fd3267009ad873826690785a.jpg,Blackheads,ACCEPTED,Unique representative. Quality: usable,blackhead_536_jpg.rf.320f7a16fd3267009ad873826690785a.jpg,65.91,usable,train
blackhead_602_jpg.rf.455ccf2a7ccb3888f7af96a3b48ca738.jpg,Blackheads,ACCEPTED,Unique representative. Quality: high_quality,blackhead_602_jpg.rf.455ccf2a7ccb3888f7af96a3b48ca738.jpg,195.97,high_quality,train
blackhead_270_jpg.rf.2eae2256b968eb3ed28148ba1d0a1d6f.jpg,Blackheads,ACCEPTED,Unique representative. Quality: usable,blackhead_270_jpg.rf.2eae2256b968eb3ed28148ba1d0a1d6f.jpg,132.72,usable,train
blackhead_546_jpg.rf.6c0c527de3982a7006d87d2d9a47b67d.jpg,Blackheads,ACCEPTED,Unique representative. Quality: borderline,blackhead_546_jpg.rf.6c0c527de3982a7006d87d2d9a47b67d.jpg,54.75,borderline,train
blackhead-55-_JPG_jpg.rf.fcd01cd0a57169ff2dfa6e6c896dfbb9.jpg,Blackheads,ACCEPTED,Unique representative. Quality: usable,blackhead-55-_JPG_jpg.rf.fcd01cd0a57169ff2dfa6e6c896dfbb9.jpg,84.62,usable,train
blackhead-3-_jpg.rf.a0162ec235dff9892be508dcc3144bcd.jpg,Blackheads,ACCEPTED,Unique representative. Quality: usable,blackhead-3-_jpg.rf.a0162ec235dff9892be508dcc3144bcd.jpg,80.45,usable,train
blackhead-54-_JPG_jpg.rf.99c6387cd906c77ac8d92f0fdb15fb0d.jpg,Blackheads,ACCEPTED,Unique representative. Quality: usable,blackhead-54-_JPG_jpg.rf.99c6387cd906c77ac8d92f0fdb15fb0d.jpg,73.28,usable,train
blackhead-30-_jpg.rf.2f99791c398b25b85944e978e55bfed1.jpg,Blackheads,ACCEPTED,Unique representative. Quality: usable,blackhead-30-_jpg.rf.2f99791c398b25b85944e978e55bfed1.jpg,87.41,usable,train
blackhead_79_jpg.rf.fb8d908a889033a72c4b44c772ed5361.jpg,Blackheads,ACCEPTED,Unique representative. Quality: usable,blackhead_79_jpg.rf.fb8d908a889033a72c4b44c772ed5361.jpg,101.87,usable,train
blackhead_266_jpg.rf.96adc0897bbecae79099395819083abc.jpg,Blackheads,ACCEPTED,Unique representative. Quality: borderline,blackhead_266_jpg.rf.96adc0897bbecae79099395819083abc.jpg,44.88,borderline,train
blackhead-60-_jpg.rf.c1a4322ce21a4aee540a27e388f251c9.jpg,Blackheads,ACCEPTED,Unique representative. Quality: borderline,blackhead-60-_jpg.rf.c1a4322ce21a4aee540a27e388f251c9.jpg,58.48,borderline,train
blackhead-64-_JPG_jpg.rf.0ee07db89a5e8dae4a560fdd0d52f72f.jpg,Blackheads,ACCEPTED,Unique representative. Quality: borderline,blackhead-64-_JPG_jpg.rf.0ee07db89a5e8dae4a560fdd0d52f72f.jpg,48.98,borderline,train
blackhead-39-_JPG_jpg.rf.c836cd047125f6426a0f9ad209af2aac.jpg,Blackheads,ACCEPTED,Unique representative. Quality: usable,blackhead-39-_JPG_jpg.rf.c836cd047125f6426a0f9ad209af2aac.jpg,93.24,usable,train
blackhead-25-_jpg.rf.8690d60a4b16953acf00773e5564684b.jpg,Blackheads,ACCEPTED,Unique representative. Quality: usable,blackhead-25-_jpg.rf.8690d60a4b16953acf00773e5564684b.jpg,86.74,usable,train
blackhead_602_jpg.rf.9706c8a43213e0592b602198110431dd.jpg,Blackheads,ACCEPTED,Unique representative. Quality: high_quality,blackhead_602_jpg.rf.9706c8a43213e0592b602198110431dd.jpg,167.15,high_quality,train
blackhead-47-_jpg.rf.6dfee72974e002e08129357adc547f62.jpg,Blackheads,ACCEPTED,Unique representative. Quality: borderline,blackhead-47-_jpg.rf.6dfee72974e002e08129357adc547f62.jpg,58.32,borderline,train
blackhead-34-_JPG_jpg.rf.ee334a389fbf9caa39c3426139a9c5b1.jpg,Blackheads,ACCEPTED,Unique representative. Quality: borderline,blackhead-34-_JPG_jpg.rf.ee334a389fbf9caa39c3426139a9c5b1.jpg,35.27,borderline,train
blackhead_548_jpg.rf.03b87afa803b01b06c4e13511026f514.jpg,Blackheads,ACCEPTED,Unique representative. Quality: borderline,blackhead_548_jpg.rf.03b87afa803b01b06c4e13511026f514.jpg,47.78,borderline,train
blackhead-2-_jpg.rf.9fff9f374c4476776d28260fbf243243.jpg,Blackheads,ACCEPTED,Unique representative. Quality: usable,blackhead-2-_jpg.rf.9fff9f374c4476776d28260fbf243243.jpg,70.50,usable,train
blackhead-73-_JPG_jpg.rf.51e4c51532a8c52b46cd9be758ce8355.jpg,Blackheads,ACCEPTED,Unique representative. Quality: borderline,blackhead-73-_JPG_jpg.rf.51e4c51532a8c52b46cd9be758ce8355.jpg,47.23,borderline,train
blackhead_602_jpg.rf.79cb561d8c765e520f66dd12ab3f9d6b.jpg,Blackheads,ACCEPTED,Unique representative. Quality: high_quality,blackhead_602_jpg.rf.79cb561d8c765e520f66dd12ab3f9d6b.jpg,189.98,high_quality,train
blackhead-50-_jpg.rf.b8bc8acc8b0cfb455db6e3e1589fcc91.jpg,Blackheads,ACCEPTED,Unique representative. Quality: borderline,blackhead-50-_jpg.rf.b8bc8acc8b0cfb455db6e3e1589fcc91.jpg,45.43,borderline,train
blackhead-44-_JPG_jpg.rf.d7c35455ea716338fa874d6adec54564.jpg,Blackheads,ACCEPTED,Unique representative. Quality: borderline,blackhead-44-_JPG_jpg.rf.d7c35455ea716338fa874d6adec54564.jpg,30.80,borderline,train
blackhead_548_jpg.rf.a3ddeca095e417e91775fe7aabe0399a.jpg,Blackheads,ACCEPTED,Unique representative. Quality: usable,blackhead_548_jpg.rf.a3ddeca095e417e91775fe7aabe0399a.jpg,89.68,usable,train
blackhead-42-_JPG_jpg.rf.c1532ba77e8eaffbb4500c518d33ac4f.jpg,Blackheads,ACCEPTED,Unique representative. Quality: borderline,blackhead-42-_JPG_jpg.rf.c1532ba77e8eaffbb4500c518d33ac4f.jpg,45.16,borderline,train
blackhead-20-_jpg.rf.0cc2f4b3a38ea4af81f8d22c0c91b8aa.jpg,Blackheads,ACCEPTED,Unique representative. Quality: usable,blackhead-20-_jpg.rf.0cc2f4b3a38ea4af81f8d22c0c91b8aa.jpg,95.78,usable,train
blackhead-37-_jpg.rf.05eb00501d551441c9ff4885cc5b1141.jpg,Blackheads,ACCEPTED,Unique representative. Quality: usable,blackhead-37-_jpg.rf.05eb00501d551441c9ff4885cc5b1141.jpg,62.08,usable,train
blackhead_536_jpg.rf.21feb38ed05befcfeb8b3fa7e269f094.jpg,Blackheads,ACCEPTED,Unique representative. Quality: borderline,blackhead_536_jpg.rf.21feb38ed05befcfeb8b3fa7e269f094.jpg,50.42,borderline,train
blackhead_581_jpg.rf.b647a636546d38087bba912b75eb0e37.jpg,Blackheads,ACCEPTED,Unique representative. Quality: usable,blackhead_581_jpg.rf.b647a636546d38087bba912b75eb0e37.jpg,101.50,usable,train
blackhead-79-_JPG_jpg.rf.fda25c1f7e71fb5f897da6765b100e53.jpg,Blackheads,ACCEPTED,Unique representative. Quality: usable,blackhead-79-_JPG_jpg.rf.fda25c1f7e71fb5f897da6765b100e53.jpg,94.07,usable,train
blackhead_142_jpg.rf.43459f6141ebee15c70a1f611c64d3d9.jpg,Blackheads,ACCEPTED,Unique representative. Quality: usable,blackhead_142_jpg.rf.43459f6141ebee15c70a1f611c64d3d9.jpg,107.41,usable,train
blackhead-71-_JPG_jpg.rf.2f777fe4f3edafa5055751d651240008.jpg,Blackheads,ACCEPTED,Unique representative. Quality: usable,blackhead-71-_JPG_jpg.rf.2f777fe4f3edafa5055751d651240008.jpg,62.97,usable,train
blackhead-30-_jpg.rf.abd8ddb046167fc1c8e5d28d21b7f9b2.jpg,Blackheads,ACCEPTED,Unique representative. Quality: borderline,blackhead-30-_jpg.rf.abd8ddb046167fc1c8e5d28d21b7f9b2.jpg,39.54,borderline,train
blackhead_554_jpg.rf.e5dc7bf97d844d966c9d2ab4a0e4a4e5.jpg,Blackheads,ACCEPTED,Unique representative. Quality: usable,blackhead_554_jpg.rf.e5dc7bf97d844d966c9d2ab4a0e4a4e5.jpg,93.08,usable,train
blackhead_548_jpg.rf.143bf802b28de9bd118b81531fdeeed9.jpg,Blackheads,ACCEPTED,Unique representative. Quality: usable,blackhead_548_jpg.rf.143bf802b28de9bd118b81531fdeeed9.jpg,67.69,usable,train
blackhead-24-_jpg.rf.b6ca2aa28b885d4a190d2589eae3083c.jpg,Blackheads,ACCEPTED,Unique representative. Quality: borderline,blackhead-24-_jpg.rf.b6ca2aa28b885d4a190d2589eae3083c.jpg,57.11,borderline,train
blackhead-71-_JPG_jpg.rf.6ece51679066b2e1a8643ecee5823e45.jpg,Blackheads,ACCEPTED,Unique representative. Quality: usable,blackhead-71-_JPG_jpg.rf.6ece51679066b2e1a8643ecee5823e45.jpg,67.16,usable,train
blackhead_270_jpg.rf.12f2e52cb0d4ce25118e43edde55f42a.jpg,Blackheads,ACCEPTED,Unique representative. Quality: high_quality,blackhead_270_jpg.rf.12f2e52cb0d4ce25118e43edde55f42a.jpg,153.71,high_quality,train
blackhead_202_jpg.rf.4cd3c9ce56e42fbf7a960bef543009ea.jpg,Blackheads,ACCEPTED,Unique representative. Quality: usable,blackhead_202_jpg.rf.4cd3c9ce56e42fbf7a960bef543009ea.jpg,105.64,usable,train
blackhead-73-_JPG_jpg.rf.05fc194b4c2c193baaa8384a2394eb2b.jpg,Blackheads,ACCEPTED,Unique representative. Quality: usable,blackhead-73-_JPG_jpg.rf.05fc194b4c2c193baaa8384a2394eb2b.jpg,63.69,usable,train
blackhead_546_jpg.rf.d3871ee45619ca71f1ffc48170b2a159.jpg,Blackheads,ACCEPTED,Unique representative. Quality: usable,blackhead_546_jpg.rf.d3871ee45619ca71f1ffc48170b2a159.jpg,70.60,usable,train
blackhead-78-_JPG_jpg.rf.3e21491a1a815fe84ef289ac9c2625cc.jpg,Blackheads,ACCEPTED,Unique representative. Quality: usable,blackhead-78-_JPG_jpg.rf.3e21491a1a815fe84ef289ac9c2625cc.jpg,118.75,usable,train
blackhead_202_jpg.rf.cc3b585bf3c22b11ffeadec4ebc1cda0.jpg,Blackheads,ACCEPTED,Unique representative. Quality: usable,blackhead_202_jpg.rf.cc3b585bf3c22b11ffeadec4ebc1cda0.jpg,62.99,usable,train
blackhead-15-_jpg.rf.216a7ef4799e71740ee6d0f01d2ce53b.jpg,Blackheads,ACCEPTED,Unique representative. Quality: usable,blackhead-15-_jpg.rf.216a7ef4799e71740ee6d0f01d2ce53b.jpg,97.63,usable,train
blackhead-37-_jpg.rf.acbd18a22f01bfdf80a01a97b75b5d5e.jpg,Blackheads,ACCEPTED,Unique representative. Quality: usable,blackhead-37-_jpg.rf.acbd18a22f01bfdf80a01a97b75b5d5e.jpg,71.63,usable,train
blackhead_616_jpg.rf.9f7da9fc9000a955c8557c98669c5bb6.jpg,Blackheads,ACCEPTED,Unique representative. Quality: usable,blackhead_616_jpg.rf.9f7da9fc9000a955c8557c98669c5bb6.jpg,79.66,usable,train
blackhead_270_jpg.rf.4143ea7fd60fed22fc72b7721b979930.jpg,Blackheads,ACCEPTED,Unique representative. Quality: usable,blackhead_270_jpg.rf.4143ea7fd60fed22fc72b7721b979930.jpg,74.65,usable,train
blackhead_536_jpg.rf.9b561ce4d921936828699606250fb512.jpg,Blackheads,ACCEPTED,Unique representative. Quality: borderline,blackhead_536_jpg.rf.9b561ce4d921936828699606250fb512.jpg,38.01,borderline,train
blackhead_266_jpg.rf.ddac95fd4f50751b340de385930124d0.jpg,Blackheads,ACCEPTED,Unique representative. Quality: usable,blackhead_266_jpg.rf.ddac95fd4f50751b340de385930124d0.jpg,76.43,usable,train
blackhead_266_jpg.rf.edfad084b62740ae18c7976f909f107e.jpg,Blackheads,ACCEPTED,Unique representative. Quality: usable,blackhead_266_jpg.rf.edfad084b62740ae18c7976f909f107e.jpg,61.81,usable,train
blackhead_554_jpg.rf.291c12ccdfb1ab6b90f11dc16a34b738.jpg,Blackheads,ACCEPTED,Unique representative. Quality: usable,blackhead_554_jpg.rf.291c12ccdfb1ab6b90f11dc16a34b738.jpg,118.69,usable,train
blackhead_266_jpg.rf.e2c0a17baaefaa64806904f79781503c.jpg,Blackheads,ACCEPTED,Unique representative. Quality: borderline,blackhead_266_jpg.rf.e2c0a17baaefaa64806904f79781503c.jpg,46.15,borderline,train
blackhead-19-_jpg.rf.8f7eb707d9fb359278577d0c1539eaef.jpg,Blackheads,ACCEPTED,Unique representative. Quality: usable,blackhead-19-_jpg.rf.8f7eb707d9fb359278577d0c1539eaef.jpg,69.36,usable,train
blackhead_536_jpg.rf.e4765718e26aa8025f942a25d1eaf991.jpg,Blackheads,ACCEPTED,Unique representative. Quality: usable,blackhead_536_jpg.rf.e4765718e26aa8025f942a25d1eaf991.jpg,67.22,usable,train
blackhead_270_jpg.rf.9d65a6343de4ac5942616740ef35b36a.jpg,Blackheads,ACCEPTED,Unique representative. Quality: usable,blackhead_270_jpg.rf.9d65a6343de4ac5942616740ef35b36a.jpg,128.21,usable,train
blackhead-13-_JPG_jpg.rf.fc341da51313b3bd41f7f6b38a0c57ba.jpg,Blackheads,ACCEPTED,Unique representative. Quality: borderline,blackhead-13-_JPG_jpg.rf.fc341da51313b3bd41f7f6b38a0c57ba.jpg,48.62,borderline,train
blackhead_270_jpg.rf.4359576ddfb56ea38fdbe1aca0cedd59.jpg,Blackheads,ACCEPTED,Unique representative. Quality: usable,blackhead_270_jpg.rf.4359576ddfb56ea38fdbe1aca0cedd59.jpg,109.22,usable,train
blackhead_546_jpg.rf.047cb0cc45b0aa5562908ae20e246c99.jpg,Blackheads,ACCEPTED,Unique representative. Quality: usable,blackhead_546_jpg.rf.047cb0cc45b0aa5562908ae20e246c99.jpg,87.59,usable,train
blackhead-41-_JPG_jpg.rf.ac386c48ade303d471e6222b57270b45.jpg,Blackheads,ACCEPTED,Unique representative. Quality: borderline,blackhead-41-_JPG_jpg.rf.ac386c48ade303d471e6222b57270b45.jpg,31.74,borderline,train
blackhead_266_jpg.rf.0d18e575cf3df0c3f3ef5ea20fb56044.jpg,Blackheads,ACCEPTED,Unique representative. Quality: usable,blackhead_266_jpg.rf.0d18e575cf3df0c3f3ef5ea20fb56044.jpg,70.78,usable,train
blackhead-64-_JPG_jpg.rf.09b8773caa975ae2e5f8bc49e0d5b363.jpg,Blackheads,ACCEPTED,Unique representative. Quality: borderline,blackhead-64-_JPG_jpg.rf.09b8773caa975ae2e5f8bc49e0d5b363.jpg,47.25,borderline,train
blackhead_202_jpg.rf.5bcca5673cbd80fb868e558e9a3ec461.jpg,Blackheads,ACCEPTED,Unique representative. Quality: usable,blackhead_202_jpg.rf.5bcca5673cbd80fb868e558e9a3ec461.jpg,88.28,usable,train
blackhead-7-_JPG_jpg.rf.81d7a675b4149c379a8b93e5ca260148.jpg,Blackheads,ACCEPTED,Unique representative. Quality: usable,blackhead-7-_JPG_jpg.rf.81d7a675b4149c379a8b93e5ca260148.jpg,66.27,usable,train
blackhead-16-_jpg.rf.af1461900e32101b9c00929f9b443b62.jpg,Blackheads,ACCEPTED,Unique representative. Quality: usable,blackhead-16-_jpg.rf.af1461900e32101b9c00929f9b443b62.jpg,113.75,usable,train
blackhead_616_jpg.rf.1b1d8aafa50169abf06a054ed36254f6.jpg,Blackheads,ACCEPTED,Unique representative. Quality: usable,blackhead_616_jpg.rf.1b1d8aafa50169abf06a054ed36254f6.jpg,107.40,usable,train
blackhead-25-_jpg.rf.8cd375b6263c26fef4e7842fb50dfcb5.jpg,Blackheads,ACCEPTED,Unique representative. Quality: usable,blackhead-25-_jpg.rf.8cd375b6263c26fef4e7842fb50dfcb5.jpg,95.99,usable,train
blackhead-30-_jpg.rf.9a9778ce422b635d817986b13e78fff0.jpg,Blackheads,ACCEPTED,Unique representative. Quality: borderline,blackhead-30-_jpg.rf.9a9778ce422b635d817986b13e78fff0.jpg,53.58,borderline,train
blackhead_602_jpg.rf.b12d293b257faf7815cd1b023be59b7a.jpg,Blackheads,ACCEPTED,Unique representative. Quality: high_quality,blackhead_602_jpg.rf.b12d293b257faf7815cd1b023be59b7a.jpg,153.77,high_quality,train
blackhead_70_jpg.rf.dc27c2178b45281793c6471eaa9bf1eb.jpg,Blackheads,ACCEPTED,Unique representative. Quality: usable,blackhead_70_jpg.rf.dc27c2178b45281793c6471eaa9bf1eb.jpg,75.04,usable,train
blackhead_242_jpg.rf.47f6a06fdefe29c4cb19e026b360565a.jpg,Blackheads,ACCEPTED,Unique representative. Quality: usable,blackhead_242_jpg.rf.47f6a06fdefe29c4cb19e026b360565a.jpg,86.08,usable,train
blackhead-5-_JPG_jpg.rf.26c57c51a938499b6c05d993509cf4e2.jpg,Blackheads,ACCEPTED,Unique representative. Quality: borderline,blackhead-5-_JPG_jpg.rf.26c57c51a938499b6c05d993509cf4e2.jpg,56.33,borderline,train
blackhead-44-_JPG_jpg.rf.e86c58e9d71a97cfcd8826f48eba80fa.jpg,Blackheads,ACCEPTED,Unique representative. Quality: usable,blackhead-44-_JPG_jpg.rf.e86c58e9d71a97cfcd8826f48eba80fa.jpg,72.81,usable,train
blackhead-48-_jpg.rf.31d7c442990ef313df71a498974bcd00.jpg,Blackheads,ACCEPTED,Unique representative. Quality: borderline,blackhead-48-_jpg.rf.31d7c442990ef313df71a498974bcd00.jpg,41.55,borderline,train
blackhead_242_jpg.rf.847c2446034f5184d341462d048aebd1.jpg,Blackheads,ACCEPTED,Unique representative. Quality: usable,blackhead_242_jpg.rf.847c2446034f5184d341462d048aebd1.jpg,113.56,usable,train
blackhead-15-_jpg.rf.2fe0f54ea783ab47d3a431b855981877.jpg,Blackheads,ACCEPTED,Unique representative. Quality: usable,blackhead-15-_jpg.rf.2fe0f54ea783ab47d3a431b855981877.jpg,79.36,usable,train
blackhead-30-_jpg.rf.654282bfad3e54ad4ae16ea10e1dd187.jpg,Blackheads,ACCEPTED,Unique representative. Quality: borderline,blackhead-30-_jpg.rf.654282bfad3e54ad4ae16ea10e1dd187.jpg,56.88,borderline,train
blackhead-9-_JPG_jpg.rf.5899cddc23b9daf000456e635ec90051.jpg,Blackheads,ACCEPTED,Unique representative. Quality: usable,blackhead-9-_JPG_jpg.rf.5899cddc23b9daf000456e635ec90051.jpg,68.40,usable,train
blackhead-74-_jpg.rf.87d93f9133de306ea0f32b92666f9bd6.jpg,Blackheads,ACCEPTED,Unique representative. Quality: borderline,blackhead-74-_jpg.rf.87d93f9133de306ea0f32b92666f9bd6.jpg,50.33,borderline,train
blackhead_546_jpg.rf.fc7f2e81a509b2097fe9589bcb16ec2c.jpg,Blackheads,ACCEPTED,Unique representative. Quality: usable,blackhead_546_jpg.rf.fc7f2e81a509b2097fe9589bcb16ec2c.jpg,61.02,usable,train
blackhead-75-_JPG_jpg.rf.b8e45f1768cb5880d1c66d640972b623.jpg,Blackheads,ACCEPTED,Unique representative. Quality: borderline,blackhead-75-_JPG_jpg.rf.b8e45f1768cb5880d1c66d640972b623.jpg,46.78,borderline,train
blackhead-4-_JPG_jpg.rf.1031d33fe4828e2da47f1005c2ae398b.jpg,Blackheads,ACCEPTED,Unique representative. Quality: usable,blackhead-4-_JPG_jpg.rf.1031d33fe4828e2da47f1005c2ae398b.jpg,66.45,usable,train
blackhead-78-_JPG_jpg.rf.c516db0b41c40e3b8e21cf43e288540d.jpg,Blackheads,ACCEPTED,Unique representative. Quality: usable,blackhead-78-_JPG_jpg.rf.c516db0b41c40e3b8e21cf43e288540d.jpg,110.03,usable,train
blackhead-3-_jpg.rf.bf4a040069acffb0aec729254e3babb4.jpg,Blackheads,ACCEPTED,Unique representative. Quality: usable,blackhead-3-_jpg.rf.bf4a040069acffb0aec729254e3babb4.jpg,113.32,usable,train
blackhead-18-_jpg.rf.251968e44f1f719c7a9aeff619a2d446.jpg,Blackheads,ACCEPTED,Unique representative. Quality: borderline,blackhead-18-_jpg.rf.251968e44f1f719c7a9aeff619a2d446.jpg,57.97,borderline,train
blackhead_602_jpg.rf.c4be21f49a3b6be7e65b5e0f1b45a0f7.jpg,Blackheads,ACCEPTED,Unique representative. Quality: borderline,blackhead_602_jpg.rf.c4be21f49a3b6be7e65b5e0f1b45a0f7.jpg,33.12,borderline,train
blackhead_122_jpg.rf.c829d527614d2decf5a4af14b2fb07e8.jpg,Blackheads,ACCEPTED,Unique representative. Quality: usable,blackhead_122_jpg.rf.c829d527614d2decf5a4af14b2fb07e8.jpg,101.42,usable,train
blackhead-33-_jpg.rf.f66a4a2c1e84a369deb15fedb61d4e1d.jpg,Blackheads,ACCEPTED,Unique representative. Quality: borderline,blackhead-33-_jpg.rf.f66a4a2c1e84a369deb15fedb61d4e1d.jpg,33.80,borderline,train
blackhead_546_jpg.rf.155195b952314615ae30f460e23a0c0c.jpg,Blackheads,ACCEPTED,Unique representative. Quality: borderline,blackhead_546_jpg.rf.155195b952314615ae30f460e23a0c0c.jpg,59.43,borderline,train
blackhead-25-_jpg.rf.6d11d57feb5e80e3a9a11261b19c8f9e.jpg,Blackheads,ACCEPTED,Unique representative. Quality: usable,blackhead-25-_jpg.rf.6d11d57feb5e80e3a9a11261b19c8f9e.jpg,91.00,usable,train
blackhead_546_jpg.rf.f37771586d0ef948274204db63b3a39d.jpg,Blackheads,ACCEPTED,Unique representative. Quality: usable,blackhead_546_jpg.rf.f37771586d0ef948274204db63b3a39d.jpg,76.46,usable,train
blackhead_122_jpg.rf.c1aa59ddc79d3c5817531f69d7f5a0a3.jpg,Blackheads,ACCEPTED,Unique representative. Quality: borderline,blackhead_122_jpg.rf.c1aa59ddc79d3c5817531f69d7f5a0a3.jpg,34.41,borderline,train
blackhead_536_jpg.rf.7201c1239fa9cf29aa75b4d6091ce77f.jpg,Blackheads,ACCEPTED,Unique representative. Quality: borderline,blackhead_536_jpg.rf.7201c1239fa9cf29aa75b4d6091ce77f.jpg,42.65,borderline,train
blackhead-61-_JPG_jpg.rf.04b51b5d0a33265cdfa6d14f1f549c62.jpg,Blackheads,ACCEPTED,Unique representative. Quality: borderline,blackhead-61-_JPG_jpg.rf.04b51b5d0a33265cdfa6d14f1f549c62.jpg,56.93,borderline,train
blackhead-48-_jpg.rf.f6049ba8c72ce52fb4f6afac34f3ea18.jpg,Blackheads,ACCEPTED,Unique representative. Quality: borderline,blackhead-48-_jpg.rf.f6049ba8c72ce52fb4f6afac34f3ea18.jpg,45.89,borderline,train
blackhead-49-_jpg.rf.254588aa2941cf74a89cde08befbc1f1.jpg,Blackheads,ACCEPTED,Unique representative. Quality: borderline,blackhead-49-_jpg.rf.254588aa2941cf74a89cde08befbc1f1.jpg,40.23,borderline,train
blackhead_270_jpg.rf.1f832f7a68ba6a584cd336d840565bd7.jpg,Blackheads,ACCEPTED,Unique representative. Quality: usable,blackhead_270_jpg.rf.1f832f7a68ba6a584cd336d840565bd7.jpg,70.93,usable,train
blackhead_581_jpg.rf.c01ea323d44b71c60a52eede88966615.jpg,Blackheads,ACCEPTED,Unique representative. Quality: usable,blackhead_581_jpg.rf.c01ea323d44b71c60a52eede88966615.jpg,97.63,usable,train
blackhead-75-_JPG_jpg.rf.13a1a5325af32acbdd313f9cf57e586d.jpg,Blackheads,ACCEPTED,Unique representative. Quality: borderline,blackhead-75-_JPG_jpg.rf.13a1a5325af32acbdd313f9cf57e586d.jpg,32.31,borderline,train
blackhead-77-_JPG_jpg.rf.99b894f2ae690d1728e5a74e923b16d0.jpg,Blackheads,ACCEPTED,Unique representative. Quality: usable,blackhead-77-_JPG_jpg.rf.99b894f2ae690d1728e5a74e923b16d0.jpg,109.30,usable,train
blackhead-56-_jpg.rf.4a4646aeb790a9963421d6bbe0d7fa29.jpg,Blackheads,ACCEPTED,Unique representative. Quality: usable,blackhead-56-_jpg.rf.4a4646aeb790a9963421d6bbe0d7fa29.jpg,88.20,usable,train
blackhead_546_jpg.rf.81486942ebfb78fee7194dd7fa315a40.jpg,Blackheads,ACCEPTED,Unique representative. Quality: usable,blackhead_546_jpg.rf.81486942ebfb78fee7194dd7fa315a40.jpg,104.87,usable,train
blackhead_242_jpg.rf.b72af787149ba6db0f9b48b9fa7909fd.jpg,Blackheads,ACCEPTED,Unique representative. Quality: usable,blackhead_242_jpg.rf.b72af787149ba6db0f9b48b9fa7909fd.jpg,83.17,usable,train
blackhead-56-_jpg.rf.15604798d25f6348288409c54718c484.jpg,Blackheads,ACCEPTED,Unique representative. Quality: usable,blackhead-56-_jpg.rf.15604798d25f6348288409c54718c484.jpg,74.06,usable,train
blackhead-78-_JPG_jpg.rf.f87380275934b986c3a54d9f215cfcd5.jpg,Blackheads,ACCEPTED,Unique representative. Quality: borderline,blackhead-78-_JPG_jpg.rf.f87380275934b986c3a54d9f215cfcd5.jpg,52.49,borderline,train
blackhead-34-_JPG_jpg.rf.ee3a024bbcfe78ce4086e98a14d2296e.jpg,Blackheads,ACCEPTED,Unique representative. Quality: borderline,blackhead-34-_JPG_jpg.rf.ee3a024bbcfe78ce4086e98a14d2296e.jpg,43.31,borderline,train
blackhead_546_jpg.rf.1fffeb51041e4c117e286f774cd6455e.jpg,Blackheads,ACCEPTED,Unique representative. Quality: usable,blackhead_546_jpg.rf.1fffeb51041e4c117e286f774cd6455e.jpg,109.59,usable,train
blackhead_581_jpg.rf.4ca638b5f324e9468de53e1657990a9a.jpg,Blackheads,ACCEPTED,Unique representative. Quality: usable,blackhead_581_jpg.rf.4ca638b5f324e9468de53e1657990a9a.jpg,113.97,usable,train
blackhead_266_jpg.rf.8f9788f5d0a2397fbae781204f07023d.jpg,Blackheads,ACCEPTED,Unique representative. Quality: usable,blackhead_266_jpg.rf.8f9788f5d0a2397fbae781204f07023d.jpg,62.09,usable,train
blackhead_581_jpg.rf.8ad6a654a944e261dc24e228f2744e9d.jpg,Blackheads,ACCEPTED,Unique representative. Quality: usable,blackhead_581_jpg.rf.8ad6a654a944e261dc24e228f2744e9d.jpg,82.48,usable,train
blackhead_581_jpg.rf.b0c07427571a027af467b6b60855e387.jpg,Blackheads,ACCEPTED,Unique representative. Quality: usable,blackhead_581_jpg.rf.b0c07427571a027af467b6b60855e387.jpg,103.32,usable,train
blackhead_616_jpg.rf.a5927b3613cecec37c6098842ee9a3f8.jpg,Blackheads,ACCEPTED,Unique representative. Quality: borderline,blackhead_616_jpg.rf.a5927b3613cecec37c6098842ee9a3f8.jpg,58.91,borderline,train
blackhead-65-_JPG_jpg.rf.1ea2ffdf5c6ddd4b004dc897d10c3b3b.jpg,Blackheads,ACCEPTED,Unique representative. Quality: borderline,blackhead-65-_JPG_jpg.rf.1ea2ffdf5c6ddd4b004dc897d10c3b3b.jpg,44.36,borderline,train
blackhead_202_jpg.rf.77e5c236c02117544e1ef367904ca06e.jpg,Blackheads,ACCEPTED,Unique representative. Quality: usable,blackhead_202_jpg.rf.77e5c236c02117544e1ef367904ca06e.jpg,65.12,usable,train
blackhead_616_jpg.rf.32b70ea5c15a535b87251278f0d0a0dc.jpg,Blackheads,ACCEPTED,Unique representative. Quality: high_quality,blackhead_616_jpg.rf.32b70ea5c15a535b87251278f0d0a0dc.jpg,178.91,high_quality,train
blackhead-74-_jpg.rf.7535e5f7de7ee0c370b754aea8bb8299.jpg,Blackheads,ACCEPTED,Unique representative. Quality: borderline,blackhead-74-_jpg.rf.7535e5f7de7ee0c370b754aea8bb8299.jpg,46.16,borderline,train
blackhead_242_jpg.rf.72c286fa586c1c4d589b43ee7f82f503.jpg,Blackheads,ACCEPTED,Unique representative. Quality: usable,blackhead_242_jpg.rf.72c286fa586c1c4d589b43ee7f82f503.jpg,60.10,usable,train
blackhead_270_jpg.rf.f37b9b1e665f4abdd893d120353b6965.jpg,Blackheads,ACCEPTED,Unique representative. Quality: high_quality,blackhead_270_jpg.rf.f37b9b1e665f4abdd893d120353b6965.jpg,151.40,high_quality,train
blackhead_554_jpg.rf.ded18f51e55c99d26b4039f028f3eadd.jpg,Blackheads,ACCEPTED,Unique representative. Quality: borderline,blackhead_554_jpg.rf.ded18f51e55c99d26b4039f028f3eadd.jpg,56.77,borderline,train
blackhead_242_jpg.rf.85f5d1d0ee321cfad90b62349d45b609.jpg,Blackheads,ACCEPTED,Unique representative. Quality: usable,blackhead_242_jpg.rf.85f5d1d0ee321cfad90b62349d45b609.jpg,88.49,usable,train
blackhead-5-_JPG_jpg.rf.fba53c5275ce65721f6a4bd0aafc5dd9.jpg,Blackheads,ACCEPTED,Unique representative. Quality: usable,blackhead-5-_JPG_jpg.rf.fba53c5275ce65721f6a4bd0aafc5dd9.jpg,69.50,usable,train
blackhead_266_jpg.rf.74fb607dbbb28213e968c7179aaa03b7.jpg,Blackheads,ACCEPTED,Unique representative. Quality: usable,blackhead_266_jpg.rf.74fb607dbbb28213e968c7179aaa03b7.jpg,89.43,usable,train
blackhead_581_jpg.rf.0f2c848c50a9fe11ee71c9faf811ff5a.jpg,Blackheads,ACCEPTED,Unique representative. Quality: usable,blackhead_581_jpg.rf.0f2c848c50a9fe11ee71c9faf811ff5a.jpg,105.33,usable,train
blackhead-35-_jpg.rf.cec6cc9767914f01996fd57ecd1f8dff.jpg,Blackheads,ACCEPTED,Unique representative. Quality: usable,blackhead-35-_jpg.rf.cec6cc9767914f01996fd57ecd1f8dff.jpg,75.26,usable,train
blackhead_122_jpg.rf.22567caaaa4e276c3cdfc411d26393a0.jpg,Blackheads,ACCEPTED,Unique representative. Quality: usable,blackhead_122_jpg.rf.22567caaaa4e276c3cdfc411d26393a0.jpg,92.99,usable,train
blackhead_546_jpg.rf.be436c4ae0461e151f6692c233338d63.jpg,Blackheads,ACCEPTED,Unique representative. Quality: usable,blackhead_546_jpg.rf.be436c4ae0461e151f6692c233338d63.jpg,92.22,usable,train
blackhead-36-_jpg.rf.ce9341e0a113ed59cd56cb21e7602aa6.jpg,Blackheads,ACCEPTED,Unique representative. Quality: usable,blackhead-36-_jpg.rf.ce9341e0a113ed59cd56cb21e7602aa6.jpg,87.09,usable,train
blackhead_242_jpg.rf.41d5cd3c57ceaebea24392238bfb73d7.jpg,Blackheads,ACCEPTED,Unique representative. Quality: borderline,blackhead_242_jpg.rf.41d5cd3c57ceaebea24392238bfb73d7.jpg,58.33,borderline,train
blackhead_142_jpg.rf.c10dfb6a24e6b37a4e1a716c4974d012.jpg,Blackheads,ACCEPTED,Unique representative. Quality: usable,blackhead_142_jpg.rf.c10dfb6a24e6b37a4e1a716c4974d012.jpg,103.61,usable,train
blackhead-46-_jpg.rf.a2eb72e9f699a4f5fb96bb5f2e9cb654.jpg,Blackheads,ACCEPTED,Unique representative. Quality: borderline,blackhead-46-_jpg.rf.a2eb72e9f699a4f5fb96bb5f2e9cb654.jpg,55.55,borderline,train
blackhead_70_jpg.rf.6fd30963db9e0bc7b0a22417fdcea063.jpg,Blackheads,ACCEPTED,Unique representative. Quality: usable,blackhead_70_jpg.rf.6fd30963db9e0bc7b0a22417fdcea063.jpg,62.73,usable,train
blackhead_70_jpg.rf.68e7d44567d3313001ec0ddeb30109c8.jpg,Blackheads,ACCEPTED,Unique representative. Quality: borderline,blackhead_70_jpg.rf.68e7d44567d3313001ec0ddeb30109c8.jpg,45.54,borderline,train
blackhead-7-_JPG_jpg.rf.a37b2a7cd2b4d39e755d4c04bb650ad6.jpg,Blackheads,ACCEPTED,Unique representative. Quality: usable,blackhead-7-_JPG_jpg.rf.a37b2a7cd2b4d39e755d4c04bb650ad6.jpg,95.27,usable,train
blackhead-75-_JPG_jpg.rf.d1e26c1351c0297038d0cdec8fb3f828.jpg,Blackheads,ACCEPTED,Unique representative. Quality: borderline,blackhead-75-_JPG_jpg.rf.d1e26c1351c0297038d0cdec8fb3f828.jpg,37.67,borderline,train
blackhead_242_jpg.rf.ec25b561642fc7a86b2f2809e56f6a4e.jpg,Blackheads,ACCEPTED,Unique representative. Quality: usable,blackhead_242_jpg.rf.ec25b561642fc7a86b2f2809e56f6a4e.jpg,128.99,usable,train
blackhead-74-_jpg.rf.ca098900a9bdbc8a17baf7d54473176f.jpg,Blackheads,ACCEPTED,Unique representative. Quality: borderline,blackhead-74-_jpg.rf.ca098900a9bdbc8a17baf7d54473176f.jpg,44.09,borderline,train
blackhead_270_jpg.rf.fc4602fde6b432bab362b55f0182c393.jpg,Blackheads,ACCEPTED,Unique representative. Quality: usable,blackhead_270_jpg.rf.fc4602fde6b432bab362b55f0182c393.jpg,119.39,usable,train
blackhead_142_jpg.rf.472ba4b52e5f1ccb7b84da8c6557bec0.jpg,Blackheads,ACCEPTED,Unique representative. Quality: usable,blackhead_142_jpg.rf.472ba4b52e5f1ccb7b84da8c6557bec0.jpg,83.35,usable,train
blackhead_546_jpg.rf.e86d3eba59f57b444b1920d1ae3f5589.jpg,Blackheads,ACCEPTED,Unique representative. Quality: usable,blackhead_546_jpg.rf.e86d3eba59f57b444b1920d1ae3f5589.jpg,63.33,usable,train
blackhead_270_jpg.rf.645ee68fbe2fe96e4e33486b518238a7.jpg,Blackheads,ACCEPTED,Unique representative. Quality: usable,blackhead_270_jpg.rf.645ee68fbe2fe96e4e33486b518238a7.jpg,144.38,usable,train
blackhead_79_jpg.rf.6490a3a607c670d390bab86283daf0ec.jpg,Blackheads,ACCEPTED,Unique representative. Quality: usable,blackhead_79_jpg.rf.6490a3a607c670d390bab86283daf0ec.jpg,88.52,usable,train
blackhead-48-_jpg.rf.98db1791a12c68342bf5270b30e3721e.jpg,Blackheads,ACCEPTED,Unique representative. Quality: borderline,blackhead-48-_jpg.rf.98db1791a12c68342bf5270b30e3721e.jpg,44.68,borderline,train
blackhead_602_jpg.rf.30153dfb9ab4d367847900dd32ac1389.jpg,Blackheads,ACCEPTED,Unique representative. Quality: usable,blackhead_602_jpg.rf.30153dfb9ab4d367847900dd32ac1389.jpg,128.56,usable,train
blackhead_581_jpg.rf.20b2040e37d11d7a0c271b4853704308.jpg,Blackheads,ACCEPTED,Unique representative. Quality: borderline,blackhead_581_jpg.rf.20b2040e37d11d7a0c271b4853704308.jpg,42.77,borderline,train
blackhead_242_jpg.rf.4c7b13fa7ff81f9ce84497501346889c.jpg,Blackheads,ACCEPTED,Unique representative. Quality: borderline,blackhead_242_jpg.rf.4c7b13fa7ff81f9ce84497501346889c.jpg,59.54,borderline,train
blackhead-60-_jpg.rf.594f032b9ef00fa7ba403e9aa924b63a.jpg,Blackheads,ACCEPTED,Unique representative. Quality: usable,blackhead-60-_jpg.rf.594f032b9ef00fa7ba403e9aa924b63a.jpg,79.31,usable,train
blackhead_70_jpg.rf.4418dd3fb70df8dcdaba04c4b4cdee6f.jpg,Blackheads,ACCEPTED,Unique representative. Quality: borderline,blackhead_70_jpg.rf.4418dd3fb70df8dcdaba04c4b4cdee6f.jpg,47.35,borderline,train
blackhead-21-_jpg.rf.c7516746320b5dadd10108715a6aac54.jpg,Blackheads,ACCEPTED,Unique representative. Quality: usable,blackhead-21-_jpg.rf.c7516746320b5dadd10108715a6aac54.jpg,88.61,usable,train
blackhead_142_jpg.rf.7d8557a05db4e20bceff20fbdb2a8ffd.jpg,Blackheads,ACCEPTED,Unique representative. Quality: usable,blackhead_142_jpg.rf.7d8557a05db4e20bceff20fbdb2a8ffd.jpg,71.97,usable,train
blackhead-62-_JPG_jpg.rf.bf703a404c8aee8cd6431d9f93762a7f.jpg,Blackheads,ACCEPTED,Unique representative. Quality: usable,blackhead-62-_JPG_jpg.rf.bf703a404c8aee8cd6431d9f93762a7f.jpg,61.67,usable,train
blackhead_242_jpg.rf.632a187b50202189e8c042a3fc72b208.jpg,Blackheads,ACCEPTED,Unique representative. Quality: usable,blackhead_242_jpg.rf.632a187b50202189e8c042a3fc72b208.jpg,85.01,usable,train
blackhead_546_jpg.rf.568b5d232234c5a177f8d7318d9d305b.jpg,Blackheads,ACCEPTED,Unique representative. Quality: usable,blackhead_546_jpg.rf.568b5d232234c5a177f8d7318d9d305b.jpg,95.75,usable,train
blackhead_122_jpg.rf.9d7b85aac6d6124e31525ea3246c4643.jpg,Blackheads,ACCEPTED,Unique representative. Quality: usable,blackhead_122_jpg.rf.9d7b85aac6d6124e31525ea3246c4643.jpg,82.90,usable,train
blackhead_616_jpg.rf.07e243af4d3d865aa5c7f056414ae11e.jpg,Blackheads,ACCEPTED,Unique representative. Quality: usable,blackhead_616_jpg.rf.07e243af4d3d865aa5c7f056414ae11e.jpg,71.03,usable,train
blackhead_616_jpg.rf.85f38f24407a29d57a72e1d291305945.jpg,Blackheads,ACCEPTED,Unique representative. Quality: borderline,blackhead_616_jpg.rf.85f38f24407a29d57a72e1d291305945.jpg,40.05,borderline,train
blackhead_581_jpg.rf.7f9ffd1bf84c768688dff6661e7c3442.jpg,Blackheads,ACCEPTED,Unique representative. Quality: usable,blackhead_581_jpg.rf.7f9ffd1bf84c768688dff6661e7c3442.jpg,82.78,usable,train
blackhead-61-_JPG_jpg.rf.8d218291cdcd50cd5b09058de725ff81.jpg,Blackheads,ACCEPTED,Unique representative. Quality: borderline,blackhead-61-_JPG_jpg.rf.8d218291cdcd50cd5b09058de725ff81.jpg,56.99,borderline,train
blackhead_79_jpg.rf.8fb52e55f07eb67830c693b0bad0b2ac.jpg,Blackheads,ACCEPTED,Unique representative. Quality: usable,blackhead_79_jpg.rf.8fb52e55f07eb67830c693b0bad0b2ac.jpg,66.52,usable,train
blackhead_546_jpg.rf.c8b2821d9887b0cb8e5e8dc8a611c676.jpg,Blackheads,ACCEPTED,Unique representative. Quality: usable,blackhead_546_jpg.rf.c8b2821d9887b0cb8e5e8dc8a611c676.jpg,103.70,usable,train
blackhead_79_jpg.rf.06c4ca52e77584324f3d56439713d514.jpg,Blackheads,ACCEPTED,Unique representative. Quality: borderline,blackhead_79_jpg.rf.06c4ca52e77584324f3d56439713d514.jpg,53.32,borderline,train
blackhead-60-_jpg.rf.b2de1bcbb67907115c6ecb175d1b369f.jpg,Blackheads,ACCEPTED,Unique representative. Quality: borderline,blackhead-60-_jpg.rf.b2de1bcbb67907115c6ecb175d1b369f.jpg,45.68,borderline,train
blackhead-25-_jpg.rf.a8e756bd94fb32a1f95fa64a64ebf764.jpg,Blackheads,ACCEPTED,Unique representative. Quality: borderline,blackhead-25-_jpg.rf.a8e756bd94fb32a1f95fa64a64ebf764.jpg,49.00,borderline,train
blackhead-19-_jpg.rf.cb3be8f8bb3519d4c93a085270351454.jpg,Blackheads,ACCEPTED,Unique representative. Quality: borderline,blackhead-19-_jpg.rf.cb3be8f8bb3519d4c93a085270351454.jpg,31.66,borderline,train
blackhead_581_jpg.rf.47d8ebf476093d6c1a317cabdd148645.jpg,Blackheads,ACCEPTED,Unique representative. Quality: usable,blackhead_581_jpg.rf.47d8ebf476093d6c1a317cabdd148645.jpg,89.44,usable,train
blackhead_581_jpg.rf.da28981c3d5ff208d59475a824c89eb2.jpg,Blackheads,ACCEPTED,Unique representative. Quality: usable,blackhead_581_jpg.rf.da28981c3d5ff208d59475a824c89eb2.jpg,66.35,usable,train
blackhead_546_jpg.rf.a732a15507809682239bd5c1091961ab.jpg,Blackheads,ACCEPTED,Unique representative. Quality: usable,blackhead_546_jpg.rf.a732a15507809682239bd5c1091961ab.jpg,84.63,usable,train
blackhead-54-_JPG_jpg.rf.fb6c586363073529629558c48e5e077f.jpg,Blackheads,ACCEPTED,Unique representative. Quality: borderline,blackhead-54-_JPG_jpg.rf.fb6c586363073529629558c48e5e077f.jpg,46.99,borderline,train
blackhead_122_jpg.rf.bccb502baf42d2ee38b2e583a8f579ed.jpg,Blackheads,ACCEPTED,Unique representative. Quality: usable,blackhead_122_jpg.rf.bccb502baf42d2ee38b2e583a8f579ed.jpg,110.26,usable,train
blackhead_70_jpg.rf.83c457fcc6785e08a82e7238b9e5cf08.jpg,Blackheads,ACCEPTED,Unique representative. Quality: usable,blackhead_70_jpg.rf.83c457fcc6785e08a82e7238b9e5cf08.jpg,71.90,usable,train
blackhead_202_jpg.rf.99c7c19862d69b6da7cf86dfda11a987.jpg,Blackheads,ACCEPTED,Unique representative. Quality: usable,blackhead_202_jpg.rf.99c7c19862d69b6da7cf86dfda11a987.jpg,87.41,usable,train
blackhead-50-_jpg.rf.050bb2878aff674ce86f6e06f7eebb71.jpg,Blackheads,ACCEPTED,Unique representative. Quality: usable,blackhead-50-_jpg.rf.050bb2878aff674ce86f6e06f7eebb71.jpg,77.60,usable,train
blackhead-68-_jpg.rf.6e87b8111dda46eb8afd869854e344d6.jpg,Blackheads,ACCEPTED,Unique representative. Quality: usable,blackhead-68-_jpg.rf.6e87b8111dda46eb8afd869854e344d6.jpg,63.04,usable,train
blackhead_242_jpg.rf.47ce9a9fb096f55bec2c03fa19ca99dd.jpg,Blackheads,ACCEPTED,Unique representative. Quality: usable,blackhead_242_jpg.rf.47ce9a9fb096f55bec2c03fa19ca99dd.jpg,93.01,usable,train
blackhead-79-_JPG_jpg.rf.822be9da46987398db8a6cab0a276af7.jpg,Blackheads,ACCEPTED,Unique representative. Quality: usable,blackhead-79-_JPG_jpg.rf.822be9da46987398db8a6cab0a276af7.jpg,91.62,usable,train
blackhead-81-_JPG_jpg.rf.44f518d2f0605da28c8b84b1ed7f8a95.jpg,Blackheads,ACCEPTED,Unique representative. Quality: usable,blackhead-81-_JPG_jpg.rf.44f518d2f0605da28c8b84b1ed7f8a95.jpg,94.80,usable,train
blackhead-16-_jpg.rf.1304a83243d4eb1df3cb1b6607714807.jpg,Blackheads,ACCEPTED,Unique representative. Quality: usable,blackhead-16-_jpg.rf.1304a83243d4eb1df3cb1b6607714807.jpg,110.22,usable,train
blackhead_142_jpg.rf.0fd33b8dd3119e316f8e0d13de60e3f0.jpg,Blackheads,ACCEPTED,Unique representative. Quality: usable,blackhead_142_jpg.rf.0fd33b8dd3119e316f8e0d13de60e3f0.jpg,67.21,usable,train
blackhead_616_jpg.rf.2f067e2ac81d96665baec2a6f108f9d9.jpg,Blackheads,ACCEPTED,Unique representative. Quality: usable,blackhead_616_jpg.rf.2f067e2ac81d96665baec2a6f108f9d9.jpg,109.32,usable,train
blackhead_602_jpg.rf.74892399579395eb6a19fa8732865ea3.jpg,Blackheads,ACCEPTED,Unique representative. Quality: high_quality,blackhead_602_jpg.rf.74892399579395eb6a19fa8732865ea3.jpg,438.54,high_quality,train
blackhead-42-_JPG_jpg.rf.f2bb4a2824f29630a689b50554c79bef.jpg,Blackheads,ACCEPTED,Unique representative. Quality: borderline,blackhead-42-_JPG_jpg.rf.f2bb4a2824f29630a689b50554c79bef.jpg,45.97,borderline,train
blackhead-25-_jpg.rf.47b852334bcc3bf03946e4f25f155db2.jpg,Blackheads,ACCEPTED,Unique representative. Quality: usable,blackhead-25-_jpg.rf.47b852334bcc3bf03946e4f25f155db2.jpg,84.56,usable,train
blackhead-7-_JPG_jpg.rf.2fe9499ab62dd8b8165b15bf0815f794.jpg,Blackheads,ACCEPTED,Unique representative. Quality: usable,blackhead-7-_JPG_jpg.rf.2fe9499ab62dd8b8165b15bf0815f794.jpg,63.87,usable,train
blackhead_548_jpg.rf.825af1442634a3b27ad19d132c038dd4.jpg,Blackheads,ACCEPTED,Unique representative. Quality: usable,blackhead_548_jpg.rf.825af1442634a3b27ad19d132c038dd4.jpg,84.50,usable,train
blackhead_546_jpg.rf.f60fa375b8ececda4f7517b69dd22c22.jpg,Blackheads,ACCEPTED,Unique representative. Quality: usable,blackhead_546_jpg.rf.f60fa375b8ececda4f7517b69dd22c22.jpg,82.06,usable,train
blackhead-3-_jpg.rf.e04a577543dba1e0dc4c10bec7f8b7c3.jpg,Blackheads,ACCEPTED,Unique representative. Quality: borderline,blackhead-3-_jpg.rf.e04a577543dba1e0dc4c10bec7f8b7c3.jpg,51.50,borderline,train
blackhead_242_jpg.rf.16c69c66ae118d841d7d352a403585c4.jpg,Blackheads,ACCEPTED,Unique representative. Quality: usable,blackhead_242_jpg.rf.16c69c66ae118d841d7d352a403585c4.jpg,100.14,usable,train
blackhead_536_jpg.rf.f06f68fdc9399f8b3cd706798062798b.jpg,Blackheads,ACCEPTED,Unique representative. Quality: usable,blackhead_536_jpg.rf.f06f68fdc9399f8b3cd706798062798b.jpg,72.85,usable,train
blackhead_554_jpg.rf.4da4c3877873e9fffd8161b8b7226f94.jpg,Blackheads,ACCEPTED,Unique representative. Quality: high_quality,blackhead_554_jpg.rf.4da4c3877873e9fffd8161b8b7226f94.jpg,160.62,high_quality,train
blackhead-34-_JPG_jpg.rf.f0170a03987467b1c7d8b873557c99bb.jpg,Blackheads,ACCEPTED,Unique representative. Quality: borderline,blackhead-34-_JPG_jpg.rf.f0170a03987467b1c7d8b873557c99bb.jpg,30.86,borderline,train
blackhead_70_jpg.rf.1bc651816313aa6ecd9bb0edb55c6fa8.jpg,Blackheads,ACCEPTED,Unique representative. Quality: usable,blackhead_70_jpg.rf.1bc651816313aa6ecd9bb0edb55c6fa8.jpg,101.68,usable,train
blackhead_142_jpg.rf.805604492b1a0431762e0ab86f71d309.jpg,Blackheads,ACCEPTED,Unique representative. Quality: usable,blackhead_142_jpg.rf.805604492b1a0431762e0ab86f71d309.jpg,75.68,usable,train
blackhead_202_jpg.rf.1272a7e75b0bf0015d99c07352cfb37d.jpg,Blackheads,ACCEPTED,Unique representative. Quality: usable,blackhead_202_jpg.rf.1272a7e75b0bf0015d99c07352cfb37d.jpg,94.00,usable,train
blackhead_122_jpg.rf.4715bd0fbb9e5ce1543e0984f581543a.jpg,Blackheads,ACCEPTED,Unique representative. Quality: borderline,blackhead_122_jpg.rf.4715bd0fbb9e5ce1543e0984f581543a.jpg,52.60,borderline,train
blackhead_546_jpg.rf.c46cb55b116ad5f650c639e43b4a6367.jpg,Blackheads,ACCEPTED,Unique representative. Quality: usable,blackhead_546_jpg.rf.c46cb55b116ad5f650c639e43b4a6367.jpg,72.96,usable,train
blackhead-3-_jpg.rf.3f99832ac157f11392d94935693901d6.jpg,Blackheads,ACCEPTED,Unique representative. Quality: usable,blackhead-3-_jpg.rf.3f99832ac157f11392d94935693901d6.jpg,86.08,usable,train
blackhead_602_jpg.rf.7c4028be05777ff09dac3745b7b63472.jpg,Blackheads,ACCEPTED,Unique representative. Quality: usable,blackhead_602_jpg.rf.7c4028be05777ff09dac3745b7b63472.jpg,76.18,usable,train
blackhead_142_jpg.rf.f917fe020ed855a5aed69bd0a9fed699.jpg,Blackheads,ACCEPTED,Unique representative. Quality: high_quality,blackhead_142_jpg.rf.f917fe020ed855a5aed69bd0a9fed699.jpg,161.04,high_quality,train
blackhead-12-_jpg.rf.e89493493a2cfc8f6f2165053e05d75e.jpg,Blackheads,ACCEPTED,Unique representative. Quality: usable,blackhead-12-_jpg.rf.e89493493a2cfc8f6f2165053e05d75e.jpg,94.62,usable,train
blackhead_616_jpg.rf.2a3637ddfcb0f26aac12acebaef6a9ed.jpg,Blackheads,ACCEPTED,Unique representative. Quality: usable,blackhead_616_jpg.rf.2a3637ddfcb0f26aac12acebaef6a9ed.jpg,69.97,usable,train
blackhead-8-_JPG_jpg.rf.19669344dc74c9fdf2f354cfc4a13aec.jpg,Blackheads,ACCEPTED,Unique representative. Quality: usable,blackhead-8-_JPG_jpg.rf.19669344dc74c9fdf2f354cfc4a13aec.jpg,66.11,usable,train
blackhead_70_jpg.rf.678a7e8b107de97171b3f8b1a7bcfe51.jpg,Blackheads,ACCEPTED,Unique representative. Quality: borderline,blackhead_70_jpg.rf.678a7e8b107de97171b3f8b1a7bcfe51.jpg,55.94,borderline,train
blackhead-78-_JPG_jpg.rf.50cc09368acf70cd61e35fe1e59a7080.jpg,Blackheads,ACCEPTED,Unique representative. Quality: usable,blackhead-78-_JPG_jpg.rf.50cc09368acf70cd61e35fe1e59a7080.jpg,67.36,usable,train
blackhead-54-_JPG_jpg.rf.0bcb384763b3cf631d2f193b174bf532.jpg,Blackheads,ACCEPTED,Unique representative. Quality: usable,blackhead-54-_JPG_jpg.rf.0bcb384763b3cf631d2f193b174bf532.jpg,65.35,usable,train
blackhead_242_jpg.rf.e4fb1e4f667b937c41bdf709deb61eb9.jpg,Blackheads,ACCEPTED,Unique representative. Quality: usable,blackhead_242_jpg.rf.e4fb1e4f667b937c41bdf709deb61eb9.jpg,71.91,usable,train
blackhead_548_jpg.rf.989304dfb9aae3d443d3476be1c2317e.jpg,Blackheads,ACCEPTED,Unique representative. Quality: usable,blackhead_548_jpg.rf.989304dfb9aae3d443d3476be1c2317e.jpg,115.87,usable,train
blackhead_548_jpg.rf.0e82343d18c850025a816a814f55016c.jpg,Blackheads,ACCEPTED,Unique representative. Quality: usable,blackhead_548_jpg.rf.0e82343d18c850025a816a814f55016c.jpg,100.92,usable,train
blackhead-39-_JPG_jpg.rf.89d0ca8747ef129c8f132a251b5efc4b.jpg,Blackheads,ACCEPTED,Unique representative. Quality: borderline,blackhead-39-_JPG_jpg.rf.89d0ca8747ef129c8f132a251b5efc4b.jpg,44.33,borderline,train
blackhead-13-_JPG_jpg.rf.c2ad0f7f55f5969b636a104b5c593ba7.jpg,Blackheads,ACCEPTED,Unique representative. Quality: borderline,blackhead-13-_JPG_jpg.rf.c2ad0f7f55f5969b636a104b5c593ba7.jpg,56.67,borderline,train
blackhead_122_jpg.rf.5d6831634526f4879117596b32c8ab09.jpg,Blackheads,ACCEPTED,Unique representative. Quality: borderline,blackhead_122_jpg.rf.5d6831634526f4879117596b32c8ab09.jpg,45.63,borderline,train
blackhead-39-_JPG_jpg.rf.681efd0fe9560947bf3b0a2c285db849.jpg,Blackheads,ACCEPTED,Unique representative. Quality: usable,blackhead-39-_JPG_jpg.rf.681efd0fe9560947bf3b0a2c285db849.jpg,63.69,usable,train
blackhead-35-_jpg.rf.d6c11c0547b1c9285ce802c9f823289a.jpg,Blackheads,ACCEPTED,Unique representative. Quality: usable,blackhead-35-_jpg.rf.d6c11c0547b1c9285ce802c9f823289a.jpg,69.40,usable,train
blackhead_602_jpg.rf.d5e241d8a7abe938f5e8e421ea3fa4f2.jpg,Blackheads,ACCEPTED,Unique representative. Quality: usable,blackhead_602_jpg.rf.d5e241d8a7abe938f5e8e421ea3fa4f2.jpg,112.82,usable,train
blackhead_546_jpg.rf.6aeb2930fc856a398c842abb959938c5.jpg,Blackheads,ACCEPTED,Unique representative. Quality: usable,blackhead_546_jpg.rf.6aeb2930fc856a398c842abb959938c5.jpg,86.71,usable,train
blackhead_602_jpg.rf.bd4db83e62db954d5394d53ab539c56d.jpg,Blackheads,ACCEPTED,Unique representative. Quality: usable,blackhead_602_jpg.rf.bd4db83e62db954d5394d53ab539c56d.jpg,148.19,usable,train
blackhead_79_jpg.rf.95374ff6dc33fea7163d1cdc4759b22a.jpg,Blackheads,ACCEPTED,Unique representative. Quality: borderline,blackhead_79_jpg.rf.95374ff6dc33fea7163d1cdc4759b22a.jpg,47.53,borderline,train
blackhead-27-_jpg.rf.a0c16a8356c53bddabfe44fccb4d2cf0.jpg,Blackheads,ACCEPTED,Unique representative. Quality: borderline,blackhead-27-_jpg.rf.a0c16a8356c53bddabfe44fccb4d2cf0.jpg,48.41,borderline,train
blackhead-12-_jpg.rf.76a283b5b93b0639c48485e82c7303c2.jpg,Blackheads,ACCEPTED,Unique representative. Quality: usable,blackhead-12-_jpg.rf.76a283b5b93b0639c48485e82c7303c2.jpg,121.88,usable,train
blackhead_536_jpg.rf.08edb8e34ae7f39de60bb4c1d440577e.jpg,Blackheads,ACCEPTED,Unique representative. Quality: borderline,blackhead_536_jpg.rf.08edb8e34ae7f39de60bb4c1d440577e.jpg,42.92,borderline,train
blackhead-74-_jpg.rf.20f179ffb5b7b96a827c455905903af0.jpg,Blackheads,ACCEPTED,Unique representative. Quality: borderline,blackhead-74-_jpg.rf.20f179ffb5b7b96a827c455905903af0.jpg,34.26,borderline,train
blackhead_581_jpg.rf.a05650c8256750d525dd1b0c95bdcf50.jpg,Blackheads,ACCEPTED,Unique representative. Quality: usable,blackhead_581_jpg.rf.a05650c8256750d525dd1b0c95bdcf50.jpg,112.71,usable,train
blackhead-75-_JPG_jpg.rf.3ca0ce3f045659787d5953931056a86c.jpg,Blackheads,ACCEPTED,Unique representative. Quality: borderline,blackhead-75-_JPG_jpg.rf.3ca0ce3f045659787d5953931056a86c.jpg,38.12,borderline,train
blackhead-63-_JPG_jpg.rf.eaa25340404b2e449d0076c36fb16c52.jpg,Blackheads,ACCEPTED,Unique representative. Quality: borderline,blackhead-63-_JPG_jpg.rf.eaa25340404b2e449d0076c36fb16c52.jpg,44.97,borderline,train
blackhead-17-_JPG_jpg.rf.7820102b7d36d9983e98e149af125e2a.jpg,Blackheads,ACCEPTED,Unique representative. Quality: borderline,blackhead-17-_JPG_jpg.rf.7820102b7d36d9983e98e149af125e2a.jpg,35.23,borderline,train
blackhead_602_jpg.rf.708a1d0de62b50de46af6849fa519b94.jpg,Blackheads,ACCEPTED,Unique representative. Quality: usable,blackhead_602_jpg.rf.708a1d0de62b50de46af6849fa519b94.jpg,71.39,usable,train
blackhead_79_jpg.rf.98180dd8e1a922335b34d7c468eb7614.jpg,Blackheads,ACCEPTED,Unique representative. Quality: usable,blackhead_79_jpg.rf.98180dd8e1a922335b34d7c468eb7614.jpg,70.44,usable,train
blackhead-34-_JPG_jpg.rf.afdf933b4143ff4a85122081ecba3166.jpg,Blackheads,ACCEPTED,Unique representative. Quality: borderline,blackhead-34-_JPG_jpg.rf.afdf933b4143ff4a85122081ecba3166.jpg,36.16,borderline,train
blackhead_546_jpg.rf.9a74d5ae12aa0960dc4c2f2b06e26310.jpg,Blackheads,ACCEPTED,Unique representative. Quality: borderline,blackhead_546_jpg.rf.9a74d5ae12aa0960dc4c2f2b06e26310.jpg,46.38,borderline,train
blackhead-17-_JPG_jpg.rf.2c7d2a1f7ef39a9e3bdf6d7e34a65a36.jpg,Blackheads,ACCEPTED,Unique representative. Quality: usable,blackhead-17-_JPG_jpg.rf.2c7d2a1f7ef39a9e3bdf6d7e34a65a36.jpg,95.41,usable,train
blackhead_266_jpg.rf.47298084043f5f8692accc60672b4291.jpg,Blackheads,ACCEPTED,Unique representative. Quality: borderline,blackhead_266_jpg.rf.47298084043f5f8692accc60672b4291.jpg,55.92,borderline,train
blackhead-34-_JPG_jpg.rf.046028542a19203addb9ff236c7b9218.jpg,Blackheads,ACCEPTED,Unique representative. Quality: borderline,blackhead-34-_JPG_jpg.rf.046028542a19203addb9ff236c7b9218.jpg,33.05,borderline,train
blackhead_616_jpg.rf.4d3b77bba3d6ba2cf2b03e7616ac9386.jpg,Blackheads,ACCEPTED,Unique representative. Quality: usable,blackhead_616_jpg.rf.4d3b77bba3d6ba2cf2b03e7616ac9386.jpg,62.85,usable,train
blackhead-44-_JPG_jpg.rf.7acf84d442cc91dfa9dacba8ed8e0d92.jpg,Blackheads,ACCEPTED,Unique representative. Quality: borderline,blackhead-44-_JPG_jpg.rf.7acf84d442cc91dfa9dacba8ed8e0d92.jpg,59.04,borderline,train
blackhead-3-_jpg.rf.af54692410714fcbf5f2e8a01b12130c.jpg,Blackheads,ACCEPTED,Unique representative. Quality: usable,blackhead-3-_jpg.rf.af54692410714fcbf5f2e8a01b12130c.jpg,95.79,usable,train
blackhead_266_jpg.rf.9acb516e6c591ed8f8eb944f00154baa.jpg,Blackheads,ACCEPTED,Unique representative. Quality: usable,blackhead_266_jpg.rf.9acb516e6c591ed8f8eb944f00154baa.jpg,125.76,usable,train
blackhead_142_jpg.rf.62cca098413f41304a1a8b616b99a416.jpg,Blackheads,ACCEPTED,Unique representative. Quality: usable,blackhead_142_jpg.rf.62cca098413f41304a1a8b616b99a416.jpg,82.26,usable,train
blackhead_266_jpg.rf.83a3ccb3a7c11bca6f2566f8e91b6507.jpg,Blackheads,ACCEPTED,Unique representative. Quality: usable,blackhead_266_jpg.rf.83a3ccb3a7c11bca6f2566f8e91b6507.jpg,85.90,usable,train
blackhead_616_jpg.rf.3d5529173472e8ae58ade1145af6948d.jpg,Blackheads,ACCEPTED,Unique representative. Quality: usable,blackhead_616_jpg.rf.3d5529173472e8ae58ade1145af6948d.jpg,101.23,usable,train
blackhead-36-_jpg.rf.f951e9c4cb25ece13a058f3ebb61a4a9.jpg,Blackheads,ACCEPTED,Unique representative. Quality: usable,blackhead-36-_jpg.rf.f951e9c4cb25ece13a058f3ebb61a4a9.jpg,112.12,usable,train
blackhead-51-_JPG_jpg.rf.e83abe863c81bbad37ddcd45e8961e69.jpg,Blackheads,ACCEPTED,Unique representative. Quality: borderline,blackhead-51-_JPG_jpg.rf.e83abe863c81bbad37ddcd45e8961e69.jpg,59.18,borderline,train
blackhead-30-_jpg.rf.cebdf0a0b013c409c72d55a85a94a164.jpg,Blackheads,ACCEPTED,Unique representative. Quality: usable,blackhead-30-_jpg.rf.cebdf0a0b013c409c72d55a85a94a164.jpg,77.87,usable,train
blackhead-7-_JPG_jpg.rf.978c6df2b860a967b451b83d05bf0573.jpg,Blackheads,ACCEPTED,Unique representative. Quality: usable,blackhead-7-_JPG_jpg.rf.978c6df2b860a967b451b83d05bf0573.jpg,108.43,usable,train
blackhead_602_jpg.rf.48d537e5a522386219bf3e2d3941a451.jpg,Blackheads,ACCEPTED,Unique representative. Quality: high_quality,blackhead_602_jpg.rf.48d537e5a522386219bf3e2d3941a451.jpg,361.20,high_quality,train
blackhead-18-_jpg.rf.03698e34ece78f5828db5becaddb37e3.jpg,Blackheads,ACCEPTED,Unique representative. Quality: usable,blackhead-18-_jpg.rf.03698e34ece78f5828db5becaddb37e3.jpg,71.35,usable,train
blackhead_79_jpg.rf.44ac66ade9ce334e87d15fb9b2cb5c92.jpg,Blackheads,ACCEPTED,Unique representative. Quality: usable,blackhead_79_jpg.rf.44ac66ade9ce334e87d15fb9b2cb5c92.jpg,61.68,usable,train
blackhead_602_jpg.rf.dd6dd5079b99def13381a50f31e9b187.jpg,Blackheads,ACCEPTED,Unique representative. Quality: usable,blackhead_602_jpg.rf.dd6dd5079b99def13381a50f31e9b187.jpg,63.04,usable,train
blackhead_602_jpg.rf.f334dabface13d8135a59767178728b6.jpg,Blackheads,ACCEPTED,Unique representative. Quality: usable,blackhead_602_jpg.rf.f334dabface13d8135a59767178728b6.jpg,116.36,usable,train
blackhead-18-_jpg.rf.8b447ebd350b0f538d64ff01db2bd3b6.jpg,Blackheads,ACCEPTED,Unique representative. Quality: borderline,blackhead-18-_jpg.rf.8b447ebd350b0f538d64ff01db2bd3b6.jpg,41.21,borderline,train
blackhead_122_jpg.rf.ff46a60d0f846650d68780465203e6f9.jpg,Blackheads,ACCEPTED,Unique representative. Quality: usable,blackhead_122_jpg.rf.ff46a60d0f846650d68780465203e6f9.jpg,87.48,usable,train
blackhead-50-_jpg.rf.26cc9160b356f1e3f5d6e2d74c6f6711.jpg,Blackheads,ACCEPTED,Unique representative. Quality: usable,blackhead-50-_jpg.rf.26cc9160b356f1e3f5d6e2d74c6f6711.jpg,92.22,usable,train
blackhead_242_jpg.rf.f7dda933606d6ee50e98a46685ea0f42.jpg,Blackheads,ACCEPTED,Unique representative. Quality: usable,blackhead_242_jpg.rf.f7dda933606d6ee50e98a46685ea0f42.jpg,105.62,usable,train
blackhead_548_jpg.rf.081ac4e23d02efce13094afd05c49046.jpg,Blackheads,ACCEPTED,Unique representative. Quality: usable,blackhead_548_jpg.rf.081ac4e23d02efce13094afd05c49046.jpg,93.04,usable,train
blackhead_546_jpg.rf.e646f892e8a14ce0e93ced65da6d0711.jpg,Blackheads,ACCEPTED,Unique representative. Quality: usable,blackhead_546_jpg.rf.e646f892e8a14ce0e93ced65da6d0711.jpg,93.64,usable,train
blackhead-54-_JPG_jpg.rf.555711390481373165d048fd4e26cc5a.jpg,Blackheads,ACCEPTED,Unique representative. Quality: borderline,blackhead-54-_JPG_jpg.rf.555711390481373165d048fd4e26cc5a.jpg,53.68,borderline,train
blackhead-45-_JPG_jpg.rf.1076aabac488dde5024f2da8cdcf8782.jpg,Blackheads,ACCEPTED,Unique representative. Quality: borderline,blackhead-45-_JPG_jpg.rf.1076aabac488dde5024f2da8cdcf8782.jpg,48.50,borderline,train
blackhead_536_jpg.rf.030c8561a0fc3e8ae54f2545ae69a48c.jpg,Blackheads,ACCEPTED,Unique representative. Quality: borderline,blackhead_536_jpg.rf.030c8561a0fc3e8ae54f2545ae69a48c.jpg,59.47,borderline,train
blackhead-58-_jpg.rf.ef93cda4cbc33c04b56e7887c86a4f5c.jpg,Blackheads,ACCEPTED,Unique representative. Quality: borderline,blackhead-58-_jpg.rf.ef93cda4cbc33c04b56e7887c86a4f5c.jpg,50.95,borderline,train
blackhead-55-_JPG_jpg.rf.9a316254a167056d0136b49ed2a92933.jpg,Blackheads,ACCEPTED,Unique representative. Quality: usable,blackhead-55-_JPG_jpg.rf.9a316254a167056d0136b49ed2a92933.jpg,89.40,usable,train
blackhead_581_jpg.rf.8fb96366f629b40490e466a9e3bfd152.jpg,Blackheads,ACCEPTED,Unique representative. Quality: usable,blackhead_581_jpg.rf.8fb96366f629b40490e466a9e3bfd152.jpg,93.53,usable,train
blackhead_536_jpg.rf.ea39a318706b29562fec3f04513ee054.jpg,Blackheads,ACCEPTED,Unique representative. Quality: usable,blackhead_536_jpg.rf.ea39a318706b29562fec3f04513ee054.jpg,73.86,usable,train
blackhead-27-_jpg.rf.3b49dae263ab34dd51137fddf711a5cc.jpg,Blackheads,ACCEPTED,Unique representative. Quality: usable,blackhead-27-_jpg.rf.3b49dae263ab34dd51137fddf711a5cc.jpg,62.47,usable,train
blackhead_22_jpg.rf.049f2431db5114fd2ff0389683dd78c7.jpg,Blackheads,ACCEPTED,Unique representative. Quality: usable,blackhead_22_jpg.rf.049f2431db5114fd2ff0389683dd78c7.jpg,94.61,usable,train
blackhead_546_jpg.rf.3a1c1475b5950e878ebb531cfe264680.jpg,Blackheads,ACCEPTED,Unique representative. Quality: usable,blackhead_546_jpg.rf.3a1c1475b5950e878ebb531cfe264680.jpg,94.90,usable,train
blackhead-31-_JPG_jpg.rf.634f2879c23331357f0b43915983670d.jpg,Blackheads,ACCEPTED,Unique representative. Quality: borderline,blackhead-31-_JPG_jpg.rf.634f2879c23331357f0b43915983670d.jpg,37.73,borderline,train
blackhead-27-_jpg.rf.35b10b73f3161da134d64a1602b5ddec.jpg,Blackheads,ACCEPTED,Unique representative. Quality: usable,blackhead-27-_jpg.rf.35b10b73f3161da134d64a1602b5ddec.jpg,63.46,usable,train
blackhead_602_jpg.rf.205415caffb0307b28362fd26a650d5f.jpg,Blackheads,ACCEPTED,Unique representative. Quality: borderline,blackhead_602_jpg.rf.205415caffb0307b28362fd26a650d5f.jpg,59.12,borderline,train
blackhead-6-_JPG_jpg.rf.5ed74b0291733de97a6fbbde475984db.jpg,Blackheads,ACCEPTED,Unique representative. Quality: borderline,blackhead-6-_JPG_jpg.rf.5ed74b0291733de97a6fbbde475984db.jpg,39.67,borderline,train
blackhead_548_jpg.rf.ffba00535b36fe57f34376c2ef66ad05.jpg,Blackheads,ACCEPTED,Unique representative. Quality: usable,blackhead_548_jpg.rf.ffba00535b36fe57f34376c2ef66ad05.jpg,111.04,usable,train
blackhead_266_jpg.rf.cad53df466296a62fcaffd91f1abfb67.jpg,Blackheads,ACCEPTED,Unique representative. Quality: usable,blackhead_266_jpg.rf.cad53df466296a62fcaffd91f1abfb67.jpg,127.44,usable,train
blackhead_536_jpg.rf.bf142e06a0d47835d018b1bca746e823.jpg,Blackheads,ACCEPTED,Unique representative. Quality: usable,blackhead_536_jpg.rf.bf142e06a0d47835d018b1bca746e823.jpg,65.12,usable,train
blackhead-62-_JPG_jpg.rf.01bc0ec0ab3d7f9e8e285a4a9f6162da.jpg,Blackheads,ACCEPTED,Unique representative. Quality: borderline,blackhead-62-_JPG_jpg.rf.01bc0ec0ab3d7f9e8e285a4a9f6162da.jpg,56.22,borderline,train
blackhead_266_jpg.rf.e8c8f8b6577365c27bb6a348ef81985e.jpg,Blackheads,ACCEPTED,Unique representative. Quality: high_quality,blackhead_266_jpg.rf.e8c8f8b6577365c27bb6a348ef81985e.jpg,153.14,high_quality,train
blackhead_79_jpg.rf.9bff089cc152d7ba766b2a21e1d59fc8.jpg,Blackheads,ACCEPTED,Unique representative. Quality: usable,blackhead_79_jpg.rf.9bff089cc152d7ba766b2a21e1d59fc8.jpg,63.71,usable,train
blackhead_554_jpg.rf.b964d37b7f523ddcff2089df649780fa.jpg,Blackheads,ACCEPTED,Unique representative. Quality: usable,blackhead_554_jpg.rf.b964d37b7f523ddcff2089df649780fa.jpg,98.16,usable,train
blackhead-58-_jpg.rf.b18df6e8823f135ba9e04e70c56e5366.jpg,Blackheads,ACCEPTED,Unique representative. Quality: usable,blackhead-58-_jpg.rf.b18df6e8823f135ba9e04e70c56e5366.jpg,121.00,usable,train
blackhead-77-_JPG_jpg.rf.c77649a14bc44c0cd32806d601251a55.jpg,Blackheads,ACCEPTED,Unique representative. Quality: usable,blackhead-77-_JPG_jpg.rf.c77649a14bc44c0cd32806d601251a55.jpg,101.83,usable,train
blackhead-5-_JPG_jpg.rf.f99daa5ee998fbf97266d5e48c8bc7cc.jpg,Blackheads,ACCEPTED,Unique representative. Quality: borderline,blackhead-5-_JPG_jpg.rf.f99daa5ee998fbf97266d5e48c8bc7cc.jpg,30.42,borderline,train
blackhead_554_jpg.rf.10ab29d7831bc7eb5aac22fd7e1486ca.jpg,Blackheads,ACCEPTED,Unique representative. Quality: usable,blackhead_554_jpg.rf.10ab29d7831bc7eb5aac22fd7e1486ca.jpg,76.40,usable,train
blackhead-72-_JPG_jpg.rf.9e7577d4a46cebfc263a71dc9362ce90.jpg,Blackheads,ACCEPTED,Unique representative. Quality: borderline,blackhead-72-_JPG_jpg.rf.9e7577d4a46cebfc263a71dc9362ce90.jpg,58.60,borderline,train
blackhead_546_jpg.rf.b13d1dd3f55c58ffbc5c88ec76c4349a.jpg,Blackheads,ACCEPTED,Unique representative. Quality: usable,blackhead_546_jpg.rf.b13d1dd3f55c58ffbc5c88ec76c4349a.jpg,71.93,usable,train
blackhead_546_jpg.rf.b5065e3e322b6128cd89761a8017a55b.jpg,Blackheads,ACCEPTED,Unique representative. Quality: usable,blackhead_546_jpg.rf.b5065e3e322b6128cd89761a8017a55b.jpg,90.60,usable,train
blackhead_242_jpg.rf.2bd4a3429051bdfd3debfa00cb537195.jpg,Blackheads,ACCEPTED,Unique representative. Quality: usable,blackhead_242_jpg.rf.2bd4a3429051bdfd3debfa00cb537195.jpg,83.90,usable,train
blackhead_602_jpg.rf.93fb65fc5d1f0872732397d6ae2fc395.jpg,Blackheads,ACCEPTED,Unique representative. Quality: high_quality,blackhead_602_jpg.rf.93fb65fc5d1f0872732397d6ae2fc395.jpg,161.94,high_quality,train
blackhead_242_jpg.rf.f8e5265cde3aae3d3bb939953173e18c.jpg,Blackheads,ACCEPTED,Unique representative. Quality: usable,blackhead_242_jpg.rf.f8e5265cde3aae3d3bb939953173e18c.jpg,94.72,usable,train
blackhead_548_jpg.rf.a5b7f7596e8aade9bb207d14e9df2c31.jpg,Blackheads,ACCEPTED,Unique representative. Quality: usable,blackhead_548_jpg.rf.a5b7f7596e8aade9bb207d14e9df2c31.jpg,68.39,usable,train
blackhead-27-_jpg.rf.075282b1bd5516034392cf679d87e563.jpg,Blackheads,ACCEPTED,Unique representative. Quality: borderline,blackhead-27-_jpg.rf.075282b1bd5516034392cf679d87e563.jpg,38.54,borderline,train
blackhead_266_jpg.rf.9e52681209d11f060357bed6fa03989d.jpg,Blackheads,ACCEPTED,Unique representative. Quality: borderline,blackhead_266_jpg.rf.9e52681209d11f060357bed6fa03989d.jpg,49.23,borderline,train
blackhead_536_jpg.rf.cd30b5ca51321248d84698e13d2ea63c.jpg,Blackheads,ACCEPTED,Unique representative. Quality: borderline,blackhead_536_jpg.rf.cd30b5ca51321248d84698e13d2ea63c.jpg,45.29,borderline,train
blackhead_546_jpg.rf.93201cf467a23e221815c9058bb6bc1c.jpg,Blackheads,ACCEPTED,Unique representative. Quality: usable,blackhead_546_jpg.rf.93201cf467a23e221815c9058bb6bc1c.jpg,100.58,usable,train
blackhead-11-_JPG_jpg.rf.bd415154f8cc28247c35847aaf623d52.jpg,Blackheads,ACCEPTED,Unique representative. Quality: usable,blackhead-11-_JPG_jpg.rf.bd415154f8cc28247c35847aaf623d52.jpg,65.01,usable,train
blackhead-23-_jpg.rf.d66d971fbfe90791a5a7298232dfd1e1.jpg,Blackheads,ACCEPTED,Unique representative. Quality: borderline,blackhead-23-_jpg.rf.d66d971fbfe90791a5a7298232dfd1e1.jpg,56.54,borderline,train
blackhead_546_jpg.rf.eef3f67c08d08babf2839c46792b6588.jpg,Blackheads,ACCEPTED,Unique representative. Quality: usable,blackhead_546_jpg.rf.eef3f67c08d08babf2839c46792b6588.jpg,106.25,usable,train
blackhead-42-_JPG_jpg.rf.7243760e325a17293be8f276a18b079a.jpg,Blackheads,ACCEPTED,Unique representative. Quality: borderline,blackhead-42-_JPG_jpg.rf.7243760e325a17293be8f276a18b079a.jpg,55.90,borderline,train
blackhead-61-_JPG_jpg.rf.c41c39d27c56b2214206d59f1ffd6c43.jpg,Blackheads,ACCEPTED,Unique representative. Quality: usable,blackhead-61-_JPG_jpg.rf.c41c39d27c56b2214206d59f1ffd6c43.jpg,67.84,usable,train
blackhead_79_jpg.rf.39814807a84b8a080c1c2830b0513a49.jpg,Blackheads,ACCEPTED,Unique representative. Quality: usable,blackhead_79_jpg.rf.39814807a84b8a080c1c2830b0513a49.jpg,80.65,usable,train
blackhead_546_jpg.rf.7451f148e4aec4cabf603439de44fcb8.jpg,Blackheads,ACCEPTED,Unique representative. Quality: usable,blackhead_546_jpg.rf.7451f148e4aec4cabf603439de44fcb8.jpg,69.11,usable,train
blackhead-23-_jpg.rf.eec32d83e7160ee9ae57ac70df026cd1.jpg,Blackheads,ACCEPTED,Unique representative. Quality: usable,blackhead-23-_jpg.rf.eec32d83e7160ee9ae57ac70df026cd1.jpg,125.92,usable,train
blackhead_122_jpg.rf.224f23ffe70da202b5d033d239ef1ddd.jpg,Blackheads,ACCEPTED,Unique representative. Quality: borderline,blackhead_122_jpg.rf.224f23ffe70da202b5d033d239ef1ddd.jpg,53.69,borderline,train
blackhead_616_jpg.rf.736df31ba553bfe1d3fbb1d451f6046e.jpg,Blackheads,ACCEPTED,Unique representative. Quality: borderline,blackhead_616_jpg.rf.736df31ba553bfe1d3fbb1d451f6046e.jpg,41.09,borderline,train
blackhead-49-_jpg.rf.67fb60123ec90a392d42d8bef73b7d54.jpg,Blackheads,ACCEPTED,Unique representative. Quality: usable,blackhead-49-_jpg.rf.67fb60123ec90a392d42d8bef73b7d54.jpg,61.23,usable,train
blackhead_602_jpg.rf.5ded6ccbf8de2823888a296f6fd29dfe.jpg,Blackheads,ACCEPTED,Unique representative. Quality: usable,blackhead_602_jpg.rf.5ded6ccbf8de2823888a296f6fd29dfe.jpg,99.26,usable,train
blackhead-32-_JPG_jpg.rf.593fca5521d004511ca1b1f39ce6e767.jpg,Blackheads,ACCEPTED,Unique representative. Quality: usable,blackhead-32-_JPG_jpg.rf.593fca5521d004511ca1b1f39ce6e767.jpg,127.22,usable,train
blackhead_546_jpg.rf.53d9431e1fa171db27d6775e17fc58a9.jpg,Blackheads,ACCEPTED,Unique representative. Quality: usable,blackhead_546_jpg.rf.53d9431e1fa171db27d6775e17fc58a9.jpg,89.81,usable,train
blackhead-51-_JPG_jpg.rf.7ad8079b3479dc215588b5100c1f58ed.jpg,Blackheads,ACCEPTED,Unique representative. Quality: usable,blackhead-51-_JPG_jpg.rf.7ad8079b3479dc215588b5100c1f58ed.jpg,82.89,usable,train
blackhead_548_jpg.rf.98d559656a42850c8d7d4a7f4a1d3b77.jpg,Blackheads,ACCEPTED,Unique representative. Quality: borderline,blackhead_548_jpg.rf.98d559656a42850c8d7d4a7f4a1d3b77.jpg,57.34,borderline,train
blackhead_242_jpg.rf.a8e5ff86edf3b864082f6aa2a5e64586.jpg,Blackheads,ACCEPTED,Unique representative. Quality: usable,blackhead_242_jpg.rf.a8e5ff86edf3b864082f6aa2a5e64586.jpg,63.58,usable,train
blackhead_266_jpg.rf.b2c32a1c0406fb14789f503f903232b2.jpg,Blackheads,ACCEPTED,Unique representative. Quality: usable,blackhead_266_jpg.rf.b2c32a1c0406fb14789f503f903232b2.jpg,82.00,usable,train
blackhead_270_jpg.rf.68835e7c87a19763de8f327a4b3b5b92.jpg,Blackheads,ACCEPTED,Unique representative. Quality: high_quality,blackhead_270_jpg.rf.68835e7c87a19763de8f327a4b3b5b92.jpg,151.84,high_quality,train
blackhead_546_jpg.rf.3e628172290016c6b16f0d4a8b773f81.jpg,Blackheads,ACCEPTED,Unique representative. Quality: usable,blackhead_546_jpg.rf.3e628172290016c6b16f0d4a8b773f81.jpg,97.71,usable,train
blackhead-58-_jpg.rf.e00753060965959be9bc5b1daaeeabf6.jpg,Blackheads,ACCEPTED,Unique representative. Quality: usable,blackhead-58-_jpg.rf.e00753060965959be9bc5b1daaeeabf6.jpg,121.66,usable,train
blackhead_554_jpg.rf.3c231ed1174e7b8fc0b6a13eddc14867.jpg,Blackheads,ACCEPTED,Unique representative. Quality: usable,blackhead_554_jpg.rf.3c231ed1174e7b8fc0b6a13eddc14867.jpg,83.05,usable,train
blackhead_536_jpg.rf.c5e8fa501ab31cba8f363cc05820d475.jpg,Blackheads,ACCEPTED,Unique representative. Quality: usable,blackhead_536_jpg.rf.c5e8fa501ab31cba8f363cc05820d475.jpg,66.65,usable,train
blackhead-17-_JPG_jpg.rf.89c6b0427d03f6b2011f609abc93c935.jpg,Blackheads,ACCEPTED,Unique representative. Quality: borderline,blackhead-17-_JPG_jpg.rf.89c6b0427d03f6b2011f609abc93c935.jpg,37.55,borderline,train
blackhead_548_jpg.rf.4d2d2bc413ff5cd203369580526092ec.jpg,Blackheads,ACCEPTED,Unique representative. Quality: borderline,blackhead_548_jpg.rf.4d2d2bc413ff5cd203369580526092ec.jpg,55.35,borderline,train
blackhead_581_jpg.rf.6017d648791f2101fcf49e1f4b5ed445.jpg,Blackheads,ACCEPTED,Unique representative. Quality: borderline,blackhead_581_jpg.rf.6017d648791f2101fcf49e1f4b5ed445.jpg,57.89,borderline,train
blackhead-5-_JPG_jpg.rf.2a2103a99716be55837739b9b941ad65.jpg,Blackheads,ACCEPTED,Unique representative. Quality: usable,blackhead-5-_JPG_jpg.rf.2a2103a99716be55837739b9b941ad65.jpg,71.54,usable,train
blackhead_266_jpg.rf.ee70868067b758181b9768efed3df542.jpg,Blackheads,ACCEPTED,Unique representative. Quality: usable,blackhead_266_jpg.rf.ee70868067b758181b9768efed3df542.jpg,139.58,usable,train
blackhead-30-_jpg.rf.5c6bcf9cde029ea992349bf6cb4d4db5.jpg,Blackheads,ACCEPTED,Unique representative. Quality: usable,blackhead-30-_jpg.rf.5c6bcf9cde029ea992349bf6cb4d4db5.jpg,95.61,usable,train
blackhead_70_jpg.rf.e5ac7f4ee6832027b3eedb6e2cfbfb3c.jpg,Blackheads,ACCEPTED,Unique representative. Quality: borderline,blackhead_70_jpg.rf.e5ac7f4ee6832027b3eedb6e2cfbfb3c.jpg,53.63,borderline,train
blackhead-49-_jpg.rf.b309748146ab6e125bc010c3caf71719.jpg,Blackheads,ACCEPTED,Unique representative. Quality: borderline,blackhead-49-_jpg.rf.b309748146ab6e125bc010c3caf71719.jpg,52.28,borderline,train
blackhead_546_jpg.rf.7c0a4ef204fcf322e563663f797eaa2a.jpg,Blackheads,ACCEPTED,Unique representative. Quality: usable,blackhead_546_jpg.rf.7c0a4ef204fcf322e563663f797eaa2a.jpg,81.23,usable,train
blackhead-41-_JPG_jpg.rf.01990a085a02efa0e191b11ea9c49760.jpg,Blackheads,ACCEPTED,Unique representative. Quality: borderline,blackhead-41-_JPG_jpg.rf.01990a085a02efa0e191b11ea9c49760.jpg,40.60,borderline,train
blackhead_270_jpg.rf.ed87a1541af17b71561a81e203556d2b.jpg,Blackheads,ACCEPTED,Unique representative. Quality: usable,blackhead_270_jpg.rf.ed87a1541af17b71561a81e203556d2b.jpg,139.67,usable,train
blackhead-21-_jpg.rf.768898c2e5c02a5a73e4083fece23d83.jpg,Blackheads,ACCEPTED,Unique representative. Quality: borderline,blackhead-21-_jpg.rf.768898c2e5c02a5a73e4083fece23d83.jpg,42.30,borderline,train
blackhead_616_jpg.rf.421a576b6a9e9bc6f2131a4a4da6bda7.jpg,Blackheads,ACCEPTED,Unique representative. Quality: usable,blackhead_616_jpg.rf.421a576b6a9e9bc6f2131a4a4da6bda7.jpg,91.92,usable,train
blackhead-25-_jpg.rf.2ddf9e0f83b5a92c87d4bd36a5e6cc9e.jpg,Blackheads,ACCEPTED,Unique representative. Quality: usable,blackhead-25-_jpg.rf.2ddf9e0f83b5a92c87d4bd36a5e6cc9e.jpg,87.34,usable,train
blackhead_242_jpg.rf.39f371f6f7b1369be3dabfd18899fe82.jpg,Blackheads,ACCEPTED,Unique representative. Quality: usable,blackhead_242_jpg.rf.39f371f6f7b1369be3dabfd18899fe82.jpg,78.02,usable,train
blackhead-73-_JPG_jpg.rf.f677705cef11b8eab0f02bc6b5e1147b.jpg,Blackheads,ACCEPTED,Unique representative. Quality: borderline,blackhead-73-_JPG_jpg.rf.f677705cef11b8eab0f02bc6b5e1147b.jpg,50.65,borderline,train
blackhead_202_jpg.rf.998bf15726012604df3ba5d5d658317d.jpg,Blackheads,ACCEPTED,Unique representative. Quality: usable,blackhead_202_jpg.rf.998bf15726012604df3ba5d5d658317d.jpg,69.67,usable,train
blackhead-9-_JPG_jpg.rf.8e3bd864ab1bb09ab0e2a8d2a771a6b9.jpg,Blackheads,ACCEPTED,Unique representative. Quality: usable,blackhead-9-_JPG_jpg.rf.8e3bd864ab1bb09ab0e2a8d2a771a6b9.jpg,75.43,usable,train
blackhead_602_jpg.rf.18950123716cfaebfd2b8d6ae8a9405d.jpg,Blackheads,ACCEPTED,Unique representative. Quality: borderline,blackhead_602_jpg.rf.18950123716cfaebfd2b8d6ae8a9405d.jpg,36.19,borderline,train
blackhead_202_jpg.rf.7fc3b2017646b4671c20bf1fee611794.jpg,Blackheads,ACCEPTED,Unique representative. Quality: usable,blackhead_202_jpg.rf.7fc3b2017646b4671c20bf1fee611794.jpg,84.42,usable,train
blackhead_270_jpg.rf.898cf34fac22de3f0dee3acdc3c6d273.jpg,Blackheads,ACCEPTED,Unique representative. Quality: usable,blackhead_270_jpg.rf.898cf34fac22de3f0dee3acdc3c6d273.jpg,74.26,usable,train
blackhead_602_jpg.rf.acc0fb4b70daa9979455765a9dbd3828.jpg,Blackheads,ACCEPTED,Unique representative. Quality: usable,blackhead_602_jpg.rf.acc0fb4b70daa9979455765a9dbd3828.jpg,102.86,usable,train
blackhead_581_jpg.rf.6ecf147877d25b7e44b5c5af97bc4778.jpg,Blackheads,ACCEPTED,Unique representative. Quality: borderline,blackhead_581_jpg.rf.6ecf147877d25b7e44b5c5af97bc4778.jpg,53.50,borderline,train
blackhead-64-_JPG_jpg.rf.9fb39d8ca2dc343acb094e65ef616a7c.jpg,Blackheads,ACCEPTED,Unique representative. Quality: borderline,blackhead-64-_JPG_jpg.rf.9fb39d8ca2dc343acb094e65ef616a7c.jpg,47.22,borderline,train
blackhead-74-_jpg.rf.d47910e8c7957f24e2bb40a9036fd5fd.jpg,Blackheads,ACCEPTED,Unique representative. Quality: borderline,blackhead-74-_jpg.rf.d47910e8c7957f24e2bb40a9036fd5fd.jpg,48.70,borderline,train
blackhead_70_jpg.rf.f31aad8583034fb3fad40c42400a539f.jpg,Blackheads,ACCEPTED,Unique representative. Quality: usable,blackhead_70_jpg.rf.f31aad8583034fb3fad40c42400a539f.jpg,91.86,usable,train
blackhead_266_jpg.rf.12d0a95cf0f1a3536fd595b6df79422f.jpg,Blackheads,ACCEPTED,Unique representative. Quality: usable,blackhead_266_jpg.rf.12d0a95cf0f1a3536fd595b6df79422f.jpg,93.02,usable,train
blackhead_548_jpg.rf.c66bbb7aea7c3bae73621af2ffed6ecd.jpg,Blackheads,ACCEPTED,Unique representative. Quality: usable,blackhead_548_jpg.rf.c66bbb7aea7c3bae73621af2ffed6ecd.jpg,71.04,usable,train
blackhead-78-_JPG_jpg.rf.bfc1d0f0759334bc23885c990dbcd312.jpg,Blackheads,ACCEPTED,Unique representative. Quality: usable,blackhead-78-_JPG_jpg.rf.bfc1d0f0759334bc23885c990dbcd312.jpg,78.50,usable,train
blackhead-19-_jpg.rf.e826c06cd76de14e3e1779a61eba5f8e.jpg,Blackheads,ACCEPTED,Unique representative. Quality: usable,blackhead-19-_jpg.rf.e826c06cd76de14e3e1779a61eba5f8e.jpg,65.57,usable,train
blackhead-47-_jpg.rf.35d587754755432a83307c3949e7a391.jpg,Blackheads,ACCEPTED,Unique representative. Quality: borderline,blackhead-47-_jpg.rf.35d587754755432a83307c3949e7a391.jpg,47.65,borderline,train
blackhead-61-_JPG_jpg.rf.4cad71860856114a45dc00406be29bc3.jpg,Blackheads,ACCEPTED,Unique representative. Quality: borderline,blackhead-61-_JPG_jpg.rf.4cad71860856114a45dc00406be29bc3.jpg,39.69,borderline,train
blackhead_70_jpg.rf.1f74a4a278ef8f64c89dabb91cec5199.jpg,Blackheads,ACCEPTED,Unique representative. Quality: usable,blackhead_70_jpg.rf.1f74a4a278ef8f64c89dabb91cec5199.jpg,62.79,usable,train
blackhead-35-_jpg.rf.13b420f7bd690a1487de185aba3b8fec.jpg,Blackheads,ACCEPTED,Unique representative. Quality: usable,blackhead-35-_jpg.rf.13b420f7bd690a1487de185aba3b8fec.jpg,64.67,usable,train
blackhead_202_jpg.rf.b00ff1954c54e9a1f9b1145c4752f5e1.jpg,Blackheads,ACCEPTED,Unique representative. Quality: usable,blackhead_202_jpg.rf.b00ff1954c54e9a1f9b1145c4752f5e1.jpg,94.60,usable,train
blackhead_270_jpg.rf.4f4ed28d384d802578e8ccbc05c3d6f2.jpg,Blackheads,ACCEPTED,Unique representative. Quality: usable,blackhead_270_jpg.rf.4f4ed28d384d802578e8ccbc05c3d6f2.jpg,85.61,usable,train
blackhead_546_jpg.rf.616ce7473a319534c5849ed295bf1366.jpg,Blackheads,ACCEPTED,Unique representative. Quality: usable,blackhead_546_jpg.rf.616ce7473a319534c5849ed295bf1366.jpg,97.83,usable,train
blackhead-68-_jpg.rf.5f8f357d3f9b33eb3df0c5acecf21deb.jpg,Blackheads,ACCEPTED,Unique representative. Quality: usable,blackhead-68-_jpg.rf.5f8f357d3f9b33eb3df0c5acecf21deb.jpg,68.61,usable,train
blackhead_602_jpg.rf.2ad596a4712af1a86d86d22e921bea2d.jpg,Blackheads,ACCEPTED,Unique representative. Quality: high_quality,blackhead_602_jpg.rf.2ad596a4712af1a86d86d22e921bea2d.jpg,270.06,high_quality,train
blackhead_548_jpg.rf.169f34fa754d9479b7e6ac36f4bce2c7.jpg,Blackheads,ACCEPTED,Unique representative. Quality: usable,blackhead_548_jpg.rf.169f34fa754d9479b7e6ac36f4bce2c7.jpg,67.51,usable,train
blackhead_546_jpg.rf.d2172fb35e46f39c69259d52875d8556.jpg,Blackheads,ACCEPTED,Unique representative. Quality: usable,blackhead_546_jpg.rf.d2172fb35e46f39c69259d52875d8556.jpg,71.41,usable,train
blackhead-72-_JPG_jpg.rf.f8017f82e8bd66ce58ae86b2c7b52014.jpg,Blackheads,ACCEPTED,Unique representative. Quality: usable,blackhead-72-_JPG_jpg.rf.f8017f82e8bd66ce58ae86b2c7b52014.jpg,72.06,usable,train
blackhead-24-_jpg.rf.8af6d6804ae77636dbb938fed812333b.jpg,Blackheads,ACCEPTED,Unique representative. Quality: usable,blackhead-24-_jpg.rf.8af6d6804ae77636dbb938fed812333b.jpg,62.15,usable,train
blackhead_142_jpg.rf.d618530a48e8f15051043db621437174.jpg,Blackheads,ACCEPTED,Unique representative. Quality: usable,blackhead_142_jpg.rf.d618530a48e8f15051043db621437174.jpg,141.30,usable,train
blackhead_602_jpg.rf.36162cd7724070b68ee9c5b926617319.jpg,Blackheads,ACCEPTED,Unique representative. Quality: high_quality,blackhead_602_jpg.rf.36162cd7724070b68ee9c5b926617319.jpg,153.28,high_quality,train
blackhead_142_jpg.rf.8d8384898fbff7944b5a94f2f13307e6.jpg,Blackheads,ACCEPTED,Unique representative. Quality: usable,blackhead_142_jpg.rf.8d8384898fbff7944b5a94f2f13307e6.jpg,114.42,usable,train
blackhead-53-_JPG_jpg.rf.735b9143acb206233384784a49006725.jpg,Blackheads,ACCEPTED,Unique representative. Quality: borderline,blackhead-53-_JPG_jpg.rf.735b9143acb206233384784a49006725.jpg,49.48,borderline,train
blackhead-9-_JPG_jpg.rf.9a8d678ca0e59d012f2999579bc62851.jpg,Blackheads,ACCEPTED,Unique representative. Quality: usable,blackhead-9-_JPG_jpg.rf.9a8d678ca0e59d012f2999579bc62851.jpg,74.80,usable,train
blackhead-10-_JPG_jpg.rf.6c7612c21a4d29a06438982023a3c718.jpg,Blackheads,ACCEPTED,Unique representative. Quality: borderline,blackhead-10-_JPG_jpg.rf.6c7612c21a4d29a06438982023a3c718.jpg,50.99,borderline,train
blackhead-8-_JPG_jpg.rf.d62d7664d3b59bbe19608a653b79284e.jpg,Blackheads,ACCEPTED,Unique representative. Quality: usable,blackhead-8-_JPG_jpg.rf.d62d7664d3b59bbe19608a653b79284e.jpg,75.41,usable,train
blackhead-36-_jpg.rf.482f755f1e89502aa1a5c1b4130039cc.jpg,Blackheads,ACCEPTED,Unique representative. Quality: borderline,blackhead-36-_jpg.rf.482f755f1e89502aa1a5c1b4130039cc.jpg,31.41,borderline,train
blackhead-46-_jpg.rf.793301da365660c720ef7ed17ff3fb7a.jpg,Blackheads,ACCEPTED,Unique representative. Quality: borderline,blackhead-46-_jpg.rf.793301da365660c720ef7ed17ff3fb7a.jpg,32.61,borderline,train
blackhead_536_jpg.rf.f99abb11b4bb2351f8ca1f83fd0696ee.jpg,Blackheads,ACCEPTED,Unique representative. Quality: usable,blackhead_536_jpg.rf.f99abb11b4bb2351f8ca1f83fd0696ee.jpg,62.22,usable,train
blackhead-26-_jpg.rf.a137df5c4f7ce82faae13c0e09d035d1.jpg,Blackheads,ACCEPTED,Unique representative. Quality: usable,blackhead-26-_jpg.rf.a137df5c4f7ce82faae13c0e09d035d1.jpg,75.00,usable,train
blackhead_202_jpg.rf.cdc980a75a5a378666ccfee317be1f0e.jpg,Blackheads,ACCEPTED,Unique representative. Quality: usable,blackhead_202_jpg.rf.cdc980a75a5a378666ccfee317be1f0e.jpg,82.49,usable,train
blackhead_122_jpg.rf.77aa090a0afc9006f0f93a306b620cfa.jpg,Blackheads,ACCEPTED,Unique representative. Quality: usable,blackhead_122_jpg.rf.77aa090a0afc9006f0f93a306b620cfa.jpg,70.86,usable,train
blackhead_79_jpg.rf.c39240f83f606caef66d68729bad1e32.jpg,Blackheads,ACCEPTED,Unique representative. Quality: borderline,blackhead_79_jpg.rf.c39240f83f606caef66d68729bad1e32.jpg,50.50,borderline,train
blackhead-36-_jpg.rf.cf4c0c562719ac6ff22082c2cf6b86a8.jpg,Blackheads,ACCEPTED,Unique representative. Quality: usable,blackhead-36-_jpg.rf.cf4c0c562719ac6ff22082c2cf6b86a8.jpg,79.17,usable,train
blackhead-33-_jpg.rf.b36b3d217b571de4391be2374935fa4a.jpg,Blackheads,ACCEPTED,Unique representative. Quality: borderline,blackhead-33-_jpg.rf.b36b3d217b571de4391be2374935fa4a.jpg,46.01,borderline,train
blackhead_554_jpg.rf.e060903faec0b08fea9afa63351b64e1.jpg,Blackheads,ACCEPTED,Unique representative. Quality: usable,blackhead_554_jpg.rf.e060903faec0b08fea9afa63351b64e1.jpg,81.60,usable,train
blackhead-26-_jpg.rf.500a486c8babe2fffafb093ed322efd6.jpg,Blackheads,ACCEPTED,Unique representative. Quality: usable,blackhead-26-_jpg.rf.500a486c8babe2fffafb093ed322efd6.jpg,74.58,usable,train
blackhead-12-_jpg.rf.8dded983713132ea2477cefadc3bdf8a.jpg,Blackheads,ACCEPTED,Unique representative. Quality: usable,blackhead-12-_jpg.rf.8dded983713132ea2477cefadc3bdf8a.jpg,115.30,usable,train
blackhead_602_jpg.rf.a85882ad3dd1c4747d443bf03df20881.jpg,Blackheads,ACCEPTED,Unique representative. Quality: usable,blackhead_602_jpg.rf.a85882ad3dd1c4747d443bf03df20881.jpg,145.21,usable,train
blackhead-25-_jpg.rf.8169b25356a67b652c416e959fad18e4.jpg,Blackheads,ACCEPTED,Unique representative. Quality: usable,blackhead-25-_jpg.rf.8169b25356a67b652c416e959fad18e4.jpg,78.35,usable,train
blackhead_546_jpg.rf.30182e2ca7eb75c7c92766d45d6d93fa.jpg,Blackheads,ACCEPTED,Unique representative. Quality: usable,blackhead_546_jpg.rf.30182e2ca7eb75c7c92766d45d6d93fa.jpg,102.43,usable,train
blackhead_79_jpg.rf.5bb9b3efdf6659de3b992caa1fe990ac.jpg,Blackheads,ACCEPTED,Unique representative. Quality: usable,blackhead_79_jpg.rf.5bb9b3efdf6659de3b992caa1fe990ac.jpg,103.35,usable,train
blackhead_79_jpg.rf.004be5a15e8d0fa7161029d7ce658bcf.jpg,Blackheads,ACCEPTED,Unique representative. Quality: borderline,blackhead_79_jpg.rf.004be5a15e8d0fa7161029d7ce658bcf.jpg,39.69,borderline,train
blackhead_79_jpg.rf.47ad50acf5b49d7117b560cd9da9b9ed.jpg,Blackheads,ACCEPTED,Unique representative. Quality: usable,blackhead_79_jpg.rf.47ad50acf5b49d7117b560cd9da9b9ed.jpg,127.36,usable,train
blackhead-49-_jpg.rf.8a5b041a53f0a80ac9934cad940e5141.jpg,Blackheads,ACCEPTED,Unique representative. Quality: usable,blackhead-49-_jpg.rf.8a5b041a53f0a80ac9934cad940e5141.jpg,78.68,usable,train
blackhead_142_jpg.rf.569c55a57ae3e21aa9e816f5634ea305.jpg,Blackheads,ACCEPTED,Unique representative. Quality: usable,blackhead_142_jpg.rf.569c55a57ae3e21aa9e816f5634ea305.jpg,95.36,usable,train
blackhead-24-_jpg.rf.2dfc5664fa4518502101c4f6de7571ab.jpg,Blackheads,ACCEPTED,Unique representative. Quality: usable,blackhead-24-_jpg.rf.2dfc5664fa4518502101c4f6de7571ab.jpg,77.38,usable,train
blackhead-73-_JPG_jpg.rf.e9cf97f96fc67b7f4a25e7f53f76e815.jpg,Blackheads,ACCEPTED,Unique representative. Quality: borderline,blackhead-73-_JPG_jpg.rf.e9cf97f96fc67b7f4a25e7f53f76e815.jpg,56.96,borderline,train
blackhead_202_jpg.rf.12a57143f1b703dadc4f83a7a3f189fb.jpg,Blackheads,ACCEPTED,Unique representative. Quality: usable,blackhead_202_jpg.rf.12a57143f1b703dadc4f83a7a3f189fb.jpg,94.31,usable,train
blackhead-32-_JPG_jpg.rf.dcbf584b95e44646bd9c44210fa9ce89.jpg,Blackheads,ACCEPTED,Unique representative. Quality: usable,blackhead-32-_JPG_jpg.rf.dcbf584b95e44646bd9c44210fa9ce89.jpg,134.96,usable,train
blackhead-20-_jpg.rf.89e362e030ba5acdb6de38ffe043fa04.jpg,Blackheads,ACCEPTED,Unique representative. Quality: usable,blackhead-20-_jpg.rf.89e362e030ba5acdb6de38ffe043fa04.jpg,71.88,usable,train
blackhead_79_jpg.rf.722ea50e7ffa0a24ad41a7d349cd5fad.jpg,Blackheads,ACCEPTED,Unique representative. Quality: borderline,blackhead_79_jpg.rf.722ea50e7ffa0a24ad41a7d349cd5fad.jpg,50.97,borderline,train
blackhead_122_jpg.rf.7b3536df6e11a22e50a0dbfe04fce8dc.jpg,Blackheads,ACCEPTED,Unique representative. Quality: usable,blackhead_122_jpg.rf.7b3536df6e11a22e50a0dbfe04fce8dc.jpg,65.48,usable,train
blackhead_142_jpg.rf.a9e7642caa66149ba99ce67f437265c5.jpg,Blackheads,ACCEPTED,Unique representative. Quality: usable,blackhead_142_jpg.rf.a9e7642caa66149ba99ce67f437265c5.jpg,94.08,usable,train
blackhead-36-_jpg.rf.4499e0bb2e3bb600ad2f6db8021aa203.jpg,Blackheads,ACCEPTED,Unique representative. Quality: usable,blackhead-36-_jpg.rf.4499e0bb2e3bb600ad2f6db8021aa203.jpg,99.84,usable,train
blackhead_79_jpg.rf.66686fd7bdc9a077d614350ff87aaf7a.jpg,Blackheads,ACCEPTED,Unique representative. Quality: usable,blackhead_79_jpg.rf.66686fd7bdc9a077d614350ff87aaf7a.jpg,98.89,usable,train
blackhead-42-_JPG_jpg.rf.2ed098b65b73f04f96fac0075ff8d12e.jpg,Blackheads,ACCEPTED,Unique representative. Quality: borderline,blackhead-42-_JPG_jpg.rf.2ed098b65b73f04f96fac0075ff8d12e.jpg,36.32,borderline,train
blackhead_22_jpg.rf.867831d071b19637db38f9c68ab90091.jpg,Blackheads,ACCEPTED,Unique representative. Quality: usable,blackhead_22_jpg.rf.867831d071b19637db38f9c68ab90091.jpg,96.60,usable,train
blackhead-27-_jpg.rf.729204c994529fca2c0ce352d3271057.jpg,Blackheads,ACCEPTED,Unique representative. Quality: borderline,blackhead-27-_jpg.rf.729204c994529fca2c0ce352d3271057.jpg,53.04,borderline,train
blackhead_616_jpg.rf.a8e63065b5eaec5ae2a1d7f282a9e9ed.jpg,Blackheads,ACCEPTED,Unique representative. Quality: usable,blackhead_616_jpg.rf.a8e63065b5eaec5ae2a1d7f282a9e9ed.jpg,85.32,usable,train
blackhead_602_jpg.rf.1fa9c5479053881dbd59ad21f7063378.jpg,Blackheads,ACCEPTED,Unique representative. Quality: usable,blackhead_602_jpg.rf.1fa9c5479053881dbd59ad21f7063378.jpg,60.57,usable,train
blackhead-64-_JPG_jpg.rf.d51894ee948b4dd106c5682a89a72298.jpg,Blackheads,ACCEPTED,Unique representative. Quality: borderline,blackhead-64-_JPG_jpg.rf.d51894ee948b4dd106c5682a89a72298.jpg,39.34,borderline,train
blackhead_548_jpg.rf.612ea3cd121b6686dbd9b8112bd552b6.jpg,Blackheads,ACCEPTED,Unique representative. Quality: usable,blackhead_548_jpg.rf.612ea3cd121b6686dbd9b8112bd552b6.jpg,81.23,usable,train
blackhead_122_jpg.rf.20efbd13faec8e8183905cebc5ca81e9.jpg,Blackheads,ACCEPTED,Unique representative. Quality: usable,blackhead_122_jpg.rf.20efbd13faec8e8183905cebc5ca81e9.jpg,75.70,usable,train
blackhead-2-_jpg.rf.5a72784fbfc91d356725a6dbc7b12c47.jpg,Blackheads,ACCEPTED,Unique representative. Quality: usable,blackhead-2-_jpg.rf.5a72784fbfc91d356725a6dbc7b12c47.jpg,64.58,usable,train
blackhead-26-_jpg.rf.f083250e2ecf6d82004c80f42ca06c24.jpg,Blackheads,ACCEPTED,Unique representative. Quality: usable,blackhead-26-_jpg.rf.f083250e2ecf6d82004c80f42ca06c24.jpg,129.14,usable,train
blackhead_546_jpg.rf.294a8d26d7f2c0fea10d9670e66388b0.jpg,Blackheads,ACCEPTED,Unique representative. Quality: usable,blackhead_546_jpg.rf.294a8d26d7f2c0fea10d9670e66388b0.jpg,91.21,usable,train
blackhead_546_jpg.rf.5f10eaaacbe22d96c29f778a133b5e15.jpg,Blackheads,ACCEPTED,Unique representative. Quality: borderline,blackhead_546_jpg.rf.5f10eaaacbe22d96c29f778a133b5e15.jpg,56.34,borderline,train
blackhead_546_jpg.rf.79cdd1b6df9e48bb222823e507b9ddc9.jpg,Blackheads,ACCEPTED,Unique representative. Quality: usable,blackhead_546_jpg.rf.79cdd1b6df9e48bb222823e507b9ddc9.jpg,97.25,usable,train
blackhead_602_jpg.rf.89feeb6b083d4b12140840e06736e3d6.jpg,Blackheads,ACCEPTED,Unique representative. Quality: usable,blackhead_602_jpg.rf.89feeb6b083d4b12140840e06736e3d6.jpg,68.64,usable,train
blackhead-63-_JPG_jpg.rf.aa3f75d91cefbfc55d8eb8c6ce8a2894.jpg,Blackheads,ACCEPTED,Unique representative. Quality: borderline,blackhead-63-_JPG_jpg.rf.aa3f75d91cefbfc55d8eb8c6ce8a2894.jpg,54.98,borderline,train
blackhead_616_jpg.rf.b97d32da753d9dec3d1351cf571e5f57.jpg,Blackheads,ACCEPTED,Unique representative. Quality: usable,blackhead_616_jpg.rf.b97d32da753d9dec3d1351cf571e5f57.jpg,74.49,usable,train
blackhead_202_jpg.rf.0e496a05769c2b07fa0cb65c9d594289.jpg,Blackheads,ACCEPTED,Unique representative. Quality: usable,blackhead_202_jpg.rf.0e496a05769c2b07fa0cb65c9d594289.jpg,71.12,usable,train
blackhead_122_jpg.rf.85b9f767c3171e947729a4a6f42809ca.jpg,Blackheads,ACCEPTED,Unique representative. Quality: usable,blackhead_122_jpg.rf.85b9f767c3171e947729a4a6f42809ca.jpg,65.18,usable,train
blackhead-78-_JPG_jpg.rf.f756991e3be387ad6cc0d2c27046e9ab.jpg,Blackheads,ACCEPTED,Unique representative. Quality: usable,blackhead-78-_JPG_jpg.rf.f756991e3be387ad6cc0d2c27046e9ab.jpg,118.37,usable,train
blackhead-74-_jpg.rf.1191739469846c5e09c04fca8c36f4b1.jpg,Blackheads,ACCEPTED,Unique representative. Quality: borderline,blackhead-74-_jpg.rf.1191739469846c5e09c04fca8c36f4b1.jpg,54.34,borderline,train
blackhead_546_jpg.rf.ab2aeb4f1eb421c3f4a39bc26e4a1d0e.jpg,Blackheads,ACCEPTED,Unique representative. Quality: usable,blackhead_546_jpg.rf.ab2aeb4f1eb421c3f4a39bc26e4a1d0e.jpg,91.55,usable,train
blackhead_546_jpg.rf.438a9fe41066042227962fc95b626e92.jpg,Blackheads,ACCEPTED,Unique representative. Quality: usable,blackhead_546_jpg.rf.438a9fe41066042227962fc95b626e92.jpg,86.83,usable,train
blackhead-26-_jpg.rf.b1b3b02cb732c76cdc9dd4b35fac0d18.jpg,Blackheads,ACCEPTED,Unique representative. Quality: borderline,blackhead-26-_jpg.rf.b1b3b02cb732c76cdc9dd4b35fac0d18.jpg,36.73,borderline,train
blackhead_616_jpg.rf.e4aa939d6968539d5a7aea3d9c310758.jpg,Blackheads,ACCEPTED,Unique representative. Quality: usable,blackhead_616_jpg.rf.e4aa939d6968539d5a7aea3d9c310758.jpg,102.22,usable,train
blackhead-41-_JPG_jpg.rf.edda018faf5e3367a13df88ab564b532.jpg,Blackheads,ACCEPTED,Unique representative. Quality: borderline,blackhead-41-_JPG_jpg.rf.edda018faf5e3367a13df88ab564b532.jpg,38.10,borderline,train
blackhead_122_jpg.rf.45b1015a5cf336e2a2cc32e528d1b271.jpg,Blackheads,ACCEPTED,Unique representative. Quality: usable,blackhead_122_jpg.rf.45b1015a5cf336e2a2cc32e528d1b271.jpg,89.97,usable,train
blackhead_602_jpg.rf.3c338b5abf5a915c0814e6f54e3002cb.jpg,Blackheads,ACCEPTED,Unique representative. Quality: usable,blackhead_602_jpg.rf.3c338b5abf5a915c0814e6f54e3002cb.jpg,105.71,usable,train
blackhead-32-_JPG_jpg.rf.9a2610c0c810aa388bf699f34125603a.jpg,Blackheads,ACCEPTED,Unique representative. Quality: borderline,blackhead-32-_JPG_jpg.rf.9a2610c0c810aa388bf699f34125603a.jpg,58.39,borderline,train
blackhead_581_jpg.rf.9abd03012d03096a768365587d1911c9.jpg,Blackheads,ACCEPTED,Unique representative. Quality: usable,blackhead_581_jpg.rf.9abd03012d03096a768365587d1911c9.jpg,68.25,usable,train
blackhead-49-_jpg.rf.ec8d3ca2eb9da3cfd196a46f047dca4a.jpg,Blackheads,ACCEPTED,Unique representative. Quality: borderline,blackhead-49-_jpg.rf.ec8d3ca2eb9da3cfd196a46f047dca4a.jpg,46.98,borderline,train
blackhead_202_jpg.rf.54ed2e7df2710a3f9df3e9b9fc6a6304.jpg,Blackheads,ACCEPTED,Unique representative. Quality: usable,blackhead_202_jpg.rf.54ed2e7df2710a3f9df3e9b9fc6a6304.jpg,100.93,usable,train
blackhead_270_jpg.rf.b15ac47f5f07ea1d2756e8a379f645bb.jpg,Blackheads,ACCEPTED,Unique representative. Quality: usable,blackhead_270_jpg.rf.b15ac47f5f07ea1d2756e8a379f645bb.jpg,98.34,usable,train
blackhead_270_jpg.rf.08fc8a9ccb79159308a28631da79ba78.jpg,Blackheads,ACCEPTED,Unique representative. Quality: usable,blackhead_270_jpg.rf.08fc8a9ccb79159308a28631da79ba78.jpg,87.93,usable,valid
blackhead_70_jpg.rf.7b16f7cacb6bf35ad1281f1a465f73d2.jpg,Blackheads,ACCEPTED,Unique representative. Quality: borderline,blackhead_70_jpg.rf.7b16f7cacb6bf35ad1281f1a465f73d2.jpg,43.14,borderline,valid
blackhead-10-_JPG_jpg.rf.5abaad174ef0c1c7ce97dae2c23d6a03.jpg,Blackheads,ACCEPTED,Unique representative. Quality: borderline,blackhead-10-_JPG_jpg.rf.5abaad174ef0c1c7ce97dae2c23d6a03.jpg,56.43,borderline,valid
blackhead_79_jpg.rf.e812988bf7564fb122c3b34b12bbdd28.jpg,Blackheads,ACCEPTED,Unique representative. Quality: usable,blackhead_79_jpg.rf.e812988bf7564fb122c3b34b12bbdd28.jpg,82.93,usable,valid
blackhead-35-_jpg.rf.9f16bb2773f7c6508c24470dd4b662be.jpg,Blackheads,ACCEPTED,Unique representative. Quality: usable,blackhead-35-_jpg.rf.9f16bb2773f7c6508c24470dd4b662be.jpg,100.07,usable,valid
blackhead-49-_jpg.rf.5ca49f9c8c9facde3307e8e6c721e7a7.jpg,Blackheads,ACCEPTED,Unique representative. Quality: usable,blackhead-49-_jpg.rf.5ca49f9c8c9facde3307e8e6c721e7a7.jpg,75.93,usable,valid
blackhead-46-_jpg.rf.52bf6a465c7f3df817fd51b34347f9de.jpg,Blackheads,ACCEPTED,Unique representative. Quality: borderline,blackhead-46-_jpg.rf.52bf6a465c7f3df817fd51b34347f9de.jpg,56.21,borderline,valid
blackhead_202_jpg.rf.a686f4dad2d423d92200cede4fc13b57.jpg,Blackheads,ACCEPTED,Unique representative. Quality: usable,blackhead_202_jpg.rf.a686f4dad2d423d92200cede4fc13b57.jpg,113.27,usable,valid
blackhead_546_jpg.rf.6e411fac9b86cd2cf68625f95cf6eff0.jpg,Blackheads,ACCEPTED,Unique representative. Quality: usable,blackhead_546_jpg.rf.6e411fac9b86cd2cf68625f95cf6eff0.jpg,86.30,usable,valid
blackhead-23-_jpg.rf.ad092a1ece3e78547030702ad256aa4c.jpg,Blackheads,ACCEPTED,Unique representative. Quality: usable,blackhead-23-_jpg.rf.ad092a1ece3e78547030702ad256aa4c.jpg,127.71,usable,valid
blackhead-49-_jpg.rf.42c6cd541722b7f9dabd12165ae1d013.jpg,Blackheads,ACCEPTED,Unique representative. Quality: borderline,blackhead-49-_jpg.rf.42c6cd541722b7f9dabd12165ae1d013.jpg,54.82,borderline,valid
blackhead_242_jpg.rf.4cfb767ae66e915e92f63eff4b5cd119.jpg,Blackheads,ACCEPTED,Unique representative. Quality: usable,blackhead_242_jpg.rf.4cfb767ae66e915e92f63eff4b5cd119.jpg,75.53,usable,valid
blackhead-5-_JPG_jpg.rf.acc1d43bd89c36464fa48b4fa0cdf0c3.jpg,Blackheads,ACCEPTED,Unique representative. Quality: usable,blackhead-5-_JPG_jpg.rf.acc1d43bd89c36464fa48b4fa0cdf0c3.jpg,79.53,usable,valid
blackhead_122_jpg.rf.3dbe3a3294d8698637e55e1ab3d5a1f8.jpg,Blackheads,ACCEPTED,Unique representative. Quality: borderline,blackhead_122_jpg.rf.3dbe3a3294d8698637e55e1ab3d5a1f8.jpg,55.01,borderline,valid
blackhead_616_jpg.rf.a7de6b35d18bbb96e2379ce2c692ceca.jpg,Blackheads,ACCEPTED,Unique representative. Quality: borderline,blackhead_616_jpg.rf.a7de6b35d18bbb96e2379ce2c692ceca.jpg,58.88,borderline,valid
blackhead-15-_jpg.rf.650ec6be1863518ed7b9c731e2d98a3a.jpg,Blackheads,ACCEPTED,Unique representative. Quality: usable,blackhead-15-_jpg.rf.650ec6be1863518ed7b9c731e2d98a3a.jpg,110.01,usable,valid
blackhead_79_jpg.rf.517ce7ae93e2e245b6dca2af5b4febbc.jpg,Blackheads,ACCEPTED,Unique representative. Quality: borderline,blackhead_79_jpg.rf.517ce7ae93e2e245b6dca2af5b4febbc.jpg,36.65,borderline,valid
blackhead-56-_jpg.rf.f505587840fd29a87ca3f699cae34abc.jpg,Blackheads,ACCEPTED,Unique representative. Quality: borderline,blackhead-56-_jpg.rf.f505587840fd29a87ca3f699cae34abc.jpg,40.01,borderline,valid
blackhead_70_jpg.rf.4badeb597fd1ec8ffae07a7c5a74fb4c.jpg,Blackheads,ACCEPTED,Unique representative. Quality: usable,blackhead_70_jpg.rf.4badeb597fd1ec8ffae07a7c5a74fb4c.jpg,72.23,usable,valid
blackhead_616_jpg.rf.6b80182d8bf817aadfe1b24cd3532c9d.jpg,Blackheads,ACCEPTED,Unique representative. Quality: usable,blackhead_616_jpg.rf.6b80182d8bf817aadfe1b24cd3532c9d.jpg,131.04,usable,valid
blackhead-41-_JPG_jpg.rf.21dba7e5162943f3bc261c0f9e186750.jpg,Blackheads,ACCEPTED,Unique representative. Quality: borderline,blackhead-41-_JPG_jpg.rf.21dba7e5162943f3bc261c0f9e186750.jpg,45.53,borderline,valid
blackhead_546_jpg.rf.f95d84a2c26d369a370da775afb231f5.jpg,Blackheads,ACCEPTED,Unique representative. Quality: borderline,blackhead_546_jpg.rf.f95d84a2c26d369a370da775afb231f5.jpg,37.42,borderline,valid
blackhead-21-_jpg.rf.f9083197e739db8bdedd0875c88096a7.jpg,Blackheads,ACCEPTED,Unique representative. Quality: usable,blackhead-21-_jpg.rf.f9083197e739db8bdedd0875c88096a7.jpg,74.26,usable,valid
blackhead_548_jpg.rf.3ba445b54a3c82dfd1fb46c6bba5b00e.jpg,Blackheads,ACCEPTED,Unique representative. Quality: usable,blackhead_548_jpg.rf.3ba445b54a3c82dfd1fb46c6bba5b00e.jpg,74.02,usable,valid
blackhead_616_jpg.rf.7ea9a76936e0e78e94a3e10c474cf4e6.jpg,Blackheads,ACCEPTED,Unique representative. Quality: usable,blackhead_616_jpg.rf.7ea9a76936e0e78e94a3e10c474cf4e6.jpg,75.20,usable,valid
blackhead-61-_JPG_jpg.rf.285c31e615d23f3ae3a280f63d5a38ec.jpg,Blackheads,ACCEPTED,Unique representative. Quality: usable,blackhead-61-_JPG_jpg.rf.285c31e615d23f3ae3a280f63d5a38ec.jpg,90.35,usable,valid
blackhead_581_jpg.rf.fb2d5127fed9ea875019964187d2b154.jpg,Blackheads,ACCEPTED,Unique representative. Quality: usable,blackhead_581_jpg.rf.fb2d5127fed9ea875019964187d2b154.jpg,129.41,usable,valid
blackhead_266_jpg.rf.5722a2b5b77a53c2aa21872351ba9b32.jpg,Blackheads,ACCEPTED,Unique representative. Quality: borderline,blackhead_266_jpg.rf.5722a2b5b77a53c2aa21872351ba9b32.jpg,40.92,borderline,valid
blackhead_270_jpg.rf.a4db0c62de59e11e865b8791cd16600b.jpg,Blackheads,ACCEPTED,Unique representative. Quality: usable,blackhead_270_jpg.rf.a4db0c62de59e11e865b8791cd16600b.jpg,89.80,usable,valid
blackhead-13-_JPG_jpg.rf.f74c36cf110ca2ec1f4a5eacdbddace6.jpg,Blackheads,ACCEPTED,Unique representative. Quality: usable,blackhead-13-_JPG_jpg.rf.f74c36cf110ca2ec1f4a5eacdbddace6.jpg,73.50,usable,valid
blackhead-70-_jpg.rf.261618127c985e6fe5aff74e98c864c6.jpg,Blackheads,ACCEPTED,Unique representative. Quality: usable,blackhead-70-_jpg.rf.261618127c985e6fe5aff74e98c864c6.jpg,96.20,usable,valid
blackhead-41-_JPG_jpg.rf.bce236630f8e2588ccb9d54013fad08c.jpg,Blackheads,ACCEPTED,Unique representative. Quality: borderline,blackhead-41-_JPG_jpg.rf.bce236630f8e2588ccb9d54013fad08c.jpg,46.27,borderline,valid
blackhead_142_jpg.rf.beb5e5287732d8c8eef161ff93005f36.jpg,Blackheads,ACCEPTED,Unique representative. Quality: usable,blackhead_142_jpg.rf.beb5e5287732d8c8eef161ff93005f36.jpg,101.17,usable,valid
blackhead_242_jpg.rf.10fcd6807ce9fdb224bd8e5958869fa3.jpg,Blackheads,ACCEPTED,Unique representative. Quality: usable,blackhead_242_jpg.rf.10fcd6807ce9fdb224bd8e5958869fa3.jpg,111.93,usable,valid
blackhead-49-_jpg.rf.e6c89a40b56ed24c8bc246ffb8f86d03.jpg,Blackheads,ACCEPTED,Unique representative. Quality: borderline,blackhead-49-_jpg.rf.e6c89a40b56ed24c8bc246ffb8f86d03.jpg,54.05,borderline,valid
blackhead_79_jpg.rf.413cd72f674c1795ccf92194fc0485c4.jpg,Blackheads,ACCEPTED,Unique representative. Quality: usable,blackhead_79_jpg.rf.413cd72f674c1795ccf92194fc0485c4.jpg,75.78,usable,valid
blackhead_70_jpg.rf.eccdc84b38cdb081d4c4e4c3bc77ed28.jpg,Blackheads,ACCEPTED,Unique representative. Quality: borderline,blackhead_70_jpg.rf.eccdc84b38cdb081d4c4e4c3bc77ed28.jpg,47.23,borderline,valid
blackhead_536_jpg.rf.0a0934963ace4c6d4d5d4a25e7f00b14.jpg,Blackheads,ACCEPTED,Unique representative. Quality: borderline,blackhead_536_jpg.rf.0a0934963ace4c6d4d5d4a25e7f00b14.jpg,41.32,borderline,valid
blackhead-3-_jpg.rf.d8b6410264b06453bdace7e84c462f3b.jpg,Blackheads,ACCEPTED,Unique representative. Quality: usable,blackhead-3-_jpg.rf.d8b6410264b06453bdace7e84c462f3b.jpg,73.21,usable,valid
blackhead_536_jpg.rf.e28de555239c12b92c7daf49f3b30785.jpg,Blackheads,ACCEPTED,Unique representative. Quality: usable,blackhead_536_jpg.rf.e28de555239c12b92c7daf49f3b30785.jpg,79.87,usable,valid
blackhead_122_jpg.rf.1944cb5d7b2eb471ef6eb3e041b1dfd9.jpg,Blackheads,ACCEPTED,Unique representative. Quality: borderline,blackhead_122_jpg.rf.1944cb5d7b2eb471ef6eb3e041b1dfd9.jpg,58.68,borderline,valid
blackhead-34-_JPG_jpg.rf.a9120b68053e479834e4c9a485748efc.jpg,Blackheads,ACCEPTED,Unique representative. Quality: borderline,blackhead-34-_JPG_jpg.rf.a9120b68053e479834e4c9a485748efc.jpg,42.51,borderline,valid
blackhead_616_jpg.rf.27328ce6624def5131b3d46286dcf760.jpg,Blackheads,ACCEPTED,Unique representative. Quality: usable,blackhead_616_jpg.rf.27328ce6624def5131b3d46286dcf760.jpg,89.77,usable,valid
blackhead-24-_jpg.rf.4aac074102117cf83b3f8c8ba704fb79.jpg,Blackheads,ACCEPTED,Unique representative. Quality: usable,blackhead-24-_jpg.rf.4aac074102117cf83b3f8c8ba704fb79.jpg,72.89,usable,valid
blackhead-7-_JPG_jpg.rf.908c6f70ff583d2df02849223108f85c.jpg,Blackheads,ACCEPTED,Unique representative. Quality: usable,blackhead-7-_JPG_jpg.rf.908c6f70ff583d2df02849223108f85c.jpg,65.09,usable,valid
blackhead-26-_jpg.rf.cff9754420c22f93fec21c875ca53c36.jpg,Blackheads,ACCEPTED,Unique representative. Quality: usable,blackhead-26-_jpg.rf.cff9754420c22f93fec21c875ca53c36.jpg,143.80,usable,valid
blackhead-50-_jpg.rf.46c3fb1121f726bced9273b981fb710a.jpg,Blackheads,ACCEPTED,Unique representative. Quality: usable,blackhead-50-_jpg.rf.46c3fb1121f726bced9273b981fb710a.jpg,97.51,usable,valid
blackhead-5-_JPG_jpg.rf.a9f7260bc5fb389701fd5b9b1c7c78f2.jpg,Blackheads,ACCEPTED,Unique representative. Quality: usable,blackhead-5-_JPG_jpg.rf.a9f7260bc5fb389701fd5b9b1c7c78f2.jpg,68.41,usable,valid
blackhead-31-_JPG_jpg.rf.f2bf9b3c3d35dd1e87fd6854581e5123.jpg,Blackheads,ACCEPTED,Unique representative. Quality: borderline,blackhead-31-_JPG_jpg.rf.f2bf9b3c3d35dd1e87fd6854581e5123.jpg,31.78,borderline,valid
blackhead-42-_JPG_jpg.rf.87e812c3233507f2a07b3eb769f27910.jpg,Blackheads,ACCEPTED,Unique representative. Quality: borderline,blackhead-42-_JPG_jpg.rf.87e812c3233507f2a07b3eb769f27910.jpg,44.72,borderline,valid
blackhead-37-_jpg.rf.85af1ea69f52c0632b1b7243ce93c41d.jpg,Blackheads,ACCEPTED,Unique representative. Quality: borderline,blackhead-37-_jpg.rf.85af1ea69f52c0632b1b7243ce93c41d.jpg,53.18,borderline,valid
blackhead_142_jpg.rf.ed92180788467250366b610c568f8398.jpg,Blackheads,ACCEPTED,Unique representative. Quality: usable,blackhead_142_jpg.rf.ed92180788467250366b610c568f8398.jpg,63.48,usable,valid
blackhead_202_jpg.rf.95816a64ce8500d206da58e7bab6b349.jpg,Blackheads,ACCEPTED,Unique representative. Quality: usable,blackhead_202_jpg.rf.95816a64ce8500d206da58e7bab6b349.jpg,71.66,usable,valid
blackhead-3-_jpg.rf.aabf7808924245b8ee6a1faf54e50a38.jpg,Blackheads,ACCEPTED,Unique representative. Quality: usable,blackhead-3-_jpg.rf.aabf7808924245b8ee6a1faf54e50a38.jpg,60.71,usable,valid
blackhead_202_jpg.rf.951b0d850712a239d7c3ec2285e0ca03.jpg,Blackheads,ACCEPTED,Unique representative. Quality: usable,blackhead_202_jpg.rf.951b0d850712a239d7c3ec2285e0ca03.jpg,96.48,usable,valid
blackhead_536_jpg.rf.4c1ac5d2a9d2f31d4c0909cca35e8dd3.jpg,Blackheads,ACCEPTED,Unique representative. Quality: usable,blackhead_536_jpg.rf.4c1ac5d2a9d2f31d4c0909cca35e8dd3.jpg,63.08,usable,valid
blackhead_548_jpg.rf.504b786ca3218c6f28f2a23093cf151a.jpg,Blackheads,ACCEPTED,Unique representative. Quality: usable,blackhead_548_jpg.rf.504b786ca3218c6f28f2a23093cf151a.jpg,77.27,usable,valid
blackhead_581_jpg.rf.3f296102dbbea15398722ff163455a5e.jpg,Blackheads,ACCEPTED,Unique representative. Quality: usable,blackhead_581_jpg.rf.3f296102dbbea15398722ff163455a5e.jpg,69.22,usable,valid
blackhead-17-_JPG_jpg.rf.365907114bd744a386a48ef5dc7f9211.jpg,Blackheads,ACCEPTED,Unique representative. Quality: usable,blackhead-17-_JPG_jpg.rf.365907114bd744a386a48ef5dc7f9211.jpg,76.46,usable,valid
blackhead-5-_JPG_jpg.rf.ac58b1cd327848988589f0ddafbbd02b.jpg,Blackheads,ACCEPTED,Unique representative. Quality: usable,blackhead-5-_JPG_jpg.rf.ac58b1cd327848988589f0ddafbbd02b.jpg,65.81,usable,valid
blackhead_546_jpg.rf.2adeaffc614ad266390eb428f007b7a3.jpg,Blackheads,ACCEPTED,Unique representative. Quality: usable,blackhead_546_jpg.rf.2adeaffc614ad266390eb428f007b7a3.jpg,85.45,usable,valid
blackhead-1-_JPG_jpg.rf.a96a922a9246d8ef9cafc0b527dccb50.jpg,Blackheads,ACCEPTED,Unique representative. Quality: borderline,blackhead-1-_JPG_jpg.rf.a96a922a9246d8ef9cafc0b527dccb50.jpg,32.38,borderline,valid
blackhead-68-_jpg.rf.b7e72c13384e7dac6efeacfba7fc9da1.jpg,Blackheads,ACCEPTED,Unique representative. Quality: borderline,blackhead-68-_jpg.rf.b7e72c13384e7dac6efeacfba7fc9da1.jpg,44.23,borderline,valid
blackhead_554_jpg.rf.8653eee2c29771406d3374a03e23dbba.jpg,Blackheads,ACCEPTED,Unique representative. Quality: usable,blackhead_554_jpg.rf.8653eee2c29771406d3374a03e23dbba.jpg,77.04,usable,valid
blackhead_616_jpg.rf.32c4ae84cd42bc6d962964f8904320f7.jpg,Blackheads,ACCEPTED,Unique representative. Quality: usable,blackhead_616_jpg.rf.32c4ae84cd42bc6d962964f8904320f7.jpg,61.05,usable,valid
blackhead_602_jpg.rf.2eebffec52b4bf1df32b5ce83f9b721b.jpg,Blackheads,ACCEPTED,Unique representative. Quality: usable,blackhead_602_jpg.rf.2eebffec52b4bf1df32b5ce83f9b721b.jpg,93.94,usable,valid
blackhead_546_jpg.rf.7e8437717434868a2dcccee013198504.jpg,Blackheads,ACCEPTED,Unique representative. Quality: borderline,blackhead_546_jpg.rf.7e8437717434868a2dcccee013198504.jpg,55.91,borderline,valid
blackhead_270_jpg.rf.ee8bd1305f5cdd1c5bc82a18ef140629.jpg,Blackheads,ACCEPTED,Unique representative. Quality: borderline,blackhead_270_jpg.rf.ee8bd1305f5cdd1c5bc82a18ef140629.jpg,55.69,borderline,valid
blackhead-46-_jpg.rf.17923fdc9b026f92e0854245d909e5d4.jpg,Blackheads,ACCEPTED,Unique representative. Quality: usable,blackhead-46-_jpg.rf.17923fdc9b026f92e0854245d909e5d4.jpg,99.73,usable,valid
blackhead-78-_JPG_jpg.rf.eae305d40132bf30c01066a0a09a763b.jpg,Blackheads,ACCEPTED,Unique representative. Quality: usable,blackhead-78-_JPG_jpg.rf.eae305d40132bf30c01066a0a09a763b.jpg,107.41,usable,valid
blackhead-74-_jpg.rf.1c314d476a85358ca96df090d856ac1e.jpg,Blackheads,ACCEPTED,Unique representative. Quality: borderline,blackhead-74-_jpg.rf.1c314d476a85358ca96df090d856ac1e.jpg,33.21,borderline,valid
blackhead-68-_jpg.rf.713fb3f832498606eb9e03cc7a1108c0.jpg,Blackheads,ACCEPTED,Unique representative. Quality: borderline,blackhead-68-_jpg.rf.713fb3f832498606eb9e03cc7a1108c0.jpg,58.17,borderline,valid
blackhead-13-_JPG_jpg.rf.e7b8ce74edfd572fcfe0ea6408702335.jpg,Blackheads,ACCEPTED,Unique representative. Quality: usable,blackhead-13-_JPG_jpg.rf.e7b8ce74edfd572fcfe0ea6408702335.jpg,81.82,usable,valid
blackhead-11-_JPG_jpg.rf.91b06a11494a38d0b149cf163dcd55f6.jpg,Blackheads,ACCEPTED,Unique representative. Quality: usable,blackhead-11-_JPG_jpg.rf.91b06a11494a38d0b149cf163dcd55f6.jpg,72.73,usable,valid
blackhead-64-_JPG_jpg.rf.d393a32aeacacf6ef74b866320cf0f79.jpg,Blackheads,ACCEPTED,Unique representative. Quality: usable,blackhead-64-_JPG_jpg.rf.d393a32aeacacf6ef74b866320cf0f79.jpg,70.00,usable,valid
blackhead-64-_JPG_jpg.rf.d1184443bd46d1155e03556ba096d645.jpg,Blackheads,ACCEPTED,Unique representative. Quality: usable,blackhead-64-_JPG_jpg.rf.d1184443bd46d1155e03556ba096d645.jpg,71.54,usable,valid
blackhead_70_jpg.rf.36b303fdfaf4d67f814711ecd6580f4c.jpg,Blackheads,ACCEPTED,Unique representative. Quality: usable,blackhead_70_jpg.rf.36b303fdfaf4d67f814711ecd6580f4c.jpg,72.09,usable,valid
blackhead_142_jpg.rf.1e39b3c1876c7c34b8959c132a94a675.jpg,Blackheads,ACCEPTED,Unique representative. Quality: usable,blackhead_142_jpg.rf.1e39b3c1876c7c34b8959c132a94a675.jpg,70.35,usable,valid
blackhead_79_jpg.rf.a98621f4962c5efd1279e3aba124a327.jpg,Blackheads,ACCEPTED,Unique representative. Quality: borderline,blackhead_79_jpg.rf.a98621f4962c5efd1279e3aba124a327.jpg,55.53,borderline,valid
blackhead_548_jpg.rf.06020fcca5beb959d25c8c2704a70145.jpg,Blackheads,ACCEPTED,Unique representative. Quality: usable,blackhead_548_jpg.rf.06020fcca5beb959d25c8c2704a70145.jpg,93.07,usable,valid
blackhead-58-_jpg.rf.074817792c3f2d93577285f51fcca269.jpg,Blackheads,ACCEPTED,Unique representative. Quality: usable,blackhead-58-_jpg.rf.074817792c3f2d93577285f51fcca269.jpg,126.47,usable,valid
blackhead_242_jpg.rf.1407599ca35cc5cad9aa26c503ee6e5e.jpg,Blackheads,ACCEPTED,Unique representative. Quality: usable,blackhead_242_jpg.rf.1407599ca35cc5cad9aa26c503ee6e5e.jpg,107.49,usable,valid
blackhead-48-_jpg.rf.36a99f722dc131575955e3f1fe3d77c5.jpg,Blackheads,ACCEPTED,Unique representative. Quality: borderline,blackhead-48-_jpg.rf.36a99f722dc131575955e3f1fe3d77c5.jpg,36.04,borderline,valid
blackhead-13-_JPG_jpg.rf.fbe7d7cfa24bda57ef534185a3e061ab.jpg,Blackheads,ACCEPTED,Unique representative. Quality: borderline,blackhead-13-_JPG_jpg.rf.fbe7d7cfa24bda57ef534185a3e061ab.jpg,35.27,borderline,valid
blackhead_242_jpg.rf.2835f6b3347d2a709241e3cd0aba1894.jpg,Blackheads,ACCEPTED,Unique representative. Quality: usable,blackhead_242_jpg.rf.2835f6b3347d2a709241e3cd0aba1894.jpg,96.71,usable,valid
blackhead_270_jpg.rf.76b46997df0f44e4c0565d597d839432.jpg,Blackheads,ACCEPTED,Unique representative. Quality: borderline,blackhead_270_jpg.rf.76b46997df0f44e4c0565d597d839432.jpg,57.70,borderline,valid
blackhead-10-_JPG_jpg.rf.d7a92d9bd2f374afe1aeda6974fd052c.jpg,Blackheads,ACCEPTED,Unique representative. Quality: borderline,blackhead-10-_JPG_jpg.rf.d7a92d9bd2f374afe1aeda6974fd052c.jpg,35.93,borderline,valid
blackhead_581_jpg.rf.10aca4ed3990728864b4efb23e88f4c7.jpg,Blackheads,ACCEPTED,Unique representative. Quality: usable,blackhead_581_jpg.rf.10aca4ed3990728864b4efb23e88f4c7.jpg,65.87,usable,valid
blackhead_581_jpg.rf.8153f8db9d567ef60e0635331a8dd1e1.jpg,Blackheads,ACCEPTED,Unique representative. Quality: borderline,blackhead_581_jpg.rf.8153f8db9d567ef60e0635331a8dd1e1.jpg,47.85,borderline,valid
blackhead-30-_jpg.rf.bab32e3864625b87ee3d035b782a550b.jpg,Blackheads,ACCEPTED,Unique representative. Quality: usable,blackhead-30-_jpg.rf.bab32e3864625b87ee3d035b782a550b.jpg,84.56,usable,valid
blackhead_79_jpg.rf.d1ab42b5d33fe41660c37311c3e57351.jpg,Blackheads,ACCEPTED,Unique representative. Quality: borderline,blackhead_79_jpg.rf.d1ab42b5d33fe41660c37311c3e57351.jpg,46.28,borderline,valid
blackhead_548_jpg.rf.5b7ccc6ae3b29b1443298cae1fbf4ea7.jpg,Blackheads,ACCEPTED,Unique representative. Quality: usable,blackhead_548_jpg.rf.5b7ccc6ae3b29b1443298cae1fbf4ea7.jpg,71.93,usable,valid
blackhead-63-_JPG_jpg.rf.3f5f8098f894bf84125064343616f28a.jpg,Blackheads,ACCEPTED,Unique representative. Quality: borderline,blackhead-63-_JPG_jpg.rf.3f5f8098f894bf84125064343616f28a.jpg,36.27,borderline,valid
blackhead-47-_jpg.rf.c7d061b170b6ef59efb6aa254cd98571.jpg,Blackheads,ACCEPTED,Unique representative. Quality: usable,blackhead-47-_jpg.rf.c7d061b170b6ef59efb6aa254cd98571.jpg,71.47,usable,valid
blackhead-26-_jpg.rf.6d0d07d639be1b3a9221950fa892d7f0.jpg,Blackheads,ACCEPTED,Unique representative. Quality: usable,blackhead-26-_jpg.rf.6d0d07d639be1b3a9221950fa892d7f0.jpg,81.94,usable,valid
blackhead-4-_JPG_jpg.rf.93507fc6a14079509160bc6bdc1eb9cf.jpg,Blackheads,ACCEPTED,Unique representative. Quality: usable,blackhead-4-_JPG_jpg.rf.93507fc6a14079509160bc6bdc1eb9cf.jpg,93.28,usable,valid
blackhead-6-_JPG_jpg.rf.594792fd3f1e1fdc286076801c5a302a.jpg,Blackheads,ACCEPTED,Unique representative. Quality: borderline,blackhead-6-_JPG_jpg.rf.594792fd3f1e1fdc286076801c5a302a.jpg,30.28,borderline,valid
blackhead-9-_JPG_jpg.rf.8cfda2e3a95e15ed02c03069a64b0ee9.jpg,Blackheads,ACCEPTED,Unique representative. Quality: usable,blackhead-9-_JPG_jpg.rf.8cfda2e3a95e15ed02c03069a64b0ee9.jpg,112.37,usable,valid
blackhead-56-_jpg.rf.585f58a6f541af808956c17d5d200240.jpg,Blackheads,ACCEPTED,Unique representative. Quality: usable,blackhead-56-_jpg.rf.585f58a6f541af808956c17d5d200240.jpg,95.18,usable,valid
blackhead_616_jpg.rf.fe7b27086cba39d25d84278f21924b47.jpg,Blackheads,ACCEPTED,Unique representative. Quality: usable,blackhead_616_jpg.rf.fe7b27086cba39d25d84278f21924b47.jpg,147.54,usable,valid
blackhead_122_jpg.rf.fe7ee2856d302c93ed93ab2cf8d596e8.jpg,Blackheads,ACCEPTED,Unique representative. Quality: usable,blackhead_122_jpg.rf.fe7ee2856d302c93ed93ab2cf8d596e8.jpg,71.15,usable,valid
blackhead_602_jpg.rf.0a5141ef3d7d759e72ea93d722b0067a.jpg,Blackheads,ACCEPTED,Unique representative. Quality: usable,blackhead_602_jpg.rf.0a5141ef3d7d759e72ea93d722b0067a.jpg,143.98,usable,valid
blackhead_616_jpg.rf.f5918adf1cab875e44483146d544edb0.jpg,Blackheads,ACCEPTED,Unique representative. Quality: borderline,blackhead_616_jpg.rf.f5918adf1cab875e44483146d544edb0.jpg,37.33,borderline,valid
blackhead_242_jpg.rf.86be7a074223c9b4344d5b2f52941332.jpg,Blackheads,ACCEPTED,Unique representative. Quality: usable,blackhead_242_jpg.rf.86be7a074223c9b4344d5b2f52941332.jpg,83.20,usable,test
blackhead_546_jpg.rf.f198de3b266f03ca818d336918dae877.jpg,Blackheads,ACCEPTED,Unique representative. Quality: usable,blackhead_546_jpg.rf.f198de3b266f03ca818d336918dae877.jpg,75.76,usable,test
blackhead_602_jpg.rf.5bcac007572fa583a69dd789f99dd500.jpg,Blackheads,ACCEPTED,Unique representative. Quality: usable,blackhead_602_jpg.rf.5bcac007572fa583a69dd789f99dd500.jpg,92.46,usable,test
blackhead_242_jpg.rf.0d6afe31aaa0c65f846628b6e432114c.jpg,Blackheads,ACCEPTED,Unique representative. Quality: usable,blackhead_242_jpg.rf.0d6afe31aaa0c65f846628b6e432114c.jpg,77.53,usable,test
blackhead_70_jpg.rf.d8769f937e377513bc7f119242bfe321.jpg,Blackheads,ACCEPTED,Unique representative. Quality: usable,blackhead_70_jpg.rf.d8769f937e377513bc7f119242bfe321.jpg,86.77,usable,test
blackhead_242_jpg.rf.cb7d8041f3a5f86ef356b9e5c85f45ad.jpg,Blackheads,ACCEPTED,Unique representative. Quality: usable,blackhead_242_jpg.rf.cb7d8041f3a5f86ef356b9e5c85f45ad.jpg,67.31,usable,test
blackhead-6-_JPG_jpg.rf.f60930bfb0256ac857ce04886f99d51a.jpg,Blackheads,ACCEPTED,Unique representative. Quality: borderline,blackhead-6-_JPG_jpg.rf.f60930bfb0256ac857ce04886f99d51a.jpg,51.68,borderline,test
blackhead_79_jpg.rf.a4e1537adf875c050aa85318fd652074.jpg,Blackheads,ACCEPTED,Unique representative. Quality: borderline,blackhead_79_jpg.rf.a4e1537adf875c050aa85318fd652074.jpg,57.88,borderline,test
blackhead_581_jpg.rf.d56d7ab29d3c405d3cc8b04308169893.jpg,Blackheads,ACCEPTED,Unique representative. Quality: borderline,blackhead_581_jpg.rf.d56d7ab29d3c405d3cc8b04308169893.jpg,59.31,borderline,test
blackhead-67-_jpg.rf.45d6f474a96f397c3317a80fb0b5357b.jpg,Blackheads,ACCEPTED,Unique representative. Quality: borderline,blackhead-67-_jpg.rf.45d6f474a96f397c3317a80fb0b5357b.jpg,37.49,borderline,test
blackhead_122_jpg.rf.ddeb792242d09913ee9b9032c878871d.jpg,Blackheads,ACCEPTED,Unique representative. Quality: borderline,blackhead_122_jpg.rf.ddeb792242d09913ee9b9032c878871d.jpg,43.90,borderline,test
blackhead_536_jpg.rf.f3e89f22da07f69d3284799c522e80f2.jpg,Blackheads,ACCEPTED,Unique representative. Quality: borderline,blackhead_536_jpg.rf.f3e89f22da07f69d3284799c522e80f2.jpg,46.64,borderline,test
blackhead_79_jpg.rf.f42d32c94f2e21ce7aa60b0030f9ebf4.jpg,Blackheads,ACCEPTED,Unique representative. Quality: usable,blackhead_79_jpg.rf.f42d32c94f2e21ce7aa60b0030f9ebf4.jpg,106.18,usable,test
blackhead_122_jpg.rf.ac67bfdb121f22570a6595919527aac5.jpg,Blackheads,ACCEPTED,Unique representative. Quality: borderline,blackhead_122_jpg.rf.ac67bfdb121f22570a6595919527aac5.jpg,30.18,borderline,test
blackhead-30-_jpg.rf.f53a6cb9e7904e8098710e6087635094.jpg,Blackheads,ACCEPTED,Unique representative. Quality: usable,blackhead-30-_jpg.rf.f53a6cb9e7904e8098710e6087635094.jpg,85.14,usable,test
blackhead_242_jpg.rf.e98bbb9a368da49568374b3dbcc00c51.jpg,Blackheads,ACCEPTED,Unique representative. Quality: usable,blackhead_242_jpg.rf.e98bbb9a368da49568374b3dbcc00c51.jpg,108.20,usable,test
blackhead_602_jpg.rf.21496f087044721147cf45f9c987161e.jpg,Blackheads,ACCEPTED,Unique representative. Quality: borderline,blackhead_602_jpg.rf.21496f087044721147cf45f9c987161e.jpg,59.98,borderline,test
blackhead_546_jpg.rf.02144b9c32af861129cb099bfad5717f.jpg,Blackheads,ACCEPTED,Unique representative. Quality: usable,blackhead_546_jpg.rf.02144b9c32af861129cb099bfad5717f.jpg,77.42,usable,test
blackhead_616_jpg.rf.9f8123fa6aec2f2c64a4cb14df723644.jpg,Blackheads,ACCEPTED,Unique representative. Quality: usable,blackhead_616_jpg.rf.9f8123fa6aec2f2c64a4cb14df723644.jpg,69.83,usable,test
blackhead_202_jpg.rf.0a56441c2cd437ab52130462f8318978.jpg,Blackheads,ACCEPTED,Unique representative. Quality: borderline,blackhead_202_jpg.rf.0a56441c2cd437ab52130462f8318978.jpg,44.50,borderline,test
blackhead-3-_jpg.rf.78d5f0bf6cdefd33b49c0f7911e65162.jpg,Blackheads,ACCEPTED,Unique representative. Quality: usable,blackhead-3-_jpg.rf.78d5f0bf6cdefd33b49c0f7911e65162.jpg,106.58,usable,test
blackhead_546_jpg.rf.2e622e7b9a2ea346bf7e7d619dbbbb86.jpg,Blackheads,ACCEPTED,Unique representative. Quality: usable,blackhead_546_jpg.rf.2e622e7b9a2ea346bf7e7d619dbbbb86.jpg,88.92,usable,test
blackhead_142_jpg.rf.b98f4ff5bbedcccfe3e2c8f161fbdd86.jpg,Blackheads,ACCEPTED,Unique representative. Quality: usable,blackhead_142_jpg.rf.b98f4ff5bbedcccfe3e2c8f161fbdd86.jpg,64.17,usable,test
blackhead_602_jpg.rf.d1b7e14b3cdec8a5d9d7a892da9ef03c.jpg,Blackheads,ACCEPTED,Unique representative. Quality: usable,blackhead_602_jpg.rf.d1b7e14b3cdec8a5d9d7a892da9ef03c.jpg,77.94,usable,test
blackhead_266_jpg.rf.0f5cc7ac8de46fdd60df283fd04c1e70.jpg,Blackheads,ACCEPTED,Unique representative. Quality: usable,blackhead_266_jpg.rf.0f5cc7ac8de46fdd60df283fd04c1e70.jpg,131.50,usable,test
blackhead_581_jpg.rf.0980b101bb0fe2b8504bf59bd32c2987.jpg,Blackheads,ACCEPTED,Unique representative. Quality: usable,blackhead_581_jpg.rf.0980b101bb0fe2b8504bf59bd32c2987.jpg,87.20,usable,test
blackhead_79_jpg.rf.db5eb05a4ab47ad39f42dd7c1a5d9c14.jpg,Blackheads,ACCEPTED,Unique representative. Quality: usable,blackhead_79_jpg.rf.db5eb05a4ab47ad39f42dd7c1a5d9c14.jpg,82.92,usable,test
blackhead-69-_jpg.rf.120d5af760babc97ef89232b792100ca.jpg,Blackheads,ACCEPTED,Unique representative. Quality: usable,blackhead-69-_jpg.rf.120d5af760babc97ef89232b792100ca.jpg,71.45,usable,test
blackhead_70_jpg.rf.ffd56dae6be70fd89e76639399db58a4.jpg,Blackheads,ACCEPTED,Unique representative. Quality: usable,blackhead_70_jpg.rf.ffd56dae6be70fd89e76639399db58a4.jpg,93.65,usable,test
blackhead_546_jpg.rf.13de6928887b6944f452179ef25550ae.jpg,Blackheads,ACCEPTED,Unique representative. Quality: usable,blackhead_546_jpg.rf.13de6928887b6944f452179ef25550ae.jpg,118.73,usable,test
blackhead-70-_jpg.rf.a0b601ec6ac9d139ea4bba9053d2a9aa.jpg,Blackheads,ACCEPTED,Unique representative. Quality: usable,blackhead-70-_jpg.rf.a0b601ec6ac9d139ea4bba9053d2a9aa.jpg,107.96,usable,test
blackhead-33-_jpg.rf.39b73aeaa2683c6ccc140b67fbdc81f6.jpg,Blackheads,ACCEPTED,Unique representative. Quality: borderline,blackhead-33-_jpg.rf.39b73aeaa2683c6ccc140b67fbdc81f6.jpg,34.23,borderline,test
blackhead_242_jpg.rf.e74c3589de23118bff6fa8108f421ede.jpg,Blackheads,ACCEPTED,Unique representative. Quality: usable,blackhead_242_jpg.rf.e74c3589de23118bff6fa8108f421ede.jpg,105.87,usable,test
blackhead_122_jpg.rf.a6c3822a052b15a039096203831beb02.jpg,Blackheads,ACCEPTED,Unique representative. Quality: usable,blackhead_122_jpg.rf.a6c3822a052b15a039096203831beb02.jpg,83.62,usable,test
blackhead_546_jpg.rf.fca3a894b5f515e28d7e154fbf4974bb.jpg,Blackheads,ACCEPTED,Unique representative. Quality: usable,blackhead_546_jpg.rf.fca3a894b5f515e28d7e154fbf4974bb.jpg,91.24,usable,test
blackhead_554_jpg.rf.1c83e60c2aa7176dbf1499694134a098.jpg,Blackheads,ACCEPTED,Unique representative. Quality: borderline,blackhead_554_jpg.rf.1c83e60c2aa7176dbf1499694134a098.jpg,44.79,borderline,test
blackhead-68-_jpg.rf.e8de5a7a968c320f16bdf6f919df4d43.jpg,Blackheads,ACCEPTED,Unique representative. Quality: borderline,blackhead-68-_jpg.rf.e8de5a7a968c320f16bdf6f919df4d43.jpg,54.56,borderline,test
blackhead_548_jpg.rf.c24d4c16fcf857445d1b0fe8e311fd4c.jpg,Blackheads,ACCEPTED,Unique representative. Quality: borderline,blackhead_548_jpg.rf.c24d4c16fcf857445d1b0fe8e311fd4c.jpg,55.71,borderline,test
blackhead_79_jpg.rf.532b90a3a18f079871a66396a5a8a31b.jpg,Blackheads,ACCEPTED,Unique representative. Quality: borderline,blackhead_79_jpg.rf.532b90a3a18f079871a66396a5a8a31b.jpg,40.30,borderline,test
blackhead_546_jpg.rf.e4d132c99ef99597b05df1c62e8ae976.jpg,Blackheads,ACCEPTED,Unique representative. Quality: usable,blackhead_546_jpg.rf.e4d132c99ef99597b05df1c62e8ae976.jpg,87.30,usable,test
blackhead_546_jpg.rf.2bfd3ef7cab8712037aa952cf7551c9f.jpg,Blackheads,ACCEPTED,Unique representative. Quality: usable,blackhead_546_jpg.rf.2bfd3ef7cab8712037aa952cf7551c9f.jpg,74.04,usable,test
blackhead-43-_JPG_jpg.rf.93dcd15b3c4dc10e81d2764329b6fb48.jpg,Blackheads,ACCEPTED,Unique representative. Quality: usable,blackhead-43-_JPG_jpg.rf.93dcd15b3c4dc10e81d2764329b6fb48.jpg,67.26,usable,test
blackhead_602_jpg.rf.ff26b1636602cccb246c1f58a07fc1b6.jpg,Blackheads,ACCEPTED,Unique representative. Quality: usable,blackhead_602_jpg.rf.ff26b1636602cccb246c1f58a07fc1b6.jpg,129.10,usable,test
blackhead-35-_jpg.rf.29e772a4c1329c3b39b913554e2b7765.jpg,Blackheads,ACCEPTED,Unique representative. Quality: usable,blackhead-35-_jpg.rf.29e772a4c1329c3b39b913554e2b7765.jpg,96.90,usable,test
blackhead_270_jpg.rf.51fc0ffc8af95f39286a01139dca9911.jpg,Blackheads,ACCEPTED,Unique representative. Quality: usable,blackhead_270_jpg.rf.51fc0ffc8af95f39286a01139dca9911.jpg,72.02,usable,test
blackhead_142_jpg.rf.d92360dfad336c627898301348859ef5.jpg,Blackheads,ACCEPTED,Unique representative. Quality: high_quality,blackhead_142_jpg.rf.d92360dfad336c627898301348859ef5.jpg,151.61,high_quality,test
blackhead-26-_jpg.rf.0acabd673918a0efecff999ef603c3d0.jpg,Blackheads,ACCEPTED,Unique representative. Quality: usable,blackhead-26-_jpg.rf.0acabd673918a0efecff999ef603c3d0.jpg,117.45,usable,test
blackhead-32-_JPG_jpg.rf.2c7e5ada9d16018a4b292f2b0a8afd11.jpg,Blackheads,ACCEPTED,Unique representative. Quality: usable,blackhead-32-_JPG_jpg.rf.2c7e5ada9d16018a4b292f2b0a8afd11.jpg,66.09,usable,test
blackhead-81-_JPG_jpg.rf.307659dd1d43c15ac7f02b49c07f1e86.jpg,Blackheads,ACCEPTED,Unique representative. Quality: usable,blackhead-81-_JPG_jpg.rf.307659dd1d43c15ac7f02b49c07f1e86.jpg,105.75,usable,test
blackhead-25-_jpg.rf.fa24198584c824a2f02528bed46e0938.jpg,Blackheads,ACCEPTED,Unique representative. Quality: usable,blackhead-25-_jpg.rf.fa24198584c824a2f02528bed46e0938.jpg,109.15,usable,test
blackhead_548_jpg.rf.2f0c36d4db94aa28c5dc4c445e5e77c9.jpg,Blackheads,ACCEPTED,Unique representative. Quality: usable,blackhead_548_jpg.rf.2f0c36d4db94aa28c5dc4c445e5e77c9.jpg,95.11,usable,test
blackhead_270_jpg.rf.c099c875e87a111ca39660caf1c6eaa6.jpg,Blackheads,ACCEPTED,Unique representative. Quality: high_quality,blackhead_270_jpg.rf.c099c875e87a111ca39660caf1c6eaa6.jpg,309.24,high_quality,test
blackhead_602_jpg.rf.5ae8039b0bc31ef328b4f5801b50cde5.jpg,Blackheads,ACCEPTED,Unique representative. Quality: usable,blackhead_602_jpg.rf.5ae8039b0bc31ef328b4f5801b50cde5.jpg,68.98,usable,test
blackhead-35-_jpg.rf.219b507e18c465c2243c031b9180e899.jpg,Blackheads,ACCEPTED,Unique representative. Quality: usable,blackhead-35-_jpg.rf.219b507e18c465c2243c031b9180e899.jpg,91.26,usable,test
blackhead_581_jpg.rf.089694fe094f291daa650e277ebea8b5.jpg,Blackheads,ACCEPTED,Unique representative. Quality: usable,blackhead_581_jpg.rf.089694fe094f291daa650e277ebea8b5.jpg,83.64,usable,test
blackhead-5-_JPG_jpg.rf.5a1e4d11c927f6a544d340da38192562.jpg,Blackheads,ACCEPTED,Unique representative. Quality: borderline,blackhead-5-_JPG_jpg.rf.5a1e4d11c927f6a544d340da38192562.jpg,47.52,borderline,test
blackhead_546_jpg.rf.8c7f94f9a14e626ab3330d6fa1ccfedd.jpg,Blackheads,ACCEPTED,Unique representative. Quality: usable,blackhead_546_jpg.rf.8c7f94f9a14e626ab3330d6fa1ccfedd.jpg,63.50,usable,test
blackhead_79_jpg.rf.bc77079109c77bb23b1a87e5e35e91fd.jpg,Blackheads,ACCEPTED,Unique representative. Quality: usable,blackhead_79_jpg.rf.bc77079109c77bb23b1a87e5e35e91fd.jpg,65.25,usable,test
blackhead-25-_jpg.rf.9233b79caa27e4f3c23974ba332655e7.jpg,Blackheads,ACCEPTED,Unique representative. Quality: high_quality,blackhead-25-_jpg.rf.9233b79caa27e4f3c23974ba332655e7.jpg,152.86,high_quality,test
blackhead_242_jpg.rf.8c1934e70d6f614fe6bb44ff69e885b3.jpg,Blackheads,ACCEPTED,Unique representative. Quality: usable,blackhead_242_jpg.rf.8c1934e70d6f614fe6bb44ff69e885b3.jpg,100.22,usable,test
blackhead-62-_JPG_jpg.rf.9851af7c3aacb829f059f7e34be855aa.jpg,Blackheads,ACCEPTED,Unique representative. Quality: usable,blackhead-62-_JPG_jpg.rf.9851af7c3aacb829f059f7e34be855aa.jpg,71.34,usable,test
blackhead_546_jpg.rf.c77d9f3b3a5438a88a3ab9e6217d6853.jpg,Blackheads,ACCEPTED,Unique representative. Quality: usable,blackhead_546_jpg.rf.c77d9f3b3a5438a88a3ab9e6217d6853.jpg,65.31,usable,test
blackhead_548_jpg.rf.08cf90faf67f526a6ebac81418cd6302.jpg,Blackheads,ACCEPTED,Unique representative. Quality: usable,blackhead_548_jpg.rf.08cf90faf67f526a6ebac81418cd6302.jpg,85.47,usable,test
blackhead-42-_JPG_jpg.rf.5305a2ad5cf7890ca4adab31b96d4dfd.jpg,Blackheads,ACCEPTED,Unique representative. Quality: usable,blackhead-42-_JPG_jpg.rf.5305a2ad5cf7890ca4adab31b96d4dfd.jpg,63.06,usable,test
blackhead_581_jpg.rf.f6159a68491117c708c5e564a7666755.jpg,Blackheads,ACCEPTED,Unique representative. Quality: borderline,blackhead_581_jpg.rf.f6159a68491117c708c5e564a7666755.jpg,52.52,borderline,test
blackhead-40-_JPG_jpg.rf.74332b88e63c57fe04bd96961f7f0ff0.jpg,Blackheads,ACCEPTED,Unique representative. Quality: borderline,blackhead-40-_JPG_jpg.rf.74332b88e63c57fe04bd96961f7f0ff0.jpg,53.04,borderline,test
blackhead_70_jpg.rf.cf07ea09dfa8cb37b706fe8d90a5db16.jpg,Blackheads,ACCEPTED,Unique representative. Quality: usable,blackhead_70_jpg.rf.cf07ea09dfa8cb37b706fe8d90a5db16.jpg,83.77,usable,test
blackhead_546_jpg.rf.f1cf7c4ffe3222e104c5e07076b2e957.jpg,Blackheads,ACCEPTED,Unique representative. Quality: usable,blackhead_546_jpg.rf.f1cf7c4ffe3222e104c5e07076b2e957.jpg,79.05,usable,test
blackhead_142_jpg.rf.a15ea9cf5614105b991c6abdfdfc8cb3.jpg,Blackheads,ACCEPTED,Unique representative. Quality: usable,blackhead_142_jpg.rf.a15ea9cf5614105b991c6abdfdfc8cb3.jpg,65.97,usable,test
blackhead-64-_JPG_jpg.rf.91db1553f37ee74e0613bd629528590a.jpg,Blackheads,ACCEPTED,Unique representative. Quality: borderline,blackhead-64-_JPG_jpg.rf.91db1553f37ee74e0613bd629528590a.jpg,51.66,borderline,test
blackhead_548_jpg.rf.8ce019af346bf7808bbfe92dc5114ca8.jpg,Blackheads,ACCEPTED,Unique representative. Quality: usable,blackhead_548_jpg.rf.8ce019af346bf7808bbfe92dc5114ca8.jpg,71.63,usable,test
blackhead_546_jpg.rf.97ec0a309db0ca23ec126db5378acf06.jpg,Blackheads,ACCEPTED,Unique representative. Quality: usable,blackhead_546_jpg.rf.97ec0a309db0ca23ec126db5378acf06.jpg,76.37,usable,test
blackhead_616_jpg.rf.b7db97f41250245b6a84b9174e9476ee.jpg,Blackheads,ACCEPTED,Unique representative. Quality: usable,blackhead_616_jpg.rf.b7db97f41250245b6a84b9174e9476ee.jpg,66.87,usable,test
blackhead-68-_jpg.rf.1a1440eaef4ecf622d6903b6669d858c.jpg,Blackheads,ACCEPTED,Unique representative. Quality: usable,blackhead-68-_jpg.rf.1a1440eaef4ecf622d6903b6669d858c.jpg,65.97,usable,test
blackhead-12-_jpg.rf.a274e47e7dcb650d7b531326d81463c9.jpg,Blackheads,ACCEPTED,Unique representative. Quality: borderline,blackhead-12-_jpg.rf.a274e47e7dcb650d7b531326d81463c9.jpg,38.34,borderline,test
blackhead_266_jpg.rf.5e0be619d8637d2898a6b71c197ed07d.jpg,Blackheads,ACCEPTED,Unique representative. Quality: usable,blackhead_266_jpg.rf.5e0be619d8637d2898a6b71c197ed07d.jpg,85.96,usable,test
blackhead-45-_JPG_jpg.rf.c22dc0a04764c96c0833b5e5ebda8067.jpg,Blackheads,ACCEPTED,Unique representative. Quality: borderline,blackhead-45-_JPG_jpg.rf.c22dc0a04764c96c0833b5e5ebda8067.jpg,35.99,borderline,test
blackhead_79_jpg.rf.0e4a884e19a982fad2cf11a57a3f9a37.jpg,Blackheads,ACCEPTED,Unique representative. Quality: borderline,blackhead_79_jpg.rf.0e4a884e19a982fad2cf11a57a3f9a37.jpg,59.22,borderline,test
blackhead_142_jpg.rf.33b61cd193ce1d71bdd10fd30fbe7a38.jpg,Blackheads,ACCEPTED,Unique representative. Quality: usable,blackhead_142_jpg.rf.33b61cd193ce1d71bdd10fd30fbe7a38.jpg,94.60,usable,test
blackhead_616_jpg.rf.075d9085ce87b0873437a293f7c09f80.jpg,Blackheads,ACCEPTED,Unique representative. Quality: borderline,blackhead_616_jpg.rf.075d9085ce87b0873437a293f7c09f80.jpg,55.05,borderline,test
blackhead_70_jpg.rf.616b5c14d48d0932a25ee3e070f824e0.jpg,Blackheads,ACCEPTED,Unique representative. Quality: usable,blackhead_70_jpg.rf.616b5c14d48d0932a25ee3e070f824e0.jpg,76.38,usable,test
blackhead_122_jpg.rf.11dd110426912efa4935d9cb28a8f776.jpg,Blackheads,ACCEPTED,Unique representative. Quality: usable,blackhead_122_jpg.rf.11dd110426912efa4935d9cb28a8f776.jpg,61.24,usable,test
blackhead_70_jpg.rf.200ae3e7d7b675c24f696618b85e0682.jpg,Blackheads,ACCEPTED,Unique representative. Quality: usable,blackhead_70_jpg.rf.200ae3e7d7b675c24f696618b85e0682.jpg,74.26,usable,test
blackhead-18-_jpg.rf.e6ca1e6ddc4cb5b5ddb0053c87c1ae8d.jpg,Blackheads,ACCEPTED,Unique representative. Quality: usable,blackhead-18-_jpg.rf.e6ca1e6ddc4cb5b5ddb0053c87c1ae8d.jpg,66.20,usable,test
blackhead-60-_jpg.rf.86ec4b7cb19779bc193d86eb381e82bd.jpg,Blackheads,ACCEPTED,Unique representative. Quality: usable,blackhead-60-_jpg.rf.86ec4b7cb19779bc193d86eb381e82bd.jpg,103.57,usable,test
blackhead-74-_jpg.rf.f22021d005d2b4cc22d8d6fa76e8c556.jpg,Blackheads,ACCEPTED,Unique representative. Quality: borderline,blackhead-74-_jpg.rf.f22021d005d2b4cc22d8d6fa76e8c556.jpg,51.01,borderline,test
blackhead_202_jpg.rf.2415a6e4664177f2d0d0a3a0039f2518.jpg,Blackheads,ACCEPTED,Unique representative. Quality: borderline,blackhead_202_jpg.rf.2415a6e4664177f2d0d0a3a0039f2518.jpg,48.37,borderline,test
blackhead_142_jpg.rf.1acff05a69a447e0c4cf9ba992def1ef.jpg,Blackheads,ACCEPTED,Unique representative. Quality: usable,blackhead_142_jpg.rf.1acff05a69a447e0c4cf9ba992def1ef.jpg,81.53,usable,test
blackhead-40-_JPG_jpg.rf.f159ce8e5ef0d5ee554eec62e0254fc5.jpg,Blackheads,ACCEPTED,Unique representative. Quality: usable,blackhead-40-_JPG_jpg.rf.f159ce8e5ef0d5ee554eec62e0254fc5.jpg,62.40,usable,test
blackhead-2-_jpg.rf.dc6304af67b4a7f187613e4e3a4db547.jpg,Blackheads,ACCEPTED,Unique representative. Quality: borderline,blackhead-2-_jpg.rf.dc6304af67b4a7f187613e4e3a4db547.jpg,53.97,borderline,test
blackhead-2-_jpg.rf.c08cb5e630e9ad6b4dc3f62476950e74.jpg,Blackheads,ACCEPTED,Unique representative. Quality: borderline,blackhead-2-_jpg.rf.c08cb5e630e9ad6b4dc3f62476950e74.jpg,44.30,borderline,test
blackhead_616_jpg.rf.40595692c0db92c1edfe7d04f59222a3.jpg,Blackheads,ACCEPTED,Unique representative. Quality: usable,blackhead_616_jpg.rf.40595692c0db92c1edfe7d04f59222a3.jpg,137.53,usable,test
blackhead-46-_jpg.rf.83d5f292b117ae653fda339472b45a45.jpg,Blackheads,ACCEPTED,Unique representative. Quality: usable,blackhead-46-_jpg.rf.83d5f292b117ae653fda339472b45a45.jpg,113.78,usable,test
blackhead-39-_JPG_jpg.rf.1f3b961a702bbbca494fc554be413efe.jpg,Blackheads,ACCEPTED,Unique representative. Quality: usable,blackhead-39-_JPG_jpg.rf.1f3b961a702bbbca494fc554be413efe.jpg,81.60,usable,test
blackhead_581_jpg.rf.ada12d9a05ddafc524e15077d5d6d307.jpg,Blackheads,ACCEPTED,Unique representative. Quality: usable,blackhead_581_jpg.rf.ada12d9a05ddafc524e15077d5d6d307.jpg,83.02,usable,test
blackhead-43-_JPG_jpg.rf.98a653183df115315fd73274ce765cca.jpg,Blackheads,ACCEPTED,Unique representative. Quality: usable,blackhead-43-_JPG_jpg.rf.98a653183df115315fd73274ce765cca.jpg,75.99,usable,test
blackhead-56-_jpg.rf.5be662a5ce14f107eaf14f900c345e7f.jpg,Blackheads,ACCEPTED,Unique representative. Quality: usable,blackhead-56-_jpg.rf.5be662a5ce14f107eaf14f900c345e7f.jpg,66.95,usable,test
blackhead_142_jpg.rf.99d3788ac142a59c7f809f9168658440.jpg,Blackheads,ACCEPTED,Unique representative. Quality: usable,blackhead_142_jpg.rf.99d3788ac142a59c7f809f9168658440.jpg,78.85,usable,test
blackhead_202_jpg.rf.d0ad386badf3e70c5380adaa0ecbc395.jpg,Blackheads,ACCEPTED,Unique representative. Quality: borderline,blackhead_202_jpg.rf.d0ad386badf3e70c5380adaa0ecbc395.jpg,53.57,borderline,test
blackhead_266_jpg.rf.3791227c14657f0c40406ee2813bcf49.jpg,Blackheads,ACCEPTED,Unique representative. Quality: borderline,blackhead_266_jpg.rf.3791227c14657f0c40406ee2813bcf49.jpg,59.14,borderline,test
blackhead-18-_jpg.rf.68fe593a8dd0590add0bfde818477f24.jpg,Blackheads,ACCEPTED,Unique representative. Quality: borderline,blackhead-18-_jpg.rf.68fe593a8dd0590add0bfde818477f24.jpg,48.74,borderline,test
blackhead-48-_jpg.rf.039628f44d5f2968ee060d9e13d8179b.jpg,Blackheads,ACCEPTED,Unique representative. Quality: borderline,blackhead-48-_jpg.rf.039628f44d5f2968ee060d9e13d8179b.jpg,52.67,borderline,test
blackhead_548_jpg.rf.21e9be194d0b3a2bba6ed516cb0df4a5.jpg,Blackheads,ACCEPTED,Unique representative. Quality: usable,blackhead_548_jpg.rf.21e9be194d0b3a2bba6ed516cb0df4a5.jpg,84.83,usable,test
pustular_acne_-83-_jpg.rf.748cca6ca1798e93aa81a27c79e3f1bf.jpg,Pustules,ACCEPTED,Unique representative. Quality: usable,pustular_acne_-83-_jpg.rf.748cca6ca1798e93aa81a27c79e3f1bf.jpg,75.09,usable,train
pustular_acne_-77-_jpg.rf.5690ce076f19e366527379c3f0ce1136.jpg,Pustules,ACCEPTED,Unique representative. Quality: usable,pustular_acne_-77-_jpg.rf.5690ce076f19e366527379c3f0ce1136.jpg,94.23,usable,train
Pustule-2-_jpg.rf.b5ab65372e7a9538181a5c063790de81.jpg,Pustules,ACCEPTED,Unique representative. Quality: usable,Pustule-2-_jpg.rf.b5ab65372e7a9538181a5c063790de81.jpg,66.02,usable,train
pustular_acne_-101-_jpg.rf.12acb8c66f2e15fbd1d493bb674a821a.jpg,Pustules,ACCEPTED,Unique representative. Quality: usable,pustular_acne_-101-_jpg.rf.12acb8c66f2e15fbd1d493bb674a821a.jpg,94.07,usable,train
pustular_acne_-339-_jpg.rf.2eb21c546163a284a7f614e680374561.jpg,Pustules,ACCEPTED,Unique representative. Quality: usable,pustular_acne_-339-_jpg.rf.2eb21c546163a284a7f614e680374561.jpg,88.75,usable,train
pustular_acne_-339-_jpg.rf.0a7aad84d5a5325db5d29f69b9a24443.jpg,Pustules,ACCEPTED,Unique representative. Quality: usable,pustular_acne_-339-_jpg.rf.0a7aad84d5a5325db5d29f69b9a24443.jpg,86.91,usable,train
pustular_acne_-338-_jpg.rf.8f5c79f3c1756d2462f019d6429e40aa.jpg,Pustules,ACCEPTED,Unique representative. Quality: borderline,pustular_acne_-338-_jpg.rf.8f5c79f3c1756d2462f019d6429e40aa.jpg,42.48,borderline,train
pustular_acne_-308-_jpg.rf.93611f3b3a9d08c0828261ded291dc56.jpg,Pustules,ACCEPTED,Unique representative. Quality: usable,pustular_acne_-308-_jpg.rf.93611f3b3a9d08c0828261ded291dc56.jpg,61.71,usable,train
Pustule-20-_JPG_jpg.rf.179350bbc5b10b61f26da0ca43fa38b1.jpg,Pustules,ACCEPTED,Unique representative. Quality: usable,Pustule-20-_JPG_jpg.rf.179350bbc5b10b61f26da0ca43fa38b1.jpg,111.56,usable,train
pustular_acne_-31-_jpg.rf.6aa957138c684b387675255358fe56a5.jpg,Pustules,ACCEPTED,Unique representative. Quality: usable,pustular_acne_-31-_jpg.rf.6aa957138c684b387675255358fe56a5.jpg,130.77,usable,train
pustular_acne_-6-_jpg.rf.1742bc633df6baee3c86c04bb60f9ab4.jpg,Pustules,ACCEPTED,Unique representative. Quality: borderline,pustular_acne_-6-_jpg.rf.1742bc633df6baee3c86c04bb60f9ab4.jpg,59.14,borderline,train
pustular_acne_-35-_jpg.rf.15b90bbf7c57b2b468e6a1d6a39207c4.jpg,Pustules,ACCEPTED,Unique representative. Quality: usable,pustular_acne_-35-_jpg.rf.15b90bbf7c57b2b468e6a1d6a39207c4.jpg,79.60,usable,train
pustular_acne_-193-_jpg.rf.e68fc93338470361f9e4623fc4e52a81.jpg,Pustules,ACCEPTED,Unique representative. Quality: usable,pustular_acne_-193-_jpg.rf.e68fc93338470361f9e4623fc4e52a81.jpg,139.00,usable,train
pustular_acne_-77-_jpg.rf.85b183de8a5ffb6e2c16a3c71d25f595.jpg,Pustules,ACCEPTED,Unique representative. Quality: usable,pustular_acne_-77-_jpg.rf.85b183de8a5ffb6e2c16a3c71d25f595.jpg,84.24,usable,train
pustular_acne_-193-_jpg.rf.f172736d48c9987302c0840403613aa9.jpg,Pustules,ACCEPTED,Unique representative. Quality: usable,pustular_acne_-193-_jpg.rf.f172736d48c9987302c0840403613aa9.jpg,121.19,usable,train
pustular_acne_-77-_jpg.rf.95960ad098dbf1c7ebd3273526885601.jpg,Pustules,ACCEPTED,Unique representative. Quality: borderline,pustular_acne_-77-_jpg.rf.95960ad098dbf1c7ebd3273526885601.jpg,56.87,borderline,train
pustular_acne_-77-_jpg.rf.aa0a299f26db67696d33a4081bced04f.jpg,Pustules,ACCEPTED,Unique representative. Quality: usable,pustular_acne_-77-_jpg.rf.aa0a299f26db67696d33a4081bced04f.jpg,134.97,usable,train
Pustule-23-_JPG_jpg.rf.a12063c10d78e57c635e654729e13ff0.jpg,Pustules,ACCEPTED,Unique representative. Quality: borderline,Pustule-23-_JPG_jpg.rf.a12063c10d78e57c635e654729e13ff0.jpg,53.11,borderline,train
pustular_acne_-123-_jpg.rf.c33e1c3a6348ab43a053f9ba21c859d3.jpg,Pustules,ACCEPTED,Unique representative. Quality: usable,pustular_acne_-123-_jpg.rf.c33e1c3a6348ab43a053f9ba21c859d3.jpg,79.59,usable,train
pustular_acne_-289-_jpg.rf.36e7a4b5d8dba438ea1b9e7c7747f17d.jpg,Pustules,ACCEPTED,Unique representative. Quality: borderline,pustular_acne_-289-_jpg.rf.36e7a4b5d8dba438ea1b9e7c7747f17d.jpg,57.70,borderline,train
pustular_acne_-6-_jpg.rf.8457ea6dab1ba85963974ef677c13c78.jpg,Pustules,ACCEPTED,Unique representative. Quality: usable,pustular_acne_-6-_jpg.rf.8457ea6dab1ba85963974ef677c13c78.jpg,121.25,usable,train
Pustule-20-_JPG_jpg.rf.8874e846503e5c966994cfde13b0109a.jpg,Pustules,ACCEPTED,Unique representative. Quality: usable,Pustule-20-_JPG_jpg.rf.8874e846503e5c966994cfde13b0109a.jpg,76.26,usable,train
pustular_acne_-77-_jpg.rf.802a1d0c4b05261c6254dce2b9f117f3.jpg,Pustules,ACCEPTED,Unique representative. Quality: usable,pustular_acne_-77-_jpg.rf.802a1d0c4b05261c6254dce2b9f117f3.jpg,65.84,usable,train
pustular_acne_-31-_jpg.rf.1e7583d1bd529fec8d5304297126e3b9.jpg,Pustules,ACCEPTED,Unique representative. Quality: borderline,pustular_acne_-31-_jpg.rf.1e7583d1bd529fec8d5304297126e3b9.jpg,52.47,borderline,train
pustular_acne_-339-_jpg.rf.8bbcf1853afcf75687ac0ff84efd32c0.jpg,Pustules,ACCEPTED,Unique representative. Quality: usable,pustular_acne_-339-_jpg.rf.8bbcf1853afcf75687ac0ff84efd32c0.jpg,66.19,usable,train
pustular_acne_-308-_jpg.rf.2dd2c8cae730f3b4c915a9587caabc53.jpg,Pustules,ACCEPTED,Unique representative. Quality: usable,pustular_acne_-308-_jpg.rf.2dd2c8cae730f3b4c915a9587caabc53.jpg,99.82,usable,train
pustular_acne_-35-_jpg.rf.1b3204d144d58d234feac51f0bcf8fbd.jpg,Pustules,ACCEPTED,Unique representative. Quality: usable,pustular_acne_-35-_jpg.rf.1b3204d144d58d234feac51f0bcf8fbd.jpg,71.48,usable,train
pustular_acne_-338-_jpg.rf.7c713e705d03ff30ccdc9e74151d5c97.jpg,Pustules,ACCEPTED,Unique representative. Quality: usable,pustular_acne_-338-_jpg.rf.7c713e705d03ff30ccdc9e74151d5c97.jpg,97.58,usable,train
pustular_acne_-323-_jpg.rf.ef43ceaed647023b2d444e8ef091b34b.jpg,Pustules,ACCEPTED,Unique representative. Quality: usable,pustular_acne_-323-_jpg.rf.ef43ceaed647023b2d444e8ef091b34b.jpg,73.63,usable,train
pustular_acne_-123-_jpg.rf.fff078a2c489c6a3737190852b0e7fa9.jpg,Pustules,ACCEPTED,Unique representative. Quality: usable,pustular_acne_-123-_jpg.rf.fff078a2c489c6a3737190852b0e7fa9.jpg,64.57,usable,train
pustular_acne_-31-_jpg.rf.6b30f9adc2b1f2c1dd2ecd8ec6485229.jpg,Pustules,ACCEPTED,Unique representative. Quality: borderline,pustular_acne_-31-_jpg.rf.6b30f9adc2b1f2c1dd2ecd8ec6485229.jpg,50.14,borderline,train
pustular_acne_-6-_jpg.rf.54d741c7d47922a4ea081d51214e56e8.jpg,Pustules,ACCEPTED,Unique representative. Quality: usable,pustular_acne_-6-_jpg.rf.54d741c7d47922a4ea081d51214e56e8.jpg,67.22,usable,train
pustular_acne_-123-_jpg.rf.397c8c0cb6e8613ed3a502943bd76157.jpg,Pustules,ACCEPTED,Unique representative. Quality: usable,pustular_acne_-123-_jpg.rf.397c8c0cb6e8613ed3a502943bd76157.jpg,80.03,usable,train
pustular_acne_-192-_jpg.rf.12dd1b81d607488d82802c7293ffa79f.jpg,Pustules,ACCEPTED,Unique representative. Quality: usable,pustular_acne_-192-_jpg.rf.12dd1b81d607488d82802c7293ffa79f.jpg,83.99,usable,train
pustular_acne_-338-_jpg.rf.8891c53312a16b960fd4575070fbc018.jpg,Pustules,ACCEPTED,Unique representative. Quality: borderline,pustular_acne_-338-_jpg.rf.8891c53312a16b960fd4575070fbc018.jpg,49.53,borderline,train
Pustule-20-_JPG_jpg.rf.d7ef308314cb4695323fdfa48edd08f2.jpg,Pustules,ACCEPTED,Unique representative. Quality: usable,Pustule-20-_JPG_jpg.rf.d7ef308314cb4695323fdfa48edd08f2.jpg,81.66,usable,train
pustular_acne_-35-_jpg.rf.88ccab27bd497e025f13801217c60d4e.jpg,Pustules,ACCEPTED,Unique representative. Quality: usable,pustular_acne_-35-_jpg.rf.88ccab27bd497e025f13801217c60d4e.jpg,108.91,usable,train
pustular_acne_-192-_jpg.rf.7f160f05707690d12845582c28336521.jpg,Pustules,ACCEPTED,Unique representative. Quality: usable,pustular_acne_-192-_jpg.rf.7f160f05707690d12845582c28336521.jpg,95.26,usable,train
pustular_acne_-338-_jpg.rf.e6ad247d518b15fbbad51bbb4e497cf4.jpg,Pustules,ACCEPTED,Unique representative. Quality: usable,pustular_acne_-338-_jpg.rf.e6ad247d518b15fbbad51bbb4e497cf4.jpg,68.59,usable,train
pustular_acne_-123-_jpg.rf.c4f078dac58f21df7e720bea5feebd85.jpg,Pustules,ACCEPTED,Unique representative. Quality: usable,pustular_acne_-123-_jpg.rf.c4f078dac58f21df7e720bea5feebd85.jpg,94.09,usable,train
pustular_acne_-77-_jpg.rf.5fb4fb99ce0109a1f66c96bbbc141062.jpg,Pustules,ACCEPTED,Unique representative. Quality: usable,pustular_acne_-77-_jpg.rf.5fb4fb99ce0109a1f66c96bbbc141062.jpg,88.70,usable,train
Pustule-21-_JPG_jpg.rf.e7d279560a02b566a42df347224e2e22.jpg,Pustules,ACCEPTED,Unique representative. Quality: borderline,Pustule-21-_JPG_jpg.rf.e7d279560a02b566a42df347224e2e22.jpg,38.59,borderline,train
pustular_acne_-339-_jpg.rf.bafad647343706236098c1214654163e.jpg,Pustules,ACCEPTED,Unique representative. Quality: borderline,pustular_acne_-339-_jpg.rf.bafad647343706236098c1214654163e.jpg,55.54,borderline,train
pustular_acne_-50-_jpg.rf.14c2bc4d27c47256acb1dd197968d22f.jpg,Pustules,ACCEPTED,Unique representative. Quality: usable,pustular_acne_-50-_jpg.rf.14c2bc4d27c47256acb1dd197968d22f.jpg,112.81,usable,train
pustular_acne_-317-_jpg.rf.f1d693114be25c4a8c79b39d91c35fe8.jpg,Pustules,ACCEPTED,Unique representative. Quality: usable,pustular_acne_-317-_jpg.rf.f1d693114be25c4a8c79b39d91c35fe8.jpg,66.33,usable,train
pustular_acne_-338-_jpg.rf.6508a4569bfc6f7e2ccb1f2c18b545b0.jpg,Pustules,ACCEPTED,Unique representative. Quality: high_quality,pustular_acne_-338-_jpg.rf.6508a4569bfc6f7e2ccb1f2c18b545b0.jpg,205.13,high_quality,train
pustular_acne_-83-_jpg.rf.a8a2118408399d317c893b9607b8e3d4.jpg,Pustules,ACCEPTED,Unique representative. Quality: usable,pustular_acne_-83-_jpg.rf.a8a2118408399d317c893b9607b8e3d4.jpg,96.13,usable,train
pustular_acne_-192-_jpg.rf.098a91a6f9e828337d252352067f5051.jpg,Pustules,ACCEPTED,Unique representative. Quality: usable,pustular_acne_-192-_jpg.rf.098a91a6f9e828337d252352067f5051.jpg,93.08,usable,train
pustular_acne_-192-_jpg.rf.a725e6c987874b98437d7ae6b50bb912.jpg,Pustules,ACCEPTED,Unique representative. Quality: usable,pustular_acne_-192-_jpg.rf.a725e6c987874b98437d7ae6b50bb912.jpg,63.09,usable,train
pustular_acne_-289-_jpg.rf.cb7fe77bb6f602915b4e6b6eaf43585d.jpg,Pustules,ACCEPTED,Unique representative. Quality: usable,pustular_acne_-289-_jpg.rf.cb7fe77bb6f602915b4e6b6eaf43585d.jpg,62.15,usable,train
pustular_acne_-83-_jpg.rf.667e958315c39848b1f9591272bf0cbb.jpg,Pustules,ACCEPTED,Unique representative. Quality: high_quality,pustular_acne_-83-_jpg.rf.667e958315c39848b1f9591272bf0cbb.jpg,259.44,high_quality,train
pustular_acne_-101-_jpg.rf.808f34b3105ecde98633224b1f6cc129.jpg,Pustules,ACCEPTED,Unique representative. Quality: borderline,pustular_acne_-101-_jpg.rf.808f34b3105ecde98633224b1f6cc129.jpg,46.50,borderline,train
Pustule-25-_JPG_jpg.rf.eb052f4730286f170dd1310a71e8fb54.jpg,Pustules,ACCEPTED,Unique representative. Quality: usable,Pustule-25-_JPG_jpg.rf.eb052f4730286f170dd1310a71e8fb54.jpg,70.48,usable,train
pustular_acne_-289-_jpg.rf.dad08f31a7ecc637bba86151ac338a16.jpg,Pustules,ACCEPTED,Unique representative. Quality: borderline,pustular_acne_-289-_jpg.rf.dad08f31a7ecc637bba86151ac338a16.jpg,40.83,borderline,train
pustular_acne_-81-_jpg.rf.746eea1a7bb7f26050f1e97a89e8ac9b.jpg,Pustules,ACCEPTED,Unique representative. Quality: usable,pustular_acne_-81-_jpg.rf.746eea1a7bb7f26050f1e97a89e8ac9b.jpg,90.44,usable,train
Pustule-2-_jpg.rf.b68db5b95fefd6dd8cd34b05a8337e75.jpg,Pustules,ACCEPTED,Unique representative. Quality: usable,Pustule-2-_jpg.rf.b68db5b95fefd6dd8cd34b05a8337e75.jpg,61.02,usable,train
pustular_acne_-123-_jpg.rf.570fc8364df9cf6e7dc7a5627076267f.jpg,Pustules,ACCEPTED,Unique representative. Quality: borderline,pustular_acne_-123-_jpg.rf.570fc8364df9cf6e7dc7a5627076267f.jpg,49.52,borderline,train
pustular_acne_-338-_jpg.rf.6106d9ba125571c53488deebab2e3df9.jpg,Pustules,ACCEPTED,Unique representative. Quality: usable,pustular_acne_-338-_jpg.rf.6106d9ba125571c53488deebab2e3df9.jpg,103.52,usable,train
Pustule-27-_jpg.rf.2cc7a6510b3cf4f70497ed2b10f0e5d2.jpg,Pustules,ACCEPTED,Unique representative. Quality: borderline,Pustule-27-_jpg.rf.2cc7a6510b3cf4f70497ed2b10f0e5d2.jpg,58.46,borderline,train
pustular_acne_-123-_jpg.rf.96637f17f56768c57c92422b599e1155.jpg,Pustules,ACCEPTED,Unique representative. Quality: borderline,pustular_acne_-123-_jpg.rf.96637f17f56768c57c92422b599e1155.jpg,47.31,borderline,train
pustular_acne_-339-_jpg.rf.e7f04023a18c0458ea9f9e4ee06d248b.jpg,Pustules,ACCEPTED,Unique representative. Quality: usable,pustular_acne_-339-_jpg.rf.e7f04023a18c0458ea9f9e4ee06d248b.jpg,69.97,usable,train
pustular_acne_-343-_jpg.rf.a5c315f7ae5b23f61a8f3d9288dbe8c6.jpg,Pustules,ACCEPTED,Unique representative. Quality: usable,pustular_acne_-343-_jpg.rf.a5c315f7ae5b23f61a8f3d9288dbe8c6.jpg,106.25,usable,train
pustular_acne_-289-_jpg.rf.6d31652d60f53ce4758d72465b18c3ca.jpg,Pustules,ACCEPTED,Unique representative. Quality: usable,pustular_acne_-289-_jpg.rf.6d31652d60f53ce4758d72465b18c3ca.jpg,90.62,usable,train
pustular_acne_-6-_jpg.rf.a0ce11899bcc752ace01ee1e62318941.jpg,Pustules,ACCEPTED,Unique representative. Quality: usable,pustular_acne_-6-_jpg.rf.a0ce11899bcc752ace01ee1e62318941.jpg,119.46,usable,train
pustular_acne_-338-_jpg.rf.20b36fb7515e5f7e89ae9f3f210517e2.jpg,Pustules,ACCEPTED,Unique representative. Quality: usable,pustular_acne_-338-_jpg.rf.20b36fb7515e5f7e89ae9f3f210517e2.jpg,100.76,usable,train
pustular_acne_-339-_jpg.rf.968feb64c5b2e8e165e9250331b621aa.jpg,Pustules,ACCEPTED,Unique representative. Quality: usable,pustular_acne_-339-_jpg.rf.968feb64c5b2e8e165e9250331b621aa.jpg,111.66,usable,train
pustular_acne_-192-_jpg.rf.70b32e8564f1c60e43c32ba6f4fb1ee6.jpg,Pustules,ACCEPTED,Unique representative. Quality: usable,pustular_acne_-192-_jpg.rf.70b32e8564f1c60e43c32ba6f4fb1ee6.jpg,61.42,usable,train
pustular_acne_-343-_jpg.rf.7b9f4f5a1d50919e59727aaee283199c.jpg,Pustules,ACCEPTED,Unique representative. Quality: usable,pustular_acne_-343-_jpg.rf.7b9f4f5a1d50919e59727aaee283199c.jpg,72.44,usable,train
pustular_acne_-86-_jpg.rf.711149e5b932e92f87e158c1c68d402d.jpg,Pustules,ACCEPTED,Unique representative. Quality: borderline,pustular_acne_-86-_jpg.rf.711149e5b932e92f87e158c1c68d402d.jpg,54.14,borderline,train
pustular_acne_-81-_jpg.rf.6b10584964f5fe2bfa761d893db707be.jpg,Pustules,ACCEPTED,Unique representative. Quality: borderline,pustular_acne_-81-_jpg.rf.6b10584964f5fe2bfa761d893db707be.jpg,30.46,borderline,train
Pustule-6-_jpg.rf.a06546552f915f6647b69a892a085ed1.jpg,Pustules,ACCEPTED,Unique representative. Quality: borderline,Pustule-6-_jpg.rf.a06546552f915f6647b69a892a085ed1.jpg,45.61,borderline,train
pustular_acne_-15-_jpg.rf.92135406f0649868fb249428335bc4a0.jpg,Pustules,ACCEPTED,Unique representative. Quality: borderline,pustular_acne_-15-_jpg.rf.92135406f0649868fb249428335bc4a0.jpg,54.45,borderline,train
pustular_acne_-338-_jpg.rf.a37d778c2f7a55931e6c3766470da01c.jpg,Pustules,ACCEPTED,Unique representative. Quality: usable,pustular_acne_-338-_jpg.rf.a37d778c2f7a55931e6c3766470da01c.jpg,74.65,usable,train
pustular_acne_-343-_jpg.rf.4e8dd60e6f477121f55308f90204b0de.jpg,Pustules,ACCEPTED,Unique representative. Quality: borderline,pustular_acne_-343-_jpg.rf.4e8dd60e6f477121f55308f90204b0de.jpg,57.40,borderline,train
pustular_acne_-77-_jpg.rf.309afa9db1c0c081fc165c61d6cf8558.jpg,Pustules,ACCEPTED,Unique representative. Quality: usable,pustular_acne_-77-_jpg.rf.309afa9db1c0c081fc165c61d6cf8558.jpg,63.19,usable,train
pustular_acne_-86-_jpg.rf.740caea6dd42e2758444d061e8dcaf16.jpg,Pustules,ACCEPTED,Unique representative. Quality: usable,pustular_acne_-86-_jpg.rf.740caea6dd42e2758444d061e8dcaf16.jpg,91.54,usable,train
pustular_acne_-339-_jpg.rf.ee39486c4f5a35651b64075527abb16f.jpg,Pustules,ACCEPTED,Unique representative. Quality: usable,pustular_acne_-339-_jpg.rf.ee39486c4f5a35651b64075527abb16f.jpg,66.96,usable,train
pustular_acne_-338-_jpg.rf.5db97d00b05d0c9115c3851e2adfd7db.jpg,Pustules,ACCEPTED,Unique representative. Quality: borderline,pustular_acne_-338-_jpg.rf.5db97d00b05d0c9115c3851e2adfd7db.jpg,53.76,borderline,train
pustular_acne_-123-_jpg.rf.6c9452e02de7280f8ef9221dd201904b.jpg,Pustules,ACCEPTED,Unique representative. Quality: usable,pustular_acne_-123-_jpg.rf.6c9452e02de7280f8ef9221dd201904b.jpg,88.94,usable,train
pustular_acne_-86-_jpg.rf.4b3b71dcb340c558443b9d8b1c19a4a9.jpg,Pustules,ACCEPTED,Unique representative. Quality: usable,pustular_acne_-86-_jpg.rf.4b3b71dcb340c558443b9d8b1c19a4a9.jpg,61.05,usable,train
pustular_acne_-77-_jpg.rf.85a3c3192f46e40e207093d31d6cbef9.jpg,Pustules,ACCEPTED,Unique representative. Quality: borderline,pustular_acne_-77-_jpg.rf.85a3c3192f46e40e207093d31d6cbef9.jpg,45.03,borderline,train
pustular_acne_-83-_jpg.rf.b404516458e5eaefe412cb5051824145.jpg,Pustules,ACCEPTED,Unique representative. Quality: usable,pustular_acne_-83-_jpg.rf.b404516458e5eaefe412cb5051824145.jpg,65.92,usable,train
pustular_acne_-317-_jpg.rf.fa847780ca1c9cea7cad361e0e0df96a.jpg,Pustules,ACCEPTED,Unique representative. Quality: borderline,pustular_acne_-317-_jpg.rf.fa847780ca1c9cea7cad361e0e0df96a.jpg,51.83,borderline,train
pustular_acne_-192-_jpg.rf.0a961d6ee543dd40e1a52f012ec45118.jpg,Pustules,ACCEPTED,Unique representative. Quality: borderline,pustular_acne_-192-_jpg.rf.0a961d6ee543dd40e1a52f012ec45118.jpg,49.00,borderline,train
pustular_acne_-81-_jpg.rf.a63bb929a41234eef538bcfd980fcded.jpg,Pustules,ACCEPTED,Unique representative. Quality: borderline,pustular_acne_-81-_jpg.rf.a63bb929a41234eef538bcfd980fcded.jpg,35.88,borderline,train
pustular_acne_-339-_jpg.rf.92110e273ed64f50508545fdfa7ce5d3.jpg,Pustules,ACCEPTED,Unique representative. Quality: usable,pustular_acne_-339-_jpg.rf.92110e273ed64f50508545fdfa7ce5d3.jpg,102.77,usable,train
pustular_acne_-81-_jpg.rf.9e31695be0a3b9093c0362188a7e9442.jpg,Pustules,ACCEPTED,Unique representative. Quality: usable,pustular_acne_-81-_jpg.rf.9e31695be0a3b9093c0362188a7e9442.jpg,99.57,usable,train
pustular_acne_-308-_jpg.rf.ac2e6ba531bc5fae741a4eea85020560.jpg,Pustules,ACCEPTED,Unique representative. Quality: borderline,pustular_acne_-308-_jpg.rf.ac2e6ba531bc5fae741a4eea85020560.jpg,52.81,borderline,train
pustular_acne_-339-_jpg.rf.53a6899f7993789218ec7ef94537ead5.jpg,Pustules,ACCEPTED,Unique representative. Quality: usable,pustular_acne_-339-_jpg.rf.53a6899f7993789218ec7ef94537ead5.jpg,68.37,usable,train
pustular_acne_-77-_jpg.rf.2540b283aeb4d7f3be66fd66134b9bbe.jpg,Pustules,ACCEPTED,Unique representative. Quality: high_quality,pustular_acne_-77-_jpg.rf.2540b283aeb4d7f3be66fd66134b9bbe.jpg,366.73,high_quality,train
pustular_acne_-343-_jpg.rf.2857fb55e8135d18107fa77aca05f834.jpg,Pustules,ACCEPTED,Unique representative. Quality: usable,pustular_acne_-343-_jpg.rf.2857fb55e8135d18107fa77aca05f834.jpg,129.37,usable,train
pustular_acne_-101-_jpg.rf.22f874637af95b6a811f5612f0998f72.jpg,Pustules,ACCEPTED,Unique representative. Quality: borderline,pustular_acne_-101-_jpg.rf.22f874637af95b6a811f5612f0998f72.jpg,57.61,borderline,train
pustular_acne_-343-_jpg.rf.4493e043625e8a12e7185957b2e03fea.jpg,Pustules,ACCEPTED,Unique representative. Quality: usable,pustular_acne_-343-_jpg.rf.4493e043625e8a12e7185957b2e03fea.jpg,104.47,usable,train
pustular_acne_-338-_jpg.rf.f3c38ef22299eba3c87e6170fcdfeda9.jpg,Pustules,ACCEPTED,Unique representative. Quality: usable,pustular_acne_-338-_jpg.rf.f3c38ef22299eba3c87e6170fcdfeda9.jpg,71.99,usable,train
pustular_acne_-31-_jpg.rf.dd33bbfe34727fe39a86d072d116c783.jpg,Pustules,ACCEPTED,Unique representative. Quality: usable,pustular_acne_-31-_jpg.rf.dd33bbfe34727fe39a86d072d116c783.jpg,133.00,usable,train
pustular_acne_-83-_jpg.rf.47fbadb8946767e3faa4c62baa06f77e.jpg,Pustules,ACCEPTED,Unique representative. Quality: usable,pustular_acne_-83-_jpg.rf.47fbadb8946767e3faa4c62baa06f77e.jpg,66.65,usable,train
Pustule-18-_JPG_jpg.rf.5b1428c7b59d040064eba8e65630c1dd.jpg,Pustules,ACCEPTED,Unique representative. Quality: usable,Pustule-18-_JPG_jpg.rf.5b1428c7b59d040064eba8e65630c1dd.jpg,100.43,usable,train
pustular_acne_-323-_jpg.rf.c5065b26b7ee7122681feb20ee04bc5c.jpg,Pustules,ACCEPTED,Unique representative. Quality: borderline,pustular_acne_-323-_jpg.rf.c5065b26b7ee7122681feb20ee04bc5c.jpg,56.22,borderline,train
pustular_acne_-50-_jpg.rf.de4e64f0688d751e64212b55a050202c.jpg,Pustules,ACCEPTED,Unique representative. Quality: usable,pustular_acne_-50-_jpg.rf.de4e64f0688d751e64212b55a050202c.jpg,101.04,usable,train
pustular_acne_-308-_jpg.rf.1cdb2824efc1704d28aa0d81abc95267.jpg,Pustules,ACCEPTED,Unique representative. Quality: usable,pustular_acne_-308-_jpg.rf.1cdb2824efc1704d28aa0d81abc95267.jpg,112.89,usable,train
pustular_acne_-343-_jpg.rf.d0ec258814ba6a8f14c11bfc64725313.jpg,Pustules,ACCEPTED,Unique representative. Quality: usable,pustular_acne_-343-_jpg.rf.d0ec258814ba6a8f14c11bfc64725313.jpg,87.97,usable,train
pustular_acne_-77-_jpg.rf.8d730c7f1ec29dc030dd89f5cc4ce72f.jpg,Pustules,ACCEPTED,Unique representative. Quality: usable,pustular_acne_-77-_jpg.rf.8d730c7f1ec29dc030dd89f5cc4ce72f.jpg,78.02,usable,train
pustular_acne_-343-_jpg.rf.5657177ba09d6402d7212e0b3c37e267.jpg,Pustules,ACCEPTED,Unique representative. Quality: usable,pustular_acne_-343-_jpg.rf.5657177ba09d6402d7212e0b3c37e267.jpg,103.01,usable,train
pustular_acne_-86-_jpg.rf.9940a5ab57e4d8a9b975461633bd83a4.jpg,Pustules,ACCEPTED,Unique representative. Quality: borderline,pustular_acne_-86-_jpg.rf.9940a5ab57e4d8a9b975461633bd83a4.jpg,54.50,borderline,train
pustular_acne_-343-_jpg.rf.0fa5821a3595a968723c8fec22432d86.jpg,Pustules,ACCEPTED,Unique representative. Quality: usable,pustular_acne_-343-_jpg.rf.0fa5821a3595a968723c8fec22432d86.jpg,112.52,usable,train
pustular_acne_-339-_jpg.rf.e2fcea9b87e5848c3da964912df1bef2.jpg,Pustules,ACCEPTED,Unique representative. Quality: usable,pustular_acne_-339-_jpg.rf.e2fcea9b87e5848c3da964912df1bef2.jpg,70.15,usable,train
Pustule-2-_jpg.rf.0aa32a49e54a34a549e4a85bb11158e4.jpg,Pustules,ACCEPTED,Unique representative. Quality: usable,Pustule-2-_jpg.rf.0aa32a49e54a34a549e4a85bb11158e4.jpg,79.86,usable,train
Pustule-10-_jpg.rf.21604ae5179ac0f1c94ccdf25652eaa7.jpg,Pustules,ACCEPTED,Unique representative. Quality: usable,Pustule-10-_jpg.rf.21604ae5179ac0f1c94ccdf25652eaa7.jpg,79.19,usable,train
pustular_acne_-308-_jpg.rf.f15544bf178bda021f0574aef630c5fd.jpg,Pustules,ACCEPTED,Unique representative. Quality: usable,pustular_acne_-308-_jpg.rf.f15544bf178bda021f0574aef630c5fd.jpg,106.42,usable,train
pustular_acne_-338-_jpg.rf.39986efdf8bbf9bedc8972b02ef05224.jpg,Pustules,ACCEPTED,Unique representative. Quality: usable,pustular_acne_-338-_jpg.rf.39986efdf8bbf9bedc8972b02ef05224.jpg,72.52,usable,train
pustular_acne_-31-_jpg.rf.dbe14743ab09af2a245405f7755f5731.jpg,Pustules,ACCEPTED,Unique representative. Quality: usable,pustular_acne_-31-_jpg.rf.dbe14743ab09af2a245405f7755f5731.jpg,65.13,usable,train
Pustule-27-_jpg.rf.715684948b446c4eaf594dd18f35208b.jpg,Pustules,ACCEPTED,Unique representative. Quality: borderline,Pustule-27-_jpg.rf.715684948b446c4eaf594dd18f35208b.jpg,59.48,borderline,train
Pustule-3-_jpg.rf.6095955943ebb5cc24a9fec0ca1b7f75.jpg,Pustules,ACCEPTED,Unique representative. Quality: usable,Pustule-3-_jpg.rf.6095955943ebb5cc24a9fec0ca1b7f75.jpg,64.65,usable,train
pustular_acne_-343-_jpg.rf.317f7efb58e26b09947457216d8050c9.jpg,Pustules,ACCEPTED,Unique representative. Quality: usable,pustular_acne_-343-_jpg.rf.317f7efb58e26b09947457216d8050c9.jpg,94.53,usable,train
pustular_acne_-35-_jpg.rf.bf2f0b7e0208eb2d078b1bc11aaaecdb.jpg,Pustules,ACCEPTED,Unique representative. Quality: usable,pustular_acne_-35-_jpg.rf.bf2f0b7e0208eb2d078b1bc11aaaecdb.jpg,71.21,usable,train
pustular_acne_-123-_jpg.rf.82c1336bda7117919a4cb15655a6732a.jpg,Pustules,ACCEPTED,Unique representative. Quality: usable,pustular_acne_-123-_jpg.rf.82c1336bda7117919a4cb15655a6732a.jpg,106.44,usable,train
pustular_acne_-50-_jpg.rf.ef62400ad2b4a5d31ee92652e653c8f0.jpg,Pustules,ACCEPTED,Unique representative. Quality: usable,pustular_acne_-50-_jpg.rf.ef62400ad2b4a5d31ee92652e653c8f0.jpg,62.28,usable,train
pustular_acne_-86-_jpg.rf.a770b657761087d09ed7e28bab9e6171.jpg,Pustules,ACCEPTED,Unique representative. Quality: usable,pustular_acne_-86-_jpg.rf.a770b657761087d09ed7e28bab9e6171.jpg,63.28,usable,train
Pustule-6-_jpg.rf.fd1c20583f22167741e8e72b97fe5b47.jpg,Pustules,ACCEPTED,Unique representative. Quality: borderline,Pustule-6-_jpg.rf.fd1c20583f22167741e8e72b97fe5b47.jpg,45.52,borderline,train
Pustule-14-_jpg.rf.bbde9a9c56a6c47b4d75a97284407771.jpg,Pustules,ACCEPTED,Unique representative. Quality: borderline,Pustule-14-_jpg.rf.bbde9a9c56a6c47b4d75a97284407771.jpg,41.57,borderline,train
pustular_acne_-193-_jpg.rf.f59969d77fbdb5e521cecb2c63df0415.jpg,Pustules,ACCEPTED,Unique representative. Quality: usable,pustular_acne_-193-_jpg.rf.f59969d77fbdb5e521cecb2c63df0415.jpg,114.41,usable,train
pustular_acne_-77-_jpg.rf.025bb8a5a6a78ddc6613f5defd63a6bf.jpg,Pustules,ACCEPTED,Unique representative. Quality: usable,pustular_acne_-77-_jpg.rf.025bb8a5a6a78ddc6613f5defd63a6bf.jpg,94.62,usable,train
pustular_acne_-192-_jpg.rf.c64a12727a1d578527a5331b89741937.jpg,Pustules,ACCEPTED,Unique representative. Quality: usable,pustular_acne_-192-_jpg.rf.c64a12727a1d578527a5331b89741937.jpg,82.95,usable,train
pustular_acne_-6-_jpg.rf.6d4a2ed56046ceb154eb586d88bbc192.jpg,Pustules,ACCEPTED,Unique representative. Quality: usable,pustular_acne_-6-_jpg.rf.6d4a2ed56046ceb154eb586d88bbc192.jpg,62.94,usable,train
Pustule-20-_JPG_jpg.rf.bbc2f4aa07d4e1c5c22dbb89f9a182eb.jpg,Pustules,ACCEPTED,Unique representative. Quality: usable,Pustule-20-_JPG_jpg.rf.bbc2f4aa07d4e1c5c22dbb89f9a182eb.jpg,106.45,usable,train
pustular_acne_-338-_jpg.rf.f1596bb61709984f6fc01c84b48c60dd.jpg,Pustules,ACCEPTED,Unique representative. Quality: usable,pustular_acne_-338-_jpg.rf.f1596bb61709984f6fc01c84b48c60dd.jpg,98.00,usable,train
pustular_acne_-31-_jpg.rf.6fe63fd77ba1e368216c5ba1100b22ff.jpg,Pustules,ACCEPTED,Unique representative. Quality: borderline,pustular_acne_-31-_jpg.rf.6fe63fd77ba1e368216c5ba1100b22ff.jpg,53.18,borderline,train
Pustule-6-_jpg.rf.0cb005a0ee1c1d68a903fd7370c39f96.jpg,Pustules,ACCEPTED,Unique representative. Quality: usable,Pustule-6-_jpg.rf.0cb005a0ee1c1d68a903fd7370c39f96.jpg,78.19,usable,train
pustular_acne_-123-_jpg.rf.ee2fc6dcba9b70132b0896514e79914d.jpg,Pustules,ACCEPTED,Unique representative. Quality: usable,pustular_acne_-123-_jpg.rf.ee2fc6dcba9b70132b0896514e79914d.jpg,99.65,usable,train
pustular_acne_-338-_jpg.rf.3792c7db19622fe6b94a96992d1eb93f.jpg,Pustules,ACCEPTED,Unique representative. Quality: usable,pustular_acne_-338-_jpg.rf.3792c7db19622fe6b94a96992d1eb93f.jpg,61.01,usable,train
pustular_acne_-339-_jpg.rf.b4376eba4827f38ca022999f80d3fe5a.jpg,Pustules,ACCEPTED,Unique representative. Quality: usable,pustular_acne_-339-_jpg.rf.b4376eba4827f38ca022999f80d3fe5a.jpg,90.33,usable,train
Pustule-10-_jpg.rf.2b5e37d2c40bd3852caa32412681b224.jpg,Pustules,ACCEPTED,Unique representative. Quality: usable,Pustule-10-_jpg.rf.2b5e37d2c40bd3852caa32412681b224.jpg,62.72,usable,train
pustular_acne_-77-_jpg.rf.ef934460750a3f4e97f093f62a22002f.jpg,Pustules,ACCEPTED,Unique representative. Quality: usable,pustular_acne_-77-_jpg.rf.ef934460750a3f4e97f093f62a22002f.jpg,99.16,usable,train
pustular_acne_-83-_jpg.rf.9845ded72a2b0a6a0ce3c8eaf957c424.jpg,Pustules,ACCEPTED,Unique representative. Quality: borderline,pustular_acne_-83-_jpg.rf.9845ded72a2b0a6a0ce3c8eaf957c424.jpg,58.93,borderline,train
pustular_acne_-317-_jpg.rf.b5c97df8a21a5e489ce62e446245ee7d.jpg,Pustules,ACCEPTED,Unique representative. Quality: usable,pustular_acne_-317-_jpg.rf.b5c97df8a21a5e489ce62e446245ee7d.jpg,83.25,usable,train
pustular_acne_-289-_jpg.rf.dd0121b3fc83fb619e3fe66a4782c19f.jpg,Pustules,ACCEPTED,Unique representative. Quality: usable,pustular_acne_-289-_jpg.rf.dd0121b3fc83fb619e3fe66a4782c19f.jpg,101.81,usable,train
pustular_acne_-123-_jpg.rf.d445a7fc7a54eaff5a906191a4c25f0c.jpg,Pustules,ACCEPTED,Unique representative. Quality: usable,pustular_acne_-123-_jpg.rf.d445a7fc7a54eaff5a906191a4c25f0c.jpg,72.49,usable,train
pustular_acne_-289-_jpg.rf.4d89c8a4bb616f0dc9325e2d4feee95c.jpg,Pustules,ACCEPTED,Unique representative. Quality: usable,pustular_acne_-289-_jpg.rf.4d89c8a4bb616f0dc9325e2d4feee95c.jpg,101.29,usable,train
pustular_acne_-192-_jpg.rf.1e3b15edada260ee4f78fa57621e8a30.jpg,Pustules,ACCEPTED,Unique representative. Quality: usable,pustular_acne_-192-_jpg.rf.1e3b15edada260ee4f78fa57621e8a30.jpg,115.33,usable,train
pustular_acne_-77-_jpg.rf.824cc50c5e25bc10cd549d5f498bd367.jpg,Pustules,ACCEPTED,Unique representative. Quality: borderline,pustular_acne_-77-_jpg.rf.824cc50c5e25bc10cd549d5f498bd367.jpg,57.24,borderline,train
pustular_acne_-343-_jpg.rf.1d5a49aa9ddcf60bdb426a8c053cefe9.jpg,Pustules,ACCEPTED,Unique representative. Quality: borderline,pustular_acne_-343-_jpg.rf.1d5a49aa9ddcf60bdb426a8c053cefe9.jpg,31.93,borderline,train
pustular_acne_-323-_jpg.rf.9a0492dabad58c7c8d8ecf4c63b49714.jpg,Pustules,ACCEPTED,Unique representative. Quality: usable,pustular_acne_-323-_jpg.rf.9a0492dabad58c7c8d8ecf4c63b49714.jpg,69.97,usable,train
pustular_acne_-83-_jpg.rf.1dbc3dd945640e33ab42d1a1c113f1fb.jpg,Pustules,ACCEPTED,Unique representative. Quality: usable,pustular_acne_-83-_jpg.rf.1dbc3dd945640e33ab42d1a1c113f1fb.jpg,74.90,usable,train
Pustule-29-_jpg.rf.34beb14127ec9b5eb2005d37ae8e431c.jpg,Pustules,ACCEPTED,Unique representative. Quality: borderline,Pustule-29-_jpg.rf.34beb14127ec9b5eb2005d37ae8e431c.jpg,59.78,borderline,train
pustular_acne_-308-_jpg.rf.e0bd727c791948fee09d74c3afff83f2.jpg,Pustules,ACCEPTED,Unique representative. Quality: usable,pustular_acne_-308-_jpg.rf.e0bd727c791948fee09d74c3afff83f2.jpg,81.12,usable,train
pustular_acne_-81-_jpg.rf.bcd66b3ceb533b2d1518d77a8cbf8a88.jpg,Pustules,ACCEPTED,Unique representative. Quality: borderline,pustular_acne_-81-_jpg.rf.bcd66b3ceb533b2d1518d77a8cbf8a88.jpg,49.58,borderline,train
Pustule-19-_JPG_jpg.rf.e24a8f004357aa79f46a691d15dd6fc1.jpg,Pustules,ACCEPTED,Unique representative. Quality: usable,Pustule-19-_JPG_jpg.rf.e24a8f004357aa79f46a691d15dd6fc1.jpg,102.46,usable,train
pustular_acne_-77-_jpg.rf.ffe34b488c36cb61436f968bf7cb04ec.jpg,Pustules,ACCEPTED,Unique representative. Quality: usable,pustular_acne_-77-_jpg.rf.ffe34b488c36cb61436f968bf7cb04ec.jpg,73.30,usable,train
pustular_acne_-86-_jpg.rf.fd9cfce928ddbf1f7d86566d88a9ef9b.jpg,Pustules,ACCEPTED,Unique representative. Quality: high_quality,pustular_acne_-86-_jpg.rf.fd9cfce928ddbf1f7d86566d88a9ef9b.jpg,302.89,high_quality,train
pustular_acne_-339-_jpg.rf.0eb92c7ace3e555509a16f8d319e73ab.jpg,Pustules,ACCEPTED,Unique representative. Quality: usable,pustular_acne_-339-_jpg.rf.0eb92c7ace3e555509a16f8d319e73ab.jpg,91.69,usable,train
pustular_acne_-83-_jpg.rf.ef52cc6e9a0bcb61c4a3b32de0e47115.jpg,Pustules,ACCEPTED,Unique representative. Quality: usable,pustular_acne_-83-_jpg.rf.ef52cc6e9a0bcb61c4a3b32de0e47115.jpg,105.85,usable,train
pustular_acne_-31-_jpg.rf.a9a86d253b8d362b9b25477010874bf2.jpg,Pustules,ACCEPTED,Unique representative. Quality: usable,pustular_acne_-31-_jpg.rf.a9a86d253b8d362b9b25477010874bf2.jpg,81.52,usable,train
pustular_acne_-86-_jpg.rf.2793139e1150a5636aaf40f416188de3.jpg,Pustules,ACCEPTED,Unique representative. Quality: borderline,pustular_acne_-86-_jpg.rf.2793139e1150a5636aaf40f416188de3.jpg,42.39,borderline,train
pustular_acne_-193-_jpg.rf.e929da97564242266126b595d5e01562.jpg,Pustules,ACCEPTED,Unique representative. Quality: usable,pustular_acne_-193-_jpg.rf.e929da97564242266126b595d5e01562.jpg,68.00,usable,train
pustular_acne_-323-_jpg.rf.f5e692b11d3e5beb82487374420dab95.jpg,Pustules,ACCEPTED,Unique representative. Quality: usable,pustular_acne_-323-_jpg.rf.f5e692b11d3e5beb82487374420dab95.jpg,87.56,usable,train
pustular_acne_-338-_jpg.rf.c86bef4934c11384f991c46395e9cdc8.jpg,Pustules,ACCEPTED,Unique representative. Quality: usable,pustular_acne_-338-_jpg.rf.c86bef4934c11384f991c46395e9cdc8.jpg,72.56,usable,train
pustular_acne_-81-_jpg.rf.29120e0be04ba54f416a2f89fef851a3.jpg,Pustules,ACCEPTED,Unique representative. Quality: high_quality,pustular_acne_-81-_jpg.rf.29120e0be04ba54f416a2f89fef851a3.jpg,191.19,high_quality,train
Pustule-2-_jpg.rf.4dbffacbddf972d6c14d74788ea47a22.jpg,Pustules,ACCEPTED,Unique representative. Quality: borderline,Pustule-2-_jpg.rf.4dbffacbddf972d6c14d74788ea47a22.jpg,37.34,borderline,train
pustular_acne_-77-_jpg.rf.5fabb486f6530104a151ee2415b293bb.jpg,Pustules,ACCEPTED,Unique representative. Quality: usable,pustular_acne_-77-_jpg.rf.5fabb486f6530104a151ee2415b293bb.jpg,90.12,usable,train
pustular_acne_-81-_jpg.rf.c8ef37f83f743a6248c2194208e77c92.jpg,Pustules,ACCEPTED,Unique representative. Quality: usable,pustular_acne_-81-_jpg.rf.c8ef37f83f743a6248c2194208e77c92.jpg,80.67,usable,train
pustular_acne_-343-_jpg.rf.522483aebee723356b44b9745e1bf317.jpg,Pustules,ACCEPTED,Unique representative. Quality: usable,pustular_acne_-343-_jpg.rf.522483aebee723356b44b9745e1bf317.jpg,69.52,usable,train
pustular_acne_-308-_jpg.rf.3adbcb5fb3ee77cbbd2e12a7188c3903.jpg,Pustules,ACCEPTED,Unique representative. Quality: borderline,pustular_acne_-308-_jpg.rf.3adbcb5fb3ee77cbbd2e12a7188c3903.jpg,48.35,borderline,train
pustular_acne_-339-_jpg.rf.2005e48b9f6ff45cd034f11d559368fc.jpg,Pustules,ACCEPTED,Unique representative. Quality: usable,pustular_acne_-339-_jpg.rf.2005e48b9f6ff45cd034f11d559368fc.jpg,62.20,usable,train
pustular_acne_-339-_jpg.rf.6fd90b247551bfcc523e6a2d94429c30.jpg,Pustules,ACCEPTED,Unique representative. Quality: usable,pustular_acne_-339-_jpg.rf.6fd90b247551bfcc523e6a2d94429c30.jpg,77.26,usable,train
pustular_acne_-123-_jpg.rf.612637fafa66733a85daafceb019db26.jpg,Pustules,ACCEPTED,Unique representative. Quality: usable,pustular_acne_-123-_jpg.rf.612637fafa66733a85daafceb019db26.jpg,88.28,usable,train
pustular_acne_-123-_jpg.rf.fc76d280427ce4ded23b9ce7e3649553.jpg,Pustules,ACCEPTED,Unique representative. Quality: usable,pustular_acne_-123-_jpg.rf.fc76d280427ce4ded23b9ce7e3649553.jpg,138.02,usable,train
pustular_acne_-343-_jpg.rf.93f6e9c6287917478b89a75425ba34d2.jpg,Pustules,ACCEPTED,Unique representative. Quality: usable,pustular_acne_-343-_jpg.rf.93f6e9c6287917478b89a75425ba34d2.jpg,80.99,usable,train
pustular_acne_-338-_jpg.rf.3c85f6c3511a91044f655de36b375026.jpg,Pustules,ACCEPTED,Unique representative. Quality: borderline,pustular_acne_-338-_jpg.rf.3c85f6c3511a91044f655de36b375026.jpg,59.23,borderline,train
pustular_acne_-81-_jpg.rf.f3e972c542a02edbd24f7503dfc75282.jpg,Pustules,ACCEPTED,Unique representative. Quality: usable,pustular_acne_-81-_jpg.rf.f3e972c542a02edbd24f7503dfc75282.jpg,99.87,usable,train
pustular_acne_-308-_jpg.rf.b9e60a699b4a279c8a8f5c38a4a1a4af.jpg,Pustules,ACCEPTED,Unique representative. Quality: borderline,pustular_acne_-308-_jpg.rf.b9e60a699b4a279c8a8f5c38a4a1a4af.jpg,57.75,borderline,train
pustular_acne_-339-_jpg.rf.63c3430b8e474f63634188d1c60d9061.jpg,Pustules,ACCEPTED,Unique representative. Quality: usable,pustular_acne_-339-_jpg.rf.63c3430b8e474f63634188d1c60d9061.jpg,84.06,usable,train
pustular_acne_-339-_jpg.rf.c99b8180de9d1c30eb40f4d1900d0207.jpg,Pustules,ACCEPTED,Unique representative. Quality: usable,pustular_acne_-339-_jpg.rf.c99b8180de9d1c30eb40f4d1900d0207.jpg,108.24,usable,train
pustular_acne_-6-_jpg.rf.19b5e801c9640622c4dc9acabe38e766.jpg,Pustules,ACCEPTED,Unique representative. Quality: usable,pustular_acne_-6-_jpg.rf.19b5e801c9640622c4dc9acabe38e766.jpg,67.09,usable,train
pustular_acne_-193-_jpg.rf.c13cef56be16afcc29692f4d923d9fb9.jpg,Pustules,ACCEPTED,Unique representative. Quality: usable,pustular_acne_-193-_jpg.rf.c13cef56be16afcc29692f4d923d9fb9.jpg,86.03,usable,train
pustular_acne_-77-_jpg.rf.4f94527267060b297c461c6302ed7a02.jpg,Pustules,ACCEPTED,Unique representative. Quality: usable,pustular_acne_-77-_jpg.rf.4f94527267060b297c461c6302ed7a02.jpg,85.62,usable,train
pustular_acne_-81-_jpg.rf.220d62b4243e2200e1fdfc2be68e2d52.jpg,Pustules,ACCEPTED,Unique representative. Quality: high_quality,pustular_acne_-81-_jpg.rf.220d62b4243e2200e1fdfc2be68e2d52.jpg,344.74,high_quality,train
pustular_acne_-50-_jpg.rf.bea4253aa672da3268f7108365474125.jpg,Pustules,ACCEPTED,Unique representative. Quality: usable,pustular_acne_-50-_jpg.rf.bea4253aa672da3268f7108365474125.jpg,118.63,usable,train
pustular_acne_-289-_jpg.rf.2b4d959e52a3cea952ff882689ba99ae.jpg,Pustules,ACCEPTED,Unique representative. Quality: usable,pustular_acne_-289-_jpg.rf.2b4d959e52a3cea952ff882689ba99ae.jpg,74.79,usable,train
pustular_acne_-317-_jpg.rf.dfe814a3a8111bf64dc27b405e6ffa9c.jpg,Pustules,ACCEPTED,Unique representative. Quality: usable,pustular_acne_-317-_jpg.rf.dfe814a3a8111bf64dc27b405e6ffa9c.jpg,90.80,usable,train
pustular_acne_-289-_jpg.rf.9761ac2bfa9aa5b029541cdd456edee7.jpg,Pustules,ACCEPTED,Unique representative. Quality: usable,pustular_acne_-289-_jpg.rf.9761ac2bfa9aa5b029541cdd456edee7.jpg,83.37,usable,train
pustular_acne_-35-_jpg.rf.df1f3d563bb9e7fe7b596f5770a8a129.jpg,Pustules,ACCEPTED,Unique representative. Quality: usable,pustular_acne_-35-_jpg.rf.df1f3d563bb9e7fe7b596f5770a8a129.jpg,111.84,usable,train
pustular_acne_-15-_jpg.rf.317e67a347740720cc53432d413882e6.jpg,Pustules,ACCEPTED,Unique representative. Quality: borderline,pustular_acne_-15-_jpg.rf.317e67a347740720cc53432d413882e6.jpg,56.33,borderline,train
pustular_acne_-77-_jpg.rf.54ac467e0849c5201e8fd080af7598a1.jpg,Pustules,ACCEPTED,Unique representative. Quality: borderline,pustular_acne_-77-_jpg.rf.54ac467e0849c5201e8fd080af7598a1.jpg,51.38,borderline,train
pustular_acne_-81-_jpg.rf.9a09ca97c2d8025cfc9655d3b39a43a7.jpg,Pustules,ACCEPTED,Unique representative. Quality: usable,pustular_acne_-81-_jpg.rf.9a09ca97c2d8025cfc9655d3b39a43a7.jpg,93.29,usable,train
pustular_acne_-50-_jpg.rf.44c6957a036c22f048c90c13b69566a9.jpg,Pustules,ACCEPTED,Unique representative. Quality: usable,pustular_acne_-50-_jpg.rf.44c6957a036c22f048c90c13b69566a9.jpg,143.75,usable,train
pustular_acne_-77-_jpg.rf.dbf483cd18055e6bd365741dde5ab6ea.jpg,Pustules,ACCEPTED,Unique representative. Quality: borderline,pustular_acne_-77-_jpg.rf.dbf483cd18055e6bd365741dde5ab6ea.jpg,49.15,borderline,train
pustular_acne_-192-_jpg.rf.e6d8209bdd20dd12da47b95a5c78c66d.jpg,Pustules,ACCEPTED,Unique representative. Quality: usable,pustular_acne_-192-_jpg.rf.e6d8209bdd20dd12da47b95a5c78c66d.jpg,135.12,usable,train
pustular_acne_-101-_jpg.rf.e57253c5a1c227bb9cf87fa0282dd2a7.jpg,Pustules,ACCEPTED,Unique representative. Quality: usable,pustular_acne_-101-_jpg.rf.e57253c5a1c227bb9cf87fa0282dd2a7.jpg,83.65,usable,train
pustular_acne_-317-_jpg.rf.296e0e9973c318c45e77c0d7127ae41b.jpg,Pustules,ACCEPTED,Unique representative. Quality: usable,pustular_acne_-317-_jpg.rf.296e0e9973c318c45e77c0d7127ae41b.jpg,60.59,usable,train
pustular_acne_-339-_jpg.rf.f58b262ce6afedd96703b09af09b2e02.jpg,Pustules,ACCEPTED,Unique representative. Quality: usable,pustular_acne_-339-_jpg.rf.f58b262ce6afedd96703b09af09b2e02.jpg,65.10,usable,train
pustular_acne_-101-_jpg.rf.18a8ed407ff9ec9934432210340ae628.jpg,Pustules,ACCEPTED,Unique representative. Quality: usable,pustular_acne_-101-_jpg.rf.18a8ed407ff9ec9934432210340ae628.jpg,86.37,usable,train
pustular_acne_-289-_jpg.rf.4b7f5811b57d2e4eee9b6f4a8bf014a3.jpg,Pustules,ACCEPTED,Unique representative. Quality: usable,pustular_acne_-289-_jpg.rf.4b7f5811b57d2e4eee9b6f4a8bf014a3.jpg,116.08,usable,train
pustular_acne_-289-_jpg.rf.bc7e2c3b139eabb27f3440760d1681f0.jpg,Pustules,ACCEPTED,Unique representative. Quality: usable,pustular_acne_-289-_jpg.rf.bc7e2c3b139eabb27f3440760d1681f0.jpg,104.66,usable,train
pustular_acne_-15-_jpg.rf.591caddd8ee12692758b93d0d306e834.jpg,Pustules,ACCEPTED,Unique representative. Quality: usable,pustular_acne_-15-_jpg.rf.591caddd8ee12692758b93d0d306e834.jpg,91.54,usable,train
Pustule-19-_JPG_jpg.rf.8b195f8a14398a7ab44990654b81d1c2.jpg,Pustules,ACCEPTED,Unique representative. Quality: usable,Pustule-19-_JPG_jpg.rf.8b195f8a14398a7ab44990654b81d1c2.jpg,75.36,usable,train
pustular_acne_-317-_jpg.rf.ecf238756efb031cf6821d5b1aab30b5.jpg,Pustules,ACCEPTED,Unique representative. Quality: usable,pustular_acne_-317-_jpg.rf.ecf238756efb031cf6821d5b1aab30b5.jpg,83.12,usable,train
pustular_acne_-81-_jpg.rf.5a84d229cb88f6e717686f8c80671a5a.jpg,Pustules,ACCEPTED,Unique representative. Quality: usable,pustular_acne_-81-_jpg.rf.5a84d229cb88f6e717686f8c80671a5a.jpg,102.44,usable,train
pustular_acne_-317-_jpg.rf.0ee77e731d538824a459d365c8692c91.jpg,Pustules,ACCEPTED,Unique representative. Quality: usable,pustular_acne_-317-_jpg.rf.0ee77e731d538824a459d365c8692c91.jpg,76.13,usable,train
pustular_acne_-289-_jpg.rf.9cef50a5c086b3765d290e4cf2d473ae.jpg,Pustules,ACCEPTED,Unique representative. Quality: usable,pustular_acne_-289-_jpg.rf.9cef50a5c086b3765d290e4cf2d473ae.jpg,64.84,usable,train
Pustule-13-_jpg.rf.86df97ac355426cceace96dd8e54491a.jpg,Pustules,ACCEPTED,Unique representative. Quality: usable,Pustule-13-_jpg.rf.86df97ac355426cceace96dd8e54491a.jpg,64.28,usable,train
pustular_acne_-343-_jpg.rf.6a603620b78c19bc76bfa8e71fab5930.jpg,Pustules,ACCEPTED,Unique representative. Quality: usable,pustular_acne_-343-_jpg.rf.6a603620b78c19bc76bfa8e71fab5930.jpg,98.48,usable,train
pustular_acne_-339-_jpg.rf.2d6c6457c439211782cdcdbccba72aef.jpg,Pustules,ACCEPTED,Unique representative. Quality: usable,pustular_acne_-339-_jpg.rf.2d6c6457c439211782cdcdbccba72aef.jpg,90.60,usable,train
pustular_acne_-31-_jpg.rf.9deecbb710b9b00f5f160d03d63d158d.jpg,Pustules,ACCEPTED,Unique representative. Quality: usable,pustular_acne_-31-_jpg.rf.9deecbb710b9b00f5f160d03d63d158d.jpg,72.41,usable,train
pustular_acne_-77-_jpg.rf.1c9c1897034ee486982b99031deb3290.jpg,Pustules,ACCEPTED,Unique representative. Quality: usable,pustular_acne_-77-_jpg.rf.1c9c1897034ee486982b99031deb3290.jpg,109.93,usable,train
Pustule-27-_jpg.rf.92c2816ea09d73d26c94bd60bf956462.jpg,Pustules,ACCEPTED,Unique representative. Quality: borderline,Pustule-27-_jpg.rf.92c2816ea09d73d26c94bd60bf956462.jpg,39.60,borderline,train
pustular_acne_-77-_jpg.rf.02eed9249256692cf5c0be0500dcc8f6.jpg,Pustules,ACCEPTED,Unique representative. Quality: usable,pustular_acne_-77-_jpg.rf.02eed9249256692cf5c0be0500dcc8f6.jpg,85.46,usable,train
pustular_acne_-289-_jpg.rf.7355f297dbbb41e73234060380ed086c.jpg,Pustules,ACCEPTED,Unique representative. Quality: high_quality,pustular_acne_-289-_jpg.rf.7355f297dbbb41e73234060380ed086c.jpg,206.66,high_quality,train
Pustule-8-_jpg.rf.5cc7b67d7c11aee764980fed613e61c0.jpg,Pustules,ACCEPTED,Unique representative. Quality: borderline,Pustule-8-_jpg.rf.5cc7b67d7c11aee764980fed613e61c0.jpg,53.08,borderline,train
pustular_acne_-50-_jpg.rf.38cf5a8d1e9893e13e595fbc192a90f3.jpg,Pustules,ACCEPTED,Unique representative. Quality: usable,pustular_acne_-50-_jpg.rf.38cf5a8d1e9893e13e595fbc192a90f3.jpg,96.23,usable,train
pustular_acne_-101-_jpg.rf.dfc12204db6fd54f2712e3c645049b83.jpg,Pustules,ACCEPTED,Unique representative. Quality: usable,pustular_acne_-101-_jpg.rf.dfc12204db6fd54f2712e3c645049b83.jpg,96.73,usable,train
pustular_acne_-35-_jpg.rf.e95ed1bceca38c6d17c188ecdd5027e7.jpg,Pustules,ACCEPTED,Unique representative. Quality: usable,pustular_acne_-35-_jpg.rf.e95ed1bceca38c6d17c188ecdd5027e7.jpg,68.93,usable,train
pustular_acne_-338-_jpg.rf.7433131c4c4bac2f622648526b0b451b.jpg,Pustules,ACCEPTED,Unique representative. Quality: usable,pustular_acne_-338-_jpg.rf.7433131c4c4bac2f622648526b0b451b.jpg,81.02,usable,train
Pustule-19-_JPG_jpg.rf.da8d8b2d160d810a25834cd4dd688d38.jpg,Pustules,ACCEPTED,Unique representative. Quality: usable,Pustule-19-_JPG_jpg.rf.da8d8b2d160d810a25834cd4dd688d38.jpg,74.84,usable,train
pustular_acne_-339-_jpg.rf.ae0b8c5dda2727f603d6e06b40c75d4a.jpg,Pustules,ACCEPTED,Unique representative. Quality: borderline,pustular_acne_-339-_jpg.rf.ae0b8c5dda2727f603d6e06b40c75d4a.jpg,57.81,borderline,train
pustular_acne_-338-_jpg.rf.6db3b694d90c05d7b4b10da5d814d4fd.jpg,Pustules,ACCEPTED,Unique representative. Quality: usable,pustular_acne_-338-_jpg.rf.6db3b694d90c05d7b4b10da5d814d4fd.jpg,90.19,usable,train
Pustule-4-_jpg.rf.89b805df08b4fec7ef2585ae37087511.jpg,Pustules,ACCEPTED,Unique representative. Quality: borderline,Pustule-4-_jpg.rf.89b805df08b4fec7ef2585ae37087511.jpg,45.14,borderline,train
Pustule-16-_JPG_jpg.rf.93f59b6561fdda07154211ea98727847.jpg,Pustules,ACCEPTED,Unique representative. Quality: usable,Pustule-16-_JPG_jpg.rf.93f59b6561fdda07154211ea98727847.jpg,87.90,usable,train
pustular_acne_-192-_jpg.rf.0126376e7d9594253e4eabdd8c583129.jpg,Pustules,ACCEPTED,Unique representative. Quality: usable,pustular_acne_-192-_jpg.rf.0126376e7d9594253e4eabdd8c583129.jpg,103.10,usable,train
pustular_acne_-81-_jpg.rf.4d9c5b6367229ca00282bc09e8f1b9b1.jpg,Pustules,ACCEPTED,Unique representative. Quality: usable,pustular_acne_-81-_jpg.rf.4d9c5b6367229ca00282bc09e8f1b9b1.jpg,101.43,usable,train
pustular_acne_-35-_jpg.rf.9ddfd523b61bafa718e7411a3b722818.jpg,Pustules,ACCEPTED,Unique representative. Quality: usable,pustular_acne_-35-_jpg.rf.9ddfd523b61bafa718e7411a3b722818.jpg,91.21,usable,train
pustular_acne_-83-_jpg.rf.62f6e8c804b9788f061c466dd8face29.jpg,Pustules,ACCEPTED,Unique representative. Quality: usable,pustular_acne_-83-_jpg.rf.62f6e8c804b9788f061c466dd8face29.jpg,103.78,usable,train
pustular_acne_-338-_jpg.rf.47d7114893a4bd9b3a7a426b05aba460.jpg,Pustules,ACCEPTED,Unique representative. Quality: usable,pustular_acne_-338-_jpg.rf.47d7114893a4bd9b3a7a426b05aba460.jpg,75.66,usable,train
pustular_acne_-338-_jpg.rf.a1b2e3f705348b19d167779006d8c503.jpg,Pustules,ACCEPTED,Unique representative. Quality: usable,pustular_acne_-338-_jpg.rf.a1b2e3f705348b19d167779006d8c503.jpg,141.90,usable,train
pustular_acne_-83-_jpg.rf.0ef29f65576f094f7b01dfb01e11688f.jpg,Pustules,ACCEPTED,Unique representative. Quality: high_quality,pustular_acne_-83-_jpg.rf.0ef29f65576f094f7b01dfb01e11688f.jpg,219.88,high_quality,train
pustular_acne_-35-_jpg.rf.b537fd89c2567f3886d6f69ba83a538b.jpg,Pustules,ACCEPTED,Unique representative. Quality: usable,pustular_acne_-35-_jpg.rf.b537fd89c2567f3886d6f69ba83a538b.jpg,92.99,usable,train
pustular_acne_-317-_jpg.rf.77481f5b08c725c091f7627b65cf9233.jpg,Pustules,ACCEPTED,Unique representative. Quality: usable,pustular_acne_-317-_jpg.rf.77481f5b08c725c091f7627b65cf9233.jpg,63.83,usable,train
pustular_acne_-339-_jpg.rf.59ec3bab9532549118d32b5c48a89ea9.jpg,Pustules,ACCEPTED,Unique representative. Quality: usable,pustular_acne_-339-_jpg.rf.59ec3bab9532549118d32b5c48a89ea9.jpg,85.62,usable,train
pustular_acne_-31-_jpg.rf.144da46d3d0f034b9a0655d26e5cc59e.jpg,Pustules,ACCEPTED,Unique representative. Quality: usable,pustular_acne_-31-_jpg.rf.144da46d3d0f034b9a0655d26e5cc59e.jpg,90.24,usable,train
pustular_acne_-343-_jpg.rf.e7b7cf39ae6f6fb769e4d4a300d3e847.jpg,Pustules,ACCEPTED,Unique representative. Quality: usable,pustular_acne_-343-_jpg.rf.e7b7cf39ae6f6fb769e4d4a300d3e847.jpg,65.55,usable,train
pustular_acne_-123-_jpg.rf.cdae57d56b12806b1e87163c9d924cd4.jpg,Pustules,ACCEPTED,Unique representative. Quality: usable,pustular_acne_-123-_jpg.rf.cdae57d56b12806b1e87163c9d924cd4.jpg,61.89,usable,train
pustular_acne_-338-_jpg.rf.96442282f591247c7e48488e2509cd6f.jpg,Pustules,ACCEPTED,Unique representative. Quality: usable,pustular_acne_-338-_jpg.rf.96442282f591247c7e48488e2509cd6f.jpg,98.40,usable,train
pustular_acne_-83-_jpg.rf.2162d9b2517121ad7c8c277be847ec75.jpg,Pustules,ACCEPTED,Unique representative. Quality: usable,pustular_acne_-83-_jpg.rf.2162d9b2517121ad7c8c277be847ec75.jpg,107.04,usable,train
Pustule-16-_JPG_jpg.rf.fd4179477de7493d984d61001135eeaa.jpg,Pustules,ACCEPTED,Unique representative. Quality: usable,Pustule-16-_JPG_jpg.rf.fd4179477de7493d984d61001135eeaa.jpg,68.49,usable,train
pustular_acne_-123-_jpg.rf.835161e83cffc5491665bbd840575440.jpg,Pustules,ACCEPTED,Unique representative. Quality: borderline,pustular_acne_-123-_jpg.rf.835161e83cffc5491665bbd840575440.jpg,39.97,borderline,train
pustular_acne_-192-_jpg.rf.392f1416f92ff8ee98cbfca40ce0abb7.jpg,Pustules,ACCEPTED,Unique representative. Quality: usable,pustular_acne_-192-_jpg.rf.392f1416f92ff8ee98cbfca40ce0abb7.jpg,118.23,usable,train
pustular_acne_-101-_jpg.rf.9300fbc8fcc9cb56ca221327bf9b81c8.jpg,Pustules,ACCEPTED,Unique representative. Quality: usable,pustular_acne_-101-_jpg.rf.9300fbc8fcc9cb56ca221327bf9b81c8.jpg,71.72,usable,train
pustular_acne_-289-_jpg.rf.e437289c460b21114d7dffd78418334a.jpg,Pustules,ACCEPTED,Unique representative. Quality: usable,pustular_acne_-289-_jpg.rf.e437289c460b21114d7dffd78418334a.jpg,81.44,usable,train
Pustule-13-_jpg.rf.266f2b23053d14e115fa755c45bc9d67.jpg,Pustules,ACCEPTED,Unique representative. Quality: usable,Pustule-13-_jpg.rf.266f2b23053d14e115fa755c45bc9d67.jpg,88.90,usable,train
pustular_acne_-81-_jpg.rf.ab57c6ec8cf3bc29119979567e4a8762.jpg,Pustules,ACCEPTED,Unique representative. Quality: usable,pustular_acne_-81-_jpg.rf.ab57c6ec8cf3bc29119979567e4a8762.jpg,119.21,usable,train
pustular_acne_-31-_jpg.rf.0d296d4c7c34ab06430d888cd7b6f571.jpg,Pustules,ACCEPTED,Unique representative. Quality: usable,pustular_acne_-31-_jpg.rf.0d296d4c7c34ab06430d888cd7b6f571.jpg,74.57,usable,train
pustular_acne_-338-_jpg.rf.b8a839ee3ef178ba1797b22de3746d70.jpg,Pustules,ACCEPTED,Unique representative. Quality: usable,pustular_acne_-338-_jpg.rf.b8a839ee3ef178ba1797b22de3746d70.jpg,77.29,usable,train
pustular_acne_-289-_jpg.rf.4abb0aeafae5319adc96b412dd163e61.jpg,Pustules,ACCEPTED,Unique representative. Quality: borderline,pustular_acne_-289-_jpg.rf.4abb0aeafae5319adc96b412dd163e61.jpg,45.66,borderline,train
pustular_acne_-317-_jpg.rf.9ab48f541fe381eafa8c88a56059b9d4.jpg,Pustules,ACCEPTED,Unique representative. Quality: usable,pustular_acne_-317-_jpg.rf.9ab48f541fe381eafa8c88a56059b9d4.jpg,64.27,usable,train
pustular_acne_-339-_jpg.rf.fcf4141a6345b57f88274b5c4100afc4.jpg,Pustules,ACCEPTED,Unique representative. Quality: borderline,pustular_acne_-339-_jpg.rf.fcf4141a6345b57f88274b5c4100afc4.jpg,59.00,borderline,train
pustular_acne_-31-_jpg.rf.20959df0052786a0f0573c5bdd93cdb6.jpg,Pustules,ACCEPTED,Unique representative. Quality: usable,pustular_acne_-31-_jpg.rf.20959df0052786a0f0573c5bdd93cdb6.jpg,78.36,usable,train
Pustule-19-_JPG_jpg.rf.45e462adf9a0436428abd4d66ab10faf.jpg,Pustules,ACCEPTED,Unique representative. Quality: borderline,Pustule-19-_JPG_jpg.rf.45e462adf9a0436428abd4d66ab10faf.jpg,49.03,borderline,train
pustular_acne_-123-_jpg.rf.7d2c405c91c7061dab2352f0e2c4080f.jpg,Pustules,ACCEPTED,Unique representative. Quality: high_quality,pustular_acne_-123-_jpg.rf.7d2c405c91c7061dab2352f0e2c4080f.jpg,307.97,high_quality,train
Pustule-9-_jpg.rf.6df646d81cc91f6ea79bb01f006a7dcd.jpg,Pustules,ACCEPTED,Unique representative. Quality: usable,Pustule-9-_jpg.rf.6df646d81cc91f6ea79bb01f006a7dcd.jpg,73.18,usable,train
Pustule-29-_jpg.rf.8f78013e5c095c536f185435214114f0.jpg,Pustules,ACCEPTED,Unique representative. Quality: usable,Pustule-29-_jpg.rf.8f78013e5c095c536f185435214114f0.jpg,62.73,usable,train
pustular_acne_-77-_jpg.rf.b547f721fded25e78d20f8b808b05db7.jpg,Pustules,ACCEPTED,Unique representative. Quality: usable,pustular_acne_-77-_jpg.rf.b547f721fded25e78d20f8b808b05db7.jpg,127.65,usable,train
pustular_acne_-289-_jpg.rf.1ea5cbbd97718304d08fec7106c03042.jpg,Pustules,ACCEPTED,Unique representative. Quality: borderline,pustular_acne_-289-_jpg.rf.1ea5cbbd97718304d08fec7106c03042.jpg,38.82,borderline,train
pustular_acne_-308-_jpg.rf.0b1af754ef3344182ab0c6f522a55f26.jpg,Pustules,ACCEPTED,Unique representative. Quality: usable,pustular_acne_-308-_jpg.rf.0b1af754ef3344182ab0c6f522a55f26.jpg,87.41,usable,train
pustular_acne_-343-_jpg.rf.b28334b19e44444d0f034861e431b11f.jpg,Pustules,ACCEPTED,Unique representative. Quality: usable,pustular_acne_-343-_jpg.rf.b28334b19e44444d0f034861e431b11f.jpg,82.71,usable,train
pustular_acne_-81-_jpg.rf.614fc7ad9e920606688c8a4ea8b35236.jpg,Pustules,ACCEPTED,Unique representative. Quality: usable,pustular_acne_-81-_jpg.rf.614fc7ad9e920606688c8a4ea8b35236.jpg,81.38,usable,train
pustular_acne_-317-_jpg.rf.6ca681343dfdaab4566714345ae326ad.jpg,Pustules,ACCEPTED,Unique representative. Quality: borderline,pustular_acne_-317-_jpg.rf.6ca681343dfdaab4566714345ae326ad.jpg,48.78,borderline,train
Pustule-13-_jpg.rf.492211a8bc06a0bff93359e4d3451b28.jpg,Pustules,ACCEPTED,Unique representative. Quality: usable,Pustule-13-_jpg.rf.492211a8bc06a0bff93359e4d3451b28.jpg,62.49,usable,train
Pustule-23-_JPG_jpg.rf.4e1e895ebf7835e83581a0d18f718267.jpg,Pustules,ACCEPTED,Unique representative. Quality: borderline,Pustule-23-_JPG_jpg.rf.4e1e895ebf7835e83581a0d18f718267.jpg,33.39,borderline,train
pustular_acne_-308-_jpg.rf.494553e7beae50a6a4238e0958574466.jpg,Pustules,ACCEPTED,Unique representative. Quality: usable,pustular_acne_-308-_jpg.rf.494553e7beae50a6a4238e0958574466.jpg,74.04,usable,train
pustular_acne_-308-_jpg.rf.41ebf6541640cff2bae75c40004c44d6.jpg,Pustules,ACCEPTED,Unique representative. Quality: high_quality,pustular_acne_-308-_jpg.rf.41ebf6541640cff2bae75c40004c44d6.jpg,351.09,high_quality,train
pustular_acne_-15-_jpg.rf.d10c5386b37ecf0acbc705ae6004aaed.jpg,Pustules,ACCEPTED,Unique representative. Quality: usable,pustular_acne_-15-_jpg.rf.d10c5386b37ecf0acbc705ae6004aaed.jpg,107.98,usable,train
Pustule-10-_jpg.rf.e79b41d966237be8a4cb38920ba6ab62.jpg,Pustules,ACCEPTED,Unique representative. Quality: borderline,Pustule-10-_jpg.rf.e79b41d966237be8a4cb38920ba6ab62.jpg,45.63,borderline,train
Pustule-16-_JPG_jpg.rf.e484da490b03740429b6158f0973debb.jpg,Pustules,ACCEPTED,Unique representative. Quality: borderline,Pustule-16-_JPG_jpg.rf.e484da490b03740429b6158f0973debb.jpg,47.21,borderline,train
pustular_acne_-308-_jpg.rf.744046ed646e28c71452c6402f572c15.jpg,Pustules,ACCEPTED,Unique representative. Quality: borderline,pustular_acne_-308-_jpg.rf.744046ed646e28c71452c6402f572c15.jpg,35.29,borderline,train
pustular_acne_-77-_jpg.rf.ce9ea1360d0753606985979138271d65.jpg,Pustules,ACCEPTED,Unique representative. Quality: borderline,pustular_acne_-77-_jpg.rf.ce9ea1360d0753606985979138271d65.jpg,35.74,borderline,train
pustular_acne_-289-_jpg.rf.b8f9acb5f759c81f868f4799a59c76ac.jpg,Pustules,ACCEPTED,Unique representative. Quality: usable,pustular_acne_-289-_jpg.rf.b8f9acb5f759c81f868f4799a59c76ac.jpg,88.41,usable,train
pustular_acne_-101-_jpg.rf.e2fbefc8c342cb3eb5e76567bf4584f3.jpg,Pustules,ACCEPTED,Unique representative. Quality: usable,pustular_acne_-101-_jpg.rf.e2fbefc8c342cb3eb5e76567bf4584f3.jpg,71.23,usable,train
pustular_acne_-77-_jpg.rf.13f81a4bde8c7a995e38a60f7f5734ac.jpg,Pustules,ACCEPTED,Unique representative. Quality: borderline,pustular_acne_-77-_jpg.rf.13f81a4bde8c7a995e38a60f7f5734ac.jpg,43.72,borderline,train
pustular_acne_-15-_jpg.rf.97976e407210c3e4cf8e89adb5124113.jpg,Pustules,ACCEPTED,Unique representative. Quality: usable,pustular_acne_-15-_jpg.rf.97976e407210c3e4cf8e89adb5124113.jpg,72.69,usable,train
pustular_acne_-123-_jpg.rf.1336ad6719d3aeffef8babc44a04e3c2.jpg,Pustules,ACCEPTED,Unique representative. Quality: borderline,pustular_acne_-123-_jpg.rf.1336ad6719d3aeffef8babc44a04e3c2.jpg,58.66,borderline,train
Pustule-18-_JPG_jpg.rf.3b3c89a766582522ff3919760a2d7b29.jpg,Pustules,ACCEPTED,Unique representative. Quality: usable,Pustule-18-_JPG_jpg.rf.3b3c89a766582522ff3919760a2d7b29.jpg,102.28,usable,train
pustular_acne_-289-_jpg.rf.d932c02a07958ed7f80ca9a24025255f.jpg,Pustules,ACCEPTED,Unique representative. Quality: borderline,pustular_acne_-289-_jpg.rf.d932c02a07958ed7f80ca9a24025255f.jpg,49.97,borderline,train
pustular_acne_-50-_jpg.rf.6a094eb27411f1ed3990da897c414a8c.jpg,Pustules,ACCEPTED,Unique representative. Quality: usable,pustular_acne_-50-_jpg.rf.6a094eb27411f1ed3990da897c414a8c.jpg,82.02,usable,train
pustular_acne_-86-_jpg.rf.d48ed6e98f970dd8fe1f6ad1807596f6.jpg,Pustules,ACCEPTED,Unique representative. Quality: usable,pustular_acne_-86-_jpg.rf.d48ed6e98f970dd8fe1f6ad1807596f6.jpg,80.67,usable,train
Pustule-16-_JPG_jpg.rf.3fe95b0b66bb659ae795abe085834f5a.jpg,Pustules,ACCEPTED,Unique representative. Quality: borderline,Pustule-16-_JPG_jpg.rf.3fe95b0b66bb659ae795abe085834f5a.jpg,56.93,borderline,train
pustular_acne_-86-_jpg.rf.abd0442dc3c520edc0ff94a8031139c7.jpg,Pustules,ACCEPTED,Unique representative. Quality: high_quality,pustular_acne_-86-_jpg.rf.abd0442dc3c520edc0ff94a8031139c7.jpg,303.26,high_quality,train
pustular_acne_-77-_jpg.rf.4adafa670f26a194244eccd1476b2932.jpg,Pustules,ACCEPTED,Unique representative. Quality: usable,pustular_acne_-77-_jpg.rf.4adafa670f26a194244eccd1476b2932.jpg,115.16,usable,train
pustular_acne_-77-_jpg.rf.5a18c6dd741d563e1e4b3250aeb2aa28.jpg,Pustules,ACCEPTED,Unique representative. Quality: usable,pustular_acne_-77-_jpg.rf.5a18c6dd741d563e1e4b3250aeb2aa28.jpg,74.60,usable,train
pustular_acne_-323-_jpg.rf.cbe172e130e83156951a0837b60f66cf.jpg,Pustules,ACCEPTED,Unique representative. Quality: borderline,pustular_acne_-323-_jpg.rf.cbe172e130e83156951a0837b60f66cf.jpg,50.62,borderline,train
pustular_acne_-343-_jpg.rf.e3b1af0c0330ff5554e67297e8fe4367.jpg,Pustules,ACCEPTED,Unique representative. Quality: usable,pustular_acne_-343-_jpg.rf.e3b1af0c0330ff5554e67297e8fe4367.jpg,84.56,usable,train
Pustule-9-_jpg.rf.2b662f9388f9d67dda9965f357cb8344.jpg,Pustules,ACCEPTED,Unique representative. Quality: borderline,Pustule-9-_jpg.rf.2b662f9388f9d67dda9965f357cb8344.jpg,46.00,borderline,train
pustular_acne_-77-_jpg.rf.06e39286501b14aab6fc144064a5eaee.jpg,Pustules,ACCEPTED,Unique representative. Quality: usable,pustular_acne_-77-_jpg.rf.06e39286501b14aab6fc144064a5eaee.jpg,142.44,usable,train
pustular_acne_-193-_jpg.rf.8b67320f19bbf7d2df246bca5517d5d9.jpg,Pustules,ACCEPTED,Unique representative. Quality: borderline,pustular_acne_-193-_jpg.rf.8b67320f19bbf7d2df246bca5517d5d9.jpg,41.13,borderline,train
pustular_acne_-50-_jpg.rf.f948ed9ad198692dcd1c6b3d521b1b98.jpg,Pustules,ACCEPTED,Unique representative. Quality: usable,pustular_acne_-50-_jpg.rf.f948ed9ad198692dcd1c6b3d521b1b98.jpg,65.42,usable,train
pustular_acne_-86-_jpg.rf.f4a306a830569d560f3c87218248ef5a.jpg,Pustules,ACCEPTED,Unique representative. Quality: borderline,pustular_acne_-86-_jpg.rf.f4a306a830569d560f3c87218248ef5a.jpg,51.73,borderline,train
pustular_acne_-338-_jpg.rf.5ab263d2afac936bd862bcc02e177fb6.jpg,Pustules,ACCEPTED,Unique representative. Quality: usable,pustular_acne_-338-_jpg.rf.5ab263d2afac936bd862bcc02e177fb6.jpg,77.76,usable,train
pustular_acne_-308-_jpg.rf.08eef11a888a852713d67c0a527e8cdf.jpg,Pustules,ACCEPTED,Unique representative. Quality: usable,pustular_acne_-308-_jpg.rf.08eef11a888a852713d67c0a527e8cdf.jpg,89.12,usable,train
Pustule-21-_JPG_jpg.rf.a8b133e0631a6b5a71673051ef325d88.jpg,Pustules,ACCEPTED,Unique representative. Quality: borderline,Pustule-21-_JPG_jpg.rf.a8b133e0631a6b5a71673051ef325d88.jpg,54.21,borderline,train
pustular_acne_-83-_jpg.rf.38bb8580654c756c80c3960c1fa67a8b.jpg,Pustules,ACCEPTED,Unique representative. Quality: usable,pustular_acne_-83-_jpg.rf.38bb8580654c756c80c3960c1fa67a8b.jpg,67.05,usable,train
pustular_acne_-289-_jpg.rf.40d4536877956b8028728e6416d88e95.jpg,Pustules,ACCEPTED,Unique representative. Quality: usable,pustular_acne_-289-_jpg.rf.40d4536877956b8028728e6416d88e95.jpg,96.24,usable,train
pustular_acne_-323-_jpg.rf.1384bbad1fdfd492a816e18849727479.jpg,Pustules,ACCEPTED,Unique representative. Quality: borderline,pustular_acne_-323-_jpg.rf.1384bbad1fdfd492a816e18849727479.jpg,33.08,borderline,train
Pustule-2-_jpg.rf.ebc1d165194f09f9912d2bd356e7c235.jpg,Pustules,ACCEPTED,Unique representative. Quality: borderline,Pustule-2-_jpg.rf.ebc1d165194f09f9912d2bd356e7c235.jpg,32.48,borderline,train
pustular_acne_-31-_jpg.rf.e76243302cd65af64d2ade7bd81e80f3.jpg,Pustules,ACCEPTED,Unique representative. Quality: usable,pustular_acne_-31-_jpg.rf.e76243302cd65af64d2ade7bd81e80f3.jpg,90.53,usable,train
pustular_acne_-81-_jpg.rf.dfdf07162b05ee7e605c071ea9f7d26f.jpg,Pustules,ACCEPTED,Unique representative. Quality: usable,pustular_acne_-81-_jpg.rf.dfdf07162b05ee7e605c071ea9f7d26f.jpg,71.91,usable,train
pustular_acne_-308-_jpg.rf.80fee035152ff91bfc74d8c76539bcb6.jpg,Pustules,ACCEPTED,Unique representative. Quality: usable,pustular_acne_-308-_jpg.rf.80fee035152ff91bfc74d8c76539bcb6.jpg,72.78,usable,train
pustular_acne_-339-_jpg.rf.19bde2c3a02337a457332e105f9dbef1.jpg,Pustules,ACCEPTED,Unique representative. Quality: usable,pustular_acne_-339-_jpg.rf.19bde2c3a02337a457332e105f9dbef1.jpg,76.55,usable,train
pustular_acne_-308-_jpg.rf.fcd62dd7bacc2ceb4134edaab8986ab2.jpg,Pustules,ACCEPTED,Unique representative. Quality: usable,pustular_acne_-308-_jpg.rf.fcd62dd7bacc2ceb4134edaab8986ab2.jpg,86.23,usable,train
pustular_acne_-86-_jpg.rf.cb662b7c26057187d103da34a2076b0b.jpg,Pustules,ACCEPTED,Unique representative. Quality: usable,pustular_acne_-86-_jpg.rf.cb662b7c26057187d103da34a2076b0b.jpg,75.22,usable,train
pustular_acne_-31-_jpg.rf.d44a3a49fc64230420e7b940f84f9dc3.jpg,Pustules,ACCEPTED,Unique representative. Quality: usable,pustular_acne_-31-_jpg.rf.d44a3a49fc64230420e7b940f84f9dc3.jpg,85.38,usable,train
pustular_acne_-15-_jpg.rf.044b53dd59c8d85450db38cd4862a30f.jpg,Pustules,ACCEPTED,Unique representative. Quality: borderline,pustular_acne_-15-_jpg.rf.044b53dd59c8d85450db38cd4862a30f.jpg,34.46,borderline,train
pustular_acne_-338-_jpg.rf.4b9a9d29816a60d7543ddfcc37016cc4.jpg,Pustules,ACCEPTED,Unique representative. Quality: usable,pustular_acne_-338-_jpg.rf.4b9a9d29816a60d7543ddfcc37016cc4.jpg,84.31,usable,train
pustular_acne_-192-_jpg.rf.df9a62f90e0d426fc7d800065e9d6ea4.jpg,Pustules,ACCEPTED,Unique representative. Quality: borderline,pustular_acne_-192-_jpg.rf.df9a62f90e0d426fc7d800065e9d6ea4.jpg,55.69,borderline,train
pustular_acne_-323-_jpg.rf.20886fc799abeedb08e8478f6f361fe4.jpg,Pustules,ACCEPTED,Unique representative. Quality: borderline,pustular_acne_-323-_jpg.rf.20886fc799abeedb08e8478f6f361fe4.jpg,47.95,borderline,train
pustular_acne_-317-_jpg.rf.e532e1f35ee7058ea337b426f380b30b.jpg,Pustules,ACCEPTED,Unique representative. Quality: usable,pustular_acne_-317-_jpg.rf.e532e1f35ee7058ea337b426f380b30b.jpg,71.03,usable,train
pustular_acne_-123-_jpg.rf.5f314a2c5d1541c6f2ae08531a99ddfa.jpg,Pustules,ACCEPTED,Unique representative. Quality: usable,pustular_acne_-123-_jpg.rf.5f314a2c5d1541c6f2ae08531a99ddfa.jpg,89.90,usable,train
pustular_acne_-289-_jpg.rf.1798609f7987f9afd4378cd8e36e7762.jpg,Pustules,ACCEPTED,Unique representative. Quality: usable,pustular_acne_-289-_jpg.rf.1798609f7987f9afd4378cd8e36e7762.jpg,89.13,usable,train
Pustule-6-_jpg.rf.58ff91a139adfa0f93e62daf0414c046.jpg,Pustules,ACCEPTED,Unique representative. Quality: borderline,Pustule-6-_jpg.rf.58ff91a139adfa0f93e62daf0414c046.jpg,40.99,borderline,train
pustular_acne_-83-_jpg.rf.77cdb4d78a7eb19bcb5ae5c32d41d2e5.jpg,Pustules,ACCEPTED,Unique representative. Quality: usable,pustular_acne_-83-_jpg.rf.77cdb4d78a7eb19bcb5ae5c32d41d2e5.jpg,111.16,usable,train
pustular_acne_-77-_jpg.rf.ef983fd86b7b74151a3b83723ff1cea4.jpg,Pustules,ACCEPTED,Unique representative. Quality: usable,pustular_acne_-77-_jpg.rf.ef983fd86b7b74151a3b83723ff1cea4.jpg,86.13,usable,train
pustular_acne_-35-_jpg.rf.60a9bb1a6b1952e1e41ec1209fe0005a.jpg,Pustules,ACCEPTED,Unique representative. Quality: high_quality,pustular_acne_-35-_jpg.rf.60a9bb1a6b1952e1e41ec1209fe0005a.jpg,220.68,high_quality,train
pustular_acne_-101-_jpg.rf.a144221c8468cfd4b9d33564a37674b1.jpg,Pustules,ACCEPTED,Unique representative. Quality: borderline,pustular_acne_-101-_jpg.rf.a144221c8468cfd4b9d33564a37674b1.jpg,35.52,borderline,train
pustular_acne_-31-_jpg.rf.9a0e6426c299dd561caa65008bbbeab4.jpg,Pustules,ACCEPTED,Unique representative. Quality: usable,pustular_acne_-31-_jpg.rf.9a0e6426c299dd561caa65008bbbeab4.jpg,71.90,usable,train
pustular_acne_-15-_jpg.rf.2c7156290aff98cfe2bd1f05bcb1a28f.jpg,Pustules,ACCEPTED,Unique representative. Quality: usable,pustular_acne_-15-_jpg.rf.2c7156290aff98cfe2bd1f05bcb1a28f.jpg,70.88,usable,train
pustular_acne_-81-_jpg.rf.7feea2eff6d69dd0437a5d31b98e514e.jpg,Pustules,ACCEPTED,Unique representative. Quality: usable,pustular_acne_-81-_jpg.rf.7feea2eff6d69dd0437a5d31b98e514e.jpg,95.41,usable,train
pustular_acne_-308-_jpg.rf.2fcdcbc24744eb1ee5ef436501c4bec7.jpg,Pustules,ACCEPTED,Unique representative. Quality: usable,pustular_acne_-308-_jpg.rf.2fcdcbc24744eb1ee5ef436501c4bec7.jpg,89.43,usable,train
pustular_acne_-317-_jpg.rf.2ba4b915ca15bdcfc03921fb42465a65.jpg,Pustules,ACCEPTED,Unique representative. Quality: usable,pustular_acne_-317-_jpg.rf.2ba4b915ca15bdcfc03921fb42465a65.jpg,71.44,usable,train
pustular_acne_-289-_jpg.rf.d5a178afdab6fa14ff74bcdb09930819.jpg,Pustules,ACCEPTED,Unique representative. Quality: usable,pustular_acne_-289-_jpg.rf.d5a178afdab6fa14ff74bcdb09930819.jpg,70.16,usable,train
Pustule-13-_jpg.rf.cc867fa284c07499bdce2d0b99754f70.jpg,Pustules,ACCEPTED,Unique representative. Quality: usable,Pustule-13-_jpg.rf.cc867fa284c07499bdce2d0b99754f70.jpg,77.31,usable,train
pustular_acne_-323-_jpg.rf.059c40cd7659049233dfcc92a76c6c22.jpg,Pustules,ACCEPTED,Unique representative. Quality: usable,pustular_acne_-323-_jpg.rf.059c40cd7659049233dfcc92a76c6c22.jpg,62.65,usable,train
Pustule-19-_JPG_jpg.rf.c9186d08a0b4bb3c21d2c097812cf13a.jpg,Pustules,ACCEPTED,Unique representative. Quality: borderline,Pustule-19-_JPG_jpg.rf.c9186d08a0b4bb3c21d2c097812cf13a.jpg,42.87,borderline,train
pustular_acne_-31-_jpg.rf.2f6209694458fb17e0d9b155c13e2280.jpg,Pustules,ACCEPTED,Unique representative. Quality: borderline,pustular_acne_-31-_jpg.rf.2f6209694458fb17e0d9b155c13e2280.jpg,37.66,borderline,train
pustular_acne_-192-_jpg.rf.6ec00623b9c3f1d35352c38de40d8489.jpg,Pustules,ACCEPTED,Unique representative. Quality: borderline,pustular_acne_-192-_jpg.rf.6ec00623b9c3f1d35352c38de40d8489.jpg,43.82,borderline,train
Pustule-9-_jpg.rf.ca4ffd4ff9efdab2c7221a6ae907f6c8.jpg,Pustules,ACCEPTED,Unique representative. Quality: borderline,Pustule-9-_jpg.rf.ca4ffd4ff9efdab2c7221a6ae907f6c8.jpg,36.91,borderline,train
pustular_acne_-123-_jpg.rf.d060bc313513841cb950cc562363e844.jpg,Pustules,ACCEPTED,Unique representative. Quality: usable,pustular_acne_-123-_jpg.rf.d060bc313513841cb950cc562363e844.jpg,71.18,usable,train
pustular_acne_-86-_jpg.rf.d3d918004aebd7cbd11f4a2b0f173be9.jpg,Pustules,ACCEPTED,Unique representative. Quality: borderline,pustular_acne_-86-_jpg.rf.d3d918004aebd7cbd11f4a2b0f173be9.jpg,33.07,borderline,train
pustular_acne_-101-_jpg.rf.9a78b31d3b986e4cb6b66442f7cbbf9c.jpg,Pustules,ACCEPTED,Unique representative. Quality: usable,pustular_acne_-101-_jpg.rf.9a78b31d3b986e4cb6b66442f7cbbf9c.jpg,72.26,usable,train
pustular_acne_-338-_jpg.rf.0b4ea3b7593be8cdfa0e4ef793311da2.jpg,Pustules,ACCEPTED,Unique representative. Quality: usable,pustular_acne_-338-_jpg.rf.0b4ea3b7593be8cdfa0e4ef793311da2.jpg,66.38,usable,train
pustular_acne_-50-_jpg.rf.3b919590f39f1df2c7fffdc23c17a968.jpg,Pustules,ACCEPTED,Unique representative. Quality: usable,pustular_acne_-50-_jpg.rf.3b919590f39f1df2c7fffdc23c17a968.jpg,141.16,usable,train
pustular_acne_-308-_jpg.rf.e208afa8be9f67e00d2eb16b9f51d8d8.jpg,Pustules,ACCEPTED,Unique representative. Quality: borderline,pustular_acne_-308-_jpg.rf.e208afa8be9f67e00d2eb16b9f51d8d8.jpg,55.67,borderline,train
pustular_acne_-338-_jpg.rf.388e34f225791ff87953fab108c548df.jpg,Pustules,ACCEPTED,Unique representative. Quality: usable,pustular_acne_-338-_jpg.rf.388e34f225791ff87953fab108c548df.jpg,107.42,usable,train
pustular_acne_-50-_jpg.rf.fee05a8a58f225dc352045870cb967f9.jpg,Pustules,ACCEPTED,Unique representative. Quality: usable,pustular_acne_-50-_jpg.rf.fee05a8a58f225dc352045870cb967f9.jpg,121.78,usable,train
pustular_acne_-123-_jpg.rf.d46d34e6d57e5402789bda8f688df0e8.jpg,Pustules,ACCEPTED,Unique representative. Quality: usable,pustular_acne_-123-_jpg.rf.d46d34e6d57e5402789bda8f688df0e8.jpg,76.28,usable,train
pustular_acne_-308-_jpg.rf.fd04bcb45e771f1351a47a5a94abbaa8.jpg,Pustules,ACCEPTED,Unique representative. Quality: usable,pustular_acne_-308-_jpg.rf.fd04bcb45e771f1351a47a5a94abbaa8.jpg,85.33,usable,train
pustular_acne_-338-_jpg.rf.b32a39323e421c110061d75c67ef82ec.jpg,Pustules,ACCEPTED,Unique representative. Quality: usable,pustular_acne_-338-_jpg.rf.b32a39323e421c110061d75c67ef82ec.jpg,61.46,usable,train
pustular_acne_-31-_jpg.rf.b8e02f5131f893fa1f6066111ddf8a32.jpg,Pustules,ACCEPTED,Unique representative. Quality: usable,pustular_acne_-31-_jpg.rf.b8e02f5131f893fa1f6066111ddf8a32.jpg,107.71,usable,train
pustular_acne_-86-_jpg.rf.f5e2743ebf00c043c852815a54354512.jpg,Pustules,ACCEPTED,Unique representative. Quality: usable,pustular_acne_-86-_jpg.rf.f5e2743ebf00c043c852815a54354512.jpg,60.54,usable,train
pustular_acne_-193-_jpg.rf.505a6157f274a1f0fcab7be2e4529267.jpg,Pustules,ACCEPTED,Unique representative. Quality: usable,pustular_acne_-193-_jpg.rf.505a6157f274a1f0fcab7be2e4529267.jpg,87.45,usable,train
pustular_acne_-86-_jpg.rf.21957a7ccf1e3294b0a600b8583fd2b4.jpg,Pustules,ACCEPTED,Unique representative. Quality: usable,pustular_acne_-86-_jpg.rf.21957a7ccf1e3294b0a600b8583fd2b4.jpg,115.59,usable,train
pustular_acne_-50-_jpg.rf.408300de4ef1fed3cb6dd19ef8840bf5.jpg,Pustules,ACCEPTED,Unique representative. Quality: borderline,pustular_acne_-50-_jpg.rf.408300de4ef1fed3cb6dd19ef8840bf5.jpg,31.41,borderline,train
pustular_acne_-81-_jpg.rf.96939282694fad39efd953ca46220afe.jpg,Pustules,ACCEPTED,Unique representative. Quality: usable,pustular_acne_-81-_jpg.rf.96939282694fad39efd953ca46220afe.jpg,99.95,usable,train
pustular_acne_-192-_jpg.rf.7595a2e8f2f0b667a7e23420b856bab7.jpg,Pustules,ACCEPTED,Unique representative. Quality: borderline,pustular_acne_-192-_jpg.rf.7595a2e8f2f0b667a7e23420b856bab7.jpg,39.51,borderline,train
pustular_acne_-317-_jpg.rf.b1440143bc0206d99273d436684f310c.jpg,Pustules,ACCEPTED,Unique representative. Quality: usable,pustular_acne_-317-_jpg.rf.b1440143bc0206d99273d436684f310c.jpg,80.60,usable,train
pustular_acne_-83-_jpg.rf.7f53bee02e4866b04a88de838d6a538d.jpg,Pustules,ACCEPTED,Unique representative. Quality: usable,pustular_acne_-83-_jpg.rf.7f53bee02e4866b04a88de838d6a538d.jpg,93.91,usable,train
pustular_acne_-338-_jpg.rf.4a703105088373dff8380210de9d77a0.jpg,Pustules,ACCEPTED,Unique representative. Quality: usable,pustular_acne_-338-_jpg.rf.4a703105088373dff8380210de9d77a0.jpg,69.33,usable,train
pustular_acne_-81-_jpg.rf.a017c6cb0bfffe66c1b74ace9759e266.jpg,Pustules,ACCEPTED,Unique representative. Quality: usable,pustular_acne_-81-_jpg.rf.a017c6cb0bfffe66c1b74ace9759e266.jpg,110.55,usable,train
pustular_acne_-289-_jpg.rf.feabb6b058bae94254b40266df9d6ede.jpg,Pustules,ACCEPTED,Unique representative. Quality: usable,pustular_acne_-289-_jpg.rf.feabb6b058bae94254b40266df9d6ede.jpg,120.22,usable,train
pustular_acne_-35-_jpg.rf.18193b42c1cc9667e6096ad38bb37719.jpg,Pustules,ACCEPTED,Unique representative. Quality: usable,pustular_acne_-35-_jpg.rf.18193b42c1cc9667e6096ad38bb37719.jpg,65.06,usable,train
pustular_acne_-101-_jpg.rf.9b9bfd8e176e235cc55dcd0c566ba39f.jpg,Pustules,ACCEPTED,Unique representative. Quality: usable,pustular_acne_-101-_jpg.rf.9b9bfd8e176e235cc55dcd0c566ba39f.jpg,78.19,usable,train
pustular_acne_-86-_jpg.rf.b89e11c280f225d8629c166a4877d5be.jpg,Pustules,ACCEPTED,Unique representative. Quality: usable,pustular_acne_-86-_jpg.rf.b89e11c280f225d8629c166a4877d5be.jpg,110.31,usable,train
pustular_acne_-83-_jpg.rf.1b43b4a94680ffd37ab44a33a01021c9.jpg,Pustules,ACCEPTED,Unique representative. Quality: usable,pustular_acne_-83-_jpg.rf.1b43b4a94680ffd37ab44a33a01021c9.jpg,60.02,usable,train
pustular_acne_-15-_jpg.rf.1ae50d8943cb38000b96aba0e7a35dec.jpg,Pustules,ACCEPTED,Unique representative. Quality: usable,pustular_acne_-15-_jpg.rf.1ae50d8943cb38000b96aba0e7a35dec.jpg,64.49,usable,train
Pustule-8-_jpg.rf.b3eb0dc78f2283f1e800d7b8d2158510.jpg,Pustules,ACCEPTED,Unique representative. Quality: usable,Pustule-8-_jpg.rf.b3eb0dc78f2283f1e800d7b8d2158510.jpg,90.77,usable,train
pustular_acne_-343-_jpg.rf.ce18ab3da6999252d916b67dc2c48235.jpg,Pustules,ACCEPTED,Unique representative. Quality: usable,pustular_acne_-343-_jpg.rf.ce18ab3da6999252d916b67dc2c48235.jpg,116.43,usable,train
pustular_acne_-123-_jpg.rf.ebabb918386f8feb060ef226a451813d.jpg,Pustules,ACCEPTED,Unique representative. Quality: usable,pustular_acne_-123-_jpg.rf.ebabb918386f8feb060ef226a451813d.jpg,63.93,usable,train
pustular_acne_-192-_jpg.rf.f563eb7eacf42f8757dca3bef6a2a0b8.jpg,Pustules,ACCEPTED,Unique representative. Quality: usable,pustular_acne_-192-_jpg.rf.f563eb7eacf42f8757dca3bef6a2a0b8.jpg,86.49,usable,train
pustular_acne_-86-_jpg.rf.41f9af27d54caf34495721b0a59c2d1b.jpg,Pustules,ACCEPTED,Unique representative. Quality: usable,pustular_acne_-86-_jpg.rf.41f9af27d54caf34495721b0a59c2d1b.jpg,74.27,usable,train
pustular_acne_-86-_jpg.rf.576219fe96d54a45f46ea6ba4d24ee60.jpg,Pustules,ACCEPTED,Unique representative. Quality: high_quality,pustular_acne_-86-_jpg.rf.576219fe96d54a45f46ea6ba4d24ee60.jpg,415.98,high_quality,train
pustular_acne_-50-_jpg.rf.d29d944eb5ea1f3a3a9f83c5dc7a5655.jpg,Pustules,ACCEPTED,Unique representative. Quality: usable,pustular_acne_-50-_jpg.rf.d29d944eb5ea1f3a3a9f83c5dc7a5655.jpg,122.70,usable,train
pustular_acne_-308-_jpg.rf.69448b88e68b02dcb8af55556460cf97.jpg,Pustules,ACCEPTED,Unique representative. Quality: usable,pustular_acne_-308-_jpg.rf.69448b88e68b02dcb8af55556460cf97.jpg,96.57,usable,train
Pustule-16-_JPG_jpg.rf.199cdaa2a78c0cda7d03c1663f2edde1.jpg,Pustules,ACCEPTED,Unique representative. Quality: usable,Pustule-16-_JPG_jpg.rf.199cdaa2a78c0cda7d03c1663f2edde1.jpg,69.21,usable,train
pustular_acne_-50-_jpg.rf.ef33ca4c9f09b3540a62fa3970a66228.jpg,Pustules,ACCEPTED,Unique representative. Quality: usable,pustular_acne_-50-_jpg.rf.ef33ca4c9f09b3540a62fa3970a66228.jpg,132.63,usable,train
pustular_acne_-77-_jpg.rf.2e72079b74548d6c468676f3225e2619.jpg,Pustules,ACCEPTED,Unique representative. Quality: borderline,pustular_acne_-77-_jpg.rf.2e72079b74548d6c468676f3225e2619.jpg,59.40,borderline,train
pustular_acne_-77-_jpg.rf.f96c71f46a9a16a6a09e6051a80bb4d6.jpg,Pustules,ACCEPTED,Unique representative. Quality: usable,pustular_acne_-77-_jpg.rf.f96c71f46a9a16a6a09e6051a80bb4d6.jpg,96.92,usable,train
pustular_acne_-323-_jpg.rf.b67e5a43f9d6b3009a599bfd2a349c54.jpg,Pustules,ACCEPTED,Unique representative. Quality: usable,pustular_acne_-323-_jpg.rf.b67e5a43f9d6b3009a599bfd2a349c54.jpg,67.30,usable,train
pustular_acne_-81-_jpg.rf.d606ecc101c7f820bc5e3ffb165e8480.jpg,Pustules,ACCEPTED,Unique representative. Quality: usable,pustular_acne_-81-_jpg.rf.d606ecc101c7f820bc5e3ffb165e8480.jpg,77.60,usable,train
pustular_acne_-101-_jpg.rf.f0e26c601ecbd00dfc1c271c4db3a1f2.jpg,Pustules,ACCEPTED,Unique representative. Quality: borderline,pustular_acne_-101-_jpg.rf.f0e26c601ecbd00dfc1c271c4db3a1f2.jpg,57.41,borderline,train
pustular_acne_-192-_jpg.rf.15e7fea7266a0e91124adf21a0d20a58.jpg,Pustules,ACCEPTED,Unique representative. Quality: borderline,pustular_acne_-192-_jpg.rf.15e7fea7266a0e91124adf21a0d20a58.jpg,46.49,borderline,train
Pustule-20-_JPG_jpg.rf.e755ff62b764dcc6f61bc5a4374b6a69.jpg,Pustules,ACCEPTED,Unique representative. Quality: usable,Pustule-20-_JPG_jpg.rf.e755ff62b764dcc6f61bc5a4374b6a69.jpg,65.55,usable,train
pustular_acne_-86-_jpg.rf.f3f18d00aa7a33425109e4fda9ff1e9b.jpg,Pustules,ACCEPTED,Unique representative. Quality: usable,pustular_acne_-86-_jpg.rf.f3f18d00aa7a33425109e4fda9ff1e9b.jpg,61.52,usable,train
pustular_acne_-317-_jpg.rf.5daa7c1fdc95f57ae3d5ae5c4ef7ecd3.jpg,Pustules,ACCEPTED,Unique representative. Quality: borderline,pustular_acne_-317-_jpg.rf.5daa7c1fdc95f57ae3d5ae5c4ef7ecd3.jpg,57.67,borderline,train
Pustule-3-_jpg.rf.8cf06700323b8333d0c8a94c960c7a7d.jpg,Pustules,ACCEPTED,Unique representative. Quality: borderline,Pustule-3-_jpg.rf.8cf06700323b8333d0c8a94c960c7a7d.jpg,43.04,borderline,train
pustular_acne_-338-_jpg.rf.2c745d32591a1671854a6d7b14cf9a5e.jpg,Pustules,ACCEPTED,Unique representative. Quality: usable,pustular_acne_-338-_jpg.rf.2c745d32591a1671854a6d7b14cf9a5e.jpg,62.18,usable,train
pustular_acne_-339-_jpg.rf.6dd6b5a808ec88e3476323e36d4bbfe4.jpg,Pustules,ACCEPTED,Unique representative. Quality: usable,pustular_acne_-339-_jpg.rf.6dd6b5a808ec88e3476323e36d4bbfe4.jpg,75.65,usable,train
pustular_acne_-123-_jpg.rf.c3e08ec911d027e2a211a79811dbb032.jpg,Pustules,ACCEPTED,Unique representative. Quality: borderline,pustular_acne_-123-_jpg.rf.c3e08ec911d027e2a211a79811dbb032.jpg,53.50,borderline,train
pustular_acne_-123-_jpg.rf.90ccfea7ef8449515a23fbe8e8089c3a.jpg,Pustules,ACCEPTED,Unique representative. Quality: usable,pustular_acne_-123-_jpg.rf.90ccfea7ef8449515a23fbe8e8089c3a.jpg,68.59,usable,train
pustular_acne_-323-_jpg.rf.3b277e4de35fd30bcae34a10201a0f02.jpg,Pustules,ACCEPTED,Unique representative. Quality: borderline,pustular_acne_-323-_jpg.rf.3b277e4de35fd30bcae34a10201a0f02.jpg,46.83,borderline,train
pustular_acne_-193-_jpg.rf.ae4764e96e4fcdc4c3e0a107f30ba692.jpg,Pustules,ACCEPTED,Unique representative. Quality: usable,pustular_acne_-193-_jpg.rf.ae4764e96e4fcdc4c3e0a107f30ba692.jpg,80.53,usable,train
pustular_acne_-77-_jpg.rf.d7c4bf11633ebc8b57cf216289965559.jpg,Pustules,ACCEPTED,Unique representative. Quality: usable,pustular_acne_-77-_jpg.rf.d7c4bf11633ebc8b57cf216289965559.jpg,86.98,usable,train
pustular_acne_-338-_jpg.rf.28243ff87ae68cb45acf28048035fe54.jpg,Pustules,ACCEPTED,Unique representative. Quality: usable,pustular_acne_-338-_jpg.rf.28243ff87ae68cb45acf28048035fe54.jpg,83.65,usable,train
pustular_acne_-101-_jpg.rf.9ce09f9f4c04aca69234e086ab36ede9.jpg,Pustules,ACCEPTED,Unique representative. Quality: borderline,pustular_acne_-101-_jpg.rf.9ce09f9f4c04aca69234e086ab36ede9.jpg,54.82,borderline,train
pustular_acne_-338-_jpg.rf.47059d14e87fccd2d200846b0514369d.jpg,Pustules,ACCEPTED,Unique representative. Quality: usable,pustular_acne_-338-_jpg.rf.47059d14e87fccd2d200846b0514369d.jpg,97.89,usable,train
pustular_acne_-308-_jpg.rf.84f5b692e95003c2b38f9b2299092a94.jpg,Pustules,ACCEPTED,Unique representative. Quality: usable,pustular_acne_-308-_jpg.rf.84f5b692e95003c2b38f9b2299092a94.jpg,94.06,usable,train
pustular_acne_-339-_jpg.rf.5864dd4dc6463dc1341b63260097f0a9.jpg,Pustules,ACCEPTED,Unique representative. Quality: usable,pustular_acne_-339-_jpg.rf.5864dd4dc6463dc1341b63260097f0a9.jpg,62.16,usable,train
pustular_acne_-31-_jpg.rf.b8fa3cd6c9388a6f7877958692cc5fd0.jpg,Pustules,ACCEPTED,Unique representative. Quality: borderline,pustular_acne_-31-_jpg.rf.b8fa3cd6c9388a6f7877958692cc5fd0.jpg,56.51,borderline,train
pustular_acne_-338-_jpg.rf.17c23a9dffa52bb068670c485122086c.jpg,Pustules,ACCEPTED,Unique representative. Quality: usable,pustular_acne_-338-_jpg.rf.17c23a9dffa52bb068670c485122086c.jpg,75.01,usable,train
pustular_acne_-308-_jpg.rf.2b15c532b35037cd88b319445e373fdd.jpg,Pustules,ACCEPTED,Unique representative. Quality: usable,pustular_acne_-308-_jpg.rf.2b15c532b35037cd88b319445e373fdd.jpg,76.02,usable,train
pustular_acne_-192-_jpg.rf.0fc4843848d4a7fe2d3e33048d74f036.jpg,Pustules,ACCEPTED,Unique representative. Quality: usable,pustular_acne_-192-_jpg.rf.0fc4843848d4a7fe2d3e33048d74f036.jpg,71.63,usable,train
pustular_acne_-323-_jpg.rf.b3a0904b4b0a62e8ff651c1afc2072e1.jpg,Pustules,ACCEPTED,Unique representative. Quality: usable,pustular_acne_-323-_jpg.rf.b3a0904b4b0a62e8ff651c1afc2072e1.jpg,61.33,usable,train
Pustule-11-_jpg.rf.1c57bf0e961f7ecdd7af81c0c9a6cde8.jpg,Pustules,ACCEPTED,Unique representative. Quality: borderline,Pustule-11-_jpg.rf.1c57bf0e961f7ecdd7af81c0c9a6cde8.jpg,41.85,borderline,train
pustular_acne_-77-_jpg.rf.a0ae4a413ab318bee91ed5cf2b232b83.jpg,Pustules,ACCEPTED,Unique representative. Quality: usable,pustular_acne_-77-_jpg.rf.a0ae4a413ab318bee91ed5cf2b232b83.jpg,77.39,usable,train
pustular_acne_-193-_jpg.rf.f9799ef6ba55c4453a61982b27704f58.jpg,Pustules,ACCEPTED,Unique representative. Quality: borderline,pustular_acne_-193-_jpg.rf.f9799ef6ba55c4453a61982b27704f58.jpg,31.74,borderline,train
pustular_acne_-83-_jpg.rf.624708625e4192092d912c56344d71e6.jpg,Pustules,ACCEPTED,Unique representative. Quality: usable,pustular_acne_-83-_jpg.rf.624708625e4192092d912c56344d71e6.jpg,101.01,usable,train
pustular_acne_-338-_jpg.rf.8ec3d282ce1ad93f3a4472dec5725e82.jpg,Pustules,ACCEPTED,Unique representative. Quality: usable,pustular_acne_-338-_jpg.rf.8ec3d282ce1ad93f3a4472dec5725e82.jpg,63.21,usable,train
pustular_acne_-86-_jpg.rf.6c8bdc2ffa6cce010b08a2fd3a7a8700.jpg,Pustules,ACCEPTED,Unique representative. Quality: usable,pustular_acne_-86-_jpg.rf.6c8bdc2ffa6cce010b08a2fd3a7a8700.jpg,92.95,usable,train
pustular_acne_-308-_jpg.rf.989afbd649e0361fff99d56a117219b5.jpg,Pustules,ACCEPTED,Unique representative. Quality: usable,pustular_acne_-308-_jpg.rf.989afbd649e0361fff99d56a117219b5.jpg,67.58,usable,train
pustular_acne_-123-_jpg.rf.7719750f90cf4011418c0ef8d7ab146f.jpg,Pustules,ACCEPTED,Unique representative. Quality: usable,pustular_acne_-123-_jpg.rf.7719750f90cf4011418c0ef8d7ab146f.jpg,72.52,usable,valid
pustular_acne_-6-_jpg.rf.450bd0c75b027ec5811ba8a8ba8a5af6.jpg,Pustules,ACCEPTED,Unique representative. Quality: usable,pustular_acne_-6-_jpg.rf.450bd0c75b027ec5811ba8a8ba8a5af6.jpg,128.80,usable,valid
pustular_acne_-317-_jpg.rf.4e5398d43760cdc0e4ed64c46d909963.jpg,Pustules,ACCEPTED,Unique representative. Quality: usable,pustular_acne_-317-_jpg.rf.4e5398d43760cdc0e4ed64c46d909963.jpg,93.15,usable,valid
pustular_acne_-308-_jpg.rf.97118fa99325be2937d0e1e5a30f880c.jpg,Pustules,ACCEPTED,Unique representative. Quality: usable,pustular_acne_-308-_jpg.rf.97118fa99325be2937d0e1e5a30f880c.jpg,96.85,usable,valid
pustular_acne_-81-_jpg.rf.1b35aa13376a4db8e2d1094a3f91a16d.jpg,Pustules,ACCEPTED,Unique representative. Quality: usable,pustular_acne_-81-_jpg.rf.1b35aa13376a4db8e2d1094a3f91a16d.jpg,70.21,usable,valid
pustular_acne_-193-_jpg.rf.caa470d5cc4af51f112e0810dc2cb11e.jpg,Pustules,ACCEPTED,Unique representative. Quality: usable,pustular_acne_-193-_jpg.rf.caa470d5cc4af51f112e0810dc2cb11e.jpg,123.39,usable,valid
pustular_acne_-77-_jpg.rf.ea66f7f280448cafbfcf1785cc4d162d.jpg,Pustules,ACCEPTED,Unique representative. Quality: borderline,pustular_acne_-77-_jpg.rf.ea66f7f280448cafbfcf1785cc4d162d.jpg,58.84,borderline,valid
pustular_acne_-123-_jpg.rf.aa257776222fe9b872c1054d2c146a4a.jpg,Pustules,ACCEPTED,Unique representative. Quality: borderline,pustular_acne_-123-_jpg.rf.aa257776222fe9b872c1054d2c146a4a.jpg,48.33,borderline,valid
pustular_acne_-35-_jpg.rf.221644cb96ae7dd3fdd4847b9b3012a8.jpg,Pustules,ACCEPTED,Unique representative. Quality: usable,pustular_acne_-35-_jpg.rf.221644cb96ae7dd3fdd4847b9b3012a8.jpg,66.25,usable,valid
pustular_acne_-338-_jpg.rf.7a1ee8a3abafb3408a9e9faaeecd25f8.jpg,Pustules,ACCEPTED,Unique representative. Quality: usable,pustular_acne_-338-_jpg.rf.7a1ee8a3abafb3408a9e9faaeecd25f8.jpg,97.61,usable,valid
pustular_acne_-308-_jpg.rf.dd1579aef86ae9b0556272e217131781.jpg,Pustules,ACCEPTED,Unique representative. Quality: usable,pustular_acne_-308-_jpg.rf.dd1579aef86ae9b0556272e217131781.jpg,101.07,usable,valid
Pustule-9-_jpg.rf.9a7a9ec5f51f8c2b796639218506ca40.jpg,Pustules,ACCEPTED,Unique representative. Quality: usable,Pustule-9-_jpg.rf.9a7a9ec5f51f8c2b796639218506ca40.jpg,61.30,usable,valid
pustular_acne_-193-_jpg.rf.61ff6b4742f4d00ed9d513ad8c9de952.jpg,Pustules,ACCEPTED,Unique representative. Quality: borderline,pustular_acne_-193-_jpg.rf.61ff6b4742f4d00ed9d513ad8c9de952.jpg,50.33,borderline,valid
pustular_acne_-31-_jpg.rf.41b2a296337da30bdb79155f4554a5c2.jpg,Pustules,ACCEPTED,Unique representative. Quality: usable,pustular_acne_-31-_jpg.rf.41b2a296337da30bdb79155f4554a5c2.jpg,100.48,usable,valid
pustular_acne_-317-_jpg.rf.93013ed8eb09e0f08744c5111af026b8.jpg,Pustules,ACCEPTED,Unique representative. Quality: usable,pustular_acne_-317-_jpg.rf.93013ed8eb09e0f08744c5111af026b8.jpg,69.13,usable,valid
pustular_acne_-192-_jpg.rf.3714ccb963f14f2b90553878372db504.jpg,Pustules,ACCEPTED,Unique representative. Quality: usable,pustular_acne_-192-_jpg.rf.3714ccb963f14f2b90553878372db504.jpg,72.63,usable,valid
pustular_acne_-31-_jpg.rf.c9fbafae0edee57fcff8cd73d22bcf8f.jpg,Pustules,ACCEPTED,Unique representative. Quality: usable,pustular_acne_-31-_jpg.rf.c9fbafae0edee57fcff8cd73d22bcf8f.jpg,63.89,usable,valid
pustular_acne_-6-_jpg.rf.8b530313d6a0486c484fdd90252e2179.jpg,Pustules,ACCEPTED,Unique representative. Quality: usable,pustular_acne_-6-_jpg.rf.8b530313d6a0486c484fdd90252e2179.jpg,63.02,usable,valid
pustular_acne_-86-_jpg.rf.87016b9fbaac6a4599462a67871de1d9.jpg,Pustules,ACCEPTED,Unique representative. Quality: usable,pustular_acne_-86-_jpg.rf.87016b9fbaac6a4599462a67871de1d9.jpg,61.78,usable,valid
pustular_acne_-339-_jpg.rf.4004ab64de4e48ad7ef8eeb6a8f05c64.jpg,Pustules,ACCEPTED,Unique representative. Quality: usable,pustular_acne_-339-_jpg.rf.4004ab64de4e48ad7ef8eeb6a8f05c64.jpg,67.20,usable,valid
pustular_acne_-338-_jpg.rf.a20359ddff5fe6748cac1588682b836d.jpg,Pustules,ACCEPTED,Unique representative. Quality: borderline,pustular_acne_-338-_jpg.rf.a20359ddff5fe6748cac1588682b836d.jpg,52.78,borderline,valid
pustular_acne_-81-_jpg.rf.6d266c21cfc6f2408235071af859ff44.jpg,Pustules,ACCEPTED,Unique representative. Quality: usable,pustular_acne_-81-_jpg.rf.6d266c21cfc6f2408235071af859ff44.jpg,99.62,usable,valid
pustular_acne_-123-_jpg.rf.80762da0365b540a03731e635d77bbf5.jpg,Pustules,ACCEPTED,Unique representative. Quality: usable,pustular_acne_-123-_jpg.rf.80762da0365b540a03731e635d77bbf5.jpg,68.57,usable,valid
pustular_acne_-50-_jpg.rf.1522bbd2b28c73f22753827008dd16cb.jpg,Pustules,ACCEPTED,Unique representative. Quality: usable,pustular_acne_-50-_jpg.rf.1522bbd2b28c73f22753827008dd16cb.jpg,87.97,usable,valid
pustular_acne_-339-_jpg.rf.153b8dbe8a13b52f639521bd95034d12.jpg,Pustules,ACCEPTED,Unique representative. Quality: usable,pustular_acne_-339-_jpg.rf.153b8dbe8a13b52f639521bd95034d12.jpg,73.47,usable,valid
pustular_acne_-77-_jpg.rf.ce0ab8c092178b04132d1f6f2403b82d.jpg,Pustules,ACCEPTED,Unique representative. Quality: usable,pustular_acne_-77-_jpg.rf.ce0ab8c092178b04132d1f6f2403b82d.jpg,67.80,usable,valid
pustular_acne_-81-_jpg.rf.8c0fb1ffe894ba88a5c30dd6dff22489.jpg,Pustules,ACCEPTED,Unique representative. Quality: usable,pustular_acne_-81-_jpg.rf.8c0fb1ffe894ba88a5c30dd6dff22489.jpg,92.17,usable,valid
pustular_acne_-77-_jpg.rf.222587f89f47200db066deabcf5cac38.jpg,Pustules,ACCEPTED,Unique representative. Quality: borderline,pustular_acne_-77-_jpg.rf.222587f89f47200db066deabcf5cac38.jpg,55.45,borderline,valid
pustular_acne_-339-_jpg.rf.ba508dc3d73e69e51f26e9c67f6f5e13.jpg,Pustules,ACCEPTED,Unique representative. Quality: usable,pustular_acne_-339-_jpg.rf.ba508dc3d73e69e51f26e9c67f6f5e13.jpg,88.39,usable,valid
pustular_acne_-83-_jpg.rf.2c1e278c064007222dea60122cfc987b.jpg,Pustules,ACCEPTED,Unique representative. Quality: usable,pustular_acne_-83-_jpg.rf.2c1e278c064007222dea60122cfc987b.jpg,96.63,usable,valid
Pustule-19-_JPG_jpg.rf.c293afca2dc79aea8e297576c6293a20.jpg,Pustules,ACCEPTED,Unique representative. Quality: borderline,Pustule-19-_JPG_jpg.rf.c293afca2dc79aea8e297576c6293a20.jpg,41.71,borderline,valid
pustular_acne_-86-_jpg.rf.838ebd1e194ea53d30e6c104c3c9081c.jpg,Pustules,ACCEPTED,Unique representative. Quality: borderline,pustular_acne_-86-_jpg.rf.838ebd1e194ea53d30e6c104c3c9081c.jpg,50.09,borderline,valid
pustular_acne_-81-_jpg.rf.78f1b87e11d793101b2cb6259a97344d.jpg,Pustules,ACCEPTED,Unique representative. Quality: usable,pustular_acne_-81-_jpg.rf.78f1b87e11d793101b2cb6259a97344d.jpg,76.49,usable,valid
Pustule-29-_jpg.rf.1eade89e987f4f295319ea19c90d1eb4.jpg,Pustules,ACCEPTED,Unique representative. Quality: borderline,Pustule-29-_jpg.rf.1eade89e987f4f295319ea19c90d1eb4.jpg,35.21,borderline,valid
pustular_acne_-343-_jpg.rf.ef7ac013dadcd23b12748fa0975d9413.jpg,Pustules,ACCEPTED,Unique representative. Quality: borderline,pustular_acne_-343-_jpg.rf.ef7ac013dadcd23b12748fa0975d9413.jpg,53.42,borderline,valid
pustular_acne_-31-_jpg.rf.9b83a75bd8d322093581c485f9964300.jpg,Pustules,ACCEPTED,Unique representative. Quality: borderline,pustular_acne_-31-_jpg.rf.9b83a75bd8d322093581c485f9964300.jpg,54.15,borderline,valid
pustular_acne_-338-_jpg.rf.d4dc97460f09c09cacf540436b6eccec.jpg,Pustules,ACCEPTED,Unique representative. Quality: usable,pustular_acne_-338-_jpg.rf.d4dc97460f09c09cacf540436b6eccec.jpg,77.33,usable,valid
pustular_acne_-15-_jpg.rf.c4f894aa27c0d2e8f2bab448a9a8f766.jpg,Pustules,ACCEPTED,Unique representative. Quality: usable,pustular_acne_-15-_jpg.rf.c4f894aa27c0d2e8f2bab448a9a8f766.jpg,100.48,usable,valid
pustular_acne_-101-_jpg.rf.8d4bd73e0b9fc42eb4e483d3f6dfd975.jpg,Pustules,ACCEPTED,Unique representative. Quality: usable,pustular_acne_-101-_jpg.rf.8d4bd73e0b9fc42eb4e483d3f6dfd975.jpg,80.67,usable,valid
pustular_acne_-317-_jpg.rf.501e0f60f3ab5011185f99999e06a841.jpg,Pustules,ACCEPTED,Unique representative. Quality: usable,pustular_acne_-317-_jpg.rf.501e0f60f3ab5011185f99999e06a841.jpg,89.05,usable,valid
Pustule-19-_JPG_jpg.rf.e13c5a37230d37736c4116f4e6cc308e.jpg,Pustules,ACCEPTED,Unique representative. Quality: usable,Pustule-19-_JPG_jpg.rf.e13c5a37230d37736c4116f4e6cc308e.jpg,81.59,usable,valid
pustular_acne_-77-_jpg.rf.4705e7a70e6ec9b0777e4d131487299c.jpg,Pustules,ACCEPTED,Unique representative. Quality: borderline,pustular_acne_-77-_jpg.rf.4705e7a70e6ec9b0777e4d131487299c.jpg,42.91,borderline,valid
Pustule-7-_jpg.rf.d83219f684c4ad6cd3888212a02061c8.jpg,Pustules,ACCEPTED,Unique representative. Quality: borderline,Pustule-7-_jpg.rf.d83219f684c4ad6cd3888212a02061c8.jpg,54.47,borderline,valid
Pustule-11-_jpg.rf.4eb9f04c77b94c387f429817f769b790.jpg,Pustules,ACCEPTED,Unique representative. Quality: borderline,Pustule-11-_jpg.rf.4eb9f04c77b94c387f429817f769b790.jpg,42.31,borderline,valid
pustular_acne_-77-_jpg.rf.256a02a5937d3b6bca669e5146d9a2c7.jpg,Pustules,ACCEPTED,Unique representative. Quality: usable,pustular_acne_-77-_jpg.rf.256a02a5937d3b6bca669e5146d9a2c7.jpg,109.35,usable,valid
Pustule-28-_jpg.rf.50a473abf9a7b8d877ff3d8d7ff8b1bf.jpg,Pustules,ACCEPTED,Unique representative. Quality: borderline,Pustule-28-_jpg.rf.50a473abf9a7b8d877ff3d8d7ff8b1bf.jpg,42.73,borderline,valid
pustular_acne_-83-_jpg.rf.6635b84c2b8880006d5aa1c9b1bda58a.jpg,Pustules,ACCEPTED,Unique representative. Quality: usable,pustular_acne_-83-_jpg.rf.6635b84c2b8880006d5aa1c9b1bda58a.jpg,126.26,usable,valid
Pustule-8-_jpg.rf.f63376dcd893adb6e3877711c155d3f4.jpg,Pustules,ACCEPTED,Unique representative. Quality: usable,Pustule-8-_jpg.rf.f63376dcd893adb6e3877711c155d3f4.jpg,98.26,usable,valid
Pustule-28-_jpg.rf.508174f19289d98733de7c774e7fc6d0.jpg,Pustules,ACCEPTED,Unique representative. Quality: borderline,Pustule-28-_jpg.rf.508174f19289d98733de7c774e7fc6d0.jpg,49.56,borderline,valid
pustular_acne_-77-_jpg.rf.4555ba1f9ed10e97aac9a7702b9c607a.jpg,Pustules,ACCEPTED,Unique representative. Quality: usable,pustular_acne_-77-_jpg.rf.4555ba1f9ed10e97aac9a7702b9c607a.jpg,97.74,usable,valid
pustular_acne_-343-_jpg.rf.fead022e69a134953e46f4db62cf965d.jpg,Pustules,ACCEPTED,Unique representative. Quality: usable,pustular_acne_-343-_jpg.rf.fead022e69a134953e46f4db62cf965d.jpg,77.36,usable,valid
Pustule-9-_jpg.rf.812d6bc2013c0142f21a7341accb968b.jpg,Pustules,ACCEPTED,Unique representative. Quality: usable,Pustule-9-_jpg.rf.812d6bc2013c0142f21a7341accb968b.jpg,78.57,usable,valid
pustular_acne_-343-_jpg.rf.8255a88eca58c9896f82083888f49f6e.jpg,Pustules,ACCEPTED,Unique representative. Quality: usable,pustular_acne_-343-_jpg.rf.8255a88eca58c9896f82083888f49f6e.jpg,129.53,usable,valid
pustular_acne_-15-_jpg.rf.075bbe8080fb638c206c31046fce23a5.jpg,Pustules,ACCEPTED,Unique representative. Quality: borderline,pustular_acne_-15-_jpg.rf.075bbe8080fb638c206c31046fce23a5.jpg,43.85,borderline,valid
pustular_acne_-308-_jpg.rf.c3f74069d48a4f82dddf0d40267c4fc8.jpg,Pustules,ACCEPTED,Unique representative. Quality: borderline,pustular_acne_-308-_jpg.rf.c3f74069d48a4f82dddf0d40267c4fc8.jpg,54.41,borderline,valid
pustular_acne_-77-_jpg.rf.337dadeb5d7c183a39e68268902fd589.jpg,Pustules,ACCEPTED,Unique representative. Quality: usable,pustular_acne_-77-_jpg.rf.337dadeb5d7c183a39e68268902fd589.jpg,76.75,usable,valid
pustular_acne_-101-_jpg.rf.26322b8a673b18250e4a30ce9811884b.jpg,Pustules,ACCEPTED,Unique representative. Quality: borderline,pustular_acne_-101-_jpg.rf.26322b8a673b18250e4a30ce9811884b.jpg,37.29,borderline,valid
Pustule-7-_jpg.rf.0df52f6a63bd82e145cdc4d587a9c92b.jpg,Pustules,ACCEPTED,Unique representative. Quality: usable,Pustule-7-_jpg.rf.0df52f6a63bd82e145cdc4d587a9c92b.jpg,62.49,usable,valid
pustular_acne_-323-_jpg.rf.79243ad3d9f73687a4c8fca645169215.jpg,Pustules,ACCEPTED,Unique representative. Quality: usable,pustular_acne_-323-_jpg.rf.79243ad3d9f73687a4c8fca645169215.jpg,67.00,usable,valid
pustular_acne_-338-_jpg.rf.4c36ae889198a64f4b3113b30ef702b1.jpg,Pustules,ACCEPTED,Unique representative. Quality: usable,pustular_acne_-338-_jpg.rf.4c36ae889198a64f4b3113b30ef702b1.jpg,85.28,usable,valid
Pustule-4-_jpg.rf.745e5c4e425153a356cc379bad4a30b9.jpg,Pustules,ACCEPTED,Unique representative. Quality: borderline,Pustule-4-_jpg.rf.745e5c4e425153a356cc379bad4a30b9.jpg,40.16,borderline,valid
pustular_acne_-83-_jpg.rf.7911bde8b56462b16d64b1d3a60fb53f.jpg,Pustules,ACCEPTED,Unique representative. Quality: high_quality,pustular_acne_-83-_jpg.rf.7911bde8b56462b16d64b1d3a60fb53f.jpg,193.66,high_quality,valid
pustular_acne_-86-_jpg.rf.62e7797520f94f940d23a0019ef7d485.jpg,Pustules,ACCEPTED,Unique representative. Quality: usable,pustular_acne_-86-_jpg.rf.62e7797520f94f940d23a0019ef7d485.jpg,149.36,usable,valid
pustular_acne_-323-_jpg.rf.b0ddd6f73f0998147784536d433bf1a0.jpg,Pustules,ACCEPTED,Unique representative. Quality: usable,pustular_acne_-323-_jpg.rf.b0ddd6f73f0998147784536d433bf1a0.jpg,90.08,usable,valid
pustular_acne_-339-_jpg.rf.07306839bfd7f86f55f0414083613654.jpg,Pustules,ACCEPTED,Unique representative. Quality: borderline,pustular_acne_-339-_jpg.rf.07306839bfd7f86f55f0414083613654.jpg,51.19,borderline,valid
pustular_acne_-317-_jpg.rf.ed411b9972c39e67c392cdf9bcf8e9f9.jpg,Pustules,ACCEPTED,Unique representative. Quality: usable,pustular_acne_-317-_jpg.rf.ed411b9972c39e67c392cdf9bcf8e9f9.jpg,76.51,usable,valid
pustular_acne_-323-_jpg.rf.3f08567a6f657c4ba8eaa92465e01441.jpg,Pustules,ACCEPTED,Unique representative. Quality: usable,pustular_acne_-323-_jpg.rf.3f08567a6f657c4ba8eaa92465e01441.jpg,91.62,usable,valid
pustular_acne_-339-_jpg.rf.4b828288f8c6ec3ee2ab611dd8ad52e4.jpg,Pustules,ACCEPTED,Unique representative. Quality: usable,pustular_acne_-339-_jpg.rf.4b828288f8c6ec3ee2ab611dd8ad52e4.jpg,74.79,usable,valid
pustular_acne_-338-_jpg.rf.9e39fe92791e502cf265d6289782cc6c.jpg,Pustules,ACCEPTED,Unique representative. Quality: usable,pustular_acne_-338-_jpg.rf.9e39fe92791e502cf265d6289782cc6c.jpg,87.35,usable,valid
pustular_acne_-77-_jpg.rf.c6242b79c95523a6670e7f35eed46af9.jpg,Pustules,ACCEPTED,Unique representative. Quality: borderline,pustular_acne_-77-_jpg.rf.c6242b79c95523a6670e7f35eed46af9.jpg,45.33,borderline,valid
pustular_acne_-308-_jpg.rf.33e0cb9cd07fa84c07d58320fe3df9a2.jpg,Pustules,ACCEPTED,Unique representative. Quality: usable,pustular_acne_-308-_jpg.rf.33e0cb9cd07fa84c07d58320fe3df9a2.jpg,70.74,usable,valid
pustular_acne_-338-_jpg.rf.d8b1ae29ffb9666df6d6f6517249c5e2.jpg,Pustules,ACCEPTED,Unique representative. Quality: usable,pustular_acne_-338-_jpg.rf.d8b1ae29ffb9666df6d6f6517249c5e2.jpg,88.78,usable,valid
pustular_acne_-77-_jpg.rf.a060e71311c2991e0484eed8719f23f0.jpg,Pustules,ACCEPTED,Unique representative. Quality: usable,pustular_acne_-77-_jpg.rf.a060e71311c2991e0484eed8719f23f0.jpg,100.83,usable,valid
Pustule-13-_jpg.rf.01286e97b6a5492d5b59d2779e9611af.jpg,Pustules,ACCEPTED,Unique representative. Quality: borderline,Pustule-13-_jpg.rf.01286e97b6a5492d5b59d2779e9611af.jpg,57.48,borderline,valid
pustular_acne_-123-_jpg.rf.255f34e565a23126e479367d7da0647c.jpg,Pustules,ACCEPTED,Unique representative. Quality: usable,pustular_acne_-123-_jpg.rf.255f34e565a23126e479367d7da0647c.jpg,95.66,usable,valid
pustular_acne_-338-_jpg.rf.b02184592ec9040586d015286d5a9d4b.jpg,Pustules,ACCEPTED,Unique representative. Quality: usable,pustular_acne_-338-_jpg.rf.b02184592ec9040586d015286d5a9d4b.jpg,61.54,usable,valid
pustular_acne_-343-_jpg.rf.116e8a1af879235b4ef8c96032e0ef15.jpg,Pustules,ACCEPTED,Unique representative. Quality: usable,pustular_acne_-343-_jpg.rf.116e8a1af879235b4ef8c96032e0ef15.jpg,94.08,usable,valid
Pustule-2-_jpg.rf.2c479b54545c239848f9472a431da946.jpg,Pustules,ACCEPTED,Unique representative. Quality: borderline,Pustule-2-_jpg.rf.2c479b54545c239848f9472a431da946.jpg,41.33,borderline,valid
pustular_acne_-86-_jpg.rf.2a922688200f0b94412ac8135514f047.jpg,Pustules,ACCEPTED,Unique representative. Quality: usable,pustular_acne_-86-_jpg.rf.2a922688200f0b94412ac8135514f047.jpg,83.23,usable,valid
pustular_acne_-81-_jpg.rf.b27f23b7321332afa6dafa07831acd31.jpg,Pustules,ACCEPTED,Unique representative. Quality: usable,pustular_acne_-81-_jpg.rf.b27f23b7321332afa6dafa07831acd31.jpg,117.35,usable,valid
pustular_acne_-77-_jpg.rf.035b5257d80325c4513538101a918ab2.jpg,Pustules,ACCEPTED,Unique representative. Quality: usable,pustular_acne_-77-_jpg.rf.035b5257d80325c4513538101a918ab2.jpg,108.31,usable,valid
pustular_acne_-50-_jpg.rf.8aeac7eb44cdd868368e86f9c3e60b1c.jpg,Pustules,ACCEPTED,Unique representative. Quality: usable,pustular_acne_-50-_jpg.rf.8aeac7eb44cdd868368e86f9c3e60b1c.jpg,107.15,usable,valid
pustular_acne_-317-_jpg.rf.35fdcc9fac72318e1ed51d3b91a65d65.jpg,Pustules,ACCEPTED,Unique representative. Quality: usable,pustular_acne_-317-_jpg.rf.35fdcc9fac72318e1ed51d3b91a65d65.jpg,70.10,usable,valid
pustular_acne_-6-_jpg.rf.683c7afd24087364495d954e3cc8cd10.jpg,Pustules,ACCEPTED,Unique representative. Quality: usable,pustular_acne_-6-_jpg.rf.683c7afd24087364495d954e3cc8cd10.jpg,93.06,usable,valid
pustular_acne_-86-_jpg.rf.6b3533c0cd0d4956ffbb3fa78d2537c5.jpg,Pustules,ACCEPTED,Unique representative. Quality: usable,pustular_acne_-86-_jpg.rf.6b3533c0cd0d4956ffbb3fa78d2537c5.jpg,91.07,usable,valid
pustular_acne_-323-_jpg.rf.c90990c82c395a7fc5cbce39a1792357.jpg,Pustules,ACCEPTED,Unique representative. Quality: usable,pustular_acne_-323-_jpg.rf.c90990c82c395a7fc5cbce39a1792357.jpg,65.37,usable,test
pustular_acne_-15-_jpg.rf.8f8a2b771a72cf45b5ad06517e3b5748.jpg,Pustules,ACCEPTED,Unique representative. Quality: borderline,pustular_acne_-15-_jpg.rf.8f8a2b771a72cf45b5ad06517e3b5748.jpg,58.94,borderline,test
pustular_acne_-15-_jpg.rf.b42e3803ecba240e795776fb21a1622d.jpg,Pustules,ACCEPTED,Unique representative. Quality: borderline,pustular_acne_-15-_jpg.rf.b42e3803ecba240e795776fb21a1622d.jpg,48.25,borderline,test
pustular_acne_-339-_jpg.rf.ed6e0ac181f8c10ede3203bba7dfee8f.jpg,Pustules,ACCEPTED,Unique representative. Quality: usable,pustular_acne_-339-_jpg.rf.ed6e0ac181f8c10ede3203bba7dfee8f.jpg,103.45,usable,test
pustular_acne_-317-_jpg.rf.3847c88d932d7f08faca451d52aa01e2.jpg,Pustules,ACCEPTED,Unique representative. Quality: usable,pustular_acne_-317-_jpg.rf.3847c88d932d7f08faca451d52aa01e2.jpg,89.22,usable,test
pustular_acne_-77-_jpg.rf.1750159bd0969a650ab87b85bebb5094.jpg,Pustules,ACCEPTED,Unique representative. Quality: usable,pustular_acne_-77-_jpg.rf.1750159bd0969a650ab87b85bebb5094.jpg,68.51,usable,test
pustular_acne_-338-_jpg.rf.970e36bd8fcffb3d7852cc371b618816.jpg,Pustules,ACCEPTED,Unique representative. Quality: usable,pustular_acne_-338-_jpg.rf.970e36bd8fcffb3d7852cc371b618816.jpg,74.37,usable,test
pustular_acne_-323-_jpg.rf.23103d4edf4c8c92574f967c460aadc1.jpg,Pustules,ACCEPTED,Unique representative. Quality: borderline,pustular_acne_-323-_jpg.rf.23103d4edf4c8c92574f967c460aadc1.jpg,37.75,borderline,test
pustular_acne_-83-_jpg.rf.6a94ca660430b9ad298e1b93b4f1f956.jpg,Pustules,ACCEPTED,Unique representative. Quality: borderline,pustular_acne_-83-_jpg.rf.6a94ca660430b9ad298e1b93b4f1f956.jpg,46.60,borderline,test
pustular_acne_-123-_jpg.rf.124952181bf1ed9f1206dc1251946df1.jpg,Pustules,ACCEPTED,Unique representative. Quality: usable,pustular_acne_-123-_jpg.rf.124952181bf1ed9f1206dc1251946df1.jpg,78.22,usable,test
pustular_acne_-339-_jpg.rf.e1126b4170184e79953bf26e836a3d23.jpg,Pustules,ACCEPTED,Unique representative. Quality: usable,pustular_acne_-339-_jpg.rf.e1126b4170184e79953bf26e836a3d23.jpg,75.65,usable,test
pustular_acne_-83-_jpg.rf.0f871ebce9bdcf421fb71042fedf7718.jpg,Pustules,ACCEPTED,Unique representative. Quality: usable,pustular_acne_-83-_jpg.rf.0f871ebce9bdcf421fb71042fedf7718.jpg,79.99,usable,test
pustular_acne_-77-_jpg.rf.060391b920fc5b8f779da574e198e6b1.jpg,Pustules,ACCEPTED,Unique representative. Quality: borderline,pustular_acne_-77-_jpg.rf.060391b920fc5b8f779da574e198e6b1.jpg,56.59,borderline,test
pustular_acne_-77-_jpg.rf.32a421591e82a1097c731de7c84bb029.jpg,Pustules,ACCEPTED,Unique representative. Quality: usable,pustular_acne_-77-_jpg.rf.32a421591e82a1097c731de7c84bb029.jpg,70.71,usable,test
pustular_acne_-308-_jpg.rf.5d38387182476aa31db30e092609fb1f.jpg,Pustules,ACCEPTED,Unique representative. Quality: usable,pustular_acne_-308-_jpg.rf.5d38387182476aa31db30e092609fb1f.jpg,73.24,usable,test
pustular_acne_-77-_jpg.rf.f310698bbc668973e0b930b08cf60206.jpg,Pustules,ACCEPTED,Unique representative. Quality: usable,pustular_acne_-77-_jpg.rf.f310698bbc668973e0b930b08cf60206.jpg,64.53,usable,test
Pustule-29-_jpg.rf.95af463029d7aa1b337d65092263176e.jpg,Pustules,ACCEPTED,Unique representative. Quality: borderline,Pustule-29-_jpg.rf.95af463029d7aa1b337d65092263176e.jpg,37.33,borderline,test
pustular_acne_-338-_jpg.rf.c49900471ecc96c189ceb2ddd1d268eb.jpg,Pustules,ACCEPTED,Unique representative. Quality: borderline,pustular_acne_-338-_jpg.rf.c49900471ecc96c189ceb2ddd1d268eb.jpg,49.89,borderline,test
pustular_acne_-86-_jpg.rf.5604cb3595098ad894b41fa86189c042.jpg,Pustules,ACCEPTED,Unique representative. Quality: usable,pustular_acne_-86-_jpg.rf.5604cb3595098ad894b41fa86189c042.jpg,85.42,usable,test
pustular_acne_-323-_jpg.rf.31a2d57ef5f0ef6273687c1dfb74150f.jpg,Pustules,ACCEPTED,Unique representative. Quality: usable,pustular_acne_-323-_jpg.rf.31a2d57ef5f0ef6273687c1dfb74150f.jpg,66.84,usable,test
Pustule-13-_jpg.rf.1a62dfc92a287ce740b6c159f67cf110.jpg,Pustules,ACCEPTED,Unique representative. Quality: borderline,Pustule-13-_jpg.rf.1a62dfc92a287ce740b6c159f67cf110.jpg,46.29,borderline,test
pustular_acne_-308-_jpg.rf.d228fc23921e9ebf7ae2cf7f08233a0d.jpg,Pustules,ACCEPTED,Unique representative. Quality: usable,pustular_acne_-308-_jpg.rf.d228fc23921e9ebf7ae2cf7f08233a0d.jpg,120.51,usable,test
pustular_acne_-77-_jpg.rf.f673ee8e808e3498d34d53c435693a8c.jpg,Pustules,ACCEPTED,Unique representative. Quality: usable,pustular_acne_-77-_jpg.rf.f673ee8e808e3498d34d53c435693a8c.jpg,93.77,usable,test
pustular_acne_-123-_jpg.rf.20fa7e5f8feab4b29784385a0e62467d.jpg,Pustules,ACCEPTED,Unique representative. Quality: usable,pustular_acne_-123-_jpg.rf.20fa7e5f8feab4b29784385a0e62467d.jpg,74.23,usable,test
pustular_acne_-308-_jpg.rf.8102d3b689bff6752b4b22664ebd4135.jpg,Pustules,ACCEPTED,Unique representative. Quality: usable,pustular_acne_-308-_jpg.rf.8102d3b689bff6752b4b22664ebd4135.jpg,103.80,usable,test
pustular_acne_-50-_jpg.rf.67820559ccdbad0ab43b8dc7c4f2ddd7.jpg,Pustules,ACCEPTED,Unique representative. Quality: usable,pustular_acne_-50-_jpg.rf.67820559ccdbad0ab43b8dc7c4f2ddd7.jpg,121.64,usable,test
pustular_acne_-289-_jpg.rf.bbd339144f86e0096b485197965c881b.jpg,Pustules,ACCEPTED,Unique representative. Quality: usable,pustular_acne_-289-_jpg.rf.bbd339144f86e0096b485197965c881b.jpg,108.15,usable,test
Pustule-6-_jpg.rf.e8204056df838d9a54d166a7d143957c.jpg,Pustules,ACCEPTED,Unique representative. Quality: borderline,Pustule-6-_jpg.rf.e8204056df838d9a54d166a7d143957c.jpg,42.58,borderline,test
pustular_acne_-6-_jpg.rf.facd3b4860925a9564c2bc1c022f72c5.jpg,Pustules,ACCEPTED,Unique representative. Quality: usable,pustular_acne_-6-_jpg.rf.facd3b4860925a9564c2bc1c022f72c5.jpg,72.92,usable,test
pustular_acne_-339-_jpg.rf.bce1d0e33dcce92ae1aa1cdbbf9cc0eb.jpg,Pustules,ACCEPTED,Unique representative. Quality: usable,pustular_acne_-339-_jpg.rf.bce1d0e33dcce92ae1aa1cdbbf9cc0eb.jpg,95.48,usable,test
Pustule-13-_jpg.rf.d69d29e8fa221b354ad85ec91bfdbc74.jpg,Pustules,ACCEPTED,Unique representative. Quality: usable,Pustule-13-_jpg.rf.d69d29e8fa221b354ad85ec91bfdbc74.jpg,68.45,usable,test
pustular_acne_-86-_jpg.rf.ec2d440f9c7204caab40d8e05caab267.jpg,Pustules,ACCEPTED,Unique representative. Quality: usable,pustular_acne_-86-_jpg.rf.ec2d440f9c7204caab40d8e05caab267.jpg,108.78,usable,test
Pustule-9-_jpg.rf.bbac52196c90927ef5c1b8ba87b7fa1b.jpg,Pustules,ACCEPTED,Unique representative. Quality: borderline,Pustule-9-_jpg.rf.bbac52196c90927ef5c1b8ba87b7fa1b.jpg,48.48,borderline,test
pustular_acne_-81-_jpg.rf.7b5c79479d9228f33f16a39f469d9bc0.jpg,Pustules,ACCEPTED,Unique representative. Quality: usable,pustular_acne_-81-_jpg.rf.7b5c79479d9228f33f16a39f469d9bc0.jpg,100.81,usable,test
pustular_acne_-31-_jpg.rf.67d134f4c33b12ea8d0110896c99b5c7.jpg,Pustules,ACCEPTED,Unique representative. Quality: borderline,pustular_acne_-31-_jpg.rf.67d134f4c33b12ea8d0110896c99b5c7.jpg,48.89,borderline,test
pustular_acne_-317-_jpg.rf.2ae18bcf5ef9b277284c33d7477bd8ae.jpg,Pustules,ACCEPTED,Unique representative. Quality: usable,pustular_acne_-317-_jpg.rf.2ae18bcf5ef9b277284c33d7477bd8ae.jpg,80.60,usable,test
pustular_acne_-6-_jpg.rf.673b840c1fa680a809a802585d3ebeac.jpg,Pustules,ACCEPTED,Unique representative. Quality: borderline,pustular_acne_-6-_jpg.rf.673b840c1fa680a809a802585d3ebeac.jpg,59.28,borderline,test
pustular_acne_-123-_jpg.rf.e10292a210af12f5245888e9ad11338f.jpg,Pustules,ACCEPTED,Unique representative. Quality: usable,pustular_acne_-123-_jpg.rf.e10292a210af12f5245888e9ad11338f.jpg,71.85,usable,test
Pustule-21-_JPG_jpg.rf.d5a1f46d7a28ef161d4836471facc390.jpg,Pustules,ACCEPTED,Unique representative. Quality: borderline,Pustule-21-_JPG_jpg.rf.d5a1f46d7a28ef161d4836471facc390.jpg,50.38,borderline,test
Pustule-25-_JPG_jpg.rf.f31e0e74e64c05bd9d4485ac60c52738.jpg,Pustules,ACCEPTED,Unique representative. Quality: usable,Pustule-25-_JPG_jpg.rf.f31e0e74e64c05bd9d4485ac60c52738.jpg,62.44,usable,test
pustular_acne_-123-_jpg.rf.93455824c4b1b446d4c5a39d1f44a873.jpg,Pustules,ACCEPTED,Unique representative. Quality: usable,pustular_acne_-123-_jpg.rf.93455824c4b1b446d4c5a39d1f44a873.jpg,89.30,usable,test
pustular_acne_-77-_jpg.rf.fb0a3c83f6c883ae05a101bf69bc9364.jpg,Pustules,ACCEPTED,Unique representative. Quality: borderline,pustular_acne_-77-_jpg.rf.fb0a3c83f6c883ae05a101bf69bc9364.jpg,50.20,borderline,test
Pustule-29-_jpg.rf.27016b445bcc46365eafa41ac20ffc91.jpg,Pustules,ACCEPTED,Unique representative. Quality: borderline,Pustule-29-_jpg.rf.27016b445bcc46365eafa41ac20ffc91.jpg,40.06,borderline,test
pustular_acne_-15-_jpg.rf.7c9dae5b1de4ee437f4dcd7cbe703cfb.jpg,Pustules,ACCEPTED,Unique representative. Quality: borderline,pustular_acne_-15-_jpg.rf.7c9dae5b1de4ee437f4dcd7cbe703cfb.jpg,58.71,borderline,test
pustular_acne_-317-_jpg.rf.0a141492113dd492add76739c926602f.jpg,Pustules,ACCEPTED,Unique representative. Quality: usable,pustular_acne_-317-_jpg.rf.0a141492113dd492add76739c926602f.jpg,83.77,usable,test
pustular_acne_-86-_jpg.rf.0b6ff57644f4885d6ec04d52a465a70d.jpg,Pustules,ACCEPTED,Unique representative. Quality: usable,pustular_acne_-86-_jpg.rf.0b6ff57644f4885d6ec04d52a465a70d.jpg,92.16,usable,test
pustular_acne_-31-_jpg.rf.a1f8f2d3281866fad1211413700b3a10.jpg,Pustules,ACCEPTED,Unique representative. Quality: usable,pustular_acne_-31-_jpg.rf.a1f8f2d3281866fad1211413700b3a10.jpg,68.08,usable,test
pustular_acne_-77-_jpg.rf.3ad97d125f3c65656e183349908460d4.jpg,Pustules,ACCEPTED,Unique representative. Quality: usable,pustular_acne_-77-_jpg.rf.3ad97d125f3c65656e183349908460d4.jpg,89.56,usable,test
pustular_acne_-289-_jpg.rf.a751bf37fef25c252c12a5780d2137b0.jpg,Pustules,ACCEPTED,Unique representative. Quality: usable,pustular_acne_-289-_jpg.rf.a751bf37fef25c252c12a5780d2137b0.jpg,119.18,usable,test
pustular_acne_-343-_jpg.rf.914e9057a01fb14e28dfd8c2a83610e1.jpg,Pustules,ACCEPTED,Unique representative. Quality: usable,pustular_acne_-343-_jpg.rf.914e9057a01fb14e28dfd8c2a83610e1.jpg,126.63,usable,test
pustular_acne_-317-_jpg.rf.82a4d3386bc10bee966cd2eb95243b27.jpg,Pustules,ACCEPTED,Unique representative. Quality: usable,pustular_acne_-317-_jpg.rf.82a4d3386bc10bee966cd2eb95243b27.jpg,79.13,usable,test
pustular_acne_-192-_jpg.rf.7b4562723523e8e9f110a20716281b3a.jpg,Pustules,ACCEPTED,Unique representative. Quality: usable,pustular_acne_-192-_jpg.rf.7b4562723523e8e9f110a20716281b3a.jpg,139.97,usable,test
pustular_acne_-86-_jpg.rf.8e124ad9b8cd4b1d4f528b1521019565.jpg,Pustules,ACCEPTED,Unique representative. Quality: borderline,pustular_acne_-86-_jpg.rf.8e124ad9b8cd4b1d4f528b1521019565.jpg,39.94,borderline,test
pustular_acne_-123-_jpg.rf.793aa1797d0b246cefef494e52953a2d.jpg,Pustules,ACCEPTED,Unique representative. Quality: borderline,pustular_acne_-123-_jpg.rf.793aa1797d0b246cefef494e52953a2d.jpg,44.61,borderline,test
pustular_acne_-31-_jpg.rf.6b8e2db828e99476dd3d16ce4fc62508.jpg,Pustules,ACCEPTED,Unique representative. Quality: usable,pustular_acne_-31-_jpg.rf.6b8e2db828e99476dd3d16ce4fc62508.jpg,123.36,usable,test
pustular_acne_-86-_jpg.rf.7e289095f92dd72293fe54fb811f17aa.jpg,Pustules,ACCEPTED,Unique representative. Quality: usable,pustular_acne_-86-_jpg.rf.7e289095f92dd72293fe54fb811f17aa.jpg,94.74,usable,test
pustular_acne_-338-_jpg.rf.9b4bfa71bc0e9e235647aef20767939a.jpg,Pustules,ACCEPTED,Unique representative. Quality: usable,pustular_acne_-338-_jpg.rf.9b4bfa71bc0e9e235647aef20767939a.jpg,107.90,usable,test
pustular_acne_-83-_jpg.rf.7296b5b772f652779e32d0966305d643.jpg,Pustules,ACCEPTED,Unique representative. Quality: usable,pustular_acne_-83-_jpg.rf.7296b5b772f652779e32d0966305d643.jpg,68.59,usable,test
pustular_acne_-338-_jpg.rf.a88a9a67d12f02557870157c8a2f61d5.jpg,Pustules,ACCEPTED,Unique representative. Quality: usable,pustular_acne_-338-_jpg.rf.a88a9a67d12f02557870157c8a2f61d5.jpg,90.31,usable,test
pustular_acne_-123-_jpg.rf.49e967c31bd7c6a54af97044557c3adf.jpg,Pustules,ACCEPTED,Unique representative. Quality: borderline,pustular_acne_-123-_jpg.rf.49e967c31bd7c6a54af97044557c3adf.jpg,50.64,borderline,test
pustular_acne_-77-_jpg.rf.866e907fed4c89f0cd16d2323df01e80.jpg,Pustules,ACCEPTED,Unique representative. Quality: borderline,pustular_acne_-77-_jpg.rf.866e907fed4c89f0cd16d2323df01e80.jpg,35.27,borderline,test
pustular_acne_-123-_jpg.rf.9e2ed4c4eb5d85425e3d8d66bd248beb.jpg,Pustules,ACCEPTED,Unique representative. Quality: usable,pustular_acne_-123-_jpg.rf.9e2ed4c4eb5d85425e3d8d66bd248beb.jpg,71.57,usable,test
pustular_acne_-50-_jpg.rf.cae5d6f4845fa7b48d23c9c45970d293.jpg,Pustules,ACCEPTED,Unique representative. Quality: usable,pustular_acne_-50-_jpg.rf.cae5d6f4845fa7b48d23c9c45970d293.jpg,112.68,usable,test
pustular_acne_-31-_jpg.rf.bc261b714a8e4c6e9d48727b2078d8a7.jpg,Pustules,ACCEPTED,Unique representative. Quality: borderline,pustular_acne_-31-_jpg.rf.bc261b714a8e4c6e9d48727b2078d8a7.jpg,52.37,borderline,test
pustular_acne_-289-_jpg.rf.433d7d8eb86a1fd330292167717b2d1d.jpg,Pustules,ACCEPTED,Unique representative. Quality: usable,pustular_acne_-289-_jpg.rf.433d7d8eb86a1fd330292167717b2d1d.jpg,139.85,usable,test
pustular_acne_-317-_jpg.rf.d06faf54e7796bd0d1a8a60151783c01.jpg,Pustules,ACCEPTED,Unique representative. Quality: usable,pustular_acne_-317-_jpg.rf.d06faf54e7796bd0d1a8a60151783c01.jpg,60.47,usable,test
pustular_acne_-77-_jpg.rf.2b00ee4166d7c749f3f833d0d0e66573.jpg,Pustules,ACCEPTED,Unique representative. Quality: usable,pustular_acne_-77-_jpg.rf.2b00ee4166d7c749f3f833d0d0e66573.jpg,62.86,usable,test
pustular_acne_-338-_jpg.rf.5625cc9acd84acfc7c15e10350a48d70.jpg,Pustules,ACCEPTED,Unique representative. Quality: borderline,pustular_acne_-338-_jpg.rf.5625cc9acd84acfc7c15e10350a48d70.jpg,39.29,borderline,test
pustular_acne_-123-_jpg.rf.88fd47d8ecb54617d734546d67f65381.jpg,Pustules,ACCEPTED,Unique representative. Quality: borderline,pustular_acne_-123-_jpg.rf.88fd47d8ecb54617d734546d67f65381.jpg,58.62,borderline,test
pustular_acne_-343-_jpg.rf.c0a23b8f9597a74b325cc36bf43512a7.jpg,Pustules,ACCEPTED,Unique representative. Quality: usable,pustular_acne_-343-_jpg.rf.c0a23b8f9597a74b325cc36bf43512a7.jpg,82.78,usable,test
pustular_acne_-77-_jpg.rf.b7a65f391c875f30b7d5fa703575aecd.jpg,Pustules,ACCEPTED,Unique representative. Quality: borderline,pustular_acne_-77-_jpg.rf.b7a65f391c875f30b7d5fa703575aecd.jpg,46.72,borderline,test
pustular_acne_-123-_jpg.rf.d9badda3f922efaf90e710e6e44da6d7.jpg,Pustules,ACCEPTED,Unique representative. Quality: usable,pustular_acne_-123-_jpg.rf.d9badda3f922efaf90e710e6e44da6d7.jpg,84.49,usable,test
pustular_acne_-15-_jpg.rf.7a161f86d2b3ba7f95c92e5cdc52bac4.jpg,Pustules,ACCEPTED,Unique representative. Quality: usable,pustular_acne_-15-_jpg.rf.7a161f86d2b3ba7f95c92e5cdc52bac4.jpg,101.25,usable,test
pustular_acne_-289-_jpg.rf.339e2e170ac731454d6831daa6126758.jpg,Pustules,ACCEPTED,Unique representative. Quality: borderline,pustular_acne_-289-_jpg.rf.339e2e170ac731454d6831daa6126758.jpg,59.84,borderline,test
pustular_acne_-6-_jpg.rf.5a3e34b820f10fb9d1629da629a61d3b.jpg,Pustules,ACCEPTED,Unique representative. Quality: borderline,pustular_acne_-6-_jpg.rf.5a3e34b820f10fb9d1629da629a61d3b.jpg,41.77,borderline,test
Pustule-3-_jpg.rf.ce01c041c6c465e811466de98185249a.jpg,Pustules,ACCEPTED,Unique representative. Quality: usable,Pustule-3-_jpg.rf.ce01c041c6c465e811466de98185249a.jpg,67.62,usable,test
pustular_acne_-192-_jpg.rf.2d2aa78c2f47711e4f070b5fc371a171.jpg,Pustules,ACCEPTED,Unique representative. Quality: usable,pustular_acne_-192-_jpg.rf.2d2aa78c2f47711e4f070b5fc371a171.jpg,71.23,usable,test
Pustule-19-_JPG_jpg.rf.a68fbd85a361e88fa3a2bfa742fee630.jpg,Pustules,ACCEPTED,Unique representative. Quality: usable,Pustule-19-_JPG_jpg.rf.a68fbd85a361e88fa3a2bfa742fee630.jpg,74.31,usable,test
pustular_acne_-123-_jpg.rf.673a0e1a1f2c3a52164157c0bdc6b67b.jpg,Pustules,ACCEPTED,Unique representative. Quality: borderline,pustular_acne_-123-_jpg.rf.673a0e1a1f2c3a52164157c0bdc6b67b.jpg,59.36,borderline,test
pustular_acne_-192-_jpg.rf.1d98ba2b3a97ade26fa0a864f83676ec.jpg,Pustules,ACCEPTED,Unique representative. Quality: usable,pustular_acne_-192-_jpg.rf.1d98ba2b3a97ade26fa0a864f83676ec.jpg,99.18,usable,test
pustular_acne_-308-_jpg.rf.eb5aee584951fa1d11676f6b14b77664.jpg,Pustules,ACCEPTED,Unique representative. Quality: usable,pustular_acne_-308-_jpg.rf.eb5aee584951fa1d11676f6b14b77664.jpg,60.89,usable,test
pustular_acne_-77-_jpg.rf.64e5b69298a595710ec02d62d6dda9e4.jpg,Pustules,ACCEPTED,Unique representative. Quality: usable,pustular_acne_-77-_jpg.rf.64e5b69298a595710ec02d62d6dda9e4.jpg,84.78,usable,test
pustular_acne_-6-_jpg.rf.b64293261c59365687a4861ef7bc7f46.jpg,Pustules,ACCEPTED,Unique representative. Quality: borderline,pustular_acne_-6-_jpg.rf.b64293261c59365687a4861ef7bc7f46.jpg,42.02,borderline,test
pustular_acne_-81-_jpg.rf.965cc256ee246b1f4bc5cf09d03695ca.jpg,Pustules,ACCEPTED,Unique representative. Quality: usable,pustular_acne_-81-_jpg.rf.965cc256ee246b1f4bc5cf09d03695ca.jpg,92.96,usable,test
pustular_acne_-193-_jpg.rf.99a0ebed23f5d76af662be2b58ca20b5.jpg,Pustules,ACCEPTED,Unique representative. Quality: usable,pustular_acne_-193-_jpg.rf.99a0ebed23f5d76af662be2b58ca20b5.jpg,138.95,usable,test
cystic_acne_-181-_jpg.rf.ac2ad9ed21594de03770d8411ae505a3.jpg,Cyst,ACCEPTED,Unique representative. Quality: borderline,cystic_acne_-181-_jpg.rf.ac2ad9ed21594de03770d8411ae505a3.jpg,52.18,borderline,train
cystic_acne_-91-_jpg.rf.83c8adc3fe05c376f91f271ffa6190e4.jpg,Cyst,ACCEPTED,Unique representative. Quality: borderline,cystic_acne_-91-_jpg.rf.83c8adc3fe05c376f91f271ffa6190e4.jpg,35.20,borderline,train
cystic_acne_-10-_jpg.rf.cc3adb7c555b315f7b1e67d967a72468.jpg,Cyst,ACCEPTED,Unique representative. Quality: usable,cystic_acne_-10-_jpg.rf.cc3adb7c555b315f7b1e67d967a72468.jpg,81.72,usable,train
cystic_acne_-175-_jpg.rf.84e75ef843c23e4e88b4b3a29326751d.jpg,Cyst,ACCEPTED,Unique representative. Quality: usable,cystic_acne_-175-_jpg.rf.84e75ef843c23e4e88b4b3a29326751d.jpg,67.39,usable,train
cystic_acne_-90-_jpg.rf.06a4fa770481047348477e36eecc421d.jpg,Cyst,ACCEPTED,Unique representative. Quality: usable,cystic_acne_-90-_jpg.rf.06a4fa770481047348477e36eecc421d.jpg,79.57,usable,train
cystic_acne_-136-_jpg.rf.67133db70b6fb1febcbe7286036af454.jpg,Cyst,ACCEPTED,Unique representative. Quality: borderline,cystic_acne_-136-_jpg.rf.67133db70b6fb1febcbe7286036af454.jpg,37.33,borderline,train
cystic_acne_-90-_jpg.rf.b5013916f5f5779f994b1baadc42cdf5.jpg,Cyst,ACCEPTED,Unique representative. Quality: usable,cystic_acne_-90-_jpg.rf.b5013916f5f5779f994b1baadc42cdf5.jpg,144.29,usable,train
cystic_acne_-100-_jpg.rf.d889c3f4b3c346dac87f11e55ed4d23d.jpg,Cyst,ACCEPTED,Unique representative. Quality: usable,cystic_acne_-100-_jpg.rf.d889c3f4b3c346dac87f11e55ed4d23d.jpg,100.25,usable,train
cystic_acne_-181-_jpg.rf.652e75b39c522be986ce26fc427c1078.jpg,Cyst,ACCEPTED,Unique representative. Quality: usable,cystic_acne_-181-_jpg.rf.652e75b39c522be986ce26fc427c1078.jpg,145.99,usable,train
cystic_acne_-5-_jpg.rf.76f6f8767ace7832b4ecf7f9c2a03f95.jpg,Cyst,ACCEPTED,Unique representative. Quality: usable,cystic_acne_-5-_jpg.rf.76f6f8767ace7832b4ecf7f9c2a03f95.jpg,84.45,usable,train
cystic_acne_-91-_jpg.rf.719645fd25e4ae2e213665f43efb332a.jpg,Cyst,ACCEPTED,Unique representative. Quality: borderline,cystic_acne_-91-_jpg.rf.719645fd25e4ae2e213665f43efb332a.jpg,54.22,borderline,train
cystic_acne_-149-_jpg.rf.abb07c09d0a95da5b15c72bf608848d5.jpg,Cyst,ACCEPTED,Unique representative. Quality: usable,cystic_acne_-149-_jpg.rf.abb07c09d0a95da5b15c72bf608848d5.jpg,93.89,usable,train
cystic_acne_-136-_jpg.rf.238189fc249d920265b5f74cf50df5d7.jpg,Cyst,ACCEPTED,Unique representative. Quality: high_quality,cystic_acne_-136-_jpg.rf.238189fc249d920265b5f74cf50df5d7.jpg,377.15,high_quality,train
cystic_acne_-6-_jpg.rf.9e7d19990a12b6734cc36e03be8ad984.jpg,Cyst,ACCEPTED,Unique representative. Quality: usable,cystic_acne_-6-_jpg.rf.9e7d19990a12b6734cc36e03be8ad984.jpg,146.05,usable,train
cystic_acne_-68-_jpg.rf.4f81ca25ab31c4552e7e370d25ecd9e5.jpg,Cyst,ACCEPTED,Unique representative. Quality: usable,cystic_acne_-68-_jpg.rf.4f81ca25ab31c4552e7e370d25ecd9e5.jpg,72.48,usable,train
cystic_acne_-106-_jpg.rf.e10013c44d94f60482a47d3782c2e5b7.jpg,Cyst,ACCEPTED,Unique representative. Quality: usable,cystic_acne_-106-_jpg.rf.e10013c44d94f60482a47d3782c2e5b7.jpg,90.93,usable,train
cystic_acne_-5-_jpg.rf.1e89c1e0c044027e5c31e6aca0aa20f4.jpg,Cyst,ACCEPTED,Unique representative. Quality: usable,cystic_acne_-5-_jpg.rf.1e89c1e0c044027e5c31e6aca0aa20f4.jpg,126.87,usable,train
cystic_acne_-181-_jpg.rf.71483ca54dba23597295debf25bbac92.jpg,Cyst,ACCEPTED,Unique representative. Quality: usable,cystic_acne_-181-_jpg.rf.71483ca54dba23597295debf25bbac92.jpg,142.83,usable,train
cystic_acne_-136-_jpg.rf.29201aedd69d2815e618b851325e9018.jpg,Cyst,ACCEPTED,Unique representative. Quality: usable,cystic_acne_-136-_jpg.rf.29201aedd69d2815e618b851325e9018.jpg,87.80,usable,train
cystic_acne_-6-_jpg.rf.40ee2db1113cd94cd0ad7172651b2d94.jpg,Cyst,ACCEPTED,Unique representative. Quality: borderline,cystic_acne_-6-_jpg.rf.40ee2db1113cd94cd0ad7172651b2d94.jpg,53.44,borderline,train
cystic_acne_-91-_jpg.rf.6de5f8b7db61a09608cb1805ea5a45c2.jpg,Cyst,ACCEPTED,Unique representative. Quality: usable,cystic_acne_-91-_jpg.rf.6de5f8b7db61a09608cb1805ea5a45c2.jpg,62.82,usable,train
cystic_acne_-84-_jpg.rf.9e37199c9b39418a7bff4d710acfb013.jpg,Cyst,ACCEPTED,Unique representative. Quality: borderline,cystic_acne_-84-_jpg.rf.9e37199c9b39418a7bff4d710acfb013.jpg,37.93,borderline,train
Acne-cyst-1-150x150_jpg.rf.78c2ef7f65580acd43316d6b3a885b22.jpg,Cyst,ACCEPTED,Unique representative. Quality: usable,Acne-cyst-1-150x150_jpg.rf.78c2ef7f65580acd43316d6b3a885b22.jpg,89.25,usable,train
cystic_acne_-5-_jpg.rf.5e7341a529f749159c1fe5945a10a599.jpg,Cyst,ACCEPTED,Unique representative. Quality: usable,cystic_acne_-5-_jpg.rf.5e7341a529f749159c1fe5945a10a599.jpg,90.84,usable,train
Acne-cyst-1-150x150_jpg.rf.4bcbc5c15016cca99435daa0196e651c.jpg,Cyst,ACCEPTED,Unique representative. Quality: borderline,Acne-cyst-1-150x150_jpg.rf.4bcbc5c15016cca99435daa0196e651c.jpg,40.42,borderline,train
cystic_acne_-84-_jpg.rf.bbd3e76c60fbebaddbc082c02b5798b4.jpg,Cyst,ACCEPTED,Unique representative. Quality: usable,cystic_acne_-84-_jpg.rf.bbd3e76c60fbebaddbc082c02b5798b4.jpg,94.37,usable,train
cystic_acne_-84-_jpg.rf.d70695c34166588592de6ada7f664cf4.jpg,Cyst,ACCEPTED,Unique representative. Quality: usable,cystic_acne_-84-_jpg.rf.d70695c34166588592de6ada7f664cf4.jpg,97.81,usable,train
cystic_acne_-84-_jpg.rf.6444211c5f6b3373b9fa709f1df12f3e.jpg,Cyst,ACCEPTED,Unique representative. Quality: borderline,cystic_acne_-84-_jpg.rf.6444211c5f6b3373b9fa709f1df12f3e.jpg,55.77,borderline,train
cystic_acne_-6-_jpg.rf.df37ddaf7f1e8d3bb913f0d935b2c234.jpg,Cyst,ACCEPTED,Unique representative. Quality: usable,cystic_acne_-6-_jpg.rf.df37ddaf7f1e8d3bb913f0d935b2c234.jpg,116.33,usable,train
cystic_acne_-5-_jpg.rf.50be91d29f0bc750ab03efb1cae6ec31.jpg,Cyst,ACCEPTED,Unique representative. Quality: high_quality,cystic_acne_-5-_jpg.rf.50be91d29f0bc750ab03efb1cae6ec31.jpg,193.43,high_quality,train
cystic_acne_-43-_jpg.rf.0d8bccffcd01ad60f8b2a0e528ab415d(1).jpg,Cyst,ACCEPTED,Unique representative. Quality: borderline,cystic_acne_-43-_jpg.rf.0d8bccffcd01ad60f8b2a0e528ab415d(1).jpg,56.24,borderline,train
cystic_acne_-4-_jpg.rf.320282d856f4ae8b29d0c024de10c5dd.jpg,Cyst,ACCEPTED,Unique representative. Quality: usable,cystic_acne_-4-_jpg.rf.320282d856f4ae8b29d0c024de10c5dd.jpg,118.31,usable,train
cystic_acne_-167-_jpg.rf.39edd9394c660d9bcf74a3045bc59947.jpg,Cyst,ACCEPTED,Unique representative. Quality: usable,cystic_acne_-167-_jpg.rf.39edd9394c660d9bcf74a3045bc59947.jpg,67.35,usable,train
cystic_acne_-167-_jpg.rf.b8ec4ce49193dd0ca897328d2df99293.jpg,Cyst,ACCEPTED,Unique representative. Quality: usable,cystic_acne_-167-_jpg.rf.b8ec4ce49193dd0ca897328d2df99293.jpg,65.32,usable,train
cystic_acne_-106-_jpg.rf.2aca8db8a10764d2c3009f01790cd31c.jpg,Cyst,ACCEPTED,Unique representative. Quality: usable,cystic_acne_-106-_jpg.rf.2aca8db8a10764d2c3009f01790cd31c.jpg,82.99,usable,train
cystic_acne_-175-_jpg.rf.c6831acef4799ecbd894d451d0ae59c0.jpg,Cyst,ACCEPTED,Unique representative. Quality: high_quality,cystic_acne_-175-_jpg.rf.c6831acef4799ecbd894d451d0ae59c0.jpg,164.43,high_quality,train
cystic_acne_-136-_jpg.rf.bbd9f1f5fa5b531ceb0409afdbb637f7.jpg,Cyst,ACCEPTED,Unique representative. Quality: usable,cystic_acne_-136-_jpg.rf.bbd9f1f5fa5b531ceb0409afdbb637f7.jpg,127.78,usable,train
cystic_acne_-149-_jpg.rf.39884ebc94553a66f0f16d94da1e3325.jpg,Cyst,ACCEPTED,Unique representative. Quality: usable,cystic_acne_-149-_jpg.rf.39884ebc94553a66f0f16d94da1e3325.jpg,121.09,usable,train
cystic_acne_-4-_jpg.rf.cd156fbf3a054c15bd3a219dd75bf393.jpg,Cyst,ACCEPTED,Unique representative. Quality: usable,cystic_acne_-4-_jpg.rf.cd156fbf3a054c15bd3a219dd75bf393.jpg,80.48,usable,train
cystic_acne_-43-_jpg.rf.e64b0b458c9569161ecf6e1bfef8cbbf.jpg,Cyst,ACCEPTED,Unique representative. Quality: usable,cystic_acne_-43-_jpg.rf.e64b0b458c9569161ecf6e1bfef8cbbf.jpg,89.10,usable,train
cystic_acne_-10-_jpg.rf.17af78776a1be6a25ee3a3da0f58aaf5.jpg,Cyst,ACCEPTED,Unique representative. Quality: usable,cystic_acne_-10-_jpg.rf.17af78776a1be6a25ee3a3da0f58aaf5.jpg,120.56,usable,train
cystic_acne_-175-_jpg.rf.69cc872a0266a07a6c38961403bc7ac5.jpg,Cyst,ACCEPTED,Unique representative. Quality: high_quality,cystic_acne_-175-_jpg.rf.69cc872a0266a07a6c38961403bc7ac5.jpg,434.90,high_quality,train
cystic_acne_-10-_jpg.rf.00a21a44300d4668d425c727d24440a1.jpg,Cyst,ACCEPTED,Unique representative. Quality: borderline,cystic_acne_-10-_jpg.rf.00a21a44300d4668d425c727d24440a1.jpg,59.24,borderline,train
cystic_acne_-91-_jpg.rf.51b668e76cce72f867692c478eecb41c.jpg,Cyst,ACCEPTED,Unique representative. Quality: borderline,cystic_acne_-91-_jpg.rf.51b668e76cce72f867692c478eecb41c.jpg,39.93,borderline,train
cystic_acne_-106-_jpg.rf.b97f5b877da12e9263e35e9792fff1c3.jpg,Cyst,ACCEPTED,Unique representative. Quality: usable,cystic_acne_-106-_jpg.rf.b97f5b877da12e9263e35e9792fff1c3.jpg,71.94,usable,train
cystic_acne_-6-_jpg.rf.88a16475ed60306637866f47e2f553cf.jpg,Cyst,ACCEPTED,Unique representative. Quality: usable,cystic_acne_-6-_jpg.rf.88a16475ed60306637866f47e2f553cf.jpg,83.03,usable,train
cystic_acne_-5-_jpg.rf.b27d0dfd5c1b3fb5f8c5b8f87c86e3dd.jpg,Cyst,ACCEPTED,Unique representative. Quality: high_quality,cystic_acne_-5-_jpg.rf.b27d0dfd5c1b3fb5f8c5b8f87c86e3dd.jpg,190.19,high_quality,train
cystic_acne_-84-_jpg.rf.1325e896609e7852efaf52662cd7de18.jpg,Cyst,ACCEPTED,Unique representative. Quality: high_quality,cystic_acne_-84-_jpg.rf.1325e896609e7852efaf52662cd7de18.jpg,316.85,high_quality,train
cystic_acne_-68-_jpg.rf.2477fb562c60740f56b1614425aa9a8f.jpg,Cyst,ACCEPTED,Unique representative. Quality: usable,cystic_acne_-68-_jpg.rf.2477fb562c60740f56b1614425aa9a8f.jpg,70.18,usable,train
cystic_acne_-10-_jpg.rf.18e1a58c52b1724942367d582481dad2.jpg,Cyst,ACCEPTED,Unique representative. Quality: usable,cystic_acne_-10-_jpg.rf.18e1a58c52b1724942367d582481dad2.jpg,69.98,usable,train
cystic_acne_-168-_jpg.rf.184e6c34af20784cd5bf2af95ef5a80c.jpg,Cyst,ACCEPTED,Unique representative. Quality: usable,cystic_acne_-168-_jpg.rf.184e6c34af20784cd5bf2af95ef5a80c.jpg,102.16,usable,train
cystic_acne_-43-_jpg.rf.e7067263ccb663394ec8afd22859d889.jpg,Cyst,ACCEPTED,Unique representative. Quality: usable,cystic_acne_-43-_jpg.rf.e7067263ccb663394ec8afd22859d889.jpg,87.89,usable,train
cystic_acne_-25-_jpg.rf.02ec55aa9140a7fde39bc3b92d3d8afe.jpg,Cyst,ACCEPTED,Unique representative. Quality: usable,cystic_acne_-25-_jpg.rf.02ec55aa9140a7fde39bc3b92d3d8afe.jpg,91.41,usable,train
cystic_acne_-168-_jpg.rf.c16e30adb5a99b55566ebec16714308f.jpg,Cyst,ACCEPTED,Unique representative. Quality: usable,cystic_acne_-168-_jpg.rf.c16e30adb5a99b55566ebec16714308f.jpg,79.07,usable,train
cystic_acne_-168-_jpg.rf.9709abf57bff3243f2324aaecb3bd4a2.jpg,Cyst,ACCEPTED,Unique representative. Quality: usable,cystic_acne_-168-_jpg.rf.9709abf57bff3243f2324aaecb3bd4a2.jpg,81.84,usable,train
cystic_acne_-175-_jpg.rf.07c0536cf4b8b3f697d5b5e62658665b.jpg,Cyst,ACCEPTED,Unique representative. Quality: usable,cystic_acne_-175-_jpg.rf.07c0536cf4b8b3f697d5b5e62658665b.jpg,93.62,usable,train
cystic_acne_-68-_jpg.rf.fad8caeaf37c40cd2ab2f34e6e03ba2b.jpg,Cyst,ACCEPTED,Unique representative. Quality: usable,cystic_acne_-68-_jpg.rf.fad8caeaf37c40cd2ab2f34e6e03ba2b.jpg,69.85,usable,train
cystic_acne_-10-_jpg.rf.fd427898ca5148bf3784eee447ccd7ce.jpg,Cyst,ACCEPTED,Unique representative. Quality: high_quality,cystic_acne_-10-_jpg.rf.fd427898ca5148bf3784eee447ccd7ce.jpg,172.26,high_quality,train
cystic_acne_-91-_jpg.rf.f49f46cf3604a2948a200001aff202a0.jpg,Cyst,ACCEPTED,Unique representative. Quality: usable,cystic_acne_-91-_jpg.rf.f49f46cf3604a2948a200001aff202a0.jpg,74.66,usable,train
cystic_acne_-5-_jpg.rf.12c860ebfb5f193d237dfefe6486711e.jpg,Cyst,ACCEPTED,Unique representative. Quality: usable,cystic_acne_-5-_jpg.rf.12c860ebfb5f193d237dfefe6486711e.jpg,91.90,usable,train
cystic_acne_-90-_jpg.rf.067f0859479413be3b86841d67b259b1.jpg,Cyst,ACCEPTED,Unique representative. Quality: usable,cystic_acne_-90-_jpg.rf.067f0859479413be3b86841d67b259b1.jpg,128.45,usable,train
cystic_acne_-136-_jpg.rf.21c40bbc51da5302dbbd4bcfd9b53791.jpg,Cyst,ACCEPTED,Unique representative. Quality: usable,cystic_acne_-136-_jpg.rf.21c40bbc51da5302dbbd4bcfd9b53791.jpg,94.15,usable,train
cystic_acne_-175-_jpg.rf.9ff16f2101d9ee941785728eccb23ee9.jpg,Cyst,ACCEPTED,Unique representative. Quality: usable,cystic_acne_-175-_jpg.rf.9ff16f2101d9ee941785728eccb23ee9.jpg,98.60,usable,train
cystic_acne_-10-_jpg.rf.68ae68b2ee4eea1acb058142ddfeb806.jpg,Cyst,ACCEPTED,Unique representative. Quality: usable,cystic_acne_-10-_jpg.rf.68ae68b2ee4eea1acb058142ddfeb806.jpg,97.53,usable,train
cystic_acne_-136-_jpg.rf.3537cb4bc1f8a455fc97640e7b05be4b.jpg,Cyst,ACCEPTED,Unique representative. Quality: usable,cystic_acne_-136-_jpg.rf.3537cb4bc1f8a455fc97640e7b05be4b.jpg,114.12,usable,train
cystic_acne_-167-_jpg.rf.d6160fecd594f45526ec0f6c3becf9c8.jpg,Cyst,ACCEPTED,Unique representative. Quality: borderline,cystic_acne_-167-_jpg.rf.d6160fecd594f45526ec0f6c3becf9c8.jpg,34.06,borderline,train
cystic_acne_-43-_jpg.rf.32148a65bbde7de50543a9562f79d927.jpg,Cyst,ACCEPTED,Unique representative. Quality: usable,cystic_acne_-43-_jpg.rf.32148a65bbde7de50543a9562f79d927.jpg,74.79,usable,train
cystic_acne_-136-_jpg.rf.00d3766c7e95cc0d43e484e1989e1d5d.jpg,Cyst,ACCEPTED,Unique representative. Quality: usable,cystic_acne_-136-_jpg.rf.00d3766c7e95cc0d43e484e1989e1d5d.jpg,83.33,usable,train
cystic_acne_-106-_jpg.rf.1d6994cefc1118d5ec8ea319b7cbf8d9.jpg,Cyst,ACCEPTED,Unique representative. Quality: borderline,cystic_acne_-106-_jpg.rf.1d6994cefc1118d5ec8ea319b7cbf8d9.jpg,36.98,borderline,train
cystic_acne_-100-_jpg.rf.fd137e488bbfde94796396e351d3657e.jpg,Cyst,ACCEPTED,Unique representative. Quality: usable,cystic_acne_-100-_jpg.rf.fd137e488bbfde94796396e351d3657e.jpg,95.00,usable,train
cystic_acne_-6-_jpg.rf.36c0bcbe2d55ad7937918f1a43983d9f.jpg,Cyst,ACCEPTED,Unique representative. Quality: high_quality,cystic_acne_-6-_jpg.rf.36c0bcbe2d55ad7937918f1a43983d9f.jpg,317.62,high_quality,train
cystic_acne_-100-_jpg.rf.d31fb11ff989faac5ed5c1b8121080c6.jpg,Cyst,ACCEPTED,Unique representative. Quality: high_quality,cystic_acne_-100-_jpg.rf.d31fb11ff989faac5ed5c1b8121080c6.jpg,150.49,high_quality,train
cystic_acne_-175-_jpg.rf.17f76eda5c7cd8cfbe63a70bd0718ebb.jpg,Cyst,ACCEPTED,Unique representative. Quality: usable,cystic_acne_-175-_jpg.rf.17f76eda5c7cd8cfbe63a70bd0718ebb.jpg,96.84,usable,train
cystic_acne_-84-_jpg.rf.78ac3b81f2ea7b11c1166749fb5937e0.jpg,Cyst,ACCEPTED,Unique representative. Quality: usable,cystic_acne_-84-_jpg.rf.78ac3b81f2ea7b11c1166749fb5937e0.jpg,60.98,usable,train
cystic_acne_-84-_jpg.rf.db46dff5cb2af19e850a995f0d21b365.jpg,Cyst,ACCEPTED,Unique representative. Quality: usable,cystic_acne_-84-_jpg.rf.db46dff5cb2af19e850a995f0d21b365.jpg,109.04,usable,train
cystic_acne_-136-_jpg.rf.d51280341454562e93dd119eb424be72.jpg,Cyst,ACCEPTED,Unique representative. Quality: high_quality,cystic_acne_-136-_jpg.rf.d51280341454562e93dd119eb424be72.jpg,176.53,high_quality,train
cystic_acne_-100-_jpg.rf.8afad97296372dbc6670e75a1ee0d417.jpg,Cyst,ACCEPTED,Unique representative. Quality: usable,cystic_acne_-100-_jpg.rf.8afad97296372dbc6670e75a1ee0d417.jpg,67.75,usable,train
cystic_acne_-10-_jpg.rf.0fd246530603414701f24b7e62a9ce67.jpg,Cyst,ACCEPTED,Unique representative. Quality: usable,cystic_acne_-10-_jpg.rf.0fd246530603414701f24b7e62a9ce67.jpg,97.82,usable,train
cystic_acne_-90-_jpg.rf.843b164bbeea0bcb3552a000d3038c49.jpg,Cyst,ACCEPTED,Unique representative. Quality: borderline,cystic_acne_-90-_jpg.rf.843b164bbeea0bcb3552a000d3038c49.jpg,53.79,borderline,train
cystic_acne_-43-_jpg.rf.a282bda0f5a3dbba75f5dcd07e32c82d.jpg,Cyst,ACCEPTED,Unique representative. Quality: usable,cystic_acne_-43-_jpg.rf.a282bda0f5a3dbba75f5dcd07e32c82d.jpg,124.09,usable,train
cystic_acne_-43-_jpg.rf.cd713356ecbba8c09090a79a94aef262.jpg,Cyst,ACCEPTED,Unique representative. Quality: usable,cystic_acne_-43-_jpg.rf.cd713356ecbba8c09090a79a94aef262.jpg,100.39,usable,train
cystic_acne_-136-_jpg.rf.9054f4e578bc2b3d0d893fbd6bcffd08.jpg,Cyst,ACCEPTED,Unique representative. Quality: borderline,cystic_acne_-136-_jpg.rf.9054f4e578bc2b3d0d893fbd6bcffd08.jpg,57.83,borderline,train
cystic_acne_-4-_jpg.rf.470bef8b969a247836b3a34c4535659f.jpg,Cyst,ACCEPTED,Unique representative. Quality: usable,cystic_acne_-4-_jpg.rf.470bef8b969a247836b3a34c4535659f.jpg,135.20,usable,train
cystic_acne_-136-_jpg.rf.8838704a341e20f138f5ae82744af805.jpg,Cyst,ACCEPTED,Unique representative. Quality: usable,cystic_acne_-136-_jpg.rf.8838704a341e20f138f5ae82744af805.jpg,63.25,usable,train
cystic_acne_-175-_jpg.rf.a3c5a06e1874129e301427cdff0948cc.jpg,Cyst,ACCEPTED,Unique representative. Quality: usable,cystic_acne_-175-_jpg.rf.a3c5a06e1874129e301427cdff0948cc.jpg,90.02,usable,train
cystic_acne_-106-_jpg.rf.54f71329a4859d5d1dd734e5d629c784.jpg,Cyst,ACCEPTED,Unique representative. Quality: usable,cystic_acne_-106-_jpg.rf.54f71329a4859d5d1dd734e5d629c784.jpg,106.60,usable,train
cystic_acne_-167-_jpg.rf.35fe85901f4586bcbe387dc5ce7f92a8.jpg,Cyst,ACCEPTED,Unique representative. Quality: usable,cystic_acne_-167-_jpg.rf.35fe85901f4586bcbe387dc5ce7f92a8.jpg,75.77,usable,train
cystic_acne_-25-_jpg.rf.31758af0495621fbf6a189bd30a05914.jpg,Cyst,ACCEPTED,Unique representative. Quality: borderline,cystic_acne_-25-_jpg.rf.31758af0495621fbf6a189bd30a05914.jpg,52.96,borderline,train
cystic_acne_-136-_jpg.rf.d1ec89ca8d688105c7bc3f031ce3d058.jpg,Cyst,ACCEPTED,Unique representative. Quality: usable,cystic_acne_-136-_jpg.rf.d1ec89ca8d688105c7bc3f031ce3d058.jpg,131.38,usable,train
cystic_acne_-68-_jpg.rf.64ccdc56cef01bd3ce72c05234235e1c.jpg,Cyst,ACCEPTED,Unique representative. Quality: usable,cystic_acne_-68-_jpg.rf.64ccdc56cef01bd3ce72c05234235e1c.jpg,124.36,usable,train
cystic_acne_-10-_jpg.rf.38663d664724053550c78ba97bb8289e.jpg,Cyst,ACCEPTED,Unique representative. Quality: high_quality,cystic_acne_-10-_jpg.rf.38663d664724053550c78ba97bb8289e.jpg,377.17,high_quality,train
cystic_acne_-90-_jpg.rf.a62963b754e9392fdcccce05271908c2.jpg,Cyst,ACCEPTED,Unique representative. Quality: usable,cystic_acne_-90-_jpg.rf.a62963b754e9392fdcccce05271908c2.jpg,76.44,usable,train
cystic_acne_-106-_jpg.rf.d0bf79bbb6327a5ba708d289c08b3f47.jpg,Cyst,ACCEPTED,Unique representative. Quality: usable,cystic_acne_-106-_jpg.rf.d0bf79bbb6327a5ba708d289c08b3f47.jpg,62.35,usable,train
Acne-cyst-1-150x150_jpg.rf.f8d5331619c9e6aacdfd4f400a2b32c3.jpg,Cyst,ACCEPTED,Unique representative. Quality: usable,Acne-cyst-1-150x150_jpg.rf.f8d5331619c9e6aacdfd4f400a2b32c3.jpg,120.72,usable,train
cystic_acne_-10-_jpg.rf.4af19996c416d7ea3143c75d98ddf850.jpg,Cyst,ACCEPTED,Unique representative. Quality: usable,cystic_acne_-10-_jpg.rf.4af19996c416d7ea3143c75d98ddf850.jpg,77.88,usable,train
cystic_acne_-25-_jpg.rf.93c38ffbbbc0ab6640327192a4cd9afd.jpg,Cyst,ACCEPTED,Unique representative. Quality: usable,cystic_acne_-25-_jpg.rf.93c38ffbbbc0ab6640327192a4cd9afd.jpg,63.29,usable,train
cystic_acne_-5-_jpg.rf.e4a6af92364e5e9be59e4e87e5c32542.jpg,Cyst,ACCEPTED,Unique representative. Quality: usable,cystic_acne_-5-_jpg.rf.e4a6af92364e5e9be59e4e87e5c32542.jpg,114.17,usable,train
cystic_acne_-149-_jpg.rf.0def3916c308eb4f457e88634bc33eb5.jpg,Cyst,ACCEPTED,Unique representative. Quality: usable,cystic_acne_-149-_jpg.rf.0def3916c308eb4f457e88634bc33eb5.jpg,124.02,usable,train
cystic_acne_-4-_jpg.rf.a942ae520ec2f1b6dbf32f3eed5fbe03.jpg,Cyst,ACCEPTED,Unique representative. Quality: usable,cystic_acne_-4-_jpg.rf.a942ae520ec2f1b6dbf32f3eed5fbe03.jpg,72.59,usable,train
cystic_acne_-91-_jpg.rf.13a5ee747af99f0bbf39d5e21efb8eba.jpg,Cyst,ACCEPTED,Unique representative. Quality: borderline,cystic_acne_-91-_jpg.rf.13a5ee747af99f0bbf39d5e21efb8eba.jpg,52.63,borderline,train
cystic_acne_-5-_jpg.rf.b866fb87c703a42a10e3f2a6513d12cf.jpg,Cyst,ACCEPTED,Unique representative. Quality: usable,cystic_acne_-5-_jpg.rf.b866fb87c703a42a10e3f2a6513d12cf.jpg,92.69,usable,train
cystic_acne_-175-_jpg.rf.a1017170fa848a0a2dde5cfc4a8f95f6.jpg,Cyst,ACCEPTED,Unique representative. Quality: usable,cystic_acne_-175-_jpg.rf.a1017170fa848a0a2dde5cfc4a8f95f6.jpg,66.97,usable,train
cystic_acne_-10-_jpg.rf.63861c5914f5a0238bc634c9c645ea91.jpg,Cyst,ACCEPTED,Unique representative. Quality: borderline,cystic_acne_-10-_jpg.rf.63861c5914f5a0238bc634c9c645ea91.jpg,59.01,borderline,train
cystic_acne_-4-_jpg.rf.5118254ecf55df1586e837d3354719fc.jpg,Cyst,ACCEPTED,Unique representative. Quality: usable,cystic_acne_-4-_jpg.rf.5118254ecf55df1586e837d3354719fc.jpg,88.36,usable,train
cystic_acne_-10-_jpg.rf.db1b6ac4772ec4895396f39144aada1c.jpg,Cyst,ACCEPTED,Unique representative. Quality: usable,cystic_acne_-10-_jpg.rf.db1b6ac4772ec4895396f39144aada1c.jpg,74.98,usable,train
cystic_acne_-175-_jpg.rf.72e5c35e30abc4ca67ee46644760b707.jpg,Cyst,ACCEPTED,Unique representative. Quality: high_quality,cystic_acne_-175-_jpg.rf.72e5c35e30abc4ca67ee46644760b707.jpg,160.28,high_quality,train
cystic_acne_-25-_jpg.rf.40ddd9a68b0b29818177947b976f3b6f.jpg,Cyst,ACCEPTED,Unique representative. Quality: borderline,cystic_acne_-25-_jpg.rf.40ddd9a68b0b29818177947b976f3b6f.jpg,42.68,borderline,train
cystic_acne_-149-_jpg.rf.0ba572e72e305c04d0d66d0a9dea2eb8.jpg,Cyst,ACCEPTED,Unique representative. Quality: usable,cystic_acne_-149-_jpg.rf.0ba572e72e305c04d0d66d0a9dea2eb8.jpg,105.73,usable,train
cystic_acne_-4-_jpg.rf.dfa6c8155248b138c9b5b186daea6f7c.jpg,Cyst,ACCEPTED,Unique representative. Quality: usable,cystic_acne_-4-_jpg.rf.dfa6c8155248b138c9b5b186daea6f7c.jpg,137.77,usable,train
cystic_acne_-6-_jpg.rf.49a088e772b0182bfda6b2edd98003ad.jpg,Cyst,ACCEPTED,Unique representative. Quality: usable,cystic_acne_-6-_jpg.rf.49a088e772b0182bfda6b2edd98003ad.jpg,74.02,usable,train
cystic_acne_-6-_jpg.rf.09aa544cc4b0a43c64769dcb8e6c2c84.jpg,Cyst,ACCEPTED,Unique representative. Quality: usable,cystic_acne_-6-_jpg.rf.09aa544cc4b0a43c64769dcb8e6c2c84.jpg,69.22,usable,train
cystic_acne_-5-_jpg.rf.6ea4ac114fa57eb470dd3a0804378986.jpg,Cyst,ACCEPTED,Unique representative. Quality: usable,cystic_acne_-5-_jpg.rf.6ea4ac114fa57eb470dd3a0804378986.jpg,125.11,usable,train
cystic_acne_-91-_jpg.rf.9ee4c4242eba48577ba87e0d96d1c3c1.jpg,Cyst,ACCEPTED,Unique representative. Quality: usable,cystic_acne_-91-_jpg.rf.9ee4c4242eba48577ba87e0d96d1c3c1.jpg,107.02,usable,train
cystic_acne_-84-_jpg.rf.d43436b195df0777ea6269f673cd2971.jpg,Cyst,ACCEPTED,Unique representative. Quality: borderline,cystic_acne_-84-_jpg.rf.d43436b195df0777ea6269f673cd2971.jpg,59.24,borderline,train
cystic_acne_-10-_jpg.rf.50e695c5f06a9305057f28f1600c87b6.jpg,Cyst,ACCEPTED,Unique representative. Quality: usable,cystic_acne_-10-_jpg.rf.50e695c5f06a9305057f28f1600c87b6.jpg,78.48,usable,train
cystic_acne_-100-_jpg.rf.f33a2f0b396eb439e9b095bb4b1d0bcc.jpg,Cyst,ACCEPTED,Unique representative. Quality: usable,cystic_acne_-100-_jpg.rf.f33a2f0b396eb439e9b095bb4b1d0bcc.jpg,110.21,usable,train
cystic_acne_-90-_jpg.rf.aa7e6cb34895b65f61e0f6440a504971.jpg,Cyst,ACCEPTED,Unique representative. Quality: borderline,cystic_acne_-90-_jpg.rf.aa7e6cb34895b65f61e0f6440a504971.jpg,38.70,borderline,train
cystic_acne_-84-_jpg.rf.7cd4cd091bf3669816c0e293b9344c55.jpg,Cyst,ACCEPTED,Unique representative. Quality: usable,cystic_acne_-84-_jpg.rf.7cd4cd091bf3669816c0e293b9344c55.jpg,75.00,usable,train
cystic_acne_-175-_jpg.rf.ac7509f513432af13c89ce21240b0f75.jpg,Cyst,ACCEPTED,Unique representative. Quality: usable,cystic_acne_-175-_jpg.rf.ac7509f513432af13c89ce21240b0f75.jpg,69.84,usable,train
cystic_acne_-136-_jpg.rf.e07bca42cf5b68f1c7557fb1587b3a9d.jpg,Cyst,ACCEPTED,Unique representative. Quality: borderline,cystic_acne_-136-_jpg.rf.e07bca42cf5b68f1c7557fb1587b3a9d.jpg,60.00,borderline,train
cystic_acne_-168-_jpg.rf.b69d243515f9d03b5d0039a03c16b738.jpg,Cyst,ACCEPTED,Unique representative. Quality: usable,cystic_acne_-168-_jpg.rf.b69d243515f9d03b5d0039a03c16b738.jpg,84.59,usable,train
cystic_acne_-6-_jpg.rf.c553fb2894dca6a028829806dd932c1f.jpg,Cyst,ACCEPTED,Unique representative. Quality: usable,cystic_acne_-6-_jpg.rf.c553fb2894dca6a028829806dd932c1f.jpg,71.25,usable,train
cystic_acne_-106-_jpg.rf.cb96b3440403cacb90c8f19f24b42ddd.jpg,Cyst,ACCEPTED,Unique representative. Quality: usable,cystic_acne_-106-_jpg.rf.cb96b3440403cacb90c8f19f24b42ddd.jpg,60.56,usable,train
cystic_acne_-84-_jpg.rf.453c22b1327c3dec93e1e8df0e3dc8db.jpg,Cyst,ACCEPTED,Unique representative. Quality: usable,cystic_acne_-84-_jpg.rf.453c22b1327c3dec93e1e8df0e3dc8db.jpg,82.30,usable,train
cystic_acne_-100-_jpg.rf.39f44aba3e9a1b33a28e8fb07fe826c4.jpg,Cyst,ACCEPTED,Unique representative. Quality: usable,cystic_acne_-100-_jpg.rf.39f44aba3e9a1b33a28e8fb07fe826c4.jpg,88.01,usable,train
cystic_acne_-6-_jpg.rf.276112e4671d5da0f7d9cafd5897b5c9.jpg,Cyst,ACCEPTED,Unique representative. Quality: usable,cystic_acne_-6-_jpg.rf.276112e4671d5da0f7d9cafd5897b5c9.jpg,117.33,usable,train
cystic_acne_-175-_jpg.rf.d785907b87f26cab504be0120ae50aec.jpg,Cyst,ACCEPTED,Unique representative. Quality: borderline,cystic_acne_-175-_jpg.rf.d785907b87f26cab504be0120ae50aec.jpg,56.54,borderline,train
cystic_acne_-136-_jpg.rf.86118d321bd2a78b9765edbaddf959cc.jpg,Cyst,ACCEPTED,Unique representative. Quality: usable,cystic_acne_-136-_jpg.rf.86118d321bd2a78b9765edbaddf959cc.jpg,119.53,usable,train
cystic_acne_-167-_jpg.rf.fcb9bdec09c9c666be1a09aeda20e00e.jpg,Cyst,ACCEPTED,Unique representative. Quality: usable,cystic_acne_-167-_jpg.rf.fcb9bdec09c9c666be1a09aeda20e00e.jpg,71.88,usable,train
cystic_acne_-181-_jpg.rf.5eacb50071b4e5ef00042947ab3df73c.jpg,Cyst,ACCEPTED,Unique representative. Quality: usable,cystic_acne_-181-_jpg.rf.5eacb50071b4e5ef00042947ab3df73c.jpg,101.42,usable,train
cystic_acne_-10-_jpg.rf.8a6d75896342ecbe5aea7077d3c1ca53.jpg,Cyst,ACCEPTED,Unique representative. Quality: usable,cystic_acne_-10-_jpg.rf.8a6d75896342ecbe5aea7077d3c1ca53.jpg,83.53,usable,train
cystic_acne_-136-_jpg.rf.aa0d073ce8a3be6e028fa912f3d3ef5c.jpg,Cyst,ACCEPTED,Unique representative. Quality: usable,cystic_acne_-136-_jpg.rf.aa0d073ce8a3be6e028fa912f3d3ef5c.jpg,89.83,usable,train
cystic_acne_-6-_jpg.rf.24a06e2467a73ef559bd7d9e907d7ea9.jpg,Cyst,ACCEPTED,Unique representative. Quality: usable,cystic_acne_-6-_jpg.rf.24a06e2467a73ef559bd7d9e907d7ea9.jpg,81.42,usable,train
cystic_acne_-6-_jpg.rf.a6bd53dd9385fe89173a066e7425b356.jpg,Cyst,ACCEPTED,Unique representative. Quality: usable,cystic_acne_-6-_jpg.rf.a6bd53dd9385fe89173a066e7425b356.jpg,81.95,usable,train
cystic_acne_-68-_jpg.rf.ea2cc9dfd6349743aaef3d3c42675195.jpg,Cyst,ACCEPTED,Unique representative. Quality: usable,cystic_acne_-68-_jpg.rf.ea2cc9dfd6349743aaef3d3c42675195.jpg,67.01,usable,train
cystic_acne_-10-_jpg.rf.81acdd4b9150317d380f5cb9b3c45cc3.jpg,Cyst,ACCEPTED,Unique representative. Quality: usable,cystic_acne_-10-_jpg.rf.81acdd4b9150317d380f5cb9b3c45cc3.jpg,148.85,usable,train
cystic_acne_-5-_jpg.rf.7a677f7d50aca73ca6f00bf640028545.jpg,Cyst,ACCEPTED,Unique representative. Quality: usable,cystic_acne_-5-_jpg.rf.7a677f7d50aca73ca6f00bf640028545.jpg,88.41,usable,train
cystic_acne_-175-_jpg.rf.20a6b8a65c39edc0d402f08376434a6f.jpg,Cyst,ACCEPTED,Unique representative. Quality: usable,cystic_acne_-175-_jpg.rf.20a6b8a65c39edc0d402f08376434a6f.jpg,86.77,usable,train
cystic_acne_-10-_jpg.rf.7b5d354da2e136477f9e500786048387.jpg,Cyst,ACCEPTED,Unique representative. Quality: usable,cystic_acne_-10-_jpg.rf.7b5d354da2e136477f9e500786048387.jpg,94.82,usable,train
cystic_acne_-168-_jpg.rf.abd7192c860bf52766a8bdf532960597.jpg,Cyst,ACCEPTED,Unique representative. Quality: usable,cystic_acne_-168-_jpg.rf.abd7192c860bf52766a8bdf532960597.jpg,75.64,usable,train
cystic_acne_-6-_jpg.rf.9187c02c682b753b0113f04d7f8ed030.jpg,Cyst,ACCEPTED,Unique representative. Quality: usable,cystic_acne_-6-_jpg.rf.9187c02c682b753b0113f04d7f8ed030.jpg,105.79,usable,train
cystic_acne_-10-_jpg.rf.bf4c06aa55cbe1f7cc5f8b2e9d8d399a.jpg,Cyst,ACCEPTED,Unique representative. Quality: usable,cystic_acne_-10-_jpg.rf.bf4c06aa55cbe1f7cc5f8b2e9d8d399a.jpg,61.38,usable,train
cystic_acne_-106-_jpg.rf.e986a180de737618dc780a870396bad6.jpg,Cyst,ACCEPTED,Unique representative. Quality: usable,cystic_acne_-106-_jpg.rf.e986a180de737618dc780a870396bad6.jpg,93.72,usable,train
cystic_acne_-25-_jpg.rf.3c751c2a8b3e4fcc94f46adda702bbe2.jpg,Cyst,ACCEPTED,Unique representative. Quality: usable,cystic_acne_-25-_jpg.rf.3c751c2a8b3e4fcc94f46adda702bbe2.jpg,67.09,usable,train
cystic_acne_-5-_jpg.rf.0dd8b5dfd09261a5de676b68bdd1e515.jpg,Cyst,ACCEPTED,Unique representative. Quality: high_quality,cystic_acne_-5-_jpg.rf.0dd8b5dfd09261a5de676b68bdd1e515.jpg,607.87,high_quality,train
cystic_acne_-175-_jpg.rf.87f752640567d166d2287fdf7a33fe90.jpg,Cyst,ACCEPTED,Unique representative. Quality: usable,cystic_acne_-175-_jpg.rf.87f752640567d166d2287fdf7a33fe90.jpg,113.38,usable,train
cystic_acne_-136-_jpg.rf.218f73baddcf067546ad4d6db076e86b.jpg,Cyst,ACCEPTED,Unique representative. Quality: high_quality,cystic_acne_-136-_jpg.rf.218f73baddcf067546ad4d6db076e86b.jpg,428.67,high_quality,train
cystic_acne_-5-_jpg.rf.554136ec76446b44a384ac4b1a9559ce.jpg,Cyst,ACCEPTED,Unique representative. Quality: usable,cystic_acne_-5-_jpg.rf.554136ec76446b44a384ac4b1a9559ce.jpg,145.35,usable,train
cystic_acne_-10-_jpg.rf.d6e8bed80fb329194c561016669f87c1.jpg,Cyst,ACCEPTED,Unique representative. Quality: usable,cystic_acne_-10-_jpg.rf.d6e8bed80fb329194c561016669f87c1.jpg,73.47,usable,train
cystic_acne_-6-_jpg.rf.a781585ac558373f1d082ec88e0f828f.jpg,Cyst,ACCEPTED,Unique representative. Quality: high_quality,cystic_acne_-6-_jpg.rf.a781585ac558373f1d082ec88e0f828f.jpg,340.11,high_quality,train
cystic_acne_-136-_jpg.rf.dbad46df93acba30e18a250d077d7bb0.jpg,Cyst,ACCEPTED,Unique representative. Quality: borderline,cystic_acne_-136-_jpg.rf.dbad46df93acba30e18a250d077d7bb0.jpg,52.19,borderline,train
cystic_acne_-5-_jpg.rf.45cf11d0be398b58ca8c379a677fd1ca.jpg,Cyst,ACCEPTED,Unique representative. Quality: usable,cystic_acne_-5-_jpg.rf.45cf11d0be398b58ca8c379a677fd1ca.jpg,107.99,usable,train
cystic_acne_-167-_jpg.rf.959e6d924a4bb9cec420ddeaf9dcb355.jpg,Cyst,ACCEPTED,Unique representative. Quality: usable,cystic_acne_-167-_jpg.rf.959e6d924a4bb9cec420ddeaf9dcb355.jpg,61.52,usable,train
cystic_acne_-4-_jpg.rf.5312ece5075379f1a3c67395e271dd4d.jpg,Cyst,ACCEPTED,Unique representative. Quality: high_quality,cystic_acne_-4-_jpg.rf.5312ece5075379f1a3c67395e271dd4d.jpg,280.48,high_quality,train
cystic_acne_-25-_jpg.rf.e4d83877d5c37d9b61cd84a2f0160c5e.jpg,Cyst,ACCEPTED,Unique representative. Quality: high_quality,cystic_acne_-25-_jpg.rf.e4d83877d5c37d9b61cd84a2f0160c5e.jpg,207.64,high_quality,train
cystic_acne_-168-_jpg.rf.c9103f398f59df059e666159c656dcb1.jpg,Cyst,ACCEPTED,Unique representative. Quality: usable,cystic_acne_-168-_jpg.rf.c9103f398f59df059e666159c656dcb1.jpg,88.21,usable,train
cystic_acne_-90-_jpg.rf.95d39e5400a7f201131d07d5cdbb803f.jpg,Cyst,ACCEPTED,Unique representative. Quality: high_quality,cystic_acne_-90-_jpg.rf.95d39e5400a7f201131d07d5cdbb803f.jpg,150.27,high_quality,train
cystic_acne_-100-_jpg.rf.e66f6dd8cdf4840dabb994f59de4ada3.jpg,Cyst,ACCEPTED,Unique representative. Quality: usable,cystic_acne_-100-_jpg.rf.e66f6dd8cdf4840dabb994f59de4ada3.jpg,135.87,usable,train
cystic_acne_-175-_jpg.rf.33e1eceee18ca12afd8fff4db8c1d6e6.jpg,Cyst,ACCEPTED,Unique representative. Quality: usable,cystic_acne_-175-_jpg.rf.33e1eceee18ca12afd8fff4db8c1d6e6.jpg,64.41,usable,train
cystic_acne_-25-_jpg.rf.3fceb1f4dca9a92f70b1b1c27c4adfe0.jpg,Cyst,ACCEPTED,Unique representative. Quality: high_quality,cystic_acne_-25-_jpg.rf.3fceb1f4dca9a92f70b1b1c27c4adfe0.jpg,200.16,high_quality,train
cystic_acne_-90-_jpg.rf.f82d5500ec27e8ffd268e539e96fb0c4.jpg,Cyst,ACCEPTED,Unique representative. Quality: usable,cystic_acne_-90-_jpg.rf.f82d5500ec27e8ffd268e539e96fb0c4.jpg,81.86,usable,train
cystic_acne_-90-_jpg.rf.f3bb126b9170484ce8e3129c549b8473.jpg,Cyst,ACCEPTED,Unique representative. Quality: usable,cystic_acne_-90-_jpg.rf.f3bb126b9170484ce8e3129c549b8473.jpg,60.47,usable,train
cystic_acne_-167-_jpg.rf.cce90f1faf33877ae16962426754003d.jpg,Cyst,ACCEPTED,Unique representative. Quality: usable,cystic_acne_-167-_jpg.rf.cce90f1faf33877ae16962426754003d.jpg,93.87,usable,train
cystic_acne_-136-_jpg.rf.c6221991942e6b9248eed2ec6d0dea55.jpg,Cyst,ACCEPTED,Unique representative. Quality: borderline,cystic_acne_-136-_jpg.rf.c6221991942e6b9248eed2ec6d0dea55.jpg,40.79,borderline,train
cystic_acne_-43-_jpg.rf.7b104ca62a06d3d36fe3db977c0953b1.jpg,Cyst,ACCEPTED,Unique representative. Quality: borderline,cystic_acne_-43-_jpg.rf.7b104ca62a06d3d36fe3db977c0953b1.jpg,54.73,borderline,train
cystic_acne_-6-_jpg.rf.5594a01077c367efb99afa4f2235d647.jpg,Cyst,ACCEPTED,Unique representative. Quality: usable,cystic_acne_-6-_jpg.rf.5594a01077c367efb99afa4f2235d647.jpg,76.15,usable,train
cystic_acne_-43-_jpg.rf.1a3c4695e337ce4240589b9717fb6aff(1).jpg,Cyst,ACCEPTED,Unique representative. Quality: high_quality,cystic_acne_-43-_jpg.rf.1a3c4695e337ce4240589b9717fb6aff(1).jpg,324.04,high_quality,train
cystic_acne_-43-_jpg.rf.be184e7a1e7f419e7853a914027cd851.jpg,Cyst,ACCEPTED,Unique representative. Quality: usable,cystic_acne_-43-_jpg.rf.be184e7a1e7f419e7853a914027cd851.jpg,122.17,usable,train
cystic_acne_-167-_jpg.rf.0bc0902b678519f0cd19b4379cce7c6b.jpg,Cyst,ACCEPTED,Unique representative. Quality: usable,cystic_acne_-167-_jpg.rf.0bc0902b678519f0cd19b4379cce7c6b.jpg,77.79,usable,train
cystic_acne_-175-_jpg.rf.9f0d1aa2900bb900e35592981e905c50.jpg,Cyst,ACCEPTED,Unique representative. Quality: usable,cystic_acne_-175-_jpg.rf.9f0d1aa2900bb900e35592981e905c50.jpg,72.63,usable,train
cystic_acne_-25-_jpg.rf.ba374ddbd4f67d3ba90115181beec434.jpg,Cyst,ACCEPTED,Unique representative. Quality: usable,cystic_acne_-25-_jpg.rf.ba374ddbd4f67d3ba90115181beec434.jpg,102.04,usable,train
cystic_acne_-68-_jpg.rf.ccff63ec855203cba96aa904af4132ab.jpg,Cyst,ACCEPTED,Unique representative. Quality: usable,cystic_acne_-68-_jpg.rf.ccff63ec855203cba96aa904af4132ab.jpg,93.68,usable,train
cystic_acne_-5-_jpg.rf.7eb774187ed6eaae1c4610f046742eb7.jpg,Cyst,ACCEPTED,Unique representative. Quality: usable,cystic_acne_-5-_jpg.rf.7eb774187ed6eaae1c4610f046742eb7.jpg,126.82,usable,train
cystic_acne_-168-_jpg.rf.a1a8016a2c98d888a8c69332f1c284af.jpg,Cyst,ACCEPTED,Unique representative. Quality: usable,cystic_acne_-168-_jpg.rf.a1a8016a2c98d888a8c69332f1c284af.jpg,62.79,usable,train
cystic_acne_-84-_jpg.rf.ccf883956077368609f7d95458d9e9f1.jpg,Cyst,ACCEPTED,Unique representative. Quality: usable,cystic_acne_-84-_jpg.rf.ccf883956077368609f7d95458d9e9f1.jpg,80.14,usable,train
cystic_acne_-175-_jpg.rf.4eaf7cbd877779591da2ca31166d4397.jpg,Cyst,ACCEPTED,Unique representative. Quality: usable,cystic_acne_-175-_jpg.rf.4eaf7cbd877779591da2ca31166d4397.jpg,79.97,usable,train
cystic_acne_-168-_jpg.rf.2385c1fd6238bacdfdf5a7002dbce2a8.jpg,Cyst,ACCEPTED,Unique representative. Quality: usable,cystic_acne_-168-_jpg.rf.2385c1fd6238bacdfdf5a7002dbce2a8.jpg,95.62,usable,train
cystic_acne_-181-_jpg.rf.dc9bfe5cf35b0764016f81f8033a1e81.jpg,Cyst,ACCEPTED,Unique representative. Quality: high_quality,cystic_acne_-181-_jpg.rf.dc9bfe5cf35b0764016f81f8033a1e81.jpg,388.98,high_quality,train
cystic_acne_-84-_jpg.rf.b3ba00baad4ee36d0e321ac3913d610f.jpg,Cyst,ACCEPTED,Unique representative. Quality: usable,cystic_acne_-84-_jpg.rf.b3ba00baad4ee36d0e321ac3913d610f.jpg,62.22,usable,train
cystic_acne_-136-_jpg.rf.95819d065d151e7c46945a8a4267309d.jpg,Cyst,ACCEPTED,Unique representative. Quality: usable,cystic_acne_-136-_jpg.rf.95819d065d151e7c46945a8a4267309d.jpg,96.77,usable,train
cystic_acne_-84-_jpg.rf.523a225bcf22fed4d3886200b5ecd297.jpg,Cyst,ACCEPTED,Unique representative. Quality: usable,cystic_acne_-84-_jpg.rf.523a225bcf22fed4d3886200b5ecd297.jpg,92.39,usable,train
cystic_acne_-168-_jpg.rf.b4ed13ce29aa28e959d7e746f430e5ef.jpg,Cyst,ACCEPTED,Unique representative. Quality: usable,cystic_acne_-168-_jpg.rf.b4ed13ce29aa28e959d7e746f430e5ef.jpg,62.44,usable,train
cystic_acne_-6-_jpg.rf.da447e499a2b10d075ce7469f9ed5dab.jpg,Cyst,ACCEPTED,Unique representative. Quality: usable,cystic_acne_-6-_jpg.rf.da447e499a2b10d075ce7469f9ed5dab.jpg,98.75,usable,train
cystic_acne_-5-_jpg.rf.dee08f19459e24a014eca40ab813daab.jpg,Cyst,ACCEPTED,Unique representative. Quality: high_quality,cystic_acne_-5-_jpg.rf.dee08f19459e24a014eca40ab813daab.jpg,444.31,high_quality,train
cystic_acne_-43-_jpg.rf.69d8599a10bc995ad8d081bfc8f781ff.jpg,Cyst,ACCEPTED,Unique representative. Quality: usable,cystic_acne_-43-_jpg.rf.69d8599a10bc995ad8d081bfc8f781ff.jpg,116.69,usable,train
cystic_acne_-25-_jpg.rf.3110dbf10f1b1a24378109043fa284fa.jpg,Cyst,ACCEPTED,Unique representative. Quality: usable,cystic_acne_-25-_jpg.rf.3110dbf10f1b1a24378109043fa284fa.jpg,72.73,usable,train
cystic_acne_-25-_jpg.rf.9d501b8ce0814fa9563e893ee0acdd51.jpg,Cyst,ACCEPTED,Unique representative. Quality: borderline,cystic_acne_-25-_jpg.rf.9d501b8ce0814fa9563e893ee0acdd51.jpg,57.90,borderline,train
cystic_acne_-136-_jpg.rf.d8fe9bfdf9c0fc1431a0765d8601695e.jpg,Cyst,ACCEPTED,Unique representative. Quality: borderline,cystic_acne_-136-_jpg.rf.d8fe9bfdf9c0fc1431a0765d8601695e.jpg,58.94,borderline,train
cystic_acne_-181-_jpg.rf.014354a4be9ab28cd27d3fe4da8d54af.jpg,Cyst,ACCEPTED,Unique representative. Quality: borderline,cystic_acne_-181-_jpg.rf.014354a4be9ab28cd27d3fe4da8d54af.jpg,48.28,borderline,train
cystic_acne_-90-_jpg.rf.ce23037ad7b94b5c14b73f6904559d6e.jpg,Cyst,ACCEPTED,Unique representative. Quality: usable,cystic_acne_-90-_jpg.rf.ce23037ad7b94b5c14b73f6904559d6e.jpg,65.33,usable,train
cystic_acne_-167-_jpg.rf.e7df9cf88fb568552690ebdfcc4b4f0c.jpg,Cyst,ACCEPTED,Unique representative. Quality: usable,cystic_acne_-167-_jpg.rf.e7df9cf88fb568552690ebdfcc4b4f0c.jpg,97.89,usable,train
cystic_acne_-43-_jpg.rf.7eac5bc963945160664daaa95349478b.jpg,Cyst,ACCEPTED,Unique representative. Quality: usable,cystic_acne_-43-_jpg.rf.7eac5bc963945160664daaa95349478b.jpg,96.23,usable,train
cystic_acne_-5-_jpg.rf.fc034eaaafd05f1e746da35dd9454e04.jpg,Cyst,ACCEPTED,Unique representative. Quality: high_quality,cystic_acne_-5-_jpg.rf.fc034eaaafd05f1e746da35dd9454e04.jpg,282.75,high_quality,train
cystic_acne_-10-_jpg.rf.5d5163328453b023f0f20bbd3f4d091e.jpg,Cyst,ACCEPTED,Unique representative. Quality: usable,cystic_acne_-10-_jpg.rf.5d5163328453b023f0f20bbd3f4d091e.jpg,108.17,usable,train
cystic_acne_-181-_jpg.rf.9ec3501291cd528d61756cc9f3865d8b.jpg,Cyst,ACCEPTED,Unique representative. Quality: usable,cystic_acne_-181-_jpg.rf.9ec3501291cd528d61756cc9f3865d8b.jpg,94.61,usable,train
cystic_acne_-136-_jpg.rf.30fbf180a9803f0db2ebf101ed20987a.jpg,Cyst,ACCEPTED,Unique representative. Quality: high_quality,cystic_acne_-136-_jpg.rf.30fbf180a9803f0db2ebf101ed20987a.jpg,241.27,high_quality,train
cystic_acne_-91-_jpg.rf.96ac7e0c7febfd98e23eec2a00cafaff.jpg,Cyst,ACCEPTED,Unique representative. Quality: usable,cystic_acne_-91-_jpg.rf.96ac7e0c7febfd98e23eec2a00cafaff.jpg,72.60,usable,train
cystic_acne_-43-_jpg.rf.1b4878ab4e475c8cdcf656a2ab5e80f0.jpg,Cyst,ACCEPTED,Unique representative. Quality: usable,cystic_acne_-43-_jpg.rf.1b4878ab4e475c8cdcf656a2ab5e80f0.jpg,65.70,usable,train
cystic_acne_-84-_jpg.rf.9b43b2ddf6b15d00eddc3d84f946821c.jpg,Cyst,ACCEPTED,Unique representative. Quality: usable,cystic_acne_-84-_jpg.rf.9b43b2ddf6b15d00eddc3d84f946821c.jpg,81.91,usable,train
cystic_acne_-4-_jpg.rf.f2593e3ca9c3a84e6da472f03135f53b.jpg,Cyst,ACCEPTED,Unique representative. Quality: usable,cystic_acne_-4-_jpg.rf.f2593e3ca9c3a84e6da472f03135f53b.jpg,87.00,usable,train
cystic_acne_-168-_jpg.rf.ed2e8379dde068d4570e34cd5a515a2a.jpg,Cyst,ACCEPTED,Unique representative. Quality: usable,cystic_acne_-168-_jpg.rf.ed2e8379dde068d4570e34cd5a515a2a.jpg,93.06,usable,train
cystic_acne_-4-_jpg.rf.d52e103fd6ba91651776487a727e030b.jpg,Cyst,ACCEPTED,Unique representative. Quality: usable,cystic_acne_-4-_jpg.rf.d52e103fd6ba91651776487a727e030b.jpg,141.27,usable,train
cystic_acne_-167-_jpg.rf.05c17d89c7530df0ee4d72fa72d11c70.jpg,Cyst,ACCEPTED,Unique representative. Quality: usable,cystic_acne_-167-_jpg.rf.05c17d89c7530df0ee4d72fa72d11c70.jpg,97.30,usable,train
cystic_acne_-10-_jpg.rf.5238e84df8b4958df5ef41411bb91e42.jpg,Cyst,ACCEPTED,Unique representative. Quality: usable,cystic_acne_-10-_jpg.rf.5238e84df8b4958df5ef41411bb91e42.jpg,96.01,usable,train
cystic_acne_-84-_jpg.rf.398d89543997dd60a6785b23694e2ea5.jpg,Cyst,ACCEPTED,Unique representative. Quality: usable,cystic_acne_-84-_jpg.rf.398d89543997dd60a6785b23694e2ea5.jpg,66.10,usable,train
cystic_acne_-100-_jpg.rf.e9405b668bdaea5177735a05078f3688.jpg,Cyst,ACCEPTED,Unique representative. Quality: usable,cystic_acne_-100-_jpg.rf.e9405b668bdaea5177735a05078f3688.jpg,83.12,usable,train
cystic_acne_-25-_jpg.rf.7b64d8afdb97ed80cc12327ff0f00e04.jpg,Cyst,ACCEPTED,Unique representative. Quality: usable,cystic_acne_-25-_jpg.rf.7b64d8afdb97ed80cc12327ff0f00e04.jpg,79.15,usable,train
cystic_acne_-68-_jpg.rf.debdcde94c763a24b919fadaff12505c.jpg,Cyst,ACCEPTED,Unique representative. Quality: usable,cystic_acne_-68-_jpg.rf.debdcde94c763a24b919fadaff12505c.jpg,131.71,usable,train
cystic_acne_-106-_jpg.rf.4ef04ea9573c3af26870709d83fa0ad3.jpg,Cyst,ACCEPTED,Unique representative. Quality: borderline,cystic_acne_-106-_jpg.rf.4ef04ea9573c3af26870709d83fa0ad3.jpg,58.77,borderline,train
cystic_acne_-5-_jpg.rf.e3c7a6d9445c216c59d8c380bca39802.jpg,Cyst,ACCEPTED,Unique representative. Quality: usable,cystic_acne_-5-_jpg.rf.e3c7a6d9445c216c59d8c380bca39802.jpg,134.44,usable,train
cystic_acne_-6-_jpg.rf.db8b29c66ab0ccb96809027211def3e7.jpg,Cyst,ACCEPTED,Unique representative. Quality: usable,cystic_acne_-6-_jpg.rf.db8b29c66ab0ccb96809027211def3e7.jpg,111.46,usable,train
cystic_acne_-100-_jpg.rf.11ce139b7c6b9c16c912d07f44b7ac81.jpg,Cyst,ACCEPTED,Unique representative. Quality: usable,cystic_acne_-100-_jpg.rf.11ce139b7c6b9c16c912d07f44b7ac81.jpg,122.20,usable,train
cystic_acne_-5-_jpg.rf.905bbf93550aecc2d41ef3e8f55ff822.jpg,Cyst,ACCEPTED,Unique representative. Quality: usable,cystic_acne_-5-_jpg.rf.905bbf93550aecc2d41ef3e8f55ff822.jpg,83.17,usable,train
cystic_acne_-43-_jpg.rf.e6ae0dfb61bc63103b96770da8d0e8cb.jpg,Cyst,ACCEPTED,Unique representative. Quality: usable,cystic_acne_-43-_jpg.rf.e6ae0dfb61bc63103b96770da8d0e8cb.jpg,72.00,usable,train
cystic_acne_-68-_jpg.rf.c4df0d8d6409cdccc65d0892c52360ac.jpg,Cyst,ACCEPTED,Unique representative. Quality: usable,cystic_acne_-68-_jpg.rf.c4df0d8d6409cdccc65d0892c52360ac.jpg,97.79,usable,train
cystic_acne_-43-_jpg.rf.6ad83213b488796961eac1b905d0075f.jpg,Cyst,ACCEPTED,Unique representative. Quality: usable,cystic_acne_-43-_jpg.rf.6ad83213b488796961eac1b905d0075f.jpg,69.40,usable,train
cystic_acne_-5-_jpg.rf.7d5d9a54b487e15e6d505e0c47c46861.jpg,Cyst,ACCEPTED,Unique representative. Quality: high_quality,cystic_acne_-5-_jpg.rf.7d5d9a54b487e15e6d505e0c47c46861.jpg,186.72,high_quality,train
cystic_acne_-4-_jpg.rf.a26477c0c173c9cfcd4130dc6c93335d.jpg,Cyst,ACCEPTED,Unique representative. Quality: usable,cystic_acne_-4-_jpg.rf.a26477c0c173c9cfcd4130dc6c93335d.jpg,79.65,usable,train
cystic_acne_-175-_jpg.rf.f8a9c7d370390ca939d3974b2ba8c19a.jpg,Cyst,ACCEPTED,Unique representative. Quality: usable,cystic_acne_-175-_jpg.rf.f8a9c7d370390ca939d3974b2ba8c19a.jpg,82.96,usable,train
cystic_acne_-10-_jpg.rf.df13fef75fffc4298f26f96af80a6b5f.jpg,Cyst,ACCEPTED,Unique representative. Quality: usable,cystic_acne_-10-_jpg.rf.df13fef75fffc4298f26f96af80a6b5f.jpg,146.45,usable,train
cystic_acne_-168-_jpg.rf.ac5c9d56129072a2cc552405f31cc0e5.jpg,Cyst,ACCEPTED,Unique representative. Quality: high_quality,cystic_acne_-168-_jpg.rf.ac5c9d56129072a2cc552405f31cc0e5.jpg,331.69,high_quality,train
cystic_acne_-43-_jpg.rf.91a5aba38eda1cd485c5170dec4227dd.jpg,Cyst,ACCEPTED,Unique representative. Quality: usable,cystic_acne_-43-_jpg.rf.91a5aba38eda1cd485c5170dec4227dd.jpg,63.97,usable,train
cystic_acne_-181-_jpg.rf.01f22ba4046323de749bcd3b0f674ec6.jpg,Cyst,ACCEPTED,Unique representative. Quality: usable,cystic_acne_-181-_jpg.rf.01f22ba4046323de749bcd3b0f674ec6.jpg,131.88,usable,train
cystic_acne_-43-_jpg.rf.47ab25e055bca34b9e0fae7f4c5373bf.jpg,Cyst,ACCEPTED,Unique representative. Quality: borderline,cystic_acne_-43-_jpg.rf.47ab25e055bca34b9e0fae7f4c5373bf.jpg,53.40,borderline,train
cystic_acne_-106-_jpg.rf.325845474c4ef7c1b30db079fae66b65.jpg,Cyst,ACCEPTED,Unique representative. Quality: usable,cystic_acne_-106-_jpg.rf.325845474c4ef7c1b30db079fae66b65.jpg,101.02,usable,train
cystic_acne_-5-_jpg.rf.193fd14c922771a01471ddb00f9e11c0.jpg,Cyst,ACCEPTED,Unique representative. Quality: high_quality,cystic_acne_-5-_jpg.rf.193fd14c922771a01471ddb00f9e11c0.jpg,179.31,high_quality,train
cystic_acne_-100-_jpg.rf.0fda0cd8bc603beec33abc8c9ed5a9d3.jpg,Cyst,ACCEPTED,Unique representative. Quality: high_quality,cystic_acne_-100-_jpg.rf.0fda0cd8bc603beec33abc8c9ed5a9d3.jpg,341.20,high_quality,train
cystic_acne_-6-_jpg.rf.c623a67696e7c1568bb8607c579d5de6.jpg,Cyst,ACCEPTED,Unique representative. Quality: borderline,cystic_acne_-6-_jpg.rf.c623a67696e7c1568bb8607c579d5de6.jpg,37.76,borderline,train
cystic_acne_-43-_jpg.rf.9a3c5941eb54935fcdfece128d1b6162.jpg,Cyst,ACCEPTED,Unique representative. Quality: usable,cystic_acne_-43-_jpg.rf.9a3c5941eb54935fcdfece128d1b6162.jpg,86.50,usable,train
cystic_acne_-5-_jpg.rf.220dc4b29c8db187ee9982bac840fb99.jpg,Cyst,ACCEPTED,Unique representative. Quality: usable,cystic_acne_-5-_jpg.rf.220dc4b29c8db187ee9982bac840fb99.jpg,148.34,usable,train
cystic_acne_-100-_jpg.rf.473f8146d5f8a11f4c755ff2ec11980c.jpg,Cyst,ACCEPTED,Unique representative. Quality: usable,cystic_acne_-100-_jpg.rf.473f8146d5f8a11f4c755ff2ec11980c.jpg,94.36,usable,train
cystic_acne_-91-_jpg.rf.b41a3be1e050490c18a4bf7b573b4803.jpg,Cyst,ACCEPTED,Unique representative. Quality: borderline,cystic_acne_-91-_jpg.rf.b41a3be1e050490c18a4bf7b573b4803.jpg,40.33,borderline,train
cystic_acne_-181-_jpg.rf.01076016cd7d38fa49966788130e1109.jpg,Cyst,ACCEPTED,Unique representative. Quality: high_quality,cystic_acne_-181-_jpg.rf.01076016cd7d38fa49966788130e1109.jpg,353.69,high_quality,train
cystic_acne_-25-_jpg.rf.b10525a2ff8c2bf25dddc0ad95c8d4bb.jpg,Cyst,ACCEPTED,Unique representative. Quality: usable,cystic_acne_-25-_jpg.rf.b10525a2ff8c2bf25dddc0ad95c8d4bb.jpg,92.34,usable,train
cystic_acne_-91-_jpg.rf.003d06363d76394b3f9aaa201c8ff16e.jpg,Cyst,ACCEPTED,Unique representative. Quality: usable,cystic_acne_-91-_jpg.rf.003d06363d76394b3f9aaa201c8ff16e.jpg,60.27,usable,train
cystic_acne_-100-_jpg.rf.e2029bb2a4e997fa408ca19fec05bb57.jpg,Cyst,ACCEPTED,Unique representative. Quality: usable,cystic_acne_-100-_jpg.rf.e2029bb2a4e997fa408ca19fec05bb57.jpg,70.00,usable,train
cystic_acne_-100-_jpg.rf.656ecbb871454bcf6435d691530fdb1b.jpg,Cyst,ACCEPTED,Unique representative. Quality: usable,cystic_acne_-100-_jpg.rf.656ecbb871454bcf6435d691530fdb1b.jpg,115.63,usable,train
cystic_acne_-181-_jpg.rf.7b4720d2509040c660e59f8d37a7ddbd.jpg,Cyst,ACCEPTED,Unique representative. Quality: usable,cystic_acne_-181-_jpg.rf.7b4720d2509040c660e59f8d37a7ddbd.jpg,146.88,usable,train
cystic_acne_-175-_jpg.rf.0c88bb38f62ce313a24856ec2f211baa.jpg,Cyst,ACCEPTED,Unique representative. Quality: high_quality,cystic_acne_-175-_jpg.rf.0c88bb38f62ce313a24856ec2f211baa.jpg,163.54,high_quality,train
cystic_acne_-181-_jpg.rf.86b97de70a39fe536446672654395551.jpg,Cyst,ACCEPTED,Unique representative. Quality: usable,cystic_acne_-181-_jpg.rf.86b97de70a39fe536446672654395551.jpg,98.01,usable,train
cystic_acne_-175-_jpg.rf.e6ce2f6df995d56e9adb19600a1bc139.jpg,Cyst,ACCEPTED,Unique representative. Quality: borderline,cystic_acne_-175-_jpg.rf.e6ce2f6df995d56e9adb19600a1bc139.jpg,59.44,borderline,train
cystic_acne_-90-_jpg.rf.08caf74597d1648ce8e19692071fe914.jpg,Cyst,ACCEPTED,Unique representative. Quality: usable,cystic_acne_-90-_jpg.rf.08caf74597d1648ce8e19692071fe914.jpg,75.02,usable,train
cystic_acne_-43-_jpg.rf.ec6bd70a67d69e04991258cec92e913b.jpg,Cyst,ACCEPTED,Unique representative. Quality: usable,cystic_acne_-43-_jpg.rf.ec6bd70a67d69e04991258cec92e913b.jpg,138.27,usable,train
cystic_acne_-181-_jpg.rf.0abf050ed21e472550a6d0258dbf6ec7.jpg,Cyst,ACCEPTED,Unique representative. Quality: usable,cystic_acne_-181-_jpg.rf.0abf050ed21e472550a6d0258dbf6ec7.jpg,67.35,usable,train
cystic_acne_-90-_jpg.rf.ac7eabd05f5a402d8e0b2064c93862bd.jpg,Cyst,ACCEPTED,Unique representative. Quality: usable,cystic_acne_-90-_jpg.rf.ac7eabd05f5a402d8e0b2064c93862bd.jpg,101.53,usable,train
cystic_acne_-84-_jpg.rf.d7fdd3b9de1671c154eae260fe52d966.jpg,Cyst,ACCEPTED,Unique representative. Quality: borderline,cystic_acne_-84-_jpg.rf.d7fdd3b9de1671c154eae260fe52d966.jpg,58.58,borderline,train
cystic_acne_-4-_jpg.rf.5ca36a5e60adb4138da0efefa86768fc.jpg,Cyst,ACCEPTED,Unique representative. Quality: high_quality,cystic_acne_-4-_jpg.rf.5ca36a5e60adb4138da0efefa86768fc.jpg,321.90,high_quality,train
cystic_acne_-84-_jpg.rf.49d4cc8f1edba6c7ee147f50c046037d.jpg,Cyst,ACCEPTED,Unique representative. Quality: usable,cystic_acne_-84-_jpg.rf.49d4cc8f1edba6c7ee147f50c046037d.jpg,83.24,usable,train
cystic_acne_-10-_jpg.rf.e229ab5cc5caa1656df17987021b8ab1.jpg,Cyst,ACCEPTED,Unique representative. Quality: usable,cystic_acne_-10-_jpg.rf.e229ab5cc5caa1656df17987021b8ab1.jpg,77.56,usable,train
cystic_acne_-168-_jpg.rf.0aa8f98487d379e7d2656a9e8764b042.jpg,Cyst,ACCEPTED,Unique representative. Quality: usable,cystic_acne_-168-_jpg.rf.0aa8f98487d379e7d2656a9e8764b042.jpg,64.59,usable,train
cystic_acne_-100-_jpg.rf.ed37f13e5a825693ff36eadf50ac5569.jpg,Cyst,ACCEPTED,Unique representative. Quality: usable,cystic_acne_-100-_jpg.rf.ed37f13e5a825693ff36eadf50ac5569.jpg,67.56,usable,train
cystic_acne_-10-_jpg.rf.80cd966749720785fc774db7bbb82c67.jpg,Cyst,ACCEPTED,Unique representative. Quality: usable,cystic_acne_-10-_jpg.rf.80cd966749720785fc774db7bbb82c67.jpg,85.04,usable,train
cystic_acne_-84-_jpg.rf.bea1579a17caa61e899f50202efd9e7d.jpg,Cyst,ACCEPTED,Unique representative. Quality: usable,cystic_acne_-84-_jpg.rf.bea1579a17caa61e899f50202efd9e7d.jpg,65.82,usable,train
cystic_acne_-181-_jpg.rf.5e31d5d186249ef48e50d92dca498ce6.jpg,Cyst,ACCEPTED,Unique representative. Quality: high_quality,cystic_acne_-181-_jpg.rf.5e31d5d186249ef48e50d92dca498ce6.jpg,503.20,high_quality,train
cystic_acne_-106-_jpg.rf.6f9c2f0bff7cab9c0316fa49fdba970f.jpg,Cyst,ACCEPTED,Unique representative. Quality: usable,cystic_acne_-106-_jpg.rf.6f9c2f0bff7cab9c0316fa49fdba970f.jpg,82.40,usable,train
cystic_acne_-68-_jpg.rf.f8d399de9d172b74a654b2c5b22ed012.jpg,Cyst,ACCEPTED,Unique representative. Quality: borderline,cystic_acne_-68-_jpg.rf.f8d399de9d172b74a654b2c5b22ed012.jpg,55.96,borderline,train
cystic_acne_-6-_jpg.rf.11c37211d226989571cd23007ba30ffa.jpg,Cyst,ACCEPTED,Unique representative. Quality: usable,cystic_acne_-6-_jpg.rf.11c37211d226989571cd23007ba30ffa.jpg,72.09,usable,train
cystic_acne_-6-_jpg.rf.9b41fe86186011b066f29b3b28f7fde0.jpg,Cyst,ACCEPTED,Unique representative. Quality: usable,cystic_acne_-6-_jpg.rf.9b41fe86186011b066f29b3b28f7fde0.jpg,118.65,usable,train
cystic_acne_-5-_jpg.rf.38b834d91628683a32d60df84d0bcf5f.jpg,Cyst,ACCEPTED,Unique representative. Quality: usable,cystic_acne_-5-_jpg.rf.38b834d91628683a32d60df84d0bcf5f.jpg,121.87,usable,train
cystic_acne_-91-_jpg.rf.5b844747765d6358438888919322901c.jpg,Cyst,ACCEPTED,Unique representative. Quality: borderline,cystic_acne_-91-_jpg.rf.5b844747765d6358438888919322901c.jpg,35.07,borderline,train
cystic_acne_-6-_jpg.rf.6e56ac1a2853f60a47d76bd8d05e6605.jpg,Cyst,ACCEPTED,Unique representative. Quality: usable,cystic_acne_-6-_jpg.rf.6e56ac1a2853f60a47d76bd8d05e6605.jpg,98.68,usable,train
cystic_acne_-43-_jpg.rf.26e7695866679722cf07a68079ce4329.jpg,Cyst,ACCEPTED,Unique representative. Quality: usable,cystic_acne_-43-_jpg.rf.26e7695866679722cf07a68079ce4329.jpg,64.82,usable,train
cystic_acne_-167-_jpg.rf.5a9b66ffa166c2a96778baa394f7ebd1.jpg,Cyst,ACCEPTED,Unique representative. Quality: usable,cystic_acne_-167-_jpg.rf.5a9b66ffa166c2a96778baa394f7ebd1.jpg,61.11,usable,train
cystic_acne_-100-_jpg.rf.aeeb0d6db8773407ba93eb00fdbd4888.jpg,Cyst,ACCEPTED,Unique representative. Quality: usable,cystic_acne_-100-_jpg.rf.aeeb0d6db8773407ba93eb00fdbd4888.jpg,74.65,usable,train
cystic_acne_-43-_jpg.rf.b382b88f590edf7495b7ec5b2dbc8d7a.jpg,Cyst,ACCEPTED,Unique representative. Quality: usable,cystic_acne_-43-_jpg.rf.b382b88f590edf7495b7ec5b2dbc8d7a.jpg,68.93,usable,train
cystic_acne_-100-_jpg.rf.4907c779968bb6c395f94935b955781a.jpg,Cyst,ACCEPTED,Unique representative. Quality: usable,cystic_acne_-100-_jpg.rf.4907c779968bb6c395f94935b955781a.jpg,100.75,usable,train
cystic_acne_-175-_jpg.rf.753615bf3f704b98a81271c34a8d78b5.jpg,Cyst,ACCEPTED,Unique representative. Quality: usable,cystic_acne_-175-_jpg.rf.753615bf3f704b98a81271c34a8d78b5.jpg,100.56,usable,train
cystic_acne_-6-_jpg.rf.465fa37cfc0ea6356052549f07c36b79.jpg,Cyst,ACCEPTED,Unique representative. Quality: usable,cystic_acne_-6-_jpg.rf.465fa37cfc0ea6356052549f07c36b79.jpg,130.86,usable,train
cystic_acne_-136-_jpg.rf.253478becda243b3ccb935cec107c0d8.jpg,Cyst,ACCEPTED,Unique representative. Quality: borderline,cystic_acne_-136-_jpg.rf.253478becda243b3ccb935cec107c0d8.jpg,53.11,borderline,train
cystic_acne_-5-_jpg.rf.2e941df92729cd893e2af9bff8ab5783.jpg,Cyst,ACCEPTED,Unique representative. Quality: high_quality,cystic_acne_-5-_jpg.rf.2e941df92729cd893e2af9bff8ab5783.jpg,158.49,high_quality,train
cystic_acne_-10-_jpg.rf.2c28bdc77b4039ede18679a04322a00d.jpg,Cyst,ACCEPTED,Unique representative. Quality: high_quality,cystic_acne_-10-_jpg.rf.2c28bdc77b4039ede18679a04322a00d.jpg,355.30,high_quality,train
cystic_acne_-43-_jpg.rf.a3ea972439cd02c5eaf75ac02e715fc9.jpg,Cyst,ACCEPTED,Unique representative. Quality: high_quality,cystic_acne_-43-_jpg.rf.a3ea972439cd02c5eaf75ac02e715fc9.jpg,470.09,high_quality,train
cystic_acne_-5-_jpg.rf.6609322459121f9226211a3730e17a33.jpg,Cyst,ACCEPTED,Unique representative. Quality: high_quality,cystic_acne_-5-_jpg.rf.6609322459121f9226211a3730e17a33.jpg,237.25,high_quality,train
cystic_acne_-5-_jpg.rf.35fc5c1fde8bea49e9f101d5b8c6f1d7.jpg,Cyst,ACCEPTED,Unique representative. Quality: usable,cystic_acne_-5-_jpg.rf.35fc5c1fde8bea49e9f101d5b8c6f1d7.jpg,75.55,usable,train
cystic_acne_-181-_jpg.rf.9df376208ffbad965a1ad4213fa1eb27.jpg,Cyst,ACCEPTED,Unique representative. Quality: usable,cystic_acne_-181-_jpg.rf.9df376208ffbad965a1ad4213fa1eb27.jpg,66.85,usable,train
cystic_acne_-181-_jpg.rf.7502bfaa95834495c97ef7bc0deee15d.jpg,Cyst,ACCEPTED,Unique representative. Quality: usable,cystic_acne_-181-_jpg.rf.7502bfaa95834495c97ef7bc0deee15d.jpg,87.59,usable,train
cystic_acne_-90-_jpg.rf.8c9d57a57ab6874d5e0e6a1c7f42cd5e.jpg,Cyst,ACCEPTED,Unique representative. Quality: usable,cystic_acne_-90-_jpg.rf.8c9d57a57ab6874d5e0e6a1c7f42cd5e.jpg,82.10,usable,train
cystic_acne_-90-_jpg.rf.5581d175deb542eadff80fa27123d55f.jpg,Cyst,ACCEPTED,Unique representative. Quality: usable,cystic_acne_-90-_jpg.rf.5581d175deb542eadff80fa27123d55f.jpg,66.54,usable,train
cystic_acne_-100-_jpg.rf.2c66180ff0aea20218bae1832cbafc69.jpg,Cyst,ACCEPTED,Unique representative. Quality: usable,cystic_acne_-100-_jpg.rf.2c66180ff0aea20218bae1832cbafc69.jpg,67.52,usable,train
cystic_acne_-25-_jpg.rf.8ec613323a45d1a9dbb2caebc1d2dd00.jpg,Cyst,ACCEPTED,Unique representative. Quality: borderline,cystic_acne_-25-_jpg.rf.8ec613323a45d1a9dbb2caebc1d2dd00.jpg,48.48,borderline,train
cystic_acne_-10-_jpg.rf.bfb74bdeedbf8625965b26d658014879.jpg,Cyst,ACCEPTED,Unique representative. Quality: usable,cystic_acne_-10-_jpg.rf.bfb74bdeedbf8625965b26d658014879.jpg,81.15,usable,train
cystic_acne_-25-_jpg.rf.112197a163d0567535dce07fcb967ebc.jpg,Cyst,ACCEPTED,Unique representative. Quality: usable,cystic_acne_-25-_jpg.rf.112197a163d0567535dce07fcb967ebc.jpg,93.94,usable,train
cystic_acne_-84-_jpg.rf.26b8dbbd5cc3359ede174915d8dd99a1.jpg,Cyst,ACCEPTED,Unique representative. Quality: usable,cystic_acne_-84-_jpg.rf.26b8dbbd5cc3359ede174915d8dd99a1.jpg,81.52,usable,train
cystic_acne_-181-_jpg.rf.68fc3eb29caed0149ac0eedd0743a75d.jpg,Cyst,ACCEPTED,Unique representative. Quality: usable,cystic_acne_-181-_jpg.rf.68fc3eb29caed0149ac0eedd0743a75d.jpg,61.37,usable,train
cystic_acne_-100-_jpg.rf.118a13ce7dd6cf015d9e5c515646d60a.jpg,Cyst,ACCEPTED,Unique representative. Quality: usable,cystic_acne_-100-_jpg.rf.118a13ce7dd6cf015d9e5c515646d60a.jpg,65.44,usable,train
cystic_acne_-84-_jpg.rf.6f69a436825e4528d55f0e1364777622.jpg,Cyst,ACCEPTED,Unique representative. Quality: borderline,cystic_acne_-84-_jpg.rf.6f69a436825e4528d55f0e1364777622.jpg,53.66,borderline,train
cystic_acne_-68-_jpg.rf.b11941c93ead0551a27bd0d91958f06c.jpg,Cyst,ACCEPTED,Unique representative. Quality: usable,cystic_acne_-68-_jpg.rf.b11941c93ead0551a27bd0d91958f06c.jpg,82.26,usable,train
cystic_acne_-4-_jpg.rf.5a9ec41660bc2f8e032fe8af6828ff95.jpg,Cyst,ACCEPTED,Unique representative. Quality: borderline,cystic_acne_-4-_jpg.rf.5a9ec41660bc2f8e032fe8af6828ff95.jpg,49.16,borderline,train
cystic_acne_-43-_jpg.rf.4ed5e03cbfbd0de4bcf4f59ac3bdceb0.jpg,Cyst,ACCEPTED,Unique representative. Quality: usable,cystic_acne_-43-_jpg.rf.4ed5e03cbfbd0de4bcf4f59ac3bdceb0.jpg,100.25,usable,train
cystic_acne_-43-_jpg.rf.e3fae83437c4c734dc0b669df6418120.jpg,Cyst,ACCEPTED,Unique representative. Quality: usable,cystic_acne_-43-_jpg.rf.e3fae83437c4c734dc0b669df6418120.jpg,105.98,usable,train
cystic_acne_-5-_jpg.rf.7b9e3cac3921f03fdf2742fc470c45fe.jpg,Cyst,ACCEPTED,Unique representative. Quality: usable,cystic_acne_-5-_jpg.rf.7b9e3cac3921f03fdf2742fc470c45fe.jpg,91.62,usable,train
cystic_acne_-84-_jpg.rf.ba5ef65106bc8cc42c2eb92db7177f35.jpg,Cyst,ACCEPTED,Unique representative. Quality: borderline,cystic_acne_-84-_jpg.rf.ba5ef65106bc8cc42c2eb92db7177f35.jpg,58.74,borderline,train
cystic_acne_-136-_jpg.rf.2bb5ab3df8e5eb593885baecedd508b9.jpg,Cyst,ACCEPTED,Unique representative. Quality: usable,cystic_acne_-136-_jpg.rf.2bb5ab3df8e5eb593885baecedd508b9.jpg,104.95,usable,train
cystic_acne_-5-_jpg.rf.8d6db76db1a688218fee020f9b6b2b0b.jpg,Cyst,ACCEPTED,Unique representative. Quality: usable,cystic_acne_-5-_jpg.rf.8d6db76db1a688218fee020f9b6b2b0b.jpg,86.39,usable,train
cystic_acne_-4-_jpg.rf.d256883c41b1a624a27d3446a15556fa.jpg,Cyst,ACCEPTED,Unique representative. Quality: usable,cystic_acne_-4-_jpg.rf.d256883c41b1a624a27d3446a15556fa.jpg,107.96,usable,train
cystic_acne_-5-_jpg.rf.4d29e94603864345a5ee8f15ef467073.jpg,Cyst,ACCEPTED,Unique representative. Quality: usable,cystic_acne_-5-_jpg.rf.4d29e94603864345a5ee8f15ef467073.jpg,119.34,usable,train
cystic_acne_-100-_jpg.rf.e255241abf0a681df537102f0216a744.jpg,Cyst,ACCEPTED,Unique representative. Quality: usable,cystic_acne_-100-_jpg.rf.e255241abf0a681df537102f0216a744.jpg,129.20,usable,train
cystic_acne_-175-_jpg.rf.759a27cace08291bd660f7da7746e3f1.jpg,Cyst,ACCEPTED,Unique representative. Quality: borderline,cystic_acne_-175-_jpg.rf.759a27cace08291bd660f7da7746e3f1.jpg,35.20,borderline,train
cystic_acne_-4-_jpg.rf.6e55b7876664ddd0bea277a15fe7b998.jpg,Cyst,ACCEPTED,Unique representative. Quality: usable,cystic_acne_-4-_jpg.rf.6e55b7876664ddd0bea277a15fe7b998.jpg,80.62,usable,train
cystic_acne_-90-_jpg.rf.380068e743e7482d46afdfb51c190470.jpg,Cyst,ACCEPTED,Unique representative. Quality: high_quality,cystic_acne_-90-_jpg.rf.380068e743e7482d46afdfb51c190470.jpg,200.61,high_quality,train
cystic_acne_-43-_jpg.rf.b3549f8ab05b9ad964216642e9f2f173.jpg,Cyst,ACCEPTED,Unique representative. Quality: usable,cystic_acne_-43-_jpg.rf.b3549f8ab05b9ad964216642e9f2f173.jpg,79.65,usable,train
cystic_acne_-84-_jpg.rf.c70a3f2c6bb6a1dd5ede4a4a921911a9.jpg,Cyst,ACCEPTED,Unique representative. Quality: borderline,cystic_acne_-84-_jpg.rf.c70a3f2c6bb6a1dd5ede4a4a921911a9.jpg,54.19,borderline,train
cystic_acne_-136-_jpg.rf.e40a8841f41b669c5685443c28c682dd.jpg,Cyst,ACCEPTED,Unique representative. Quality: usable,cystic_acne_-136-_jpg.rf.e40a8841f41b669c5685443c28c682dd.jpg,90.23,usable,train
cystic_acne_-136-_jpg.rf.d97fc8b116d37da0c545c4c8c6517a5d.jpg,Cyst,ACCEPTED,Unique representative. Quality: usable,cystic_acne_-136-_jpg.rf.d97fc8b116d37da0c545c4c8c6517a5d.jpg,115.39,usable,train
cystic_acne_-6-_jpg.rf.8bac34a3b336096a4582f6259aab6734.jpg,Cyst,ACCEPTED,Unique representative. Quality: usable,cystic_acne_-6-_jpg.rf.8bac34a3b336096a4582f6259aab6734.jpg,129.91,usable,train
cystic_acne_-10-_jpg.rf.dde9a0754e9d423a34b7d92d45e29ad0.jpg,Cyst,ACCEPTED,Unique representative. Quality: usable,cystic_acne_-10-_jpg.rf.dde9a0754e9d423a34b7d92d45e29ad0.jpg,139.06,usable,train
cystic_acne_-181-_jpg.rf.84a7d68220be90efc7fadc72713e7e2b.jpg,Cyst,ACCEPTED,Unique representative. Quality: usable,cystic_acne_-181-_jpg.rf.84a7d68220be90efc7fadc72713e7e2b.jpg,115.52,usable,train
cystic_acne_-4-_jpg.rf.26ff56951a3a88cdba8ea2f5dc8cb237.jpg,Cyst,ACCEPTED,Unique representative. Quality: usable,cystic_acne_-4-_jpg.rf.26ff56951a3a88cdba8ea2f5dc8cb237.jpg,126.16,usable,train
cystic_acne_-10-_jpg.rf.a6633920da87722d777510889bd6f6df.jpg,Cyst,ACCEPTED,Unique representative. Quality: borderline,cystic_acne_-10-_jpg.rf.a6633920da87722d777510889bd6f6df.jpg,51.65,borderline,train
cystic_acne_-168-_jpg.rf.e8476c2b559a6c6bfd1fc2d64377fac8.jpg,Cyst,ACCEPTED,Unique representative. Quality: usable,cystic_acne_-168-_jpg.rf.e8476c2b559a6c6bfd1fc2d64377fac8.jpg,64.02,usable,train
cystic_acne_-43-_jpg.rf.3be700d8b0e328d127f8eb1070957694.jpg,Cyst,ACCEPTED,Unique representative. Quality: usable,cystic_acne_-43-_jpg.rf.3be700d8b0e328d127f8eb1070957694.jpg,122.62,usable,train
cystic_acne_-43-_jpg.rf.cdbf285abe2dd43a9c484177bfad3406.jpg,Cyst,ACCEPTED,Unique representative. Quality: usable,cystic_acne_-43-_jpg.rf.cdbf285abe2dd43a9c484177bfad3406.jpg,72.20,usable,train
cystic_acne_-175-_jpg.rf.4aababd3cc3f6c4f93282cb6f17ad54c.jpg,Cyst,ACCEPTED,Unique representative. Quality: usable,cystic_acne_-175-_jpg.rf.4aababd3cc3f6c4f93282cb6f17ad54c.jpg,76.27,usable,train
cystic_acne_-168-_jpg.rf.bdb904df999d314af387fc77286389c6.jpg,Cyst,ACCEPTED,Unique representative. Quality: high_quality,cystic_acne_-168-_jpg.rf.bdb904df999d314af387fc77286389c6.jpg,435.53,high_quality,train
cystic_acne_-100-_jpg.rf.d2a710afca3fb1ac42a58442e1a7eb4f.jpg,Cyst,ACCEPTED,Unique representative. Quality: borderline,cystic_acne_-100-_jpg.rf.d2a710afca3fb1ac42a58442e1a7eb4f.jpg,32.77,borderline,train
cystic_acne_-90-_jpg.rf.e84bac7a0343787dfaf3d5f781977edf.jpg,Cyst,ACCEPTED,Unique representative. Quality: usable,cystic_acne_-90-_jpg.rf.e84bac7a0343787dfaf3d5f781977edf.jpg,90.97,usable,train
cystic_acne_-175-_jpg.rf.34457507d4b0579c82ef10267729f59e.jpg,Cyst,ACCEPTED,Unique representative. Quality: borderline,cystic_acne_-175-_jpg.rf.34457507d4b0579c82ef10267729f59e.jpg,58.38,borderline,train
cystic_acne_-167-_jpg.rf.87a158b6c352e158d1e8bb318d56134a.jpg,Cyst,ACCEPTED,Unique representative. Quality: high_quality,cystic_acne_-167-_jpg.rf.87a158b6c352e158d1e8bb318d56134a.jpg,312.04,high_quality,train
cystic_acne_-175-_jpg.rf.8e9523978436fab08a955a8263f29226.jpg,Cyst,ACCEPTED,Unique representative. Quality: usable,cystic_acne_-175-_jpg.rf.8e9523978436fab08a955a8263f29226.jpg,143.54,usable,train
cystic_acne_-149-_jpg.rf.626989f20b94a7432932900f2e28efc5.jpg,Cyst,ACCEPTED,Unique representative. Quality: high_quality,cystic_acne_-149-_jpg.rf.626989f20b94a7432932900f2e28efc5.jpg,285.22,high_quality,train
cystic_acne_-5-_jpg.rf.f89514a62cf15b327ad3f86df6f8b220.jpg,Cyst,ACCEPTED,Unique representative. Quality: usable,cystic_acne_-5-_jpg.rf.f89514a62cf15b327ad3f86df6f8b220.jpg,93.69,usable,train
cystic_acne_-106-_jpg.rf.e01bb7b2e7fe879bed52ae6a2f907d48.jpg,Cyst,ACCEPTED,Unique representative. Quality: usable,cystic_acne_-106-_jpg.rf.e01bb7b2e7fe879bed52ae6a2f907d48.jpg,111.10,usable,train
cystic_acne_-5-_jpg.rf.968a99789601ef862a23a77114753684.jpg,Cyst,ACCEPTED,Unique representative. Quality: usable,cystic_acne_-5-_jpg.rf.968a99789601ef862a23a77114753684.jpg,91.25,usable,train
cystic_acne_-5-_jpg.rf.4c15c14dd757e3b2ab8dc68c602478fc.jpg,Cyst,ACCEPTED,Unique representative. Quality: high_quality,cystic_acne_-5-_jpg.rf.4c15c14dd757e3b2ab8dc68c602478fc.jpg,236.05,high_quality,train
cystic_acne_-4-_jpg.rf.55f276eb76c4b9ec77449b4bb2eefa63.jpg,Cyst,ACCEPTED,Unique representative. Quality: usable,cystic_acne_-4-_jpg.rf.55f276eb76c4b9ec77449b4bb2eefa63.jpg,138.37,usable,train
cystic_acne_-5-_jpg.rf.3d353386c4c36aad53c31d2a3f1bc376.jpg,Cyst,ACCEPTED,Unique representative. Quality: high_quality,cystic_acne_-5-_jpg.rf.3d353386c4c36aad53c31d2a3f1bc376.jpg,190.65,high_quality,train
cystic_acne_-136-_jpg.rf.765981c6505eae18bee8e4c62dc25066.jpg,Cyst,ACCEPTED,Unique representative. Quality: usable,cystic_acne_-136-_jpg.rf.765981c6505eae18bee8e4c62dc25066.jpg,134.46,usable,train
cystic_acne_-6-_jpg.rf.b4d08f3caead5456a05963f7f79f9e6e.jpg,Cyst,ACCEPTED,Unique representative. Quality: usable,cystic_acne_-6-_jpg.rf.b4d08f3caead5456a05963f7f79f9e6e.jpg,85.46,usable,train
cystic_acne_-100-_jpg.rf.e15511849b9cec5b50320151a48187f9.jpg,Cyst,ACCEPTED,Unique representative. Quality: usable,cystic_acne_-100-_jpg.rf.e15511849b9cec5b50320151a48187f9.jpg,73.87,usable,train
cystic_acne_-149-_jpg.rf.a298e816c85d1c3b17fb25aa5dec6deb.jpg,Cyst,ACCEPTED,Unique representative. Quality: borderline,cystic_acne_-149-_jpg.rf.a298e816c85d1c3b17fb25aa5dec6deb.jpg,43.91,borderline,train
cystic_acne_-91-_jpg.rf.38c7ce857baf7663d8efc26ad97ba58d.jpg,Cyst,ACCEPTED,Unique representative. Quality: usable,cystic_acne_-91-_jpg.rf.38c7ce857baf7663d8efc26ad97ba58d.jpg,76.98,usable,train
cystic_acne_-149-_jpg.rf.56f1b7d90c0ebc25b163c1aff23a25b0.jpg,Cyst,ACCEPTED,Unique representative. Quality: usable,cystic_acne_-149-_jpg.rf.56f1b7d90c0ebc25b163c1aff23a25b0.jpg,67.94,usable,train
cystic_acne_-84-_jpg.rf.0b4f5a9736df925316ff1c2886ae4d77.jpg,Cyst,ACCEPTED,Unique representative. Quality: usable,cystic_acne_-84-_jpg.rf.0b4f5a9736df925316ff1c2886ae4d77.jpg,106.62,usable,train
cystic_acne_-91-_jpg.rf.2fa89987ff783a7dc8ecfa440d519ae7.jpg,Cyst,ACCEPTED,Unique representative. Quality: usable,cystic_acne_-91-_jpg.rf.2fa89987ff783a7dc8ecfa440d519ae7.jpg,93.22,usable,train
cystic_acne_-84-_jpg.rf.fecdac8df4c4c5e54bc64d09e663fed1.jpg,Cyst,ACCEPTED,Unique representative. Quality: usable,cystic_acne_-84-_jpg.rf.fecdac8df4c4c5e54bc64d09e663fed1.jpg,91.61,usable,train
cystic_acne_-136-_jpg.rf.72afe537105d75b2ba32cb5c1d91d7d1.jpg,Cyst,ACCEPTED,Unique representative. Quality: usable,cystic_acne_-136-_jpg.rf.72afe537105d75b2ba32cb5c1d91d7d1.jpg,64.49,usable,train
cystic_acne_-43-_jpg.rf.d4366818d88ea1207d0fbda3c98bd7f2.jpg,Cyst,ACCEPTED,Unique representative. Quality: usable,cystic_acne_-43-_jpg.rf.d4366818d88ea1207d0fbda3c98bd7f2.jpg,117.30,usable,train
cystic_acne_-91-_jpg.rf.88bb0f96fc75275ffff3593b7a3228b1.jpg,Cyst,ACCEPTED,Unique representative. Quality: usable,cystic_acne_-91-_jpg.rf.88bb0f96fc75275ffff3593b7a3228b1.jpg,96.77,usable,train
cystic_acne_-84-_jpg.rf.323f0b71ec7ff16b88c2cd93f5d37c6c.jpg,Cyst,ACCEPTED,Unique representative. Quality: borderline,cystic_acne_-84-_jpg.rf.323f0b71ec7ff16b88c2cd93f5d37c6c.jpg,50.95,borderline,train
cystic_acne_-175-_jpg.rf.e442a8948ef6b2284242f017909a1499.jpg,Cyst,ACCEPTED,Unique representative. Quality: usable,cystic_acne_-175-_jpg.rf.e442a8948ef6b2284242f017909a1499.jpg,91.24,usable,train
cystic_acne_-106-_jpg.rf.711bd0cfde7cad3c09f536fc5d70f846.jpg,Cyst,ACCEPTED,Unique representative. Quality: usable,cystic_acne_-106-_jpg.rf.711bd0cfde7cad3c09f536fc5d70f846.jpg,114.14,usable,train
cystic_acne_-175-_jpg.rf.2d39059a479be8b4b4ba804aa3735c7b.jpg,Cyst,ACCEPTED,Unique representative. Quality: usable,cystic_acne_-175-_jpg.rf.2d39059a479be8b4b4ba804aa3735c7b.jpg,104.36,usable,train
cystic_acne_-90-_jpg.rf.97668691b8dfec71a8a93607223ee4bc.jpg,Cyst,ACCEPTED,Unique representative. Quality: usable,cystic_acne_-90-_jpg.rf.97668691b8dfec71a8a93607223ee4bc.jpg,61.78,usable,train
cystic_acne_-181-_jpg.rf.a1f4a3cf13f3eb715aace3be5371dcd4.jpg,Cyst,ACCEPTED,Unique representative. Quality: usable,cystic_acne_-181-_jpg.rf.a1f4a3cf13f3eb715aace3be5371dcd4.jpg,131.90,usable,train
cystic_acne_-175-_jpg.rf.f8640e258c599562150243fc593a5825.jpg,Cyst,ACCEPTED,Unique representative. Quality: usable,cystic_acne_-175-_jpg.rf.f8640e258c599562150243fc593a5825.jpg,81.87,usable,train
cystic_acne_-90-_jpg.rf.b85bbfe6e728a2bf31c942beeacd9429.jpg,Cyst,ACCEPTED,Unique representative. Quality: usable,cystic_acne_-90-_jpg.rf.b85bbfe6e728a2bf31c942beeacd9429.jpg,85.07,usable,train
cystic_acne_-91-_jpg.rf.779edb97f58a27550d789e142b3ff40e.jpg,Cyst,ACCEPTED,Unique representative. Quality: borderline,cystic_acne_-91-_jpg.rf.779edb97f58a27550d789e142b3ff40e.jpg,40.19,borderline,train
cystic_acne_-90-_jpg.rf.003c1c63471eaf0108d638e6097f4232.jpg,Cyst,ACCEPTED,Unique representative. Quality: usable,cystic_acne_-90-_jpg.rf.003c1c63471eaf0108d638e6097f4232.jpg,101.12,usable,train
cystic_acne_-136-_jpg.rf.2eb7181d59068ffd3b78e266cf16666c.jpg,Cyst,ACCEPTED,Unique representative. Quality: usable,cystic_acne_-136-_jpg.rf.2eb7181d59068ffd3b78e266cf16666c.jpg,76.53,usable,train
cystic_acne_-91-_jpg.rf.d64205c528357bc2e900c9ebc3e47c3c.jpg,Cyst,ACCEPTED,Unique representative. Quality: usable,cystic_acne_-91-_jpg.rf.d64205c528357bc2e900c9ebc3e47c3c.jpg,74.43,usable,train
cystic_acne_-106-_jpg.rf.3944b2446c430401bffa8f290b9505e4.jpg,Cyst,ACCEPTED,Unique representative. Quality: usable,cystic_acne_-106-_jpg.rf.3944b2446c430401bffa8f290b9505e4.jpg,100.05,usable,train
cystic_acne_-100-_jpg.rf.28f2925e2da8604ebc1f9a36062adf29.jpg,Cyst,ACCEPTED,Unique representative. Quality: usable,cystic_acne_-100-_jpg.rf.28f2925e2da8604ebc1f9a36062adf29.jpg,78.09,usable,train
cystic_acne_-168-_jpg.rf.2b2f3814345cc25316a04441b7d86d97.jpg,Cyst,ACCEPTED,Unique representative. Quality: high_quality,cystic_acne_-168-_jpg.rf.2b2f3814345cc25316a04441b7d86d97.jpg,171.05,high_quality,train
cystic_acne_-84-_jpg.rf.4904c5e27db62a16cd65c7a08341c97c.jpg,Cyst,ACCEPTED,Unique representative. Quality: usable,cystic_acne_-84-_jpg.rf.4904c5e27db62a16cd65c7a08341c97c.jpg,97.16,usable,train
cystic_acne_-43-_jpg.rf.ce23e1bf0b69ec281185c1d3cb39faa4.jpg,Cyst,ACCEPTED,Unique representative. Quality: usable,cystic_acne_-43-_jpg.rf.ce23e1bf0b69ec281185c1d3cb39faa4.jpg,96.84,usable,train
cystic_acne_-106-_jpg.rf.32a5410c7c6d7edb0e9ab4c383643d28.jpg,Cyst,ACCEPTED,Unique representative. Quality: borderline,cystic_acne_-106-_jpg.rf.32a5410c7c6d7edb0e9ab4c383643d28.jpg,58.67,borderline,train
cystic_acne_-6-_jpg.rf.c27b0cbfe59df90194c660918f96d58a.jpg,Cyst,ACCEPTED,Unique representative. Quality: high_quality,cystic_acne_-6-_jpg.rf.c27b0cbfe59df90194c660918f96d58a.jpg,185.54,high_quality,train
cystic_acne_-10-_jpg.rf.078f5ae2d69c30b22f4bf1b3cf3bbbc4.jpg,Cyst,ACCEPTED,Unique representative. Quality: usable,cystic_acne_-10-_jpg.rf.078f5ae2d69c30b22f4bf1b3cf3bbbc4.jpg,76.32,usable,train
cystic_acne_-68-_jpg.rf.eeb296cd84f4b29b06e248866a48f263.jpg,Cyst,ACCEPTED,Unique representative. Quality: usable,cystic_acne_-68-_jpg.rf.eeb296cd84f4b29b06e248866a48f263.jpg,86.48,usable,train
cystic_acne_-90-_jpg.rf.a4d017daa87f5bc09f85fcc501103bc1.jpg,Cyst,ACCEPTED,Unique representative. Quality: usable,cystic_acne_-90-_jpg.rf.a4d017daa87f5bc09f85fcc501103bc1.jpg,65.97,usable,train
cystic_acne_-84-_jpg.rf.f264b9b09d2a84f9cbb65278aa1b45ae.jpg,Cyst,ACCEPTED,Unique representative. Quality: high_quality,cystic_acne_-84-_jpg.rf.f264b9b09d2a84f9cbb65278aa1b45ae.jpg,212.50,high_quality,train
cystic_acne_-91-_jpg.rf.2cd2e7c88b24ccdca357fb0c130ebe05.jpg,Cyst,ACCEPTED,Unique representative. Quality: usable,cystic_acne_-91-_jpg.rf.2cd2e7c88b24ccdca357fb0c130ebe05.jpg,77.35,usable,train
cystic_acne_-168-_jpg.rf.230a4cd8ee08c4c003ced458b33d53e8.jpg,Cyst,ACCEPTED,Unique representative. Quality: borderline,cystic_acne_-168-_jpg.rf.230a4cd8ee08c4c003ced458b33d53e8.jpg,43.20,borderline,train
cystic_acne_-181-_jpg.rf.1973932d9ce115dd705568b09c443ecc.jpg,Cyst,ACCEPTED,Unique representative. Quality: usable,cystic_acne_-181-_jpg.rf.1973932d9ce115dd705568b09c443ecc.jpg,138.52,usable,train
cystic_acne_-175-_jpg.rf.5ded843a257f66ca6da34d53f6384f41.jpg,Cyst,ACCEPTED,Unique representative. Quality: usable,cystic_acne_-175-_jpg.rf.5ded843a257f66ca6da34d53f6384f41.jpg,119.95,usable,train
cystic_acne_-168-_jpg.rf.0e8abcc4c75a3d8322aa6b86f225ea3c.jpg,Cyst,ACCEPTED,Unique representative. Quality: usable,cystic_acne_-168-_jpg.rf.0e8abcc4c75a3d8322aa6b86f225ea3c.jpg,67.33,usable,train
cystic_acne_-6-_jpg.rf.850a7f89146d3e2df12560dbf41abe62.jpg,Cyst,ACCEPTED,Unique representative. Quality: usable,cystic_acne_-6-_jpg.rf.850a7f89146d3e2df12560dbf41abe62.jpg,64.93,usable,train
cystic_acne_-84-_jpg.rf.04dce22ab8f3668933a9932d3cc14bd7.jpg,Cyst,ACCEPTED,Unique representative. Quality: usable,cystic_acne_-84-_jpg.rf.04dce22ab8f3668933a9932d3cc14bd7.jpg,114.31,usable,train
cystic_acne_-10-_jpg.rf.d6143e29e947190d730076875cd3ced0.jpg,Cyst,ACCEPTED,Unique representative. Quality: usable,cystic_acne_-10-_jpg.rf.d6143e29e947190d730076875cd3ced0.jpg,73.68,usable,train
cystic_acne_-10-_jpg.rf.3489c2f323b158bedb1b3ca0c6c1b0dd.jpg,Cyst,ACCEPTED,Unique representative. Quality: usable,cystic_acne_-10-_jpg.rf.3489c2f323b158bedb1b3ca0c6c1b0dd.jpg,116.62,usable,train
cystic_acne_-43-_jpg.rf.c06e7d21943e74aa617f24fdd7468744.jpg,Cyst,ACCEPTED,Unique representative. Quality: borderline,cystic_acne_-43-_jpg.rf.c06e7d21943e74aa617f24fdd7468744.jpg,56.94,borderline,train
cystic_acne_-136-_jpg.rf.8afc7ade6ca70acd990ae783d54302eb.jpg,Cyst,ACCEPTED,Unique representative. Quality: usable,cystic_acne_-136-_jpg.rf.8afc7ade6ca70acd990ae783d54302eb.jpg,102.00,usable,train
cystic_acne_-6-_jpg.rf.315ade4c7e7eb60520f0231cfcb00754.jpg,Cyst,ACCEPTED,Unique representative. Quality: usable,cystic_acne_-6-_jpg.rf.315ade4c7e7eb60520f0231cfcb00754.jpg,94.13,usable,train
cystic_acne_-167-_jpg.rf.586e57ec5f6eb0dee87607bb8c72ca6f.jpg,Cyst,ACCEPTED,Unique representative. Quality: usable,cystic_acne_-167-_jpg.rf.586e57ec5f6eb0dee87607bb8c72ca6f.jpg,78.71,usable,train
cystic_acne_-5-_jpg.rf.70753924fd803a8f96c2fd39b6d2bf26.jpg,Cyst,ACCEPTED,Unique representative. Quality: usable,cystic_acne_-5-_jpg.rf.70753924fd803a8f96c2fd39b6d2bf26.jpg,131.43,usable,train
cystic_acne_-149-_jpg.rf.9380fcb6d0591290548ead91e03a5547.jpg,Cyst,ACCEPTED,Unique representative. Quality: usable,cystic_acne_-149-_jpg.rf.9380fcb6d0591290548ead91e03a5547.jpg,116.30,usable,train
cystic_acne_-181-_jpg.rf.fcca5798c6c20c511713f89b46bd150d.jpg,Cyst,ACCEPTED,Unique representative. Quality: usable,cystic_acne_-181-_jpg.rf.fcca5798c6c20c511713f89b46bd150d.jpg,69.53,usable,train
cystic_acne_-149-_jpg.rf.80f27d706c2140d84a33f129d85aeb73.jpg,Cyst,ACCEPTED,Unique representative. Quality: high_quality,cystic_acne_-149-_jpg.rf.80f27d706c2140d84a33f129d85aeb73.jpg,230.54,high_quality,train
cystic_acne_-43-_jpg.rf.fca5efc06147758df24e15102f46a0b9.jpg,Cyst,ACCEPTED,Unique representative. Quality: usable,cystic_acne_-43-_jpg.rf.fca5efc06147758df24e15102f46a0b9.jpg,113.15,usable,train
cystic_acne_-168-_jpg.rf.341d238e4b3e3d396e0002744caee085.jpg,Cyst,ACCEPTED,Unique representative. Quality: usable,cystic_acne_-168-_jpg.rf.341d238e4b3e3d396e0002744caee085.jpg,76.97,usable,train
cystic_acne_-91-_jpg.rf.56f78a9b161d6e43de94e08f02052e8d.jpg,Cyst,ACCEPTED,Unique representative. Quality: borderline,cystic_acne_-91-_jpg.rf.56f78a9b161d6e43de94e08f02052e8d.jpg,33.51,borderline,train
cystic_acne_-175-_jpg.rf.d6d931f95b3ccdb9ab4d6389914c139e.jpg,Cyst,ACCEPTED,Unique representative. Quality: high_quality,cystic_acne_-175-_jpg.rf.d6d931f95b3ccdb9ab4d6389914c139e.jpg,265.43,high_quality,train
cystic_acne_-84-_jpg.rf.a9b695d10a1e8b03053d29609fd56af6.jpg,Cyst,ACCEPTED,Unique representative. Quality: usable,cystic_acne_-84-_jpg.rf.a9b695d10a1e8b03053d29609fd56af6.jpg,120.14,usable,train
cystic_acne_-84-_jpg.rf.aa957a73a0a6b0e30080a660d402b844.jpg,Cyst,ACCEPTED,Unique representative. Quality: usable,cystic_acne_-84-_jpg.rf.aa957a73a0a6b0e30080a660d402b844.jpg,126.11,usable,train
cystic_acne_-106-_jpg.rf.4e510c26f88dc0a68e5f5dd53f7733dc.jpg,Cyst,ACCEPTED,Unique representative. Quality: usable,cystic_acne_-106-_jpg.rf.4e510c26f88dc0a68e5f5dd53f7733dc.jpg,69.21,usable,train
cystic_acne_-149-_jpg.rf.4a296891b28d5b7eabb1a0d108cedebc.jpg,Cyst,ACCEPTED,Unique representative. Quality: usable,cystic_acne_-149-_jpg.rf.4a296891b28d5b7eabb1a0d108cedebc.jpg,82.51,usable,train
cystic_acne_-4-_jpg.rf.4238971adbd27d93f1e69c2dd829a84b.jpg,Cyst,ACCEPTED,Unique representative. Quality: usable,cystic_acne_-4-_jpg.rf.4238971adbd27d93f1e69c2dd829a84b.jpg,69.69,usable,train
cystic_acne_-43-_jpg.rf.805c9525b8ccafcccde08559030ba335.jpg,Cyst,ACCEPTED,Unique representative. Quality: usable,cystic_acne_-43-_jpg.rf.805c9525b8ccafcccde08559030ba335.jpg,67.28,usable,train
cystic_acne_-106-_jpg.rf.6be18e6597f90ab75ab143a3ce3e6203.jpg,Cyst,ACCEPTED,Unique representative. Quality: usable,cystic_acne_-106-_jpg.rf.6be18e6597f90ab75ab143a3ce3e6203.jpg,88.97,usable,train
cystic_acne_-149-_jpg.rf.944914165430939abd099862ad688049.jpg,Cyst,ACCEPTED,Unique representative. Quality: high_quality,cystic_acne_-149-_jpg.rf.944914165430939abd099862ad688049.jpg,418.26,high_quality,train
cystic_acne_-43-_jpg.rf.24128f428a16c443058c050a64ac8479(1).jpg,Cyst,ACCEPTED,Unique representative. Quality: borderline,cystic_acne_-43-_jpg.rf.24128f428a16c443058c050a64ac8479(1).jpg,32.64,borderline,train
cystic_acne_-5-_jpg.rf.0e09230687806cda98d89ea803438458.jpg,Cyst,ACCEPTED,Unique representative. Quality: usable,cystic_acne_-5-_jpg.rf.0e09230687806cda98d89ea803438458.jpg,126.55,usable,train
cystic_acne_-181-_jpg.rf.af118de56a5bedf1240777dd72429486.jpg,Cyst,ACCEPTED,Unique representative. Quality: usable,cystic_acne_-181-_jpg.rf.af118de56a5bedf1240777dd72429486.jpg,143.13,usable,train
cystic_acne_-175-_jpg.rf.65142de839adc58a10000d25ca3e68c7.jpg,Cyst,ACCEPTED,Unique representative. Quality: usable,cystic_acne_-175-_jpg.rf.65142de839adc58a10000d25ca3e68c7.jpg,74.98,usable,train
cystic_acne_-168-_jpg.rf.e3e7154132001e93ed1abf6c67b0aef3.jpg,Cyst,ACCEPTED,Unique representative. Quality: borderline,cystic_acne_-168-_jpg.rf.e3e7154132001e93ed1abf6c67b0aef3.jpg,38.05,borderline,train
cystic_acne_-5-_jpg.rf.6487eacf9c9dbe3b82c555dffa405c1c.jpg,Cyst,ACCEPTED,Unique representative. Quality: usable,cystic_acne_-5-_jpg.rf.6487eacf9c9dbe3b82c555dffa405c1c.jpg,87.02,usable,train
cystic_acne_-168-_jpg.rf.a5e3b67aff541e162ec2015ddba29f19.jpg,Cyst,ACCEPTED,Unique representative. Quality: usable,cystic_acne_-168-_jpg.rf.a5e3b67aff541e162ec2015ddba29f19.jpg,112.24,usable,train
cystic_acne_-4-_jpg.rf.148c1333a21c01ae1475ac8bc7530e6a.jpg,Cyst,ACCEPTED,Unique representative. Quality: usable,cystic_acne_-4-_jpg.rf.148c1333a21c01ae1475ac8bc7530e6a.jpg,95.05,usable,train
cystic_acne_-90-_jpg.rf.ea703b9f4e6e971ba950da90c0417573.jpg,Cyst,ACCEPTED,Unique representative. Quality: usable,cystic_acne_-90-_jpg.rf.ea703b9f4e6e971ba950da90c0417573.jpg,69.48,usable,train
cystic_acne_-181-_jpg.rf.e57af10f32a70dc09e3242deeadbd345.jpg,Cyst,ACCEPTED,Unique representative. Quality: usable,cystic_acne_-181-_jpg.rf.e57af10f32a70dc09e3242deeadbd345.jpg,143.74,usable,train
cystic_acne_-68-_jpg.rf.bf92bc786d0e292b77a21ab255a1cbb7.jpg,Cyst,ACCEPTED,Unique representative. Quality: usable,cystic_acne_-68-_jpg.rf.bf92bc786d0e292b77a21ab255a1cbb7.jpg,66.31,usable,train
cystic_acne_-90-_jpg.rf.451e8e813420f92c6e7217935e9f61f6.jpg,Cyst,ACCEPTED,Unique representative. Quality: usable,cystic_acne_-90-_jpg.rf.451e8e813420f92c6e7217935e9f61f6.jpg,119.71,usable,train
cystic_acne_-175-_jpg.rf.6935d044752982c9bc1cd83d1df0ee74.jpg,Cyst,ACCEPTED,Unique representative. Quality: usable,cystic_acne_-175-_jpg.rf.6935d044752982c9bc1cd83d1df0ee74.jpg,106.46,usable,train
cystic_acne_-43-_jpg.rf.bc679cb75f2008f643bdd7c53f975190.jpg,Cyst,ACCEPTED,Unique representative. Quality: usable,cystic_acne_-43-_jpg.rf.bc679cb75f2008f643bdd7c53f975190.jpg,89.35,usable,train
cystic_acne_-5-_jpg.rf.a91ab0bbd4329b5bdc3812e093c8f472.jpg,Cyst,ACCEPTED,Unique representative. Quality: high_quality,cystic_acne_-5-_jpg.rf.a91ab0bbd4329b5bdc3812e093c8f472.jpg,234.37,high_quality,train
cystic_acne_-6-_jpg.rf.81e5f4e86d3af816ab65e096d9f1fa6b.jpg,Cyst,ACCEPTED,Unique representative. Quality: usable,cystic_acne_-6-_jpg.rf.81e5f4e86d3af816ab65e096d9f1fa6b.jpg,63.88,usable,train
cystic_acne_-5-_jpg.rf.be2f1e4bc64c7ec7223f2043e548a279.jpg,Cyst,ACCEPTED,Unique representative. Quality: usable,cystic_acne_-5-_jpg.rf.be2f1e4bc64c7ec7223f2043e548a279.jpg,119.33,usable,train
cystic_acne_-84-_jpg.rf.98b1f8c5e131f7c8f06ed8cbd6572a78.jpg,Cyst,ACCEPTED,Unique representative. Quality: usable,cystic_acne_-84-_jpg.rf.98b1f8c5e131f7c8f06ed8cbd6572a78.jpg,65.92,usable,train
cystic_acne_-43-_jpg.rf.ca55cbddb61ed4068d1cf44d25e16987.jpg,Cyst,ACCEPTED,Unique representative. Quality: usable,cystic_acne_-43-_jpg.rf.ca55cbddb61ed4068d1cf44d25e16987.jpg,103.04,usable,train
cystic_acne_-5-_jpg.rf.1b5b4e249a83e4361cb14be0202ec932.jpg,Cyst,ACCEPTED,Unique representative. Quality: high_quality,cystic_acne_-5-_jpg.rf.1b5b4e249a83e4361cb14be0202ec932.jpg,367.12,high_quality,train
cystic_acne_-10-_jpg.rf.e35fcf4fb2d3e83755ab8fdf635917bb.jpg,Cyst,ACCEPTED,Unique representative. Quality: usable,cystic_acne_-10-_jpg.rf.e35fcf4fb2d3e83755ab8fdf635917bb.jpg,83.43,usable,train
cystic_acne_-43-_jpg.rf.f7e272e9bea965e407254f5227d87582.jpg,Cyst,ACCEPTED,Unique representative. Quality: borderline,cystic_acne_-43-_jpg.rf.f7e272e9bea965e407254f5227d87582.jpg,32.42,borderline,train
cystic_acne_-100-_jpg.rf.f17b318a797813e6ffe269ef9e1ccaa0.jpg,Cyst,ACCEPTED,Unique representative. Quality: usable,cystic_acne_-100-_jpg.rf.f17b318a797813e6ffe269ef9e1ccaa0.jpg,113.16,usable,train
cystic_acne_-175-_jpg.rf.e9dace981a55406f750820c5a4ac78fa.jpg,Cyst,ACCEPTED,Unique representative. Quality: usable,cystic_acne_-175-_jpg.rf.e9dace981a55406f750820c5a4ac78fa.jpg,106.05,usable,train
cystic_acne_-68-_jpg.rf.623f19571198581b704d1ea2d11e787a.jpg,Cyst,ACCEPTED,Unique representative. Quality: usable,cystic_acne_-68-_jpg.rf.623f19571198581b704d1ea2d11e787a.jpg,113.14,usable,train
cystic_acne_-68-_jpg.rf.938b8a64f4e00c054bcf83f32220a14c.jpg,Cyst,ACCEPTED,Unique representative. Quality: usable,cystic_acne_-68-_jpg.rf.938b8a64f4e00c054bcf83f32220a14c.jpg,61.89,usable,train
cystic_acne_-100-_jpg.rf.70091af6783ae318d66e901a89e41a02.jpg,Cyst,ACCEPTED,Unique representative. Quality: usable,cystic_acne_-100-_jpg.rf.70091af6783ae318d66e901a89e41a02.jpg,93.14,usable,train
cystic_acne_-43-_jpg.rf.87507af32e027a1ddf05685970929a85.jpg,Cyst,ACCEPTED,Unique representative. Quality: usable,cystic_acne_-43-_jpg.rf.87507af32e027a1ddf05685970929a85.jpg,68.96,usable,train
cystic_acne_-100-_jpg.rf.5ae083bcc709c57150eb39ce6b9f021a.jpg,Cyst,ACCEPTED,Unique representative. Quality: usable,cystic_acne_-100-_jpg.rf.5ae083bcc709c57150eb39ce6b9f021a.jpg,99.07,usable,train
cystic_acne_-100-_jpg.rf.4147c94cfe51f45dfabe27d13aeaec07.jpg,Cyst,ACCEPTED,Unique representative. Quality: usable,cystic_acne_-100-_jpg.rf.4147c94cfe51f45dfabe27d13aeaec07.jpg,120.01,usable,train
cystic_acne_-100-_jpg.rf.f7a5d130c0fd910ed411a0a3ce4253f4.jpg,Cyst,ACCEPTED,Unique representative. Quality: usable,cystic_acne_-100-_jpg.rf.f7a5d130c0fd910ed411a0a3ce4253f4.jpg,77.81,usable,train
cystic_acne_-90-_jpg.rf.fb8fb27cc4db3a739cb87b38a7a6b134.jpg,Cyst,ACCEPTED,Unique representative. Quality: usable,cystic_acne_-90-_jpg.rf.fb8fb27cc4db3a739cb87b38a7a6b134.jpg,73.61,usable,train
cystic_acne_-4-_jpg.rf.169347e1d02cdf02de0d78e6cef363ec.jpg,Cyst,ACCEPTED,Unique representative. Quality: usable,cystic_acne_-4-_jpg.rf.169347e1d02cdf02de0d78e6cef363ec.jpg,72.26,usable,train
cystic_acne_-149-_jpg.rf.a45001b5cbe03ded581beee9443ada0f.jpg,Cyst,ACCEPTED,Unique representative. Quality: usable,cystic_acne_-149-_jpg.rf.a45001b5cbe03ded581beee9443ada0f.jpg,85.96,usable,train
cystic_acne_-106-_jpg.rf.6bcf7d7ec2481c0b00c33a3d786c4769.jpg,Cyst,ACCEPTED,Unique representative. Quality: usable,cystic_acne_-106-_jpg.rf.6bcf7d7ec2481c0b00c33a3d786c4769.jpg,89.26,usable,train
cystic_acne_-175-_jpg.rf.ef700c2677fe47bb76c96b28d1ef9ff8.jpg,Cyst,ACCEPTED,Unique representative. Quality: usable,cystic_acne_-175-_jpg.rf.ef700c2677fe47bb76c96b28d1ef9ff8.jpg,77.99,usable,train
cystic_acne_-167-_jpg.rf.d36d4873d98ef6fcd8ec808aa23f9a86.jpg,Cyst,ACCEPTED,Unique representative. Quality: usable,cystic_acne_-167-_jpg.rf.d36d4873d98ef6fcd8ec808aa23f9a86.jpg,98.45,usable,train
cystic_acne_-5-_jpg.rf.e79db512e1d2f54c4355f1820f9c59b3.jpg,Cyst,ACCEPTED,Unique representative. Quality: usable,cystic_acne_-5-_jpg.rf.e79db512e1d2f54c4355f1820f9c59b3.jpg,144.33,usable,train
cystic_acne_-90-_jpg.rf.80ad31690c803ed6b9cf0569034d634a.jpg,Cyst,ACCEPTED,Unique representative. Quality: usable,cystic_acne_-90-_jpg.rf.80ad31690c803ed6b9cf0569034d634a.jpg,86.30,usable,train
cystic_acne_-106-_jpg.rf.6845af42e1b6e98a04934ae0c16fd321.jpg,Cyst,ACCEPTED,Unique representative. Quality: usable,cystic_acne_-106-_jpg.rf.6845af42e1b6e98a04934ae0c16fd321.jpg,88.98,usable,train
cystic_acne_-168-_jpg.rf.dcf5d729d1131d6661746bc67c93fef6.jpg,Cyst,ACCEPTED,Unique representative. Quality: usable,cystic_acne_-168-_jpg.rf.dcf5d729d1131d6661746bc67c93fef6.jpg,97.49,usable,train
cystic_acne_-100-_jpg.rf.bfebae0245fe1b061ba21429b45f0dfc.jpg,Cyst,ACCEPTED,Unique representative. Quality: borderline,cystic_acne_-100-_jpg.rf.bfebae0245fe1b061ba21429b45f0dfc.jpg,49.06,borderline,train
cystic_acne_-90-_jpg.rf.9deb063f6ea6e4cd7a97d9c079697d49.jpg,Cyst,ACCEPTED,Unique representative. Quality: usable,cystic_acne_-90-_jpg.rf.9deb063f6ea6e4cd7a97d9c079697d49.jpg,129.21,usable,train
cystic_acne_-43-_jpg.rf.ab28d4a11612d9c76841bbc477838e82.jpg,Cyst,ACCEPTED,Unique representative. Quality: usable,cystic_acne_-43-_jpg.rf.ab28d4a11612d9c76841bbc477838e82.jpg,67.78,usable,train
cystic_acne_-181-_jpg.rf.dbe322cfce8c61c5a99d98669334d675.jpg,Cyst,ACCEPTED,Unique representative. Quality: borderline,cystic_acne_-181-_jpg.rf.dbe322cfce8c61c5a99d98669334d675.jpg,56.50,borderline,train
cystic_acne_-91-_jpg.rf.6fe3ddace0cf2e4df0de91514a096792.jpg,Cyst,ACCEPTED,Unique representative. Quality: borderline,cystic_acne_-91-_jpg.rf.6fe3ddace0cf2e4df0de91514a096792.jpg,34.71,borderline,train
cystic_acne_-90-_jpg.rf.105e391f85de515b09c0cec74a1717f7.jpg,Cyst,ACCEPTED,Unique representative. Quality: usable,cystic_acne_-90-_jpg.rf.105e391f85de515b09c0cec74a1717f7.jpg,98.64,usable,train
cystic_acne_-175-_jpg.rf.2a6d1605c753b64f6870f5136a793894.jpg,Cyst,ACCEPTED,Unique representative. Quality: usable,cystic_acne_-175-_jpg.rf.2a6d1605c753b64f6870f5136a793894.jpg,104.57,usable,train
cystic_acne_-181-_jpg.rf.002b990dabceef83187f7f43e0390148.jpg,Cyst,ACCEPTED,Unique representative. Quality: usable,cystic_acne_-181-_jpg.rf.002b990dabceef83187f7f43e0390148.jpg,66.94,usable,train
cystic_acne_-181-_jpg.rf.29b2b45e23e52720e3839cfeea985e1e.jpg,Cyst,ACCEPTED,Unique representative. Quality: usable,cystic_acne_-181-_jpg.rf.29b2b45e23e52720e3839cfeea985e1e.jpg,60.59,usable,train
cystic_acne_-168-_jpg.rf.c9cfed9f4191f9745b28851a1ae19390.jpg,Cyst,ACCEPTED,Unique representative. Quality: borderline,cystic_acne_-168-_jpg.rf.c9cfed9f4191f9745b28851a1ae19390.jpg,48.01,borderline,train
cystic_acne_-68-_jpg.rf.fa14a91b941c92e76bb7cb1fa29eba50.jpg,Cyst,ACCEPTED,Unique representative. Quality: borderline,cystic_acne_-68-_jpg.rf.fa14a91b941c92e76bb7cb1fa29eba50.jpg,44.92,borderline,train
cystic_acne_-167-_jpg.rf.33d99c474a444346ff8f6c25afeda5df.jpg,Cyst,ACCEPTED,Unique representative. Quality: usable,cystic_acne_-167-_jpg.rf.33d99c474a444346ff8f6c25afeda5df.jpg,84.55,usable,train
cystic_acne_-149-_jpg.rf.e71a31af402413444fee7db3912fe10b.jpg,Cyst,ACCEPTED,Unique representative. Quality: usable,cystic_acne_-149-_jpg.rf.e71a31af402413444fee7db3912fe10b.jpg,92.08,usable,train
cystic_acne_-6-_jpg.rf.dd4553fe65783be5ac5f0398c4df055a.jpg,Cyst,ACCEPTED,Unique representative. Quality: usable,cystic_acne_-6-_jpg.rf.dd4553fe65783be5ac5f0398c4df055a.jpg,97.93,usable,train
cystic_acne_-168-_jpg.rf.c707ed932c6022f214819ba1ca93be8c.jpg,Cyst,ACCEPTED,Unique representative. Quality: usable,cystic_acne_-168-_jpg.rf.c707ed932c6022f214819ba1ca93be8c.jpg,60.33,usable,train
cystic_acne_-84-_jpg.rf.31052c3307c917643ce85c42c3481fc6.jpg,Cyst,ACCEPTED,Unique representative. Quality: usable,cystic_acne_-84-_jpg.rf.31052c3307c917643ce85c42c3481fc6.jpg,107.59,usable,train
cystic_acne_-5-_jpg.rf.c5eb99077da1799dbf068ab79adb0a07.jpg,Cyst,ACCEPTED,Unique representative. Quality: high_quality,cystic_acne_-5-_jpg.rf.c5eb99077da1799dbf068ab79adb0a07.jpg,177.16,high_quality,valid
cystic_acne_-149-_jpg.rf.43af64820d648e3f185c7b459a47bd50.jpg,Cyst,ACCEPTED,Unique representative. Quality: usable,cystic_acne_-149-_jpg.rf.43af64820d648e3f185c7b459a47bd50.jpg,133.47,usable,valid
cystic_acne_-90-_jpg.rf.d87aa2f0c757c8e9361e26e91162ca03.jpg,Cyst,ACCEPTED,Unique representative. Quality: usable,cystic_acne_-90-_jpg.rf.d87aa2f0c757c8e9361e26e91162ca03.jpg,78.14,usable,valid
cystic_acne_-100-_jpg.rf.49224c0ddf30a290ae82742fadb1fd57.jpg,Cyst,ACCEPTED,Unique representative. Quality: usable,cystic_acne_-100-_jpg.rf.49224c0ddf30a290ae82742fadb1fd57.jpg,115.80,usable,valid
cystic_acne_-6-_jpg.rf.9843d2d899807d2e496ae84b6cf9d62d.jpg,Cyst,ACCEPTED,Unique representative. Quality: usable,cystic_acne_-6-_jpg.rf.9843d2d899807d2e496ae84b6cf9d62d.jpg,60.35,usable,valid
cystic_acne_-25-_jpg.rf.505f9c51d568585c335e0201dc315647.jpg,Cyst,ACCEPTED,Unique representative. Quality: usable,cystic_acne_-25-_jpg.rf.505f9c51d568585c335e0201dc315647.jpg,73.19,usable,valid
cystic_acne_-100-_jpg.rf.aea60beef4a5f81f4b37bb8fde826f0f.jpg,Cyst,ACCEPTED,Unique representative. Quality: usable,cystic_acne_-100-_jpg.rf.aea60beef4a5f81f4b37bb8fde826f0f.jpg,133.11,usable,valid
cystic_acne_-25-_jpg.rf.006b12c1c92a50dd5cfe6a60e1a076c2.jpg,Cyst,ACCEPTED,Unique representative. Quality: usable,cystic_acne_-25-_jpg.rf.006b12c1c92a50dd5cfe6a60e1a076c2.jpg,140.91,usable,valid
cystic_acne_-136-_jpg.rf.70a944266a8c1ce2b1adb93603ac16de.jpg,Cyst,ACCEPTED,Unique representative. Quality: usable,cystic_acne_-136-_jpg.rf.70a944266a8c1ce2b1adb93603ac16de.jpg,80.76,usable,valid
cystic_acne_-43-_jpg.rf.013a82603224bb9d3771933f333c201c(1).jpg,Cyst,ACCEPTED,Unique representative. Quality: usable,cystic_acne_-43-_jpg.rf.013a82603224bb9d3771933f333c201c(1).jpg,125.48,usable,valid
cystic_acne_-25-_jpg.rf.3ee7cc4d513bf689294c044eb2fb288d.jpg,Cyst,ACCEPTED,Unique representative. Quality: borderline,cystic_acne_-25-_jpg.rf.3ee7cc4d513bf689294c044eb2fb288d.jpg,52.30,borderline,valid
cystic_acne_-168-_jpg.rf.d84b2f031a198d01c5a82b7c0cb00482.jpg,Cyst,ACCEPTED,Unique representative. Quality: usable,cystic_acne_-168-_jpg.rf.d84b2f031a198d01c5a82b7c0cb00482.jpg,112.71,usable,valid
cystic_acne_-181-_jpg.rf.cefeb64a59be1676b1db2bb7d4396eba.jpg,Cyst,ACCEPTED,Unique representative. Quality: usable,cystic_acne_-181-_jpg.rf.cefeb64a59be1676b1db2bb7d4396eba.jpg,84.55,usable,valid
cystic_acne_-5-_jpg.rf.3624d3312a559a7b2853eb23b7f1f7f9.jpg,Cyst,ACCEPTED,Unique representative. Quality: high_quality,cystic_acne_-5-_jpg.rf.3624d3312a559a7b2853eb23b7f1f7f9.jpg,168.60,high_quality,valid
cystic_acne_-90-_jpg.rf.3b16b93866117737e82553cf597cf149.jpg,Cyst,ACCEPTED,Unique representative. Quality: borderline,cystic_acne_-90-_jpg.rf.3b16b93866117737e82553cf597cf149.jpg,36.87,borderline,valid
cystic_acne_-175-_jpg.rf.11616be604dc652763e3714e0fc380fb.jpg,Cyst,ACCEPTED,Unique representative. Quality: usable,cystic_acne_-175-_jpg.rf.11616be604dc652763e3714e0fc380fb.jpg,136.02,usable,valid
cystic_acne_-43-_jpg.rf.21c531aa2efec85e185aa51f3060b469.jpg,Cyst,ACCEPTED,Unique representative. Quality: usable,cystic_acne_-43-_jpg.rf.21c531aa2efec85e185aa51f3060b469.jpg,110.75,usable,valid
cystic_acne_-43-_jpg.rf.c0bb3abe9e56d8ed0db5c4f2f72a5900.jpg,Cyst,ACCEPTED,Unique representative. Quality: high_quality,cystic_acne_-43-_jpg.rf.c0bb3abe9e56d8ed0db5c4f2f72a5900.jpg,222.91,high_quality,valid
cystic_acne_-5-_jpg.rf.f9000bfd693779746023d217b51cc5c9.jpg,Cyst,ACCEPTED,Unique representative. Quality: usable,cystic_acne_-5-_jpg.rf.f9000bfd693779746023d217b51cc5c9.jpg,134.66,usable,valid
cystic_acne_-5-_jpg.rf.8dcd336c76241e9bc2bdaa9e3afcabe6.jpg,Cyst,ACCEPTED,Unique representative. Quality: usable,cystic_acne_-5-_jpg.rf.8dcd336c76241e9bc2bdaa9e3afcabe6.jpg,119.26,usable,valid
cystic_acne_-5-_jpg.rf.76f2d72b8aa1493c03a02f67290bc7e4.jpg,Cyst,ACCEPTED,Unique representative. Quality: usable,cystic_acne_-5-_jpg.rf.76f2d72b8aa1493c03a02f67290bc7e4.jpg,140.33,usable,valid
cystic_acne_-168-_jpg.rf.233b7277e670d8390e3bba9495a19e21.jpg,Cyst,ACCEPTED,Unique representative. Quality: usable,cystic_acne_-168-_jpg.rf.233b7277e670d8390e3bba9495a19e21.jpg,112.00,usable,valid
cystic_acne_-136-_jpg.rf.754225ed58d99f6cce0e0442abaed209.jpg,Cyst,ACCEPTED,Unique representative. Quality: usable,cystic_acne_-136-_jpg.rf.754225ed58d99f6cce0e0442abaed209.jpg,138.74,usable,valid
cystic_acne_-68-_jpg.rf.ada90e2fbd96e4ea7ec671bd98936b96.jpg,Cyst,ACCEPTED,Unique representative. Quality: usable,cystic_acne_-68-_jpg.rf.ada90e2fbd96e4ea7ec671bd98936b96.jpg,91.15,usable,valid
cystic_acne_-106-_jpg.rf.206e2b3fa8d15e41b5fade79f5bc24ef.jpg,Cyst,ACCEPTED,Unique representative. Quality: usable,cystic_acne_-106-_jpg.rf.206e2b3fa8d15e41b5fade79f5bc24ef.jpg,71.93,usable,valid
cystic_acne_-100-_jpg.rf.f50812196edcf006a787c95457321fab.jpg,Cyst,ACCEPTED,Unique representative. Quality: high_quality,cystic_acne_-100-_jpg.rf.f50812196edcf006a787c95457321fab.jpg,213.84,high_quality,valid
cystic_acne_-175-_jpg.rf.9117da1a2b2cb4f0ff148dd52b6f82e5.jpg,Cyst,ACCEPTED,Unique representative. Quality: usable,cystic_acne_-175-_jpg.rf.9117da1a2b2cb4f0ff148dd52b6f82e5.jpg,132.91,usable,valid
cystic_acne_-100-_jpg.rf.33b0ce09169340a31ec280d7bda0a3b9.jpg,Cyst,ACCEPTED,Unique representative. Quality: usable,cystic_acne_-100-_jpg.rf.33b0ce09169340a31ec280d7bda0a3b9.jpg,84.70,usable,valid
cystic_acne_-91-_jpg.rf.7df8a389b7932be29c3f4f2f10098dc9.jpg,Cyst,ACCEPTED,Unique representative. Quality: usable,cystic_acne_-91-_jpg.rf.7df8a389b7932be29c3f4f2f10098dc9.jpg,73.05,usable,valid
cystic_acne_-100-_jpg.rf.bd16880e8213dc668ab68c58e82ccaeb.jpg,Cyst,ACCEPTED,Unique representative. Quality: usable,cystic_acne_-100-_jpg.rf.bd16880e8213dc668ab68c58e82ccaeb.jpg,101.76,usable,valid
cystic_acne_-25-_jpg.rf.404c86a409518aad44cd37370a8c1d81.jpg,Cyst,ACCEPTED,Unique representative. Quality: usable,cystic_acne_-25-_jpg.rf.404c86a409518aad44cd37370a8c1d81.jpg,94.34,usable,valid
cystic_acne_-149-_jpg.rf.4a89995f9f28f1362321f7c79eba6ca1.jpg,Cyst,ACCEPTED,Unique representative. Quality: borderline,cystic_acne_-149-_jpg.rf.4a89995f9f28f1362321f7c79eba6ca1.jpg,46.67,borderline,valid
cystic_acne_-6-_jpg.rf.c51b7941927211521b3bc920b81f2351.jpg,Cyst,ACCEPTED,Unique representative. Quality: usable,cystic_acne_-6-_jpg.rf.c51b7941927211521b3bc920b81f2351.jpg,126.40,usable,valid
cystic_acne_-4-_jpg.rf.e24120440b93d372b5c71fc31db3def1(1).jpg,Cyst,ACCEPTED,Unique representative. Quality: borderline,cystic_acne_-4-_jpg.rf.e24120440b93d372b5c71fc31db3def1(1).jpg,45.57,borderline,valid
cystic_acne_-10-_jpg.rf.f752601577c3cf1bc4f997feebd1a653.jpg,Cyst,ACCEPTED,Unique representative. Quality: usable,cystic_acne_-10-_jpg.rf.f752601577c3cf1bc4f997feebd1a653.jpg,112.87,usable,valid
cystic_acne_-6-_jpg.rf.eacf7ccf865fc1f18756de1a07d56d99.jpg,Cyst,ACCEPTED,Unique representative. Quality: high_quality,cystic_acne_-6-_jpg.rf.eacf7ccf865fc1f18756de1a07d56d99.jpg,238.27,high_quality,valid
cystic_acne_-181-_jpg.rf.f776c45fd8057a227dc952e70ee200a5.jpg,Cyst,ACCEPTED,Unique representative. Quality: borderline,cystic_acne_-181-_jpg.rf.f776c45fd8057a227dc952e70ee200a5.jpg,45.80,borderline,valid
cystic_acne_-84-_jpg.rf.8b41f8044dd118dee5d48fe932633b47.jpg,Cyst,ACCEPTED,Unique representative. Quality: usable,cystic_acne_-84-_jpg.rf.8b41f8044dd118dee5d48fe932633b47.jpg,107.08,usable,valid
cystic_acne_-90-_jpg.rf.0309f6499f539be60c46ee176927254f.jpg,Cyst,ACCEPTED,Unique representative. Quality: usable,cystic_acne_-90-_jpg.rf.0309f6499f539be60c46ee176927254f.jpg,86.03,usable,valid
cystic_acne_-4-_jpg.rf.2cf135f4754722f872f1b3752d07c583.jpg,Cyst,ACCEPTED,Unique representative. Quality: high_quality,cystic_acne_-4-_jpg.rf.2cf135f4754722f872f1b3752d07c583.jpg,184.28,high_quality,valid
cystic_acne_-10-_jpg.rf.e57e27c1d47d4293a72fa5a7b6450462.jpg,Cyst,ACCEPTED,Unique representative. Quality: usable,cystic_acne_-10-_jpg.rf.e57e27c1d47d4293a72fa5a7b6450462.jpg,86.20,usable,valid
cystic_acne_-25-_jpg.rf.b56480baaadde4a813df3af14343f802.jpg,Cyst,ACCEPTED,Unique representative. Quality: usable,cystic_acne_-25-_jpg.rf.b56480baaadde4a813df3af14343f802.jpg,67.79,usable,valid
cystic_acne_-5-_jpg.rf.e51c4fe98bf78ed7d01092530f9ffea9.jpg,Cyst,ACCEPTED,Unique representative. Quality: usable,cystic_acne_-5-_jpg.rf.e51c4fe98bf78ed7d01092530f9ffea9.jpg,99.89,usable,valid
cystic_acne_-25-_jpg.rf.ee1f18349f7f4144d32d90a4ef099043.jpg,Cyst,ACCEPTED,Unique representative. Quality: borderline,cystic_acne_-25-_jpg.rf.ee1f18349f7f4144d32d90a4ef099043.jpg,32.08,borderline,valid
cystic_acne_-168-_jpg.rf.c032a606b587f2354bbd61bdde387ae0.jpg,Cyst,ACCEPTED,Unique representative. Quality: usable,cystic_acne_-168-_jpg.rf.c032a606b587f2354bbd61bdde387ae0.jpg,126.58,usable,valid
cystic_acne_-43-_jpg.rf.27f2a60e014bf92a685d30f5f7ec8e80.jpg,Cyst,ACCEPTED,Unique representative. Quality: high_quality,cystic_acne_-43-_jpg.rf.27f2a60e014bf92a685d30f5f7ec8e80.jpg,266.81,high_quality,valid
cystic_acne_-5-_jpg.rf.df9987156d348d925d7027b117491eb9.jpg,Cyst,ACCEPTED,Unique representative. Quality: usable,cystic_acne_-5-_jpg.rf.df9987156d348d925d7027b117491eb9.jpg,134.78,usable,valid
cystic_acne_-90-_jpg.rf.e0da0c35a5b5d0e89cbd08d426d3a834.jpg,Cyst,ACCEPTED,Unique representative. Quality: usable,cystic_acne_-90-_jpg.rf.e0da0c35a5b5d0e89cbd08d426d3a834.jpg,95.64,usable,valid
cystic_acne_-5-_jpg.rf.4dc6ef2e55e49d9f6bab28126584ba66.jpg,Cyst,ACCEPTED,Unique representative. Quality: usable,cystic_acne_-5-_jpg.rf.4dc6ef2e55e49d9f6bab28126584ba66.jpg,125.69,usable,valid
cystic_acne_-84-_jpg.rf.c6eb9cbd27ae329151cf459c6d8630b7.jpg,Cyst,ACCEPTED,Unique representative. Quality: usable,cystic_acne_-84-_jpg.rf.c6eb9cbd27ae329151cf459c6d8630b7.jpg,90.32,usable,valid
cystic_acne_-68-_jpg.rf.09d4b170e0c826047a1c0ae63935fdd1.jpg,Cyst,ACCEPTED,Unique representative. Quality: usable,cystic_acne_-68-_jpg.rf.09d4b170e0c826047a1c0ae63935fdd1.jpg,70.01,usable,valid
cystic_acne_-10-_jpg.rf.a07fb819cf8931e3618d08e1c51d542b.jpg,Cyst,ACCEPTED,Unique representative. Quality: usable,cystic_acne_-10-_jpg.rf.a07fb819cf8931e3618d08e1c51d542b.jpg,73.16,usable,valid
cystic_acne_-5-_jpg.rf.97762b43212ab4661df5a17562f72b0b.jpg,Cyst,ACCEPTED,Unique representative. Quality: usable,cystic_acne_-5-_jpg.rf.97762b43212ab4661df5a17562f72b0b.jpg,139.80,usable,valid
cystic_acne_-106-_jpg.rf.c361e02bc8a8cf43a3c12a24628566a0.jpg,Cyst,ACCEPTED,Unique representative. Quality: usable,cystic_acne_-106-_jpg.rf.c361e02bc8a8cf43a3c12a24628566a0.jpg,103.50,usable,valid
cystic_acne_-149-_jpg.rf.432d0e0ae7f0668ca2faac956b198a47.jpg,Cyst,ACCEPTED,Unique representative. Quality: usable,cystic_acne_-149-_jpg.rf.432d0e0ae7f0668ca2faac956b198a47.jpg,88.98,usable,valid
cystic_acne_-4-_jpg.rf.f73fea36100cc7a556f9769489bdd035(1).jpg,Cyst,ACCEPTED,Unique representative. Quality: usable,cystic_acne_-4-_jpg.rf.f73fea36100cc7a556f9769489bdd035(1).jpg,89.23,usable,valid
cystic_acne_-4-_jpg.rf.7e6e582ac1fc98b5da1a925f31960dc2.jpg,Cyst,ACCEPTED,Unique representative. Quality: borderline,cystic_acne_-4-_jpg.rf.7e6e582ac1fc98b5da1a925f31960dc2.jpg,59.44,borderline,valid
cystic_acne_-100-_jpg.rf.1f7e4a7a9de9f47f43e2cc83f60dc0ff.jpg,Cyst,ACCEPTED,Unique representative. Quality: usable,cystic_acne_-100-_jpg.rf.1f7e4a7a9de9f47f43e2cc83f60dc0ff.jpg,101.76,usable,valid
cystic_acne_-5-_jpg.rf.d37e7dd15b39d15c2f76a9c220ebfd4a.jpg,Cyst,ACCEPTED,Unique representative. Quality: usable,cystic_acne_-5-_jpg.rf.d37e7dd15b39d15c2f76a9c220ebfd4a.jpg,86.38,usable,valid
cystic_acne_-43-_jpg.rf.ddefb5b31c8334d80cab5d7c561bc0ab.jpg,Cyst,ACCEPTED,Unique representative. Quality: borderline,cystic_acne_-43-_jpg.rf.ddefb5b31c8334d80cab5d7c561bc0ab.jpg,42.58,borderline,valid
cystic_acne_-175-_jpg.rf.8da74eadc3debe873c39cb01d3fe22f7.jpg,Cyst,ACCEPTED,Unique representative. Quality: high_quality,cystic_acne_-175-_jpg.rf.8da74eadc3debe873c39cb01d3fe22f7.jpg,271.75,high_quality,valid
cystic_acne_-84-_jpg.rf.51f6ab6d64fb5b4fcc97fe2d73e70459.jpg,Cyst,ACCEPTED,Unique representative. Quality: borderline,cystic_acne_-84-_jpg.rf.51f6ab6d64fb5b4fcc97fe2d73e70459.jpg,34.00,borderline,valid
cystic_acne_-25-_jpg.rf.42a58cc59cbffaa4a597cc4267008c5a.jpg,Cyst,ACCEPTED,Unique representative. Quality: usable,cystic_acne_-25-_jpg.rf.42a58cc59cbffaa4a597cc4267008c5a.jpg,60.78,usable,valid
cystic_acne_-25-_jpg.rf.83c2860ac16910f6b323252fdbadd89e.jpg,Cyst,ACCEPTED,Unique representative. Quality: usable,cystic_acne_-25-_jpg.rf.83c2860ac16910f6b323252fdbadd89e.jpg,81.12,usable,valid
cystic_acne_-100-_jpg.rf.9a0290de2ba9d01b09fd4a03d3f2ab04.jpg,Cyst,ACCEPTED,Unique representative. Quality: usable,cystic_acne_-100-_jpg.rf.9a0290de2ba9d01b09fd4a03d3f2ab04.jpg,104.42,usable,valid
cystic_acne_-149-_jpg.rf.bb64c2134cad59c42ed3792d2a568dfe.jpg,Cyst,ACCEPTED,Unique representative. Quality: usable,cystic_acne_-149-_jpg.rf.bb64c2134cad59c42ed3792d2a568dfe.jpg,146.41,usable,valid
cystic_acne_-90-_jpg.rf.3aadc0cd0247ae25abd18d8d41fbc866.jpg,Cyst,ACCEPTED,Unique representative. Quality: high_quality,cystic_acne_-90-_jpg.rf.3aadc0cd0247ae25abd18d8d41fbc866.jpg,162.49,high_quality,valid
cystic_acne_-167-_jpg.rf.be093e0d5e1874d3b6b700ea9cb4502f.jpg,Cyst,ACCEPTED,Unique representative. Quality: borderline,cystic_acne_-167-_jpg.rf.be093e0d5e1874d3b6b700ea9cb4502f.jpg,40.53,borderline,valid
cystic_acne_-100-_jpg.rf.972ca1b470f8887e556d69c19dbf6833.jpg,Cyst,ACCEPTED,Unique representative. Quality: high_quality,cystic_acne_-100-_jpg.rf.972ca1b470f8887e556d69c19dbf6833.jpg,283.32,high_quality,valid
cystic_acne_-43-_jpg.rf.4bdd121bdf17ad449cfd983f7cd7befa.jpg,Cyst,ACCEPTED,Unique representative. Quality: usable,cystic_acne_-43-_jpg.rf.4bdd121bdf17ad449cfd983f7cd7befa.jpg,110.90,usable,valid
cystic_acne_-4-_jpg.rf.46933ca34ca00b7e21c7ed7577f6e1e0.jpg,Cyst,ACCEPTED,Unique representative. Quality: usable,cystic_acne_-4-_jpg.rf.46933ca34ca00b7e21c7ed7577f6e1e0.jpg,147.64,usable,valid
cystic_acne_-10-_jpg.rf.4aa8693b481d6189e157a8640a7101e9.jpg,Cyst,ACCEPTED,Unique representative. Quality: high_quality,cystic_acne_-10-_jpg.rf.4aa8693b481d6189e157a8640a7101e9.jpg,154.73,high_quality,valid
cystic_acne_-5-_jpg.rf.bcb99b62d358b8e842fb24817e2e6bb5.jpg,Cyst,ACCEPTED,Unique representative. Quality: high_quality,cystic_acne_-5-_jpg.rf.bcb99b62d358b8e842fb24817e2e6bb5.jpg,181.65,high_quality,valid
cystic_acne_-4-_jpg.rf.8d903114187f175285e79a069b6e4ae6.jpg,Cyst,ACCEPTED,Unique representative. Quality: usable,cystic_acne_-4-_jpg.rf.8d903114187f175285e79a069b6e4ae6.jpg,67.50,usable,valid
cystic_acne_-6-_jpg.rf.c772856c3527920d90571451f63dc503.jpg,Cyst,ACCEPTED,Unique representative. Quality: usable,cystic_acne_-6-_jpg.rf.c772856c3527920d90571451f63dc503.jpg,93.49,usable,valid
cystic_acne_-10-_jpg.rf.47b35d0f5e867dc3c31e338c9e2d73fa.jpg,Cyst,ACCEPTED,Unique representative. Quality: usable,cystic_acne_-10-_jpg.rf.47b35d0f5e867dc3c31e338c9e2d73fa.jpg,81.63,usable,valid
cystic_acne_-90-_jpg.rf.3bdc31ba179a8d9b50406295bd23e707.jpg,Cyst,ACCEPTED,Unique representative. Quality: usable,cystic_acne_-90-_jpg.rf.3bdc31ba179a8d9b50406295bd23e707.jpg,84.98,usable,valid
cystic_acne_-10-_jpg.rf.d9661437555438ea4fe739a66735ee5c.jpg,Cyst,ACCEPTED,Unique representative. Quality: borderline,cystic_acne_-10-_jpg.rf.d9661437555438ea4fe739a66735ee5c.jpg,53.27,borderline,valid
cystic_acne_-149-_jpg.rf.42355d3a4d79662e7cf196b4d3e011d4.jpg,Cyst,ACCEPTED,Unique representative. Quality: usable,cystic_acne_-149-_jpg.rf.42355d3a4d79662e7cf196b4d3e011d4.jpg,94.90,usable,valid
cystic_acne_-175-_jpg.rf.607b2d122d31e922ccc1b907bc6a8581.jpg,Cyst,ACCEPTED,Unique representative. Quality: usable,cystic_acne_-175-_jpg.rf.607b2d122d31e922ccc1b907bc6a8581.jpg,61.85,usable,valid
cystic_acne_-4-_jpg.rf.e2d640d98f211c81c32e8204c4d08799(1).jpg,Cyst,ACCEPTED,Unique representative. Quality: usable,cystic_acne_-4-_jpg.rf.e2d640d98f211c81c32e8204c4d08799(1).jpg,73.34,usable,valid
cystic_acne_-168-_jpg.rf.0891cd349be8147e2f45922a2704e84e.jpg,Cyst,ACCEPTED,Unique representative. Quality: usable,cystic_acne_-168-_jpg.rf.0891cd349be8147e2f45922a2704e84e.jpg,74.67,usable,valid
cystic_acne_-168-_jpg.rf.a8b3249b964fb9dc6bbbae3b698d4421.jpg,Cyst,ACCEPTED,Unique representative. Quality: usable,cystic_acne_-168-_jpg.rf.a8b3249b964fb9dc6bbbae3b698d4421.jpg,87.11,usable,valid
cystic_acne_-43-_jpg.rf.bdec6499788ff358ebf5462cc889e1b1.jpg,Cyst,ACCEPTED,Unique representative. Quality: usable,cystic_acne_-43-_jpg.rf.bdec6499788ff358ebf5462cc889e1b1.jpg,86.81,usable,valid
cystic_acne_-10-_jpg.rf.44715dcd9caff3eabd63c1d7053681ac.jpg,Cyst,ACCEPTED,Unique representative. Quality: high_quality,cystic_acne_-10-_jpg.rf.44715dcd9caff3eabd63c1d7053681ac.jpg,155.36,high_quality,valid
cystic_acne_-168-_jpg.rf.b4b7c1262437df03b3f466b06be5415e.jpg,Cyst,ACCEPTED,Unique representative. Quality: usable,cystic_acne_-168-_jpg.rf.b4b7c1262437df03b3f466b06be5415e.jpg,95.86,usable,valid
cystic_acne_-5-_jpg.rf.fef0b4fe466c84d36af70339b15922c8.jpg,Cyst,ACCEPTED,Unique representative. Quality: usable,cystic_acne_-5-_jpg.rf.fef0b4fe466c84d36af70339b15922c8.jpg,85.62,usable,valid
cystic_acne_-25-_jpg.rf.bb4cadad679e0e70bb032d245a316f34.jpg,Cyst,ACCEPTED,Unique representative. Quality: usable,cystic_acne_-25-_jpg.rf.bb4cadad679e0e70bb032d245a316f34.jpg,87.16,usable,valid
cystic_acne_-25-_jpg.rf.06704324a1f914a8b3fd87e2166fd60d.jpg,Cyst,ACCEPTED,Unique representative. Quality: borderline,cystic_acne_-25-_jpg.rf.06704324a1f914a8b3fd87e2166fd60d.jpg,38.20,borderline,valid
cystic_acne_-181-_jpg.rf.9acf2e8fd822b4d86b6b726b0f9780e9.jpg,Cyst,ACCEPTED,Unique representative. Quality: usable,cystic_acne_-181-_jpg.rf.9acf2e8fd822b4d86b6b726b0f9780e9.jpg,118.64,usable,valid
cystic_acne_-106-_jpg.rf.1234661a09a4817c4fbcdc0c38388c58.jpg,Cyst,ACCEPTED,Unique representative. Quality: usable,cystic_acne_-106-_jpg.rf.1234661a09a4817c4fbcdc0c38388c58.jpg,61.95,usable,valid
cystic_acne_-181-_jpg.rf.cfa5dcf055714a02fab0b724479dc214.jpg,Cyst,ACCEPTED,Unique representative. Quality: high_quality,cystic_acne_-181-_jpg.rf.cfa5dcf055714a02fab0b724479dc214.jpg,192.58,high_quality,valid
cystic_acne_-167-_jpg.rf.ba834672c6bd678c17e1715265744562.jpg,Cyst,ACCEPTED,Unique representative. Quality: usable,cystic_acne_-167-_jpg.rf.ba834672c6bd678c17e1715265744562.jpg,86.97,usable,valid
cystic_acne_-4-_jpg.rf.d5a8e4343907d9e546f61f8ed046b486.jpg,Cyst,ACCEPTED,Unique representative. Quality: usable,cystic_acne_-4-_jpg.rf.d5a8e4343907d9e546f61f8ed046b486.jpg,98.37,usable,valid
cystic_acne_-5-_jpg.rf.f906339064b0e1365e495dbaa78ace98.jpg,Cyst,ACCEPTED,Unique representative. Quality: usable,cystic_acne_-5-_jpg.rf.f906339064b0e1365e495dbaa78ace98.jpg,91.69,usable,valid
cystic_acne_-100-_jpg.rf.89d51e969296cd1bc4fb60e442736a13.jpg,Cyst,ACCEPTED,Unique representative. Quality: usable,cystic_acne_-100-_jpg.rf.89d51e969296cd1bc4fb60e442736a13.jpg,78.68,usable,valid
cystic_acne_-10-_jpg.rf.8b250352f13e795fb924361e572a760a.jpg,Cyst,ACCEPTED,Unique representative. Quality: usable,cystic_acne_-10-_jpg.rf.8b250352f13e795fb924361e572a760a.jpg,97.86,usable,test
cystic_acne_-181-_jpg.rf.e8bc45f5e061024cd6a16e95ae2ed4d2.jpg,Cyst,ACCEPTED,Unique representative. Quality: usable,cystic_acne_-181-_jpg.rf.e8bc45f5e061024cd6a16e95ae2ed4d2.jpg,79.29,usable,test
cystic_acne_-136-_jpg.rf.5e61ea12df78345623f08ba7674d064e.jpg,Cyst,ACCEPTED,Unique representative. Quality: borderline,cystic_acne_-136-_jpg.rf.5e61ea12df78345623f08ba7674d064e.jpg,54.21,borderline,test
cystic_acne_-168-_jpg.rf.ff737224c267df669885cb9920b62f67.jpg,Cyst,ACCEPTED,Unique representative. Quality: usable,cystic_acne_-168-_jpg.rf.ff737224c267df669885cb9920b62f67.jpg,85.98,usable,test
cystic_acne_-167-_jpg.rf.71655c197fab2f9cc7736a7d798710f5.jpg,Cyst,ACCEPTED,Unique representative. Quality: usable,cystic_acne_-167-_jpg.rf.71655c197fab2f9cc7736a7d798710f5.jpg,71.74,usable,test
cystic_acne_-175-_jpg.rf.fe72a6da053ff62de71f108381d38e33.jpg,Cyst,ACCEPTED,Unique representative. Quality: usable,cystic_acne_-175-_jpg.rf.fe72a6da053ff62de71f108381d38e33.jpg,119.88,usable,test
cystic_acne_-43-_jpg.rf.b73b77146397c10ff960373d3beba84c.jpg,Cyst,ACCEPTED,Unique representative. Quality: usable,cystic_acne_-43-_jpg.rf.b73b77146397c10ff960373d3beba84c.jpg,100.06,usable,test
cystic_acne_-84-_jpg.rf.87aa6a55106b29069d4c627a141eee43.jpg,Cyst,ACCEPTED,Unique representative. Quality: borderline,cystic_acne_-84-_jpg.rf.87aa6a55106b29069d4c627a141eee43.jpg,51.18,borderline,test
cystic_acne_-100-_jpg.rf.e64cfe0f3f476f1a897cd8b2860b5a56.jpg,Cyst,ACCEPTED,Unique representative. Quality: usable,cystic_acne_-100-_jpg.rf.e64cfe0f3f476f1a897cd8b2860b5a56.jpg,71.67,usable,test
cystic_acne_-6-_jpg.rf.d25b761598ab897f8ecd2823f1c19e96.jpg,Cyst,ACCEPTED,Unique representative. Quality: borderline,cystic_acne_-6-_jpg.rf.d25b761598ab897f8ecd2823f1c19e96.jpg,57.64,borderline,test
cystic_acne_-68-_jpg.rf.4bc12f06eabc1c665bb994e127710d7a.jpg,Cyst,ACCEPTED,Unique representative. Quality: borderline,cystic_acne_-68-_jpg.rf.4bc12f06eabc1c665bb994e127710d7a.jpg,46.78,borderline,test
cystic_acne_-84-_jpg.rf.48b59fcc2a8fea4eb33c7fd0543f9fe4.jpg,Cyst,ACCEPTED,Unique representative. Quality: usable,cystic_acne_-84-_jpg.rf.48b59fcc2a8fea4eb33c7fd0543f9fe4.jpg,65.43,usable,test
cystic_acne_-6-_jpg.rf.dffa6593557287e43c9dc56ab7527abd.jpg,Cyst,ACCEPTED,Unique representative. Quality: usable,cystic_acne_-6-_jpg.rf.dffa6593557287e43c9dc56ab7527abd.jpg,101.31,usable,test
cystic_acne_-25-_jpg.rf.d99ab9b561f32a3f2ea2350373871c75.jpg,Cyst,ACCEPTED,Unique representative. Quality: borderline,cystic_acne_-25-_jpg.rf.d99ab9b561f32a3f2ea2350373871c75.jpg,47.33,borderline,test
cystic_acne_-91-_jpg.rf.165b664a991f55355341e226afcfb7e2.jpg,Cyst,ACCEPTED,Unique representative. Quality: borderline,cystic_acne_-91-_jpg.rf.165b664a991f55355341e226afcfb7e2.jpg,48.60,borderline,test
cystic_acne_-91-_jpg.rf.32a2a5466c8b6c83971df8a3a8e54de9.jpg,Cyst,ACCEPTED,Unique representative. Quality: borderline,cystic_acne_-91-_jpg.rf.32a2a5466c8b6c83971df8a3a8e54de9.jpg,32.17,borderline,test
cystic_acne_-25-_jpg.rf.06ca20a15fb42e18bfe3f3a14dcea30f.jpg,Cyst,ACCEPTED,Unique representative. Quality: high_quality,cystic_acne_-25-_jpg.rf.06ca20a15fb42e18bfe3f3a14dcea30f.jpg,401.25,high_quality,test
cystic_acne_-181-_jpg.rf.b8d16902194f761508a02e2ffdaa2816.jpg,Cyst,ACCEPTED,Unique representative. Quality: usable,cystic_acne_-181-_jpg.rf.b8d16902194f761508a02e2ffdaa2816.jpg,124.02,usable,test
cystic_acne_-100-_jpg.rf.0195c301e757859b731c05a2d71052bc.jpg,Cyst,ACCEPTED,Unique representative. Quality: usable,cystic_acne_-100-_jpg.rf.0195c301e757859b731c05a2d71052bc.jpg,133.68,usable,test
cystic_acne_-43-_jpg.rf.c50f2db55c8ecb8402a5be0409f54830.jpg,Cyst,ACCEPTED,Unique representative. Quality: borderline,cystic_acne_-43-_jpg.rf.c50f2db55c8ecb8402a5be0409f54830.jpg,53.06,borderline,test
cystic_acne_-84-_jpg.rf.dc237a267cd5ba7f6a29fc7d34f46973.jpg,Cyst,ACCEPTED,Unique representative. Quality: usable,cystic_acne_-84-_jpg.rf.dc237a267cd5ba7f6a29fc7d34f46973.jpg,113.65,usable,test
cystic_acne_-168-_jpg.rf.ba3927836836f51023eb38975a3c4662.jpg,Cyst,ACCEPTED,Unique representative. Quality: borderline,cystic_acne_-168-_jpg.rf.ba3927836836f51023eb38975a3c4662.jpg,58.60,borderline,test
cystic_acne_-136-_jpg.rf.acd2c835f203cb453aac10152da2c48b.jpg,Cyst,ACCEPTED,Unique representative. Quality: usable,cystic_acne_-136-_jpg.rf.acd2c835f203cb453aac10152da2c48b.jpg,116.66,usable,test
cystic_acne_-90-_jpg.rf.05ea121ef4d67cb3a1b2918491b58068.jpg,Cyst,ACCEPTED,Unique representative. Quality: high_quality,cystic_acne_-90-_jpg.rf.05ea121ef4d67cb3a1b2918491b58068.jpg,294.10,high_quality,test
cystic_acne_-168-_jpg.rf.d669ee2d294c60a4e77f46c33b5b4e8d.jpg,Cyst,ACCEPTED,Unique representative. Quality: usable,cystic_acne_-168-_jpg.rf.d669ee2d294c60a4e77f46c33b5b4e8d.jpg,66.31,usable,test
cystic_acne_-90-_jpg.rf.901b4d5210d424718262c78eb20f2e44.jpg,Cyst,ACCEPTED,Unique representative. Quality: usable,cystic_acne_-90-_jpg.rf.901b4d5210d424718262c78eb20f2e44.jpg,86.13,usable,test
cystic_acne_-6-_jpg.rf.026e3106bd5f0f271e1707bc8a2785fb.jpg,Cyst,ACCEPTED,Unique representative. Quality: usable,cystic_acne_-6-_jpg.rf.026e3106bd5f0f271e1707bc8a2785fb.jpg,135.33,usable,test
cystic_acne_-68-_jpg.rf.79c801d6180493bc131675901e717afa.jpg,Cyst,ACCEPTED,Unique representative. Quality: usable,cystic_acne_-68-_jpg.rf.79c801d6180493bc131675901e717afa.jpg,93.76,usable,test
cystic_acne_-91-_jpg.rf.b39e27e45e6340a1dd50d6589ade37b9.jpg,Cyst,ACCEPTED,Unique representative. Quality: usable,cystic_acne_-91-_jpg.rf.b39e27e45e6340a1dd50d6589ade37b9.jpg,98.46,usable,test
cystic_acne_-84-_jpg.rf.471d5cdbd35b1dfd63875834c805d07c.jpg,Cyst,ACCEPTED,Unique representative. Quality: usable,cystic_acne_-84-_jpg.rf.471d5cdbd35b1dfd63875834c805d07c.jpg,80.67,usable,test
cystic_acne_-168-_jpg.rf.3ea3387cb74d81cb74aa2676470daaec.jpg,Cyst,ACCEPTED,Unique representative. Quality: usable,cystic_acne_-168-_jpg.rf.3ea3387cb74d81cb74aa2676470daaec.jpg,61.08,usable,test
cystic_acne_-5-_jpg.rf.a61e9cd9db2258569bcff4d5af0ffe38.jpg,Cyst,ACCEPTED,Unique representative. Quality: usable,cystic_acne_-5-_jpg.rf.a61e9cd9db2258569bcff4d5af0ffe38.jpg,129.52,usable,test
cystic_acne_-25-_jpg.rf.d5fc577b6ff34388f7b80adf7d7f5272.jpg,Cyst,ACCEPTED,Unique representative. Quality: high_quality,cystic_acne_-25-_jpg.rf.d5fc577b6ff34388f7b80adf7d7f5272.jpg,345.19,high_quality,test
cystic_acne_-91-_jpg.rf.e60fb4d13b89f011afe9d3f55cc15bca.jpg,Cyst,ACCEPTED,Unique representative. Quality: borderline,cystic_acne_-91-_jpg.rf.e60fb4d13b89f011afe9d3f55cc15bca.jpg,56.18,borderline,test
cystic_acne_-149-_jpg.rf.2b13d4d6c610b03dd77a2105bccf3431.jpg,Cyst,ACCEPTED,Unique representative. Quality: borderline,cystic_acne_-149-_jpg.rf.2b13d4d6c610b03dd77a2105bccf3431.jpg,39.59,borderline,test
cystic_acne_-168-_jpg.rf.f7601b42e21f31b67c0549c428f3b431.jpg,Cyst,ACCEPTED,Unique representative. Quality: usable,cystic_acne_-168-_jpg.rf.f7601b42e21f31b67c0549c428f3b431.jpg,92.30,usable,test
cystic_acne_-5-_jpg.rf.3f553447f622eeb2b749176e567f59aa.jpg,Cyst,ACCEPTED,Unique representative. Quality: high_quality,cystic_acne_-5-_jpg.rf.3f553447f622eeb2b749176e567f59aa.jpg,182.90,high_quality,test
cystic_acne_-100-_jpg.rf.a11019a1e6179eafa157c23025fae4c5.jpg,Cyst,ACCEPTED,Unique representative. Quality: usable,cystic_acne_-100-_jpg.rf.a11019a1e6179eafa157c23025fae4c5.jpg,88.20,usable,test
cystic_acne_-100-_jpg.rf.4171e861eb12da53919c38a8fe8a6dd6.jpg,Cyst,ACCEPTED,Unique representative. Quality: high_quality,cystic_acne_-100-_jpg.rf.4171e861eb12da53919c38a8fe8a6dd6.jpg,293.30,high_quality,test
cystic_acne_-168-_jpg.rf.604180e446f36e385e6ce7f9d37d9c42.jpg,Cyst,ACCEPTED,Unique representative. Quality: usable,cystic_acne_-168-_jpg.rf.604180e446f36e385e6ce7f9d37d9c42.jpg,67.27,usable,test
cystic_acne_-149-_jpg.rf.fd7ef16b16922514d63dd2f1ee31f7e6.jpg,Cyst,ACCEPTED,Unique representative. Quality: usable,cystic_acne_-149-_jpg.rf.fd7ef16b16922514d63dd2f1ee31f7e6.jpg,130.11,usable,test
cystic_acne_-84-_jpg.rf.fe008983c0350bdfc833ce8df60578b9.jpg,Cyst,ACCEPTED,Unique representative. Quality: borderline,cystic_acne_-84-_jpg.rf.fe008983c0350bdfc833ce8df60578b9.jpg,48.41,borderline,test
cystic_acne_-5-_jpg.rf.7a415b9c76c5e5d883290ef86f8753a5.jpg,Cyst,ACCEPTED,Unique representative. Quality: usable,cystic_acne_-5-_jpg.rf.7a415b9c76c5e5d883290ef86f8753a5.jpg,66.05,usable,test
cystic_acne_-100-_jpg.rf.c310f3abbf38b0390cd64f26ba6dbc36.jpg,Cyst,ACCEPTED,Unique representative. Quality: usable,cystic_acne_-100-_jpg.rf.c310f3abbf38b0390cd64f26ba6dbc36.jpg,78.76,usable,test
cystic_acne_-100-_jpg.rf.eb825341590fbf4e366145f4608fe084.jpg,Cyst,ACCEPTED,Unique representative. Quality: usable,cystic_acne_-100-_jpg.rf.eb825341590fbf4e366145f4608fe084.jpg,139.29,usable,test
cystic_acne_-25-_jpg.rf.32d803687b65abb43539a9a82bfe3271.jpg,Cyst,ACCEPTED,Unique representative. Quality: usable,cystic_acne_-25-_jpg.rf.32d803687b65abb43539a9a82bfe3271.jpg,93.11,usable,test
cystic_acne_-5-_jpg.rf.c8c2503ede09f703f6486b7bf36bde11.jpg,Cyst,ACCEPTED,Unique representative. Quality: high_quality,cystic_acne_-5-_jpg.rf.c8c2503ede09f703f6486b7bf36bde11.jpg,277.15,high_quality,test
cystic_acne_-10-_jpg.rf.24ef7e5b2fa9fe4d948dacb0651faed2.jpg,Cyst,ACCEPTED,Unique representative. Quality: usable,cystic_acne_-10-_jpg.rf.24ef7e5b2fa9fe4d948dacb0651faed2.jpg,86.93,usable,test
cystic_acne_-10-_jpg.rf.d1a38825b1f73eb78dcd81148ba5a25d.jpg,Cyst,ACCEPTED,Unique representative. Quality: usable,cystic_acne_-10-_jpg.rf.d1a38825b1f73eb78dcd81148ba5a25d.jpg,108.81,usable,test
cystic_acne_-106-_jpg.rf.63dbe9c174eb615a7b94b28538bd066a.jpg,Cyst,ACCEPTED,Unique representative. Quality: usable,cystic_acne_-106-_jpg.rf.63dbe9c174eb615a7b94b28538bd066a.jpg,64.21,usable,test
cystic_acne_-25-_jpg.rf.f1561f7673b7cb77aaca37cea1fa1a8c.jpg,Cyst,ACCEPTED,Unique representative. Quality: usable,cystic_acne_-25-_jpg.rf.f1561f7673b7cb77aaca37cea1fa1a8c.jpg,79.45,usable,test
cystic_acne_-149-_jpg.rf.1a30fbd6ad2dc4b7925b2cf8ebbbdbb9.jpg,Cyst,ACCEPTED,Unique representative. Quality: borderline,cystic_acne_-149-_jpg.rf.1a30fbd6ad2dc4b7925b2cf8ebbbdbb9.jpg,49.98,borderline,test
cystic_acne_-68-_jpg.rf.ce7fca0f450b0f222956abc4c2673cdf.jpg,Cyst,ACCEPTED,Unique representative. Quality: borderline,cystic_acne_-68-_jpg.rf.ce7fca0f450b0f222956abc4c2673cdf.jpg,50.17,borderline,test
cystic_acne_-84-_jpg.rf.10d93e2b6b369cbd63b2017ab5005167.jpg,Cyst,ACCEPTED,Unique representative. Quality: borderline,cystic_acne_-84-_jpg.rf.10d93e2b6b369cbd63b2017ab5005167.jpg,45.12,borderline,test
cystic_acne_-43-_jpg.rf.3a455ce3d6460a6715a8d27fa1e88b02.jpg,Cyst,ACCEPTED,Unique representative. Quality: usable,cystic_acne_-43-_jpg.rf.3a455ce3d6460a6715a8d27fa1e88b02.jpg,121.94,usable,test
cystic_acne_-68-_jpg.rf.3d87ecab14b0c9fd316db1397f595cad.jpg,Cyst,ACCEPTED,Unique representative. Quality: usable,cystic_acne_-68-_jpg.rf.3d87ecab14b0c9fd316db1397f595cad.jpg,90.79,usable,test
cystic_acne_-91-_jpg.rf.4f2b08586444e2261a53d3235339fc2d.jpg,Cyst,ACCEPTED,Unique representative. Quality: usable,cystic_acne_-91-_jpg.rf.4f2b08586444e2261a53d3235339fc2d.jpg,66.53,usable,test
cystic_acne_-167-_jpg.rf.74aea207b87bc850f9dbd5fe891c7f54.jpg,Cyst,ACCEPTED,Unique representative. Quality: borderline,cystic_acne_-167-_jpg.rf.74aea207b87bc850f9dbd5fe891c7f54.jpg,59.05,borderline,test
cystic_acne_-5-_jpg.rf.7d750d3b40963dc68f3f5609b1e6562d.jpg,Cyst,ACCEPTED,Unique representative. Quality: high_quality,cystic_acne_-5-_jpg.rf.7d750d3b40963dc68f3f5609b1e6562d.jpg,184.04,high_quality,test
cystic_acne_-43-_jpg.rf.ad39b1efa4e5c10b4264a8342bc3302b.jpg,Cyst,ACCEPTED,Unique representative. Quality: usable,cystic_acne_-43-_jpg.rf.ad39b1efa4e5c10b4264a8342bc3302b.jpg,80.95,usable,test
cystic_acne_-10-_jpg.rf.34b2ac50b2466b1e194ac33104253f0c.jpg,Cyst,ACCEPTED,Unique representative. Quality: usable,cystic_acne_-10-_jpg.rf.34b2ac50b2466b1e194ac33104253f0c.jpg,98.96,usable,test
cystic_acne_-84-_jpg.rf.9e913829d7e457c0c3fac061f6fb956a.jpg,Cyst,ACCEPTED,Unique representative. Quality: borderline,cystic_acne_-84-_jpg.rf.9e913829d7e457c0c3fac061f6fb956a.jpg,50.81,borderline,test
cystic_acne_-84-_jpg.rf.e5d5233d4edc3046b982017f5cb1e967.jpg,Cyst,ACCEPTED,Unique representative. Quality: usable,cystic_acne_-84-_jpg.rf.e5d5233d4edc3046b982017f5cb1e967.jpg,94.30,usable,test
cystic_acne_-84-_jpg.rf.2e0b8aee045fa4b63160e574d702ce41.jpg,Cyst,ACCEPTED,Unique representative. Quality: high_quality,cystic_acne_-84-_jpg.rf.2e0b8aee045fa4b63160e574d702ce41.jpg,337.88,high_quality,test
cystic_acne_-90-_jpg.rf.c249a00677f76f64a9ee4750c663718a.jpg,Cyst,ACCEPTED,Unique representative. Quality: usable,cystic_acne_-90-_jpg.rf.c249a00677f76f64a9ee4750c663718a.jpg,76.49,usable,test
cystic_acne_-84-_jpg.rf.84b80ded322f7c6a4757f31996281cc8.jpg,Cyst,ACCEPTED,Unique representative. Quality: usable,cystic_acne_-84-_jpg.rf.84b80ded322f7c6a4757f31996281cc8.jpg,84.87,usable,test
cystic_acne_-25-_jpg.rf.7c5b68a7dccebe027c3860b74775d444.jpg,Cyst,ACCEPTED,Unique representative. Quality: usable,cystic_acne_-25-_jpg.rf.7c5b68a7dccebe027c3860b74775d444.jpg,73.41,usable,test
cystic_acne_-168-_jpg.rf.7d5bf86318c98032e402154a3c852da9.jpg,Cyst,ACCEPTED,Unique representative. Quality: high_quality,cystic_acne_-168-_jpg.rf.7d5bf86318c98032e402154a3c852da9.jpg,272.95,high_quality,test
cystic_acne_-106-_jpg.rf.575580f1a757338baada4028a44bcafb.jpg,Cyst,ACCEPTED,Unique representative. Quality: usable,cystic_acne_-106-_jpg.rf.575580f1a757338baada4028a44bcafb.jpg,78.30,usable,test
cystic_acne_-100-_jpg.rf.f8b0867a397909936af73df57e91dae4.jpg,Cyst,ACCEPTED,Unique representative. Quality: usable,cystic_acne_-100-_jpg.rf.f8b0867a397909936af73df57e91dae4.jpg,114.84,usable,test
cystic_acne_-149-_jpg.rf.e2e939c780a5ec895b953ae994367627.jpg,Cyst,ACCEPTED,Unique representative. Quality: borderline,cystic_acne_-149-_jpg.rf.e2e939c780a5ec895b953ae994367627.jpg,40.50,borderline,test
cystic_acne_-6-_jpg.rf.3f0bdcbcd0dc1d773b2d40612e227fab.jpg,Cyst,ACCEPTED,Unique representative. Quality: usable,cystic_acne_-6-_jpg.rf.3f0bdcbcd0dc1d773b2d40612e227fab.jpg,117.01,usable,test
cystic_acne_-84-_jpg.rf.e39255bf45554c8d034ac410973793a6.jpg,Cyst,ACCEPTED,Unique representative. Quality: usable,cystic_acne_-84-_jpg.rf.e39255bf45554c8d034ac410973793a6.jpg,99.96,usable,test
cystic_acne_-149-_jpg.rf.12c342f3ce2d2bf3c3147b2a3095498c.jpg,Cyst,ACCEPTED,Unique representative. Quality: usable,cystic_acne_-149-_jpg.rf.12c342f3ce2d2bf3c3147b2a3095498c.jpg,61.08,usable,test
cystic_acne_-43-_jpg.rf.263e93c8d157375cb87e78be1926dac9.jpg,Cyst,ACCEPTED,Unique representative. Quality: usable,cystic_acne_-43-_jpg.rf.263e93c8d157375cb87e78be1926dac9.jpg,130.56,usable,test
cystic_acne_-175-_jpg.rf.6419a474b8e71f8c02fed532dbabfa63.jpg,Cyst,ACCEPTED,Unique representative. Quality: usable,cystic_acne_-175-_jpg.rf.6419a474b8e71f8c02fed532dbabfa63.jpg,107.01,usable,test
cystic_acne_-43-_jpg.rf.c235e9c6e59a884364289350ff0d6a6a.jpg,Cyst,ACCEPTED,Unique representative. Quality: borderline,cystic_acne_-43-_jpg.rf.c235e9c6e59a884364289350ff0d6a6a.jpg,38.60,borderline,test
cystic_acne_-181-_jpg.rf.7b6220db84f5510c626ad48730c0e9e0.jpg,Cyst,ACCEPTED,Unique representative. Quality: usable,cystic_acne_-181-_jpg.rf.7b6220db84f5510c626ad48730c0e9e0.jpg,119.53,usable,test
cystic_acne_-5-_jpg.rf.619ce6e620ebf91b8803c555377801d0.jpg,Cyst,ACCEPTED,Unique representative. Quality: usable,cystic_acne_-5-_jpg.rf.619ce6e620ebf91b8803c555377801d0.jpg,84.72,usable,test
cystic_acne_-68-_jpg.rf.13340cc4af2d941c643c27fdfc32ed82.jpg,Cyst,ACCEPTED,Unique representative. Quality: usable,cystic_acne_-68-_jpg.rf.13340cc4af2d941c643c27fdfc32ed82.jpg,63.89,usable,test
cystic_acne_-5-_jpg.rf.c19f42d237577891b36e9dcf5bad0413.jpg,Cyst,ACCEPTED,Unique representative. Quality: usable,cystic_acne_-5-_jpg.rf.c19f42d237577891b36e9dcf5bad0413.jpg,139.52,usable,test
cystic_acne_-168-_jpg.rf.b4a7cab48b3e56840d547f9ca5875e10.jpg,Cyst,ACCEPTED,Unique representative. Quality: usable,cystic_acne_-168-_jpg.rf.b4a7cab48b3e56840d547f9ca5875e10.jpg,67.45,usable,test
cystic_acne_-181-_jpg.rf.6dd50081926d200588af840978f8c8d4.jpg,Cyst,ACCEPTED,Unique representative. Quality: usable,cystic_acne_-181-_jpg.rf.6dd50081926d200588af840978f8c8d4.jpg,65.36,usable,test
cystic_acne_-175-_jpg.rf.63945b854ce04fb8731f365be2894ae0.jpg,Cyst,ACCEPTED,Unique representative. Quality: usable,cystic_acne_-175-_jpg.rf.63945b854ce04fb8731f365be2894ae0.jpg,64.09,usable,test
cystic_acne_-90-_jpg.rf.1c2e22298a4db0313cc0dd4ff06bd262.jpg,Cyst,ACCEPTED,Unique representative. Quality: borderline,cystic_acne_-90-_jpg.rf.1c2e22298a4db0313cc0dd4ff06bd262.jpg,52.26,borderline,test
cystic_acne_-5-_jpg.rf.c805483aec79162b58ae721ab1577cdd.jpg,Cyst,ACCEPTED,Unique representative. Quality: usable,cystic_acne_-5-_jpg.rf.c805483aec79162b58ae721ab1577cdd.jpg,107.58,usable,test
cystic_acne_-5-_jpg.rf.27c0738fbe8db039aac0946d354df584.jpg,Cyst,ACCEPTED,Unique representative. Quality: high_quality,cystic_acne_-5-_jpg.rf.27c0738fbe8db039aac0946d354df584.jpg,208.63,high_quality,test
cystic_acne_-136-_jpg.rf.6dcce97c114ec00e6e1f3544f82567dd.jpg,Cyst,ACCEPTED,Unique representative. Quality: high_quality,cystic_acne_-136-_jpg.rf.6dcce97c114ec00e6e1f3544f82567dd.jpg,280.91,high_quality,test
cystic_acne_-168-_jpg.rf.09942fb5dddf65079d2dd205ea8f20d7.jpg,Cyst,ACCEPTED,Unique representative. Quality: usable,cystic_acne_-168-_jpg.rf.09942fb5dddf65079d2dd205ea8f20d7.jpg,103.06,usable,test
cystic_acne_-68-_jpg.rf.54ff342c39998e850b6d031556ab6b48.jpg,Cyst,ACCEPTED,Unique representative. Quality: borderline,cystic_acne_-68-_jpg.rf.54ff342c39998e850b6d031556ab6b48.jpg,31.92,borderline,test
cystic_acne_-149-_jpg.rf.fe353eeeeb0b6010dc006e05fa5926f1.jpg,Cyst,ACCEPTED,Unique representative. Quality: usable,cystic_acne_-149-_jpg.rf.fe353eeeeb0b6010dc006e05fa5926f1.jpg,76.51,usable,test
cystic_acne_-100-_jpg.rf.03e24338194dc07974d908df2f0611bc.jpg,Cyst,ACCEPTED,Unique representative. Quality: high_quality,cystic_acne_-100-_jpg.rf.03e24338194dc07974d908df2f0611bc.jpg,156.39,high_quality,test
cystic_acne_-91-_jpg.rf.173dff38c931178804d423f22806941d.jpg,Cyst,ACCEPTED,Unique representative. Quality: usable,cystic_acne_-91-_jpg.rf.173dff38c931178804d423f22806941d.jpg,66.95,usable,test
cystic_acne_-5-_jpg.rf.643abb8d1c8d1b70297e33ae6d473ba4.jpg,Cyst,ACCEPTED,Unique representative. Quality: usable,cystic_acne_-5-_jpg.rf.643abb8d1c8d1b70297e33ae6d473ba4.jpg,89.18,usable,test
cystic_acne_-100-_jpg.rf.2c9ad088bb134534e9e8084a924ca901.jpg,Cyst,ACCEPTED,Unique representative. Quality: usable,cystic_acne_-100-_jpg.rf.2c9ad088bb134534e9e8084a924ca901.jpg,120.63,usable,test
cystic_acne_-136-_jpg.rf.0a739c08bab3589e1242555ad055bf35.jpg,Cyst,ACCEPTED,Unique representative. Quality: high_quality,cystic_acne_-136-_jpg.rf.0a739c08bab3589e1242555ad055bf35.jpg,520.30,high_quality,test
papular_acne_-14-_jpg.rf.4de0fa4b062a37b59e2feb713c85357c.jpg,Papules,ACCEPTED,Unique representative. Quality: usable,papular_acne_-14-_jpg.rf.4de0fa4b062a37b59e2feb713c85357c.jpg,76.88,usable,train
papular_acne_-68-_jpg.rf.95d90566cbbba96e665593463280e42c.jpg,Papules,ACCEPTED,Unique representative. Quality: usable,papular_acne_-68-_jpg.rf.95d90566cbbba96e665593463280e42c.jpg,147.61,usable,train
papular_acne_-90-_jpg.rf.351b597b330eaf15d46a0e7b8e2b6d1e.jpg,Papules,ACCEPTED,Unique representative. Quality: usable,papular_acne_-90-_jpg.rf.351b597b330eaf15d46a0e7b8e2b6d1e.jpg,65.20,usable,train
papular_acne_-3-_jpg.rf.274de4724029b05d0ec865a792fb95f6.jpg,Papules,ACCEPTED,Unique representative. Quality: borderline,papular_acne_-3-_jpg.rf.274de4724029b05d0ec865a792fb95f6.jpg,52.96,borderline,train
papular_acne_-77-_jpg.rf.a6144ec4e90a7b6504ce9fc5c910693d.jpg,Papules,ACCEPTED,Unique representative. Quality: usable,papular_acne_-77-_jpg.rf.a6144ec4e90a7b6504ce9fc5c910693d.jpg,90.64,usable,train
papular_acne_-92-_jpg.rf.46ddd57a687449c897c21ada3acc0131.jpg,Papules,ACCEPTED,Unique representative. Quality: usable,papular_acne_-92-_jpg.rf.46ddd57a687449c897c21ada3acc0131.jpg,79.01,usable,train
Papule13_JPG_jpg.rf.36177c9b12afe584288e86a10bd8823a.jpg,Papules,ACCEPTED,Unique representative. Quality: borderline,Papule13_JPG_jpg.rf.36177c9b12afe584288e86a10bd8823a.jpg,42.53,borderline,train
papular_acne_-17-_jpg.rf.f7a47834a2125e840162b832694965db.jpg,Papules,ACCEPTED,Unique representative. Quality: usable,papular_acne_-17-_jpg.rf.f7a47834a2125e840162b832694965db.jpg,122.89,usable,train
papular_acne_-97-_jpg.rf.06d3365178f2b8f78cfba3b5f553cb39.jpg,Papules,ACCEPTED,Unique representative. Quality: borderline,papular_acne_-97-_jpg.rf.06d3365178f2b8f78cfba3b5f553cb39.jpg,41.70,borderline,train
Papule10_JPG_jpg.rf.6cfd85d1b6aff88727ab07bac334c053.jpg,Papules,ACCEPTED,Unique representative. Quality: borderline,Papule10_JPG_jpg.rf.6cfd85d1b6aff88727ab07bac334c053.jpg,49.16,borderline,train
papular_acne_-89-_jpg.rf.e4fdf761d236dcd1994e9b5c81fb85a6.jpg,Papules,ACCEPTED,Unique representative. Quality: usable,papular_acne_-89-_jpg.rf.e4fdf761d236dcd1994e9b5c81fb85a6.jpg,66.47,usable,train
papular_acne_-98-_jpg.rf.b9b1fb9128a85584a3d295cf6f5792a8.jpg,Papules,ACCEPTED,Unique representative. Quality: usable,papular_acne_-98-_jpg.rf.b9b1fb9128a85584a3d295cf6f5792a8.jpg,74.44,usable,train
Papule8_JPG_jpg.rf.86c09c9cf29f21aeaf5610c29c243c17.jpg,Papules,ACCEPTED,Unique representative. Quality: usable,Papule8_JPG_jpg.rf.86c09c9cf29f21aeaf5610c29c243c17.jpg,129.44,usable,train
papular_acne_-14-_jpg.rf.3b8b30980d4a810ddf3b855f6880f4c8.jpg,Papules,ACCEPTED,Unique representative. Quality: usable,papular_acne_-14-_jpg.rf.3b8b30980d4a810ddf3b855f6880f4c8.jpg,119.11,usable,train
papular_acne_-3-_jpg.rf.eec442301b3640f464c6b03554c4797f.jpg,Papules,ACCEPTED,Unique representative. Quality: usable,papular_acne_-3-_jpg.rf.eec442301b3640f464c6b03554c4797f.jpg,78.34,usable,train
papular_acne_-89-_jpg.rf.2c9ff7be35dcde726651972fd96aa57d.jpg,Papules,ACCEPTED,Unique representative. Quality: usable,papular_acne_-89-_jpg.rf.2c9ff7be35dcde726651972fd96aa57d.jpg,105.94,usable,train
Papule17_JPG_jpg.rf.ec88c5a027fbd45dcdf925e14b8d3535.jpg,Papules,ACCEPTED,Unique representative. Quality: usable,Papule17_JPG_jpg.rf.ec88c5a027fbd45dcdf925e14b8d3535.jpg,97.69,usable,train
papular_acne_-48-_jpg.rf.d23c9bf002729ebe2fe3508b37643cc5.jpg,Papules,ACCEPTED,Unique representative. Quality: usable,papular_acne_-48-_jpg.rf.d23c9bf002729ebe2fe3508b37643cc5.jpg,67.40,usable,train
papular_acne_-48-_jpg.rf.c0e3066acdf3ec62a3edce44a1317c3f.jpg,Papules,ACCEPTED,Unique representative. Quality: usable,papular_acne_-48-_jpg.rf.c0e3066acdf3ec62a3edce44a1317c3f.jpg,106.40,usable,train
papular_acne_-3-_jpg.rf.f5462cf680c66897952db5db8281f061.jpg,Papules,ACCEPTED,Unique representative. Quality: borderline,papular_acne_-3-_jpg.rf.f5462cf680c66897952db5db8281f061.jpg,53.18,borderline,train
papular_acne_-50-_jpg.rf.4128b8523e198de9a9c3bc52e12601fa.jpg,Papules,ACCEPTED,Unique representative. Quality: usable,papular_acne_-50-_jpg.rf.4128b8523e198de9a9c3bc52e12601fa.jpg,98.38,usable,train
papular_acne_-17-_jpg.rf.82a6b64382575f561a6e3750d90b0a08.jpg,Papules,ACCEPTED,Unique representative. Quality: usable,papular_acne_-17-_jpg.rf.82a6b64382575f561a6e3750d90b0a08.jpg,79.16,usable,train
papular_acne_-55-_jpg.rf.6daf147a7678a29386a39b4c9906660e.jpg,Papules,ACCEPTED,Unique representative. Quality: borderline,papular_acne_-55-_jpg.rf.6daf147a7678a29386a39b4c9906660e.jpg,30.66,borderline,train
Papule10_JPG_jpg.rf.5a9ed07f96430bb44df818123b3b7ed7.jpg,Papules,ACCEPTED,Unique representative. Quality: usable,Papule10_JPG_jpg.rf.5a9ed07f96430bb44df818123b3b7ed7.jpg,61.22,usable,train
papular_acne_-14-_jpg.rf.b7b4622fa6b6b2b75b79c0ae212524d1.jpg,Papules,ACCEPTED,Unique representative. Quality: borderline,papular_acne_-14-_jpg.rf.b7b4622fa6b6b2b75b79c0ae212524d1.jpg,40.04,borderline,train
papular_acne_-14-_jpg.rf.1a36e0fe1cb5f68a2424b11c808e3486.jpg,Papules,ACCEPTED,Unique representative. Quality: usable,papular_acne_-14-_jpg.rf.1a36e0fe1cb5f68a2424b11c808e3486.jpg,100.43,usable,train
papular_acne_-91-_jpg.rf.9249b8866f6c2709768e7b6d4f2773ee.jpg,Papules,ACCEPTED,Unique representative. Quality: usable,papular_acne_-91-_jpg.rf.9249b8866f6c2709768e7b6d4f2773ee.jpg,91.05,usable,train
papular_acne_-98-_jpg.rf.27e393e6b8d2c00491ccbbfc794a4905.jpg,Papules,ACCEPTED,Unique representative. Quality: borderline,papular_acne_-98-_jpg.rf.27e393e6b8d2c00491ccbbfc794a4905.jpg,47.66,borderline,train
papular_acne_-48-_jpg.rf.b67ffedbfca615856480be843c95e2bd.jpg,Papules,ACCEPTED,Unique representative. Quality: usable,papular_acne_-48-_jpg.rf.b67ffedbfca615856480be843c95e2bd.jpg,116.24,usable,train
papular_acne_-97-_jpg.rf.db7b597dd2e613be089b451997fe51bf.jpg,Papules,ACCEPTED,Unique representative. Quality: usable,papular_acne_-97-_jpg.rf.db7b597dd2e613be089b451997fe51bf.jpg,85.62,usable,train
papular_acne_-3-_jpg.rf.22e7c135162447f42fd38e055305b87f.jpg,Papules,ACCEPTED,Unique representative. Quality: borderline,papular_acne_-3-_jpg.rf.22e7c135162447f42fd38e055305b87f.jpg,42.35,borderline,train
papular_acne_-98-_jpg.rf.efd934341eeb041efab86ff90d3f6c86.jpg,Papules,ACCEPTED,Unique representative. Quality: usable,papular_acne_-98-_jpg.rf.efd934341eeb041efab86ff90d3f6c86.jpg,88.52,usable,train
papular_acne_-89-_jpg.rf.e0f61619a96e27af429458a0a7a83a86.jpg,Papules,ACCEPTED,Unique representative. Quality: borderline,papular_acne_-89-_jpg.rf.e0f61619a96e27af429458a0a7a83a86.jpg,57.63,borderline,train
papular_acne_-17-_jpg.rf.aad1d3a37e4f9bfa0855afe564aa279d.jpg,Papules,ACCEPTED,Unique representative. Quality: usable,papular_acne_-17-_jpg.rf.aad1d3a37e4f9bfa0855afe564aa279d.jpg,116.78,usable,train
papular_acne_-77-_jpg.rf.82d653cadea6c14dfdb558aae7b51f98.jpg,Papules,ACCEPTED,Unique representative. Quality: usable,papular_acne_-77-_jpg.rf.82d653cadea6c14dfdb558aae7b51f98.jpg,89.77,usable,train
Papule15_JPG_jpg.rf.58be9e60b362567d89f441ec8145f2a5.jpg,Papules,ACCEPTED,Unique representative. Quality: usable,Papule15_JPG_jpg.rf.58be9e60b362567d89f441ec8145f2a5.jpg,85.28,usable,train
papular_acne_-91-_jpg.rf.3f38285fa294008ad5dde4b50fcfc779.jpg,Papules,ACCEPTED,Unique representative. Quality: borderline,papular_acne_-91-_jpg.rf.3f38285fa294008ad5dde4b50fcfc779.jpg,43.82,borderline,train
papular_acne_-89-_jpg.rf.68229de38f54aa7d299b1b64405e721b.jpg,Papules,ACCEPTED,Unique representative. Quality: borderline,papular_acne_-89-_jpg.rf.68229de38f54aa7d299b1b64405e721b.jpg,53.59,borderline,train
papular_acne_-38-_jpg.rf.79208905a1ebb7fb14555a8906e9bce8.jpg,Papules,ACCEPTED,Unique representative. Quality: borderline,papular_acne_-38-_jpg.rf.79208905a1ebb7fb14555a8906e9bce8.jpg,48.17,borderline,train
papular_acne_-100-_jpg.rf.c590ff55b3805d96b7eed2c2d36d0d45.jpg,Papules,ACCEPTED,Unique representative. Quality: usable,papular_acne_-100-_jpg.rf.c590ff55b3805d96b7eed2c2d36d0d45.jpg,67.51,usable,train
papular_acne_-56-_jpg.rf.cc1a46726e537188df9a966defe28551.jpg,Papules,ACCEPTED,Unique representative. Quality: usable,papular_acne_-56-_jpg.rf.cc1a46726e537188df9a966defe28551.jpg,91.05,usable,train
papular_acne_-37-_jpg.rf.8787ca677fcbbd18171717a948693739.jpg,Papules,ACCEPTED,Unique representative. Quality: usable,papular_acne_-37-_jpg.rf.8787ca677fcbbd18171717a948693739.jpg,105.23,usable,train
papular_acne_-37-_jpg.rf.e2ff66dd15ea398060ccb8fa2fcd20a2.jpg,Papules,ACCEPTED,Unique representative. Quality: usable,papular_acne_-37-_jpg.rf.e2ff66dd15ea398060ccb8fa2fcd20a2.jpg,100.19,usable,train
papular_acne_-106-_jpg.rf.1234fbac428718fab68c338d1cee0b32.jpg,Papules,ACCEPTED,Unique representative. Quality: borderline,papular_acne_-106-_jpg.rf.1234fbac428718fab68c338d1cee0b32.jpg,56.94,borderline,train
papular_acne_-55-_jpg.rf.570277e74d690abb02fea46a8e6ef856.jpg,Papules,ACCEPTED,Unique representative. Quality: usable,papular_acne_-55-_jpg.rf.570277e74d690abb02fea46a8e6ef856.jpg,118.97,usable,train
Papule12_JPG_jpg.rf.0eb64f26fd3955df5f59a1a255f2cbec.jpg,Papules,ACCEPTED,Unique representative. Quality: borderline,Papule12_JPG_jpg.rf.0eb64f26fd3955df5f59a1a255f2cbec.jpg,53.71,borderline,train
papular_acne_-55-_jpg.rf.d9e7e3f8fa861b7c364f7a7065e89e1f.jpg,Papules,ACCEPTED,Unique representative. Quality: usable,papular_acne_-55-_jpg.rf.d9e7e3f8fa861b7c364f7a7065e89e1f.jpg,61.05,usable,train
papular_acne_-48-_jpg.rf.fa072805a657420fc4a4e5c9b80131fc.jpg,Papules,ACCEPTED,Unique representative. Quality: borderline,papular_acne_-48-_jpg.rf.fa072805a657420fc4a4e5c9b80131fc.jpg,36.33,borderline,train
papular_acne_-3-_jpg.rf.7119a00d166f07daff8c9713de0bb59d.jpg,Papules,ACCEPTED,Unique representative. Quality: borderline,papular_acne_-3-_jpg.rf.7119a00d166f07daff8c9713de0bb59d.jpg,54.09,borderline,train
papular_acne_-97-_jpg.rf.db90f50fba4ecc1d8e9332ed504755c9.jpg,Papules,ACCEPTED,Unique representative. Quality: usable,papular_acne_-97-_jpg.rf.db90f50fba4ecc1d8e9332ed504755c9.jpg,112.88,usable,train
papular_acne_-90-_jpg.rf.3bc0980cd3725a7e0a72bc9e6771487f.jpg,Papules,ACCEPTED,Unique representative. Quality: usable,papular_acne_-90-_jpg.rf.3bc0980cd3725a7e0a72bc9e6771487f.jpg,68.85,usable,train
Papule5_JPG_jpg.rf.b94ec5de15f66aec4abfbe387ec2a09b.jpg,Papules,ACCEPTED,Unique representative. Quality: borderline,Papule5_JPG_jpg.rf.b94ec5de15f66aec4abfbe387ec2a09b.jpg,48.44,borderline,train
papular_acne_-56-_jpg.rf.7a9c41f3d5103eb0e65ea248fb72534c.jpg,Papules,ACCEPTED,Unique representative. Quality: usable,papular_acne_-56-_jpg.rf.7a9c41f3d5103eb0e65ea248fb72534c.jpg,112.06,usable,train
papular_acne_-8-_jpg.rf.0b731316cedda99f70dbc99e559b6388.jpg,Papules,ACCEPTED,Unique representative. Quality: usable,papular_acne_-8-_jpg.rf.0b731316cedda99f70dbc99e559b6388.jpg,88.44,usable,train
papular_acne_-90-_jpg.rf.436b2ed7125bb7d6efc28387449d9857.jpg,Papules,ACCEPTED,Unique representative. Quality: borderline,papular_acne_-90-_jpg.rf.436b2ed7125bb7d6efc28387449d9857.jpg,40.69,borderline,train
papular_acne_-50-_jpg.rf.44799a45d1cc8acda6464b1778a73085.jpg,Papules,ACCEPTED,Unique representative. Quality: usable,papular_acne_-50-_jpg.rf.44799a45d1cc8acda6464b1778a73085.jpg,97.60,usable,train
papular_acne_-8-_jpg.rf.321c4945d79efd75bf9580b580dcf476.jpg,Papules,ACCEPTED,Unique representative. Quality: usable,papular_acne_-8-_jpg.rf.321c4945d79efd75bf9580b580dcf476.jpg,61.52,usable,train
papular_acne_-68-_jpg.rf.6792242181cd3e4300d62b2656e07909.jpg,Papules,ACCEPTED,Unique representative. Quality: usable,papular_acne_-68-_jpg.rf.6792242181cd3e4300d62b2656e07909.jpg,127.25,usable,train
papular_acne_-55-_jpg.rf.4b073ea60615d6287e33724abb6b3e6b.jpg,Papules,ACCEPTED,Unique representative. Quality: usable,papular_acne_-55-_jpg.rf.4b073ea60615d6287e33724abb6b3e6b.jpg,75.00,usable,train
papular_acne_-91-_jpg.rf.3b4c22aeabf8368abf43cb3f36395ee6.jpg,Papules,ACCEPTED,Unique representative. Quality: usable,papular_acne_-91-_jpg.rf.3b4c22aeabf8368abf43cb3f36395ee6.jpg,64.92,usable,train
papular_acne_-98-_jpg.rf.b62277436c6aec9d24a3017950fd1928.jpg,Papules,ACCEPTED,Unique representative. Quality: borderline,papular_acne_-98-_jpg.rf.b62277436c6aec9d24a3017950fd1928.jpg,30.53,borderline,train
papular_acne_-17-_jpg.rf.988043344c0f9b3cbb1c4e7802d85ca8.jpg,Papules,ACCEPTED,Unique representative. Quality: borderline,papular_acne_-17-_jpg.rf.988043344c0f9b3cbb1c4e7802d85ca8.jpg,50.31,borderline,train
papular_acne_-27-_jpg.rf.78eee976b6b85663bb8d5fca8706ddb3.jpg,Papules,ACCEPTED,Unique representative. Quality: borderline,papular_acne_-27-_jpg.rf.78eee976b6b85663bb8d5fca8706ddb3.jpg,49.68,borderline,train
papular_acne_-77-_jpg.rf.7c56bbb6eccfe6fc0e3511e65c6f7ac0.jpg,Papules,ACCEPTED,Unique representative. Quality: usable,papular_acne_-77-_jpg.rf.7c56bbb6eccfe6fc0e3511e65c6f7ac0.jpg,80.69,usable,train
papular_acne_-48-_jpg.rf.be6d9224f6094ab1a8d80493d7eab27b.jpg,Papules,ACCEPTED,Unique representative. Quality: borderline,papular_acne_-48-_jpg.rf.be6d9224f6094ab1a8d80493d7eab27b.jpg,31.01,borderline,train
Papule_JPG_jpg.rf.6a28f42ad8fbd4a3ea3a05171d622cf3.jpg,Papules,ACCEPTED,Unique representative. Quality: borderline,Papule_JPG_jpg.rf.6a28f42ad8fbd4a3ea3a05171d622cf3.jpg,30.99,borderline,train
papular_acne_-55-_jpg.rf.d863b23ede5acc29363475635876045f.jpg,Papules,ACCEPTED,Unique representative. Quality: usable,papular_acne_-55-_jpg.rf.d863b23ede5acc29363475635876045f.jpg,97.05,usable,train
papular_acne_-56-_jpg.rf.098025e8b9906945f5511bd2b74b0acd.jpg,Papules,ACCEPTED,Unique representative. Quality: borderline,papular_acne_-56-_jpg.rf.098025e8b9906945f5511bd2b74b0acd.jpg,33.53,borderline,train
papular_acne_-50-_jpg.rf.98bee7d1ef844a9115c78ad6eb4a1e39.jpg,Papules,ACCEPTED,Unique representative. Quality: usable,papular_acne_-50-_jpg.rf.98bee7d1ef844a9115c78ad6eb4a1e39.jpg,149.76,usable,train
papular_acne_-90-_jpg.rf.2317302d9365b56f5ea0b5194e4b22b0.jpg,Papules,ACCEPTED,Unique representative. Quality: usable,papular_acne_-90-_jpg.rf.2317302d9365b56f5ea0b5194e4b22b0.jpg,85.65,usable,train
papular_acne_-27-_jpg.rf.17a842cec1212f75f2e12ad50fbfa3d8.jpg,Papules,ACCEPTED,Unique representative. Quality: borderline,papular_acne_-27-_jpg.rf.17a842cec1212f75f2e12ad50fbfa3d8.jpg,30.88,borderline,train
Papule8_JPG_jpg.rf.7ea09d8c9f4bfcc37096eb53c638abea.jpg,Papules,ACCEPTED,Unique representative. Quality: usable,Papule8_JPG_jpg.rf.7ea09d8c9f4bfcc37096eb53c638abea.jpg,125.28,usable,train
Papule5_JPG_jpg.rf.41ccd2832f291d79ff863dc097809977.jpg,Papules,ACCEPTED,Unique representative. Quality: borderline,Papule5_JPG_jpg.rf.41ccd2832f291d79ff863dc097809977.jpg,32.36,borderline,train
Papule17_JPG_jpg.rf.015cbf4c4c0b6f95cd2163b73e3a5a85.jpg,Papules,ACCEPTED,Unique representative. Quality: usable,Papule17_JPG_jpg.rf.015cbf4c4c0b6f95cd2163b73e3a5a85.jpg,105.34,usable,train
papular_acne_-55-_jpg.rf.78478041dac2a4cb100044f4b88c8ff8.jpg,Papules,ACCEPTED,Unique representative. Quality: usable,papular_acne_-55-_jpg.rf.78478041dac2a4cb100044f4b88c8ff8.jpg,78.41,usable,train
papular_acne_-65-_jpg.rf.6640a68492106fa4d65e8217d972fc78.jpg,Papules,ACCEPTED,Unique representative. Quality: borderline,papular_acne_-65-_jpg.rf.6640a68492106fa4d65e8217d972fc78.jpg,58.96,borderline,train
papular_acne_-90-_jpg.rf.f4962547fb50b50ca8e2af1296aa254c.jpg,Papules,ACCEPTED,Unique representative. Quality: borderline,papular_acne_-90-_jpg.rf.f4962547fb50b50ca8e2af1296aa254c.jpg,42.17,borderline,train
papular_acne_-97-_jpg.rf.3605a982803af0d77cf25551b7062512.jpg,Papules,ACCEPTED,Unique representative. Quality: usable,papular_acne_-97-_jpg.rf.3605a982803af0d77cf25551b7062512.jpg,97.57,usable,train
papular_acne_-50-_jpg.rf.ff784e23728507d4e74ee43b6133b2a0.jpg,Papules,ACCEPTED,Unique representative. Quality: usable,papular_acne_-50-_jpg.rf.ff784e23728507d4e74ee43b6133b2a0.jpg,98.15,usable,train
papular_acne_-42-_jpg.rf.2d3ca2d82bcc9f995f55f3f8cc79dc6c.jpg,Papules,ACCEPTED,Unique representative. Quality: borderline,papular_acne_-42-_jpg.rf.2d3ca2d82bcc9f995f55f3f8cc79dc6c.jpg,43.34,borderline,train
papular_acne_-65-_jpg.rf.4d9ca7007b189d23a139c63ec4f9b691.jpg,Papules,ACCEPTED,Unique representative. Quality: usable,papular_acne_-65-_jpg.rf.4d9ca7007b189d23a139c63ec4f9b691.jpg,72.33,usable,train
papular_acne_-56-_jpg.rf.baa9a8b8c3286a7b44e2c17503409239.jpg,Papules,ACCEPTED,Unique representative. Quality: usable,papular_acne_-56-_jpg.rf.baa9a8b8c3286a7b44e2c17503409239.jpg,87.99,usable,train
papular_acne_-37-_jpg.rf.271b66d5d54f47d4bacfb335d2cd9271.jpg,Papules,ACCEPTED,Unique representative. Quality: borderline,papular_acne_-37-_jpg.rf.271b66d5d54f47d4bacfb335d2cd9271.jpg,49.41,borderline,train
papular_acne_-8-_jpg.rf.8fcad87abc0040014503eb472cbd6525.jpg,Papules,ACCEPTED,Unique representative. Quality: borderline,papular_acne_-8-_jpg.rf.8fcad87abc0040014503eb472cbd6525.jpg,58.79,borderline,train
papular_acne_-13-_jpg.rf.2c3d2997a6772bbc2dae87519ff06943.jpg,Papules,ACCEPTED,Unique representative. Quality: usable,papular_acne_-13-_jpg.rf.2c3d2997a6772bbc2dae87519ff06943.jpg,76.59,usable,train
papular_acne_-100-_jpg.rf.9d7da002ea8ab654b64751ca47060740.jpg,Papules,ACCEPTED,Unique representative. Quality: usable,papular_acne_-100-_jpg.rf.9d7da002ea8ab654b64751ca47060740.jpg,78.40,usable,train
papular_acne_-90-_jpg.rf.476d8a30a5b4f9509097153792381598.jpg,Papules,ACCEPTED,Unique representative. Quality: borderline,papular_acne_-90-_jpg.rf.476d8a30a5b4f9509097153792381598.jpg,49.77,borderline,train
papular_acne_-48-_jpg.rf.51c02a095231b109605eb3872bacdab3.jpg,Papules,ACCEPTED,Unique representative. Quality: usable,papular_acne_-48-_jpg.rf.51c02a095231b109605eb3872bacdab3.jpg,109.11,usable,train
Papule10_JPG_jpg.rf.dfee7eee0b9189f541210d3a78a8acfa.jpg,Papules,ACCEPTED,Unique representative. Quality: usable,Papule10_JPG_jpg.rf.dfee7eee0b9189f541210d3a78a8acfa.jpg,89.78,usable,train
papular_acne_-50-_jpg.rf.e1febb803da8f98e04248c82ece20c09.jpg,Papules,ACCEPTED,Unique representative. Quality: usable,papular_acne_-50-_jpg.rf.e1febb803da8f98e04248c82ece20c09.jpg,106.33,usable,train
papular_acne_-98-_jpg.rf.49e03d5ceb0ad8825db16c821e6edb94.jpg,Papules,ACCEPTED,Unique representative. Quality: borderline,papular_acne_-98-_jpg.rf.49e03d5ceb0ad8825db16c821e6edb94.jpg,55.88,borderline,train
papular_acne_-90-_jpg.rf.09a0386db91cbf8cdafd94952cbe62d0.jpg,Papules,ACCEPTED,Unique representative. Quality: borderline,papular_acne_-90-_jpg.rf.09a0386db91cbf8cdafd94952cbe62d0.jpg,49.65,borderline,train
papular_acne_-48-_jpg.rf.2c6eba93bcfba1f63061d795a4f0733d.jpg,Papules,ACCEPTED,Unique representative. Quality: usable,papular_acne_-48-_jpg.rf.2c6eba93bcfba1f63061d795a4f0733d.jpg,70.85,usable,train
papular_acne_-3-_jpg.rf.22b04c3378499636a04d842022326c1d.jpg,Papules,ACCEPTED,Unique representative. Quality: usable,papular_acne_-3-_jpg.rf.22b04c3378499636a04d842022326c1d.jpg,84.30,usable,train
papular_acne_-50-_jpg.rf.47f680959f7259398c9966f72e5fee22.jpg,Papules,ACCEPTED,Unique representative. Quality: usable,papular_acne_-50-_jpg.rf.47f680959f7259398c9966f72e5fee22.jpg,113.34,usable,train
papular_acne_-89-_jpg.rf.f027661ff2d19a8dd9069f23936970d7.jpg,Papules,ACCEPTED,Unique representative. Quality: borderline,papular_acne_-89-_jpg.rf.f027661ff2d19a8dd9069f23936970d7.jpg,40.46,borderline,train
papular_acne_-17-_jpg.rf.efa08f3ad65861adf6442028b00f50f6.jpg,Papules,ACCEPTED,Unique representative. Quality: usable,papular_acne_-17-_jpg.rf.efa08f3ad65861adf6442028b00f50f6.jpg,63.18,usable,train
papular_acne_-14-_jpg.rf.eea43a0ec340376ce0c2483506da3c14.jpg,Papules,ACCEPTED,Unique representative. Quality: borderline,papular_acne_-14-_jpg.rf.eea43a0ec340376ce0c2483506da3c14.jpg,56.03,borderline,train
papular_acne_-106-_jpg.rf.b47cead1d1312681d1cad282401357db.jpg,Papules,ACCEPTED,Unique representative. Quality: usable,papular_acne_-106-_jpg.rf.b47cead1d1312681d1cad282401357db.jpg,66.40,usable,train
papular_acne_-92-_jpg.rf.77767b3d6719febc11d7122999fc71a6.jpg,Papules,ACCEPTED,Unique representative. Quality: borderline,papular_acne_-92-_jpg.rf.77767b3d6719febc11d7122999fc71a6.jpg,41.74,borderline,train
papular_acne_-8-_jpg.rf.174a0b51705923c4535b0db6b1526817.jpg,Papules,ACCEPTED,Unique representative. Quality: usable,papular_acne_-8-_jpg.rf.174a0b51705923c4535b0db6b1526817.jpg,86.66,usable,train
papular_acne_-38-_jpg.rf.b9e8ff96b8a6c9ba1d8de364bc86111d.jpg,Papules,ACCEPTED,Unique representative. Quality: usable,papular_acne_-38-_jpg.rf.b9e8ff96b8a6c9ba1d8de364bc86111d.jpg,68.53,usable,train
papular_acne_-56-_jpg.rf.ffc0421e54030c34d77ee1c2c7f765dc.jpg,Papules,ACCEPTED,Unique representative. Quality: usable,papular_acne_-56-_jpg.rf.ffc0421e54030c34d77ee1c2c7f765dc.jpg,69.07,usable,train
papular_acne_-8-_jpg.rf.105cd56ded1f9f81c8e1ec902ef9d60d.jpg,Papules,ACCEPTED,Unique representative. Quality: usable,papular_acne_-8-_jpg.rf.105cd56ded1f9f81c8e1ec902ef9d60d.jpg,68.83,usable,train
Papule12_JPG_jpg.rf.f81807a3ebb50237c75c28f5a150632c.jpg,Papules,ACCEPTED,Unique representative. Quality: borderline,Papule12_JPG_jpg.rf.f81807a3ebb50237c75c28f5a150632c.jpg,42.28,borderline,train
papular_acne_-50-_jpg.rf.c2f6ff36eb88e1452c6fc32a33e9b5ba.jpg,Papules,ACCEPTED,Unique representative. Quality: usable,papular_acne_-50-_jpg.rf.c2f6ff36eb88e1452c6fc32a33e9b5ba.jpg,117.29,usable,train
papular_acne_-37-_jpg.rf.23844aa34ccfeb4a617e6a1229603c3d.jpg,Papules,ACCEPTED,Unique representative. Quality: usable,papular_acne_-37-_jpg.rf.23844aa34ccfeb4a617e6a1229603c3d.jpg,69.47,usable,train
papular_acne_-106-_jpg.rf.17856cc1f4f396d81cbd930161a5b04f.jpg,Papules,ACCEPTED,Unique representative. Quality: usable,papular_acne_-106-_jpg.rf.17856cc1f4f396d81cbd930161a5b04f.jpg,94.27,usable,train
papular_acne_-3-_jpg.rf.093cc6574025bc33d7a926547c111957.jpg,Papules,ACCEPTED,Unique representative. Quality: usable,papular_acne_-3-_jpg.rf.093cc6574025bc33d7a926547c111957.jpg,102.02,usable,train
papular_acne_-17-_jpg.rf.bcb00406d208a1bee57708104c75b040.jpg,Papules,ACCEPTED,Unique representative. Quality: usable,papular_acne_-17-_jpg.rf.bcb00406d208a1bee57708104c75b040.jpg,98.29,usable,train
papular_acne_-100-_jpg.rf.7514480f4da5dd2765c8eff37b264809.jpg,Papules,ACCEPTED,Unique representative. Quality: borderline,papular_acne_-100-_jpg.rf.7514480f4da5dd2765c8eff37b264809.jpg,55.73,borderline,train
papular_acne_-50-_jpg.rf.2d7d4939d62becb3fe5fe269c5656cab.jpg,Papules,ACCEPTED,Unique representative. Quality: usable,papular_acne_-50-_jpg.rf.2d7d4939d62becb3fe5fe269c5656cab.jpg,91.13,usable,train
papular_acne_-56-_jpg.rf.c0ae4cb15c1fa90d2dd795d3f2ffff0f.jpg,Papules,ACCEPTED,Unique representative. Quality: usable,papular_acne_-56-_jpg.rf.c0ae4cb15c1fa90d2dd795d3f2ffff0f.jpg,77.65,usable,train
papular_acne_-37-_jpg.rf.33d75d7d7a8b9ac25f9d489d2b8ba0a6.jpg,Papules,ACCEPTED,Unique representative. Quality: borderline,papular_acne_-37-_jpg.rf.33d75d7d7a8b9ac25f9d489d2b8ba0a6.jpg,44.07,borderline,train
papular_acne_-37-_jpg.rf.71cba32ab8cf08f61d0d51a796b642c0.jpg,Papules,ACCEPTED,Unique representative. Quality: borderline,papular_acne_-37-_jpg.rf.71cba32ab8cf08f61d0d51a796b642c0.jpg,50.93,borderline,train
Papule8_JPG_jpg.rf.dda5941a96189fb587c50eed5b5ecd1b.jpg,Papules,ACCEPTED,Unique representative. Quality: usable,Papule8_JPG_jpg.rf.dda5941a96189fb587c50eed5b5ecd1b.jpg,77.80,usable,train
papular_acne_-50-_jpg.rf.37e313f3210deb599460bbbe579e7b70.jpg,Papules,ACCEPTED,Unique representative. Quality: usable,papular_acne_-50-_jpg.rf.37e313f3210deb599460bbbe579e7b70.jpg,130.93,usable,train
papular_acne_-3-_jpg.rf.85bc9dc5339769bf6ab1a120de20314c.jpg,Papules,ACCEPTED,Unique representative. Quality: usable,papular_acne_-3-_jpg.rf.85bc9dc5339769bf6ab1a120de20314c.jpg,67.24,usable,train
papular_acne_-90-_jpg.rf.6dbb4dbc002e975bc7b6b599da4dd5a9.jpg,Papules,ACCEPTED,Unique representative. Quality: usable,papular_acne_-90-_jpg.rf.6dbb4dbc002e975bc7b6b599da4dd5a9.jpg,71.63,usable,train
papular_acne_-65-_jpg.rf.c0688f8ed594dd63e2e3b885db02de05.jpg,Papules,ACCEPTED,Unique representative. Quality: usable,papular_acne_-65-_jpg.rf.c0688f8ed594dd63e2e3b885db02de05.jpg,106.42,usable,train
papular_acne_-106-_jpg.rf.d478b9a0b2f7631b335e2113bad36411.jpg,Papules,ACCEPTED,Unique representative. Quality: borderline,papular_acne_-106-_jpg.rf.d478b9a0b2f7631b335e2113bad36411.jpg,55.93,borderline,train
Papule17_JPG_jpg.rf.434bf19cc6d9b647ddb8ddcc88087703.jpg,Papules,ACCEPTED,Unique representative. Quality: usable,Papule17_JPG_jpg.rf.434bf19cc6d9b647ddb8ddcc88087703.jpg,94.48,usable,train
papular_acne_-8-_jpg.rf.8f79bf2bdb18ddabb4a3288df2b688da.jpg,Papules,ACCEPTED,Unique representative. Quality: usable,papular_acne_-8-_jpg.rf.8f79bf2bdb18ddabb4a3288df2b688da.jpg,84.66,usable,train
Papule4_JPG_jpg.rf.fa8b9fe7270ac39797c34f65e348c838.jpg,Papules,ACCEPTED,Unique representative. Quality: usable,Papule4_JPG_jpg.rf.fa8b9fe7270ac39797c34f65e348c838.jpg,126.87,usable,train
papular_acne_-14-_jpg.rf.44d294ddeb2618d27dacd52d66fe0c9d.jpg,Papules,ACCEPTED,Unique representative. Quality: usable,papular_acne_-14-_jpg.rf.44d294ddeb2618d27dacd52d66fe0c9d.jpg,88.28,usable,train
papular_acne_-37-_jpg.rf.754cbe365f8cb386e17807b3d30fd9bd.jpg,Papules,ACCEPTED,Unique representative. Quality: usable,papular_acne_-37-_jpg.rf.754cbe365f8cb386e17807b3d30fd9bd.jpg,105.64,usable,train
papular_acne_-14-_jpg.rf.8d532588026cfdff9608c0d8592068bd.jpg,Papules,ACCEPTED,Unique representative. Quality: usable,papular_acne_-14-_jpg.rf.8d532588026cfdff9608c0d8592068bd.jpg,92.07,usable,train
Papule2_JPG_jpg.rf.8df638daccb594bdbbe7cd9a2eaa3e94.jpg,Papules,ACCEPTED,Unique representative. Quality: usable,Papule2_JPG_jpg.rf.8df638daccb594bdbbe7cd9a2eaa3e94.jpg,90.99,usable,train
papular_acne_-68-_jpg.rf.65d96a45a13aa09578dbac1611318355.jpg,Papules,ACCEPTED,Unique representative. Quality: usable,papular_acne_-68-_jpg.rf.65d96a45a13aa09578dbac1611318355.jpg,84.72,usable,train
papular_acne_-8-_jpg.rf.9ab0188ba8a8acf947fd42492cf7b7b7.jpg,Papules,ACCEPTED,Unique representative. Quality: usable,papular_acne_-8-_jpg.rf.9ab0188ba8a8acf947fd42492cf7b7b7.jpg,82.54,usable,train
papular_acne_-100-_jpg.rf.85b66e096724ec9fcb2a6a1e76ad9f55.jpg,Papules,ACCEPTED,Unique representative. Quality: borderline,papular_acne_-100-_jpg.rf.85b66e096724ec9fcb2a6a1e76ad9f55.jpg,45.50,borderline,train
papular_acne_-77-_jpg.rf.6cf5b94a58d6994c962edb4bb08c1905.jpg,Papules,ACCEPTED,Unique representative. Quality: usable,papular_acne_-77-_jpg.rf.6cf5b94a58d6994c962edb4bb08c1905.jpg,121.30,usable,train
Papule9_JPG_jpg.rf.b5fd26ecd9cc573242d62f9f1355743a.jpg,Papules,ACCEPTED,Unique representative. Quality: usable,Papule9_JPG_jpg.rf.b5fd26ecd9cc573242d62f9f1355743a.jpg,93.78,usable,train
papular_acne_-3-_jpg.rf.387c07060e0367a40aa80749be809e7f.jpg,Papules,ACCEPTED,Unique representative. Quality: borderline,papular_acne_-3-_jpg.rf.387c07060e0367a40aa80749be809e7f.jpg,51.77,borderline,train
Papule8_JPG_jpg.rf.c0eca2ad4a4e741b803f1fb29d794866.jpg,Papules,ACCEPTED,Unique representative. Quality: borderline,Papule8_JPG_jpg.rf.c0eca2ad4a4e741b803f1fb29d794866.jpg,40.18,borderline,train
papular_acne_-14-_jpg.rf.0a0f40279e96d8856709fdb6aba3538d.jpg,Papules,ACCEPTED,Unique representative. Quality: usable,papular_acne_-14-_jpg.rf.0a0f40279e96d8856709fdb6aba3538d.jpg,77.27,usable,train
papular_acne_-38-_jpg.rf.0ba609b502c41a6ecdf289f0d672baf4.jpg,Papules,ACCEPTED,Unique representative. Quality: usable,papular_acne_-38-_jpg.rf.0ba609b502c41a6ecdf289f0d672baf4.jpg,91.49,usable,train
papular_acne_-56-_jpg.rf.0d67ff9a63393f8cf125315f6cd20878.jpg,Papules,ACCEPTED,Unique representative. Quality: usable,papular_acne_-56-_jpg.rf.0d67ff9a63393f8cf125315f6cd20878.jpg,80.56,usable,train
papular_acne_-68-_jpg.rf.a516c7ab82391e8a07ba1dd69f814471.jpg,Papules,ACCEPTED,Unique representative. Quality: usable,papular_acne_-68-_jpg.rf.a516c7ab82391e8a07ba1dd69f814471.jpg,92.21,usable,train
papular_acne_-90-_jpg.rf.23271b546af1f53b96c4ca8050f358ba.jpg,Papules,ACCEPTED,Unique representative. Quality: usable,papular_acne_-90-_jpg.rf.23271b546af1f53b96c4ca8050f358ba.jpg,75.58,usable,train
papular_acne_-100-_jpg.rf.7c10009c0cd2f034616a9a5c438f60ab.jpg,Papules,ACCEPTED,Unique representative. Quality: borderline,papular_acne_-100-_jpg.rf.7c10009c0cd2f034616a9a5c438f60ab.jpg,38.04,borderline,train
papular_acne_-100-_jpg.rf.6fafb1f229ae5d89ceaa91d08646da42.jpg,Papules,ACCEPTED,Unique representative. Quality: borderline,papular_acne_-100-_jpg.rf.6fafb1f229ae5d89ceaa91d08646da42.jpg,48.24,borderline,train
papular_acne_-65-_jpg.rf.a6e29fab6a85a72cdf3ff98f15154676.jpg,Papules,ACCEPTED,Unique representative. Quality: usable,papular_acne_-65-_jpg.rf.a6e29fab6a85a72cdf3ff98f15154676.jpg,86.12,usable,train
papular_acne_-37-_jpg.rf.3ae9638cea4792929399d5d0f809ce3a.jpg,Papules,ACCEPTED,Unique representative. Quality: usable,papular_acne_-37-_jpg.rf.3ae9638cea4792929399d5d0f809ce3a.jpg,87.97,usable,train
papular_acne_-77-_jpg.rf.d95fb8fa441ae69ec6ec78a96e07e2c1.jpg,Papules,ACCEPTED,Unique representative. Quality: usable,papular_acne_-77-_jpg.rf.d95fb8fa441ae69ec6ec78a96e07e2c1.jpg,107.58,usable,train
papular_acne_-91-_jpg.rf.11f552fd0618cb86dc0ecb236122a3bf.jpg,Papules,ACCEPTED,Unique representative. Quality: borderline,papular_acne_-91-_jpg.rf.11f552fd0618cb86dc0ecb236122a3bf.jpg,58.39,borderline,train
papular_acne_-3-_jpg.rf.b10639ce5826dc3968ac73f38ba0a019.jpg,Papules,ACCEPTED,Unique representative. Quality: usable,papular_acne_-3-_jpg.rf.b10639ce5826dc3968ac73f38ba0a019.jpg,73.66,usable,train
papular_acne_-100-_jpg.rf.5e47854bdb94af83bc8481bf93870f52.jpg,Papules,ACCEPTED,Unique representative. Quality: borderline,papular_acne_-100-_jpg.rf.5e47854bdb94af83bc8481bf93870f52.jpg,42.82,borderline,train
papular_acne_-48-_jpg.rf.93aaddd1a3e2bec7f1bd977c3c67e726.jpg,Papules,ACCEPTED,Unique representative. Quality: usable,papular_acne_-48-_jpg.rf.93aaddd1a3e2bec7f1bd977c3c67e726.jpg,86.63,usable,train
Papule10_JPG_jpg.rf.7668801f8c102ca43d3e46883b1fa397.jpg,Papules,ACCEPTED,Unique representative. Quality: usable,Papule10_JPG_jpg.rf.7668801f8c102ca43d3e46883b1fa397.jpg,63.27,usable,train
papular_acne_-38-_jpg.rf.fea50ed41e145069ba4efe0cc70b91a7.jpg,Papules,ACCEPTED,Unique representative. Quality: borderline,papular_acne_-38-_jpg.rf.fea50ed41e145069ba4efe0cc70b91a7.jpg,52.31,borderline,train
papular_acne_-8-_jpg.rf.b54547e63f289b739e0224f50cea18a9.jpg,Papules,ACCEPTED,Unique representative. Quality: borderline,papular_acne_-8-_jpg.rf.b54547e63f289b739e0224f50cea18a9.jpg,58.13,borderline,train
papular_acne_-65-_jpg.rf.d24c666452866a3618bd93a2b3c16914.jpg,Papules,ACCEPTED,Unique representative. Quality: usable,papular_acne_-65-_jpg.rf.d24c666452866a3618bd93a2b3c16914.jpg,99.88,usable,train
papular_acne_-50-_jpg.rf.0ae8e99e2d092f0838fe08c0cf0a6eba.jpg,Papules,ACCEPTED,Unique representative. Quality: usable,papular_acne_-50-_jpg.rf.0ae8e99e2d092f0838fe08c0cf0a6eba.jpg,106.52,usable,train
papular_acne_-68-_jpg.rf.d021af3549f8e91011d05642399c0b6d.jpg,Papules,ACCEPTED,Unique representative. Quality: borderline,papular_acne_-68-_jpg.rf.d021af3549f8e91011d05642399c0b6d.jpg,51.20,borderline,train
papular_acne_-68-_jpg.rf.4d97394af53c304b57cd824f56d4226f.jpg,Papules,ACCEPTED,Unique representative. Quality: usable,papular_acne_-68-_jpg.rf.4d97394af53c304b57cd824f56d4226f.jpg,75.17,usable,train
papular_acne_-77-_jpg.rf.d36dd10821c9cf2bf230339e03a3b91b.jpg,Papules,ACCEPTED,Unique representative. Quality: usable,papular_acne_-77-_jpg.rf.d36dd10821c9cf2bf230339e03a3b91b.jpg,77.47,usable,train
papular_acne_-17-_jpg.rf.a72a3aaa4fc0bcbd06cc9534abf08ab4.jpg,Papules,ACCEPTED,Unique representative. Quality: usable,papular_acne_-17-_jpg.rf.a72a3aaa4fc0bcbd06cc9534abf08ab4.jpg,111.42,usable,train
papular_acne_-42-_jpg.rf.aa9b8ec47915bb5a6e405315accdb812.jpg,Papules,ACCEPTED,Unique representative. Quality: usable,papular_acne_-42-_jpg.rf.aa9b8ec47915bb5a6e405315accdb812.jpg,86.19,usable,train
papular_acne_-56-_jpg.rf.efbec36884ec89027ed0c4ceaccc1102.jpg,Papules,ACCEPTED,Unique representative. Quality: usable,papular_acne_-56-_jpg.rf.efbec36884ec89027ed0c4ceaccc1102.jpg,78.97,usable,train
papular_acne_-89-_jpg.rf.c994a3b8b54e6ee8bb05d11930299750.jpg,Papules,ACCEPTED,Unique representative. Quality: borderline,papular_acne_-89-_jpg.rf.c994a3b8b54e6ee8bb05d11930299750.jpg,39.85,borderline,train
Papule_JPG_jpg.rf.ea3c427b38c8ef4608a867c88a7eed77.jpg,Papules,ACCEPTED,Unique representative. Quality: borderline,Papule_JPG_jpg.rf.ea3c427b38c8ef4608a867c88a7eed77.jpg,47.11,borderline,train
papular_acne_-90-_jpg.rf.1100c636837afb3c2dac9a049f90e613.jpg,Papules,ACCEPTED,Unique representative. Quality: usable,papular_acne_-90-_jpg.rf.1100c636837afb3c2dac9a049f90e613.jpg,72.65,usable,train
papular_acne_-68-_jpg.rf.f7b7313dcbcffcc2839c9ca0d021d718.jpg,Papules,ACCEPTED,Unique representative. Quality: usable,papular_acne_-68-_jpg.rf.f7b7313dcbcffcc2839c9ca0d021d718.jpg,90.34,usable,train
papular_acne_-55-_jpg.rf.c7fe44c5b2122c17b6be1fd6aaec610e.jpg,Papules,ACCEPTED,Unique representative. Quality: high_quality,papular_acne_-55-_jpg.rf.c7fe44c5b2122c17b6be1fd6aaec610e.jpg,297.03,high_quality,train
papular_acne_-98-_jpg.rf.739b10c60d2daf47a7a22dff9d4b559f.jpg,Papules,ACCEPTED,Unique representative. Quality: borderline,papular_acne_-98-_jpg.rf.739b10c60d2daf47a7a22dff9d4b559f.jpg,43.76,borderline,train
papular_acne_-90-_jpg.rf.653b013b2ad915e7defc00b3358e70d7.jpg,Papules,ACCEPTED,Unique representative. Quality: borderline,papular_acne_-90-_jpg.rf.653b013b2ad915e7defc00b3358e70d7.jpg,46.64,borderline,train
papular_acne_-50-_jpg.rf.26963aa7999557022b47cafb9f390df1.jpg,Papules,ACCEPTED,Unique representative. Quality: usable,papular_acne_-50-_jpg.rf.26963aa7999557022b47cafb9f390df1.jpg,98.30,usable,train
papular_acne_-37-_jpg.rf.c131c92f9164173aee6699e8bd9f892b.jpg,Papules,ACCEPTED,Unique representative. Quality: usable,papular_acne_-37-_jpg.rf.c131c92f9164173aee6699e8bd9f892b.jpg,92.48,usable,train
papular_acne_-38-_jpg.rf.606096a581c83706cf60ef715d12bae7.jpg,Papules,ACCEPTED,Unique representative. Quality: borderline,papular_acne_-38-_jpg.rf.606096a581c83706cf60ef715d12bae7.jpg,46.08,borderline,train
Papule_JPG_jpg.rf.4523f32621f0f3d885f2c5f057e90206.jpg,Papules,ACCEPTED,Unique representative. Quality: usable,Papule_JPG_jpg.rf.4523f32621f0f3d885f2c5f057e90206.jpg,98.65,usable,train
papular_acne_-68-_jpg.rf.3373b10ed11c831cc608013db1d6e327.jpg,Papules,ACCEPTED,Unique representative. Quality: usable,papular_acne_-68-_jpg.rf.3373b10ed11c831cc608013db1d6e327.jpg,116.31,usable,train
papular_acne_-13-_jpg.rf.477f5920435c69d032881da3950770bb.jpg,Papules,ACCEPTED,Unique representative. Quality: usable,papular_acne_-13-_jpg.rf.477f5920435c69d032881da3950770bb.jpg,82.38,usable,train
papular_acne_-100-_jpg.rf.8918637e66ae1ea98e6bc824865ce4d4.jpg,Papules,ACCEPTED,Unique representative. Quality: usable,papular_acne_-100-_jpg.rf.8918637e66ae1ea98e6bc824865ce4d4.jpg,93.17,usable,train
papular_acne_-14-_jpg.rf.ca7a970a2bad421774a52136ea826d01.jpg,Papules,ACCEPTED,Unique representative. Quality: usable,papular_acne_-14-_jpg.rf.ca7a970a2bad421774a52136ea826d01.jpg,82.72,usable,train
papular_acne_-100-_jpg.rf.a6cfbf04482f815ba21ef44fbcffeee1.jpg,Papules,ACCEPTED,Unique representative. Quality: borderline,papular_acne_-100-_jpg.rf.a6cfbf04482f815ba21ef44fbcffeee1.jpg,30.27,borderline,train
papular_acne_-90-_jpg.rf.a1d8b96304b698bea11e953e00a74b13.jpg,Papules,ACCEPTED,Unique representative. Quality: borderline,papular_acne_-90-_jpg.rf.a1d8b96304b698bea11e953e00a74b13.jpg,57.89,borderline,train
papular_acne_-13-_jpg.rf.7ae11f5bb5bed7ee5f4d3b3b9eba82f0.jpg,Papules,ACCEPTED,Unique representative. Quality: usable,papular_acne_-13-_jpg.rf.7ae11f5bb5bed7ee5f4d3b3b9eba82f0.jpg,75.09,usable,train
papular_acne_-38-_jpg.rf.4d58dc85d3e3e8165011e9df5c9e788f.jpg,Papules,ACCEPTED,Unique representative. Quality: borderline,papular_acne_-38-_jpg.rf.4d58dc85d3e3e8165011e9df5c9e788f.jpg,42.58,borderline,train
papular_acne_-97-_jpg.rf.dc94ee9f7962f42e9096d48b3ac7d22f.jpg,Papules,ACCEPTED,Unique representative. Quality: usable,papular_acne_-97-_jpg.rf.dc94ee9f7962f42e9096d48b3ac7d22f.jpg,80.81,usable,train
papular_acne_-14-_jpg.rf.7094cec3b2647e4af75b51aaed3eaec3.jpg,Papules,ACCEPTED,Unique representative. Quality: usable,papular_acne_-14-_jpg.rf.7094cec3b2647e4af75b51aaed3eaec3.jpg,105.25,usable,train
papular_acne_-13-_jpg.rf.86c1af8300f68596ca2536b5eb5b7cea.jpg,Papules,ACCEPTED,Unique representative. Quality: usable,papular_acne_-13-_jpg.rf.86c1af8300f68596ca2536b5eb5b7cea.jpg,84.27,usable,train
papular_acne_-8-_jpg.rf.eaf1b7461e4df0da539025026a26b6c1.jpg,Papules,ACCEPTED,Unique representative. Quality: usable,papular_acne_-8-_jpg.rf.eaf1b7461e4df0da539025026a26b6c1.jpg,97.60,usable,train
papular_acne_-100-_jpg.rf.05a8c6e025f552e8c8184dad9f1de81d.jpg,Papules,ACCEPTED,Unique representative. Quality: usable,papular_acne_-100-_jpg.rf.05a8c6e025f552e8c8184dad9f1de81d.jpg,71.58,usable,train
papular_acne_-90-_jpg.rf.96b7252aec521d6b3554e9e87a7f12ca.jpg,Papules,ACCEPTED,Unique representative. Quality: usable,papular_acne_-90-_jpg.rf.96b7252aec521d6b3554e9e87a7f12ca.jpg,71.30,usable,train
Papule_JPG_jpg.rf.42bc298acae5df4b85b3e3c52787d3fa.jpg,Papules,ACCEPTED,Unique representative. Quality: usable,Papule_JPG_jpg.rf.42bc298acae5df4b85b3e3c52787d3fa.jpg,104.66,usable,train
papular_acne_-65-_jpg.rf.2e17dde07956f876533c0589448e33d5.jpg,Papules,ACCEPTED,Unique representative. Quality: usable,papular_acne_-65-_jpg.rf.2e17dde07956f876533c0589448e33d5.jpg,86.26,usable,train
papular_acne_-106-_jpg.rf.cf8ef83ecbf3e26fd6524ff60c9799db.jpg,Papules,ACCEPTED,Unique representative. Quality: usable,papular_acne_-106-_jpg.rf.cf8ef83ecbf3e26fd6524ff60c9799db.jpg,103.75,usable,train
papular_acne_-13-_jpg.rf.c6b9db9889fa29a70f171d9bee932408.jpg,Papules,ACCEPTED,Unique representative. Quality: borderline,papular_acne_-13-_jpg.rf.c6b9db9889fa29a70f171d9bee932408.jpg,41.82,borderline,train
papular_acne_-8-_jpg.rf.810449b7826aaf257589325fe230ab27.jpg,Papules,ACCEPTED,Unique representative. Quality: usable,papular_acne_-8-_jpg.rf.810449b7826aaf257589325fe230ab27.jpg,112.47,usable,train
papular_acne_-77-_jpg.rf.c974838310a28fa58b9450534d2a5239.jpg,Papules,ACCEPTED,Unique representative. Quality: borderline,papular_acne_-77-_jpg.rf.c974838310a28fa58b9450534d2a5239.jpg,32.52,borderline,train
papular_acne_-89-_jpg.rf.4b19b53180fc87b7656fa9ef52c81960.jpg,Papules,ACCEPTED,Unique representative. Quality: usable,papular_acne_-89-_jpg.rf.4b19b53180fc87b7656fa9ef52c81960.jpg,74.63,usable,train
papular_acne_-42-_jpg.rf.ddc5d0dcb70a4749de5e8d3d5d8fef0b.jpg,Papules,ACCEPTED,Unique representative. Quality: borderline,papular_acne_-42-_jpg.rf.ddc5d0dcb70a4749de5e8d3d5d8fef0b.jpg,47.47,borderline,train
papular_acne_-98-_jpg.rf.8a2266807eaa5920a7238b62f08e6da1.jpg,Papules,ACCEPTED,Unique representative. Quality: borderline,papular_acne_-98-_jpg.rf.8a2266807eaa5920a7238b62f08e6da1.jpg,44.70,borderline,train
papular_acne_-90-_jpg.rf.6e046ed9417f4edf56aa590c8ea58dc2.jpg,Papules,ACCEPTED,Unique representative. Quality: borderline,papular_acne_-90-_jpg.rf.6e046ed9417f4edf56aa590c8ea58dc2.jpg,57.75,borderline,train
papular_acne_-98-_jpg.rf.81c4ea21f11d2ecd26f14e2b5d011be3.jpg,Papules,ACCEPTED,Unique representative. Quality: usable,papular_acne_-98-_jpg.rf.81c4ea21f11d2ecd26f14e2b5d011be3.jpg,66.12,usable,train
papular_acne_-65-_jpg.rf.94721b8b3a42c56f0655eeb658566004.jpg,Papules,ACCEPTED,Unique representative. Quality: usable,papular_acne_-65-_jpg.rf.94721b8b3a42c56f0655eeb658566004.jpg,72.02,usable,train
papular_acne_-3-_jpg.rf.db0bfade0f284facc255b07da2e4e615.jpg,Papules,ACCEPTED,Unique representative. Quality: borderline,papular_acne_-3-_jpg.rf.db0bfade0f284facc255b07da2e4e615.jpg,53.78,borderline,train
papular_acne_-106-_jpg.rf.5c7adca955ac48cc15abfc94d4f8e664.jpg,Papules,ACCEPTED,Unique representative. Quality: usable,papular_acne_-106-_jpg.rf.5c7adca955ac48cc15abfc94d4f8e664.jpg,66.02,usable,train
papular_acne_-89-_jpg.rf.d09b427f20bcca5927fafbbd9f59b655.jpg,Papules,ACCEPTED,Unique representative. Quality: usable,papular_acne_-89-_jpg.rf.d09b427f20bcca5927fafbbd9f59b655.jpg,93.11,usable,train
papular_acne_-38-_jpg.rf.e0550b0b3f98000fdba33cfdbcdd023a.jpg,Papules,ACCEPTED,Unique representative. Quality: usable,papular_acne_-38-_jpg.rf.e0550b0b3f98000fdba33cfdbcdd023a.jpg,87.88,usable,train
papular_acne_-8-_jpg.rf.f981567b86fd507e5438a0254588b094.jpg,Papules,ACCEPTED,Unique representative. Quality: usable,papular_acne_-8-_jpg.rf.f981567b86fd507e5438a0254588b094.jpg,60.50,usable,train
papular_acne_-68-_jpg.rf.f2b794f9e7e12e9e32b5dc6d86cc4f7d.jpg,Papules,ACCEPTED,Unique representative. Quality: usable,papular_acne_-68-_jpg.rf.f2b794f9e7e12e9e32b5dc6d86cc4f7d.jpg,134.57,usable,train
papular_acne_-38-_jpg.rf.fa557e390e0adaac4cd30447a20bb787.jpg,Papules,ACCEPTED,Unique representative. Quality: usable,papular_acne_-38-_jpg.rf.fa557e390e0adaac4cd30447a20bb787.jpg,60.25,usable,train
papular_acne_-91-_jpg.rf.c2b3de27e60409908841815366f6d5a9.jpg,Papules,ACCEPTED,Unique representative. Quality: usable,papular_acne_-91-_jpg.rf.c2b3de27e60409908841815366f6d5a9.jpg,88.40,usable,train
papular_acne_-98-_jpg.rf.2dca24b23c7add6a09dbe12321b5fcb4.jpg,Papules,ACCEPTED,Unique representative. Quality: borderline,papular_acne_-98-_jpg.rf.2dca24b23c7add6a09dbe12321b5fcb4.jpg,56.40,borderline,train
papular_acne_-98-_jpg.rf.948e3bbd9c9cb1fbdc9f292982a0fa15.jpg,Papules,ACCEPTED,Unique representative. Quality: borderline,papular_acne_-98-_jpg.rf.948e3bbd9c9cb1fbdc9f292982a0fa15.jpg,44.02,borderline,train
papular_acne_-100-_jpg.rf.ae37c44e66d6e38b12d9229de29aef92.jpg,Papules,ACCEPTED,Unique representative. Quality: usable,papular_acne_-100-_jpg.rf.ae37c44e66d6e38b12d9229de29aef92.jpg,75.31,usable,train
papular_acne_-56-_jpg.rf.41e1e35c5e03db74baf0905bf9f56930.jpg,Papules,ACCEPTED,Unique representative. Quality: usable,papular_acne_-56-_jpg.rf.41e1e35c5e03db74baf0905bf9f56930.jpg,91.08,usable,train
papular_acne_-37-_jpg.rf.197b6be42a420284dfc59b1df49fb9c0.jpg,Papules,ACCEPTED,Unique representative. Quality: borderline,papular_acne_-37-_jpg.rf.197b6be42a420284dfc59b1df49fb9c0.jpg,39.89,borderline,train
papular_acne_-106-_jpg.rf.50b47c9e3dd938bfcb3b865059a2c66a.jpg,Papules,ACCEPTED,Unique representative. Quality: usable,papular_acne_-106-_jpg.rf.50b47c9e3dd938bfcb3b865059a2c66a.jpg,115.85,usable,train
papular_acne_-91-_jpg.rf.80cd014f832cc748eca0bc261cb353aa.jpg,Papules,ACCEPTED,Unique representative. Quality: borderline,papular_acne_-91-_jpg.rf.80cd014f832cc748eca0bc261cb353aa.jpg,58.14,borderline,train
papular_acne_-14-_jpg.rf.499d372f6179d6a4a5a78a9392a54eb0.jpg,Papules,ACCEPTED,Unique representative. Quality: usable,papular_acne_-14-_jpg.rf.499d372f6179d6a4a5a78a9392a54eb0.jpg,65.56,usable,train
papular_acne_-17-_jpg.rf.0e0dc7ed4a6aa23f0910c27e50bd593b.jpg,Papules,ACCEPTED,Unique representative. Quality: usable,papular_acne_-17-_jpg.rf.0e0dc7ed4a6aa23f0910c27e50bd593b.jpg,81.50,usable,train
papular_acne_-27-_jpg.rf.1c6fcae018e633730af556fed177cb68.jpg,Papules,ACCEPTED,Unique representative. Quality: usable,papular_acne_-27-_jpg.rf.1c6fcae018e633730af556fed177cb68.jpg,118.16,usable,train
papular_acne_-37-_jpg.rf.8542343e98daf5a53689fd93b1ce10ed.jpg,Papules,ACCEPTED,Unique representative. Quality: borderline,papular_acne_-37-_jpg.rf.8542343e98daf5a53689fd93b1ce10ed.jpg,39.06,borderline,train
papular_acne_-106-_jpg.rf.edec816a28cd62aac8281ba64b71895e.jpg,Papules,ACCEPTED,Unique representative. Quality: usable,papular_acne_-106-_jpg.rf.edec816a28cd62aac8281ba64b71895e.jpg,77.93,usable,train
papular_acne_-56-_jpg.rf.637c098c0d2c93c409a7f7b9ff4f6ff1.jpg,Papules,ACCEPTED,Unique representative. Quality: usable,papular_acne_-56-_jpg.rf.637c098c0d2c93c409a7f7b9ff4f6ff1.jpg,66.67,usable,train
papular_acne_-100-_jpg.rf.1fa190b630a0be00bcffc8b4f3cf2402.jpg,Papules,ACCEPTED,Unique representative. Quality: borderline,papular_acne_-100-_jpg.rf.1fa190b630a0be00bcffc8b4f3cf2402.jpg,51.75,borderline,train
papular_acne_-38-_jpg.rf.1c054a8488aed69c76e2e318909dc426.jpg,Papules,ACCEPTED,Unique representative. Quality: borderline,papular_acne_-38-_jpg.rf.1c054a8488aed69c76e2e318909dc426.jpg,41.30,borderline,train
papular_acne_-8-_jpg.rf.2a8156fa758c7f0353bb9a6f8e73ce55.jpg,Papules,ACCEPTED,Unique representative. Quality: borderline,papular_acne_-8-_jpg.rf.2a8156fa758c7f0353bb9a6f8e73ce55.jpg,47.59,borderline,train
papular_acne_-17-_jpg.rf.fd021c44f1078a881d193df7da0f2507.jpg,Papules,ACCEPTED,Unique representative. Quality: usable,papular_acne_-17-_jpg.rf.fd021c44f1078a881d193df7da0f2507.jpg,86.72,usable,train
papular_acne_-68-_jpg.rf.de7eae62e33596da0f0c83926b54c348.jpg,Papules,ACCEPTED,Unique representative. Quality: usable,papular_acne_-68-_jpg.rf.de7eae62e33596da0f0c83926b54c348.jpg,126.50,usable,train
papular_acne_-8-_jpg.rf.23a3220fde68a2cedfe2fe0d4994d730.jpg,Papules,ACCEPTED,Unique representative. Quality: usable,papular_acne_-8-_jpg.rf.23a3220fde68a2cedfe2fe0d4994d730.jpg,85.75,usable,train
papular_acne_-56-_jpg.rf.4b64ffc12cf389ba2673d079d55c00a4.jpg,Papules,ACCEPTED,Unique representative. Quality: usable,papular_acne_-56-_jpg.rf.4b64ffc12cf389ba2673d079d55c00a4.jpg,123.70,usable,train
papular_acne_-8-_jpg.rf.a282ab45ecefee44a653d4ec50feebea.jpg,Papules,ACCEPTED,Unique representative. Quality: borderline,papular_acne_-8-_jpg.rf.a282ab45ecefee44a653d4ec50feebea.jpg,58.06,borderline,train
Papule12_JPG_jpg.rf.e7be59ffd545abc45831f5ceab4150ab.jpg,Papules,ACCEPTED,Unique representative. Quality: borderline,Papule12_JPG_jpg.rf.e7be59ffd545abc45831f5ceab4150ab.jpg,38.78,borderline,train
papular_acne_-42-_jpg.rf.d72bca234b2a895cec7f65c44d533abd.jpg,Papules,ACCEPTED,Unique representative. Quality: usable,papular_acne_-42-_jpg.rf.d72bca234b2a895cec7f65c44d533abd.jpg,104.79,usable,train
papular_acne_-56-_jpg.rf.b78e409933750b01b913b30e841b512d.jpg,Papules,ACCEPTED,Unique representative. Quality: usable,papular_acne_-56-_jpg.rf.b78e409933750b01b913b30e841b512d.jpg,93.08,usable,train
papular_acne_-106-_jpg.rf.3c6165b01e032866d3e38639dc90ddd1.jpg,Papules,ACCEPTED,Unique representative. Quality: borderline,papular_acne_-106-_jpg.rf.3c6165b01e032866d3e38639dc90ddd1.jpg,47.77,borderline,train
papular_acne_-106-_jpg.rf.87d9d1d270cc614b724ce7586d30dca1.jpg,Papules,ACCEPTED,Unique representative. Quality: borderline,papular_acne_-106-_jpg.rf.87d9d1d270cc614b724ce7586d30dca1.jpg,47.67,borderline,train
papular_acne_-42-_jpg.rf.3731633a3332dbcf06006d4d37e3d09d.jpg,Papules,ACCEPTED,Unique representative. Quality: borderline,papular_acne_-42-_jpg.rf.3731633a3332dbcf06006d4d37e3d09d.jpg,40.93,borderline,train
papular_acne_-14-_jpg.rf.88855f326bc4360cc817168dee702a0e.jpg,Papules,ACCEPTED,Unique representative. Quality: usable,papular_acne_-14-_jpg.rf.88855f326bc4360cc817168dee702a0e.jpg,90.80,usable,train
papular_acne_-14-_jpg.rf.b48785b38554d521fc946a84b122393e.jpg,Papules,ACCEPTED,Unique representative. Quality: borderline,papular_acne_-14-_jpg.rf.b48785b38554d521fc946a84b122393e.jpg,50.65,borderline,train
papular_acne_-37-_jpg.rf.c57f6a9a9106168596c83c872a38aedb.jpg,Papules,ACCEPTED,Unique representative. Quality: borderline,papular_acne_-37-_jpg.rf.c57f6a9a9106168596c83c872a38aedb.jpg,53.42,borderline,train
papular_acne_-38-_jpg.rf.46e8ba294722c054adf12db0804b05b3.jpg,Papules,ACCEPTED,Unique representative. Quality: borderline,papular_acne_-38-_jpg.rf.46e8ba294722c054adf12db0804b05b3.jpg,41.85,borderline,train
papular_acne_-90-_jpg.rf.998f396e5ad9699e945a02d16afdd795.jpg,Papules,ACCEPTED,Unique representative. Quality: usable,papular_acne_-90-_jpg.rf.998f396e5ad9699e945a02d16afdd795.jpg,78.85,usable,train
papular_acne_-97-_jpg.rf.a67e24a3022822eaaabe808677c6bc3a.jpg,Papules,ACCEPTED,Unique representative. Quality: borderline,papular_acne_-97-_jpg.rf.a67e24a3022822eaaabe808677c6bc3a.jpg,53.86,borderline,train
Papule8_JPG_jpg.rf.30849daa4aa6de5cfac45c7da9809c06.jpg,Papules,ACCEPTED,Unique representative. Quality: usable,Papule8_JPG_jpg.rf.30849daa4aa6de5cfac45c7da9809c06.jpg,110.79,usable,train
papular_acne_-65-_jpg.rf.c792aabcec6ad7aaaca2f194064e63f8.jpg,Papules,ACCEPTED,Unique representative. Quality: usable,papular_acne_-65-_jpg.rf.c792aabcec6ad7aaaca2f194064e63f8.jpg,113.73,usable,train
Papule8_JPG_jpg.rf.5c90324475401fda806f6865c3e9bc9b.jpg,Papules,ACCEPTED,Unique representative. Quality: usable,Papule8_JPG_jpg.rf.5c90324475401fda806f6865c3e9bc9b.jpg,111.67,usable,train
papular_acne_-8-_jpg.rf.7655eb61506635ffe10927ae344d4f4c.jpg,Papules,ACCEPTED,Unique representative. Quality: usable,papular_acne_-8-_jpg.rf.7655eb61506635ffe10927ae344d4f4c.jpg,61.79,usable,train
papular_acne_-77-_jpg.rf.199dac8379958d49969c6814f9ceb610.jpg,Papules,ACCEPTED,Unique representative. Quality: usable,papular_acne_-77-_jpg.rf.199dac8379958d49969c6814f9ceb610.jpg,84.63,usable,train
papular_acne_-37-_jpg.rf.f2e9df930a63025c8fee86d0888e1f9d.jpg,Papules,ACCEPTED,Unique representative. Quality: usable,papular_acne_-37-_jpg.rf.f2e9df930a63025c8fee86d0888e1f9d.jpg,84.79,usable,train
papular_acne_-38-_jpg.rf.5e82ae8acfb5f22323b18261ffa06ba0.jpg,Papules,ACCEPTED,Unique representative. Quality: usable,papular_acne_-38-_jpg.rf.5e82ae8acfb5f22323b18261ffa06ba0.jpg,80.19,usable,train
papular_acne_-68-_jpg.rf.5e6364eca227f784b8ad7d94af955a3d.jpg,Papules,ACCEPTED,Unique representative. Quality: usable,papular_acne_-68-_jpg.rf.5e6364eca227f784b8ad7d94af955a3d.jpg,65.98,usable,train
Papule10_JPG_jpg.rf.4e7323eed887e14a179e2ae7b1aad867.jpg,Papules,ACCEPTED,Unique representative. Quality: usable,Papule10_JPG_jpg.rf.4e7323eed887e14a179e2ae7b1aad867.jpg,89.65,usable,train
Papule9_JPG_jpg.rf.5f0c80717b8f496afa176872732103ba.jpg,Papules,ACCEPTED,Unique representative. Quality: usable,Papule9_JPG_jpg.rf.5f0c80717b8f496afa176872732103ba.jpg,109.99,usable,train
Papule5_JPG_jpg.rf.b84517242d961bf7b182bec0b92c60a9.jpg,Papules,ACCEPTED,Unique representative. Quality: borderline,Papule5_JPG_jpg.rf.b84517242d961bf7b182bec0b92c60a9.jpg,58.79,borderline,train
papular_acne_-8-_jpg.rf.4b79099869284a6451f0d341815c180e.jpg,Papules,ACCEPTED,Unique representative. Quality: borderline,papular_acne_-8-_jpg.rf.4b79099869284a6451f0d341815c180e.jpg,37.33,borderline,train
papular_acne_-98-_jpg.rf.1217c354857703feaedb68515dfae0c8.jpg,Papules,ACCEPTED,Unique representative. Quality: usable,papular_acne_-98-_jpg.rf.1217c354857703feaedb68515dfae0c8.jpg,63.39,usable,train
papular_acne_-90-_jpg.rf.9aa2cc8bb1c947ab21f5fa96733c28ca.jpg,Papules,ACCEPTED,Unique representative. Quality: borderline,papular_acne_-90-_jpg.rf.9aa2cc8bb1c947ab21f5fa96733c28ca.jpg,36.14,borderline,train
papular_acne_-56-_jpg.rf.bb3c6efbde1cfc2d3ae6dd5ff49e2a5b.jpg,Papules,ACCEPTED,Unique representative. Quality: usable,papular_acne_-56-_jpg.rf.bb3c6efbde1cfc2d3ae6dd5ff49e2a5b.jpg,102.32,usable,train
papular_acne_-27-_jpg.rf.1acb34a9a01aacac3a0c9595348f6de8.jpg,Papules,ACCEPTED,Unique representative. Quality: usable,papular_acne_-27-_jpg.rf.1acb34a9a01aacac3a0c9595348f6de8.jpg,89.77,usable,train
papular_acne_-56-_jpg.rf.2e4a9f2c5a4a408a7ecfaf3c16bf3307.jpg,Papules,ACCEPTED,Unique representative. Quality: borderline,papular_acne_-56-_jpg.rf.2e4a9f2c5a4a408a7ecfaf3c16bf3307.jpg,39.79,borderline,train
papular_acne_-37-_jpg.rf.9552e35926606d04aa7bae87d7d5a1c2.jpg,Papules,ACCEPTED,Unique representative. Quality: borderline,papular_acne_-37-_jpg.rf.9552e35926606d04aa7bae87d7d5a1c2.jpg,53.69,borderline,train
Papule_JPG_jpg.rf.be23c79854a40b8f9b5e7104b1997aa5.jpg,Papules,ACCEPTED,Unique representative. Quality: usable,Papule_JPG_jpg.rf.be23c79854a40b8f9b5e7104b1997aa5.jpg,76.28,usable,train
papular_acne_-56-_jpg.rf.4ac5b872f4e70bc8c2a9fa12d396a52b.jpg,Papules,ACCEPTED,Unique representative. Quality: borderline,papular_acne_-56-_jpg.rf.4ac5b872f4e70bc8c2a9fa12d396a52b.jpg,41.23,borderline,train
papular_acne_-98-_jpg.rf.9b7b7fac351d7e6644cea49f07b83708.jpg,Papules,ACCEPTED,Unique representative. Quality: borderline,papular_acne_-98-_jpg.rf.9b7b7fac351d7e6644cea49f07b83708.jpg,52.59,borderline,train
papular_acne_-92-_jpg.rf.f2d4f3c0f57206e99a14175e141ad0ab.jpg,Papules,ACCEPTED,Unique representative. Quality: usable,papular_acne_-92-_jpg.rf.f2d4f3c0f57206e99a14175e141ad0ab.jpg,64.96,usable,train
papular_acne_-106-_jpg.rf.e68d983dce16b3b477e72fb35101e7a5.jpg,Papules,ACCEPTED,Unique representative. Quality: borderline,papular_acne_-106-_jpg.rf.e68d983dce16b3b477e72fb35101e7a5.jpg,31.98,borderline,train
papular_acne_-14-_jpg.rf.bbedec129ccfd14254ed1759fa39da2c.jpg,Papules,ACCEPTED,Unique representative. Quality: borderline,papular_acne_-14-_jpg.rf.bbedec129ccfd14254ed1759fa39da2c.jpg,38.55,borderline,train
papular_acne_-17-_jpg.rf.5799f650acdfe454b4e0eded849a3bd5.jpg,Papules,ACCEPTED,Unique representative. Quality: usable,papular_acne_-17-_jpg.rf.5799f650acdfe454b4e0eded849a3bd5.jpg,113.55,usable,train
papular_acne_-38-_jpg.rf.2e81879e224c042f2feb5811a6a774e0.jpg,Papules,ACCEPTED,Unique representative. Quality: borderline,papular_acne_-38-_jpg.rf.2e81879e224c042f2feb5811a6a774e0.jpg,45.52,borderline,train
papular_acne_-92-_jpg.rf.5ed08b11dda28f6c925d9ea954913487.jpg,Papules,ACCEPTED,Unique representative. Quality: usable,papular_acne_-92-_jpg.rf.5ed08b11dda28f6c925d9ea954913487.jpg,76.40,usable,train
papular_acne_-3-_jpg.rf.d0d7b424011085ab029553553333cc6f.jpg,Papules,ACCEPTED,Unique representative. Quality: usable,papular_acne_-3-_jpg.rf.d0d7b424011085ab029553553333cc6f.jpg,94.21,usable,train
papular_acne_-98-_jpg.rf.abc10e6235aa9e58f80555b15a1de23d.jpg,Papules,ACCEPTED,Unique representative. Quality: usable,papular_acne_-98-_jpg.rf.abc10e6235aa9e58f80555b15a1de23d.jpg,75.57,usable,train
papular_acne_-92-_jpg.rf.53e2665d93f579b515c54dd6be194f92.jpg,Papules,ACCEPTED,Unique representative. Quality: usable,papular_acne_-92-_jpg.rf.53e2665d93f579b515c54dd6be194f92.jpg,87.71,usable,train
papular_acne_-38-_jpg.rf.0de609f53bb600d35745d3866fc1313c.jpg,Papules,ACCEPTED,Unique representative. Quality: borderline,papular_acne_-38-_jpg.rf.0de609f53bb600d35745d3866fc1313c.jpg,36.61,borderline,train
papular_acne_-8-_jpg.rf.18995ae153500f417e4a72216bc8ee94.jpg,Papules,ACCEPTED,Unique representative. Quality: borderline,papular_acne_-8-_jpg.rf.18995ae153500f417e4a72216bc8ee94.jpg,48.16,borderline,train
papular_acne_-14-_jpg.rf.e3e7681bdf1c474303d9376e51960d68.jpg,Papules,ACCEPTED,Unique representative. Quality: borderline,papular_acne_-14-_jpg.rf.e3e7681bdf1c474303d9376e51960d68.jpg,51.37,borderline,train
papular_acne_-77-_jpg.rf.06a2a75f0df4a122419b76a2e0a282e8.jpg,Papules,ACCEPTED,Unique representative. Quality: borderline,papular_acne_-77-_jpg.rf.06a2a75f0df4a122419b76a2e0a282e8.jpg,44.03,borderline,train
papular_acne_-106-_jpg.rf.d51d6d8ee23bc589d5dc4392c0cea1fd.jpg,Papules,ACCEPTED,Unique representative. Quality: usable,papular_acne_-106-_jpg.rf.d51d6d8ee23bc589d5dc4392c0cea1fd.jpg,62.22,usable,train
Papule8_JPG_jpg.rf.8976ee84e407bee3efa300100ccffe9a.jpg,Papules,ACCEPTED,Unique representative. Quality: usable,Papule8_JPG_jpg.rf.8976ee84e407bee3efa300100ccffe9a.jpg,90.92,usable,train
papular_acne_-106-_jpg.rf.afbd9b48a4bb6def25b9cb0ec940c21c.jpg,Papules,ACCEPTED,Unique representative. Quality: usable,papular_acne_-106-_jpg.rf.afbd9b48a4bb6def25b9cb0ec940c21c.jpg,67.36,usable,train
papular_acne_-13-_jpg.rf.fe0a0dd207f94828d3ec7fa14746aaeb.jpg,Papules,ACCEPTED,Unique representative. Quality: usable,papular_acne_-13-_jpg.rf.fe0a0dd207f94828d3ec7fa14746aaeb.jpg,109.13,usable,train
Papule16_JPG_jpg.rf.94208254aacb10069244ad7a0cb1cd74.jpg,Papules,ACCEPTED,Unique representative. Quality: borderline,Papule16_JPG_jpg.rf.94208254aacb10069244ad7a0cb1cd74.jpg,59.72,borderline,train
papular_acne_-100-_jpg.rf.7d872f7db83d17abad679ebdf1ebfb7b.jpg,Papules,ACCEPTED,Unique representative. Quality: usable,papular_acne_-100-_jpg.rf.7d872f7db83d17abad679ebdf1ebfb7b.jpg,104.40,usable,train
papular_acne_-37-_jpg.rf.178f14bf38cf6b55995c999aae8271d3.jpg,Papules,ACCEPTED,Unique representative. Quality: borderline,papular_acne_-37-_jpg.rf.178f14bf38cf6b55995c999aae8271d3.jpg,59.72,borderline,train
papular_acne_-48-_jpg.rf.d1f51ca95ecff7c050f2156dc913a24e.jpg,Papules,ACCEPTED,Unique representative. Quality: usable,papular_acne_-48-_jpg.rf.d1f51ca95ecff7c050f2156dc913a24e.jpg,90.07,usable,train
papular_acne_-37-_jpg.rf.23c5411b2939e451bf8d4d8ded76806e.jpg,Papules,ACCEPTED,Unique representative. Quality: borderline,papular_acne_-37-_jpg.rf.23c5411b2939e451bf8d4d8ded76806e.jpg,45.75,borderline,train
papular_acne_-65-_jpg.rf.4fe506b1ae920594496a1b0a9a80796a.jpg,Papules,ACCEPTED,Unique representative. Quality: usable,papular_acne_-65-_jpg.rf.4fe506b1ae920594496a1b0a9a80796a.jpg,70.25,usable,train
papular_acne_-89-_jpg.rf.21c0af0cd04be6ac078305624ebd4de8.jpg,Papules,ACCEPTED,Unique representative. Quality: usable,papular_acne_-89-_jpg.rf.21c0af0cd04be6ac078305624ebd4de8.jpg,81.40,usable,train
papular_acne_-56-_jpg.rf.6d7b7ac4fe9fcdb0390fbf77fb7f0d6e.jpg,Papules,ACCEPTED,Unique representative. Quality: borderline,papular_acne_-56-_jpg.rf.6d7b7ac4fe9fcdb0390fbf77fb7f0d6e.jpg,45.51,borderline,train
papular_acne_-56-_jpg.rf.ca355e1091924cb63fa16ef1debb590d.jpg,Papules,ACCEPTED,Unique representative. Quality: usable,papular_acne_-56-_jpg.rf.ca355e1091924cb63fa16ef1debb590d.jpg,118.05,usable,train
Papule11_JPG_jpg.rf.c3ab3f1dda85aa9850bf3b9a3598b06e.jpg,Papules,ACCEPTED,Unique representative. Quality: borderline,Papule11_JPG_jpg.rf.c3ab3f1dda85aa9850bf3b9a3598b06e.jpg,30.60,borderline,train
papular_acne_-13-_jpg.rf.17495e9c743f46dd3061918fff22b555.jpg,Papules,ACCEPTED,Unique representative. Quality: usable,papular_acne_-13-_jpg.rf.17495e9c743f46dd3061918fff22b555.jpg,94.06,usable,train
papular_acne_-92-_jpg.rf.66b2d6a5b1721b4cf78e17670274e639.jpg,Papules,ACCEPTED,Unique representative. Quality: usable,papular_acne_-92-_jpg.rf.66b2d6a5b1721b4cf78e17670274e639.jpg,60.02,usable,train
papular_acne_-56-_jpg.rf.f43bb07332d968cf516cbde30bf6e761.jpg,Papules,ACCEPTED,Unique representative. Quality: usable,papular_acne_-56-_jpg.rf.f43bb07332d968cf516cbde30bf6e761.jpg,105.40,usable,train
papular_acne_-42-_jpg.rf.471ab32ea680fc8c6821fb6fa1742d6a.jpg,Papules,ACCEPTED,Unique representative. Quality: usable,papular_acne_-42-_jpg.rf.471ab32ea680fc8c6821fb6fa1742d6a.jpg,112.70,usable,train
papular_acne_-48-_jpg.rf.ae3f474a7b2dc5125742f8a75cc70f6a.jpg,Papules,ACCEPTED,Unique representative. Quality: usable,papular_acne_-48-_jpg.rf.ae3f474a7b2dc5125742f8a75cc70f6a.jpg,74.45,usable,train
papular_acne_-38-_jpg.rf.aabaaf9e823c9a612a3d7eb33e5ef21c.jpg,Papules,ACCEPTED,Unique representative. Quality: usable,papular_acne_-38-_jpg.rf.aabaaf9e823c9a612a3d7eb33e5ef21c.jpg,76.46,usable,train
papular_acne_-90-_jpg.rf.ddc0bd822cb76204f7b17f5437d43c77.jpg,Papules,ACCEPTED,Unique representative. Quality: usable,papular_acne_-90-_jpg.rf.ddc0bd822cb76204f7b17f5437d43c77.jpg,70.78,usable,train
papular_acne_-42-_jpg.rf.8fdff408e200d68cf974701df524d554.jpg,Papules,ACCEPTED,Unique representative. Quality: borderline,papular_acne_-42-_jpg.rf.8fdff408e200d68cf974701df524d554.jpg,38.99,borderline,train
papular_acne_-106-_jpg.rf.a24898d08f84a8d38527e570248a7252.jpg,Papules,ACCEPTED,Unique representative. Quality: usable,papular_acne_-106-_jpg.rf.a24898d08f84a8d38527e570248a7252.jpg,88.61,usable,train
papular_acne_-8-_jpg.rf.c9e382b3145dfb3ad55239c61a8d678d.jpg,Papules,ACCEPTED,Unique representative. Quality: usable,papular_acne_-8-_jpg.rf.c9e382b3145dfb3ad55239c61a8d678d.jpg,79.91,usable,train
papular_acne_-68-_jpg.rf.9f25432e01c9fdc849875838b48a7331.jpg,Papules,ACCEPTED,Unique representative. Quality: usable,papular_acne_-68-_jpg.rf.9f25432e01c9fdc849875838b48a7331.jpg,114.29,usable,train
papular_acne_-37-_jpg.rf.4a7358f2c7f899bc162bfe4ac1fdfc3f.jpg,Papules,ACCEPTED,Unique representative. Quality: usable,papular_acne_-37-_jpg.rf.4a7358f2c7f899bc162bfe4ac1fdfc3f.jpg,88.92,usable,train
papular_acne_-56-_jpg.rf.7025b75d414afb9fbd79e674b9a3df0c.jpg,Papules,ACCEPTED,Unique representative. Quality: usable,papular_acne_-56-_jpg.rf.7025b75d414afb9fbd79e674b9a3df0c.jpg,101.40,usable,train
papular_acne_-100-_jpg.rf.e2a7b56abecc56cf1d720b4bcfc3b980.jpg,Papules,ACCEPTED,Unique representative. Quality: borderline,papular_acne_-100-_jpg.rf.e2a7b56abecc56cf1d720b4bcfc3b980.jpg,59.04,borderline,train
papular_acne_-37-_jpg.rf.7c867f28b4d0ae38311694946ab1e733.jpg,Papules,ACCEPTED,Unique representative. Quality: borderline,papular_acne_-37-_jpg.rf.7c867f28b4d0ae38311694946ab1e733.jpg,42.56,borderline,train
papular_acne_-38-_jpg.rf.b58923abf4980099b0478612d2afd53b.jpg,Papules,ACCEPTED,Unique representative. Quality: borderline,papular_acne_-38-_jpg.rf.b58923abf4980099b0478612d2afd53b.jpg,38.85,borderline,train
Papule11_JPG_jpg.rf.5b5ba153e148883eb59f429ae8e5efa9.jpg,Papules,ACCEPTED,Unique representative. Quality: borderline,Papule11_JPG_jpg.rf.5b5ba153e148883eb59f429ae8e5efa9.jpg,38.06,borderline,train
papular_acne_-106-_jpg.rf.cd995f918961e6cc3bc874ae8a277bbf.jpg,Papules,ACCEPTED,Unique representative. Quality: usable,papular_acne_-106-_jpg.rf.cd995f918961e6cc3bc874ae8a277bbf.jpg,61.71,usable,train
papular_acne_-13-_jpg.rf.e0ab00fb0ccb1f2279a144cd38397b4a.jpg,Papules,ACCEPTED,Unique representative. Quality: usable,papular_acne_-13-_jpg.rf.e0ab00fb0ccb1f2279a144cd38397b4a.jpg,118.30,usable,train
papular_acne_-106-_jpg.rf.2f114c8c268195af43e2661a848f671f.jpg,Papules,ACCEPTED,Unique representative. Quality: usable,papular_acne_-106-_jpg.rf.2f114c8c268195af43e2661a848f671f.jpg,82.01,usable,train
papular_acne_-56-_jpg.rf.f690d7bcedac644de9ed99c3ebc72c87.jpg,Papules,ACCEPTED,Unique representative. Quality: usable,papular_acne_-56-_jpg.rf.f690d7bcedac644de9ed99c3ebc72c87.jpg,84.14,usable,train
papular_acne_-8-_jpg.rf.85bcc8728a02ee74511aa6fa73fc3350.jpg,Papules,ACCEPTED,Unique representative. Quality: borderline,papular_acne_-8-_jpg.rf.85bcc8728a02ee74511aa6fa73fc3350.jpg,52.56,borderline,train
papular_acne_-48-_jpg.rf.c034fb393b26592358bcf9fac0ae3bf9.jpg,Papules,ACCEPTED,Unique representative. Quality: usable,papular_acne_-48-_jpg.rf.c034fb393b26592358bcf9fac0ae3bf9.jpg,64.73,usable,train
papular_acne_-13-_jpg.rf.9b6d208c2531d6ec9eebe59cfc631177.jpg,Papules,ACCEPTED,Unique representative. Quality: usable,papular_acne_-13-_jpg.rf.9b6d208c2531d6ec9eebe59cfc631177.jpg,79.35,usable,train
papular_acne_-65-_jpg.rf.36e372dbb64b34c2b07c25a3fa127769.jpg,Papules,ACCEPTED,Unique representative. Quality: usable,papular_acne_-65-_jpg.rf.36e372dbb64b34c2b07c25a3fa127769.jpg,86.05,usable,train
papular_acne_-91-_jpg.rf.c52a6d66f1d74834ea76550c1c731cc2.jpg,Papules,ACCEPTED,Unique representative. Quality: usable,papular_acne_-91-_jpg.rf.c52a6d66f1d74834ea76550c1c731cc2.jpg,61.43,usable,train
papular_acne_-8-_jpg.rf.fffb2ce86eab31ed01298cd0124910bb.jpg,Papules,ACCEPTED,Unique representative. Quality: usable,papular_acne_-8-_jpg.rf.fffb2ce86eab31ed01298cd0124910bb.jpg,71.94,usable,train
papular_acne_-89-_jpg.rf.6e64de947251aee54e2b9ea0db2cc443.jpg,Papules,ACCEPTED,Unique representative. Quality: usable,papular_acne_-89-_jpg.rf.6e64de947251aee54e2b9ea0db2cc443.jpg,71.17,usable,train
papular_acne_-27-_jpg.rf.52e23459379c36656ec15caf026219bb.jpg,Papules,ACCEPTED,Unique representative. Quality: usable,papular_acne_-27-_jpg.rf.52e23459379c36656ec15caf026219bb.jpg,95.65,usable,train
Papule2_JPG_jpg.rf.255748bea90a34117a664b1f4b80dc8b.jpg,Papules,ACCEPTED,Unique representative. Quality: usable,Papule2_JPG_jpg.rf.255748bea90a34117a664b1f4b80dc8b.jpg,97.05,usable,train
papular_acne_-14-_jpg.rf.1f9b7671b2c2490cc0041d51c4fc3cfb.jpg,Papules,ACCEPTED,Unique representative. Quality: usable,papular_acne_-14-_jpg.rf.1f9b7671b2c2490cc0041d51c4fc3cfb.jpg,63.56,usable,train
papular_acne_-97-_jpg.rf.c1360a0ce8b0d0ec2dd88c78755ff55d.jpg,Papules,ACCEPTED,Unique representative. Quality: usable,papular_acne_-97-_jpg.rf.c1360a0ce8b0d0ec2dd88c78755ff55d.jpg,109.59,usable,train
papular_acne_-56-_jpg.rf.512685f279085a76443d5b3d8ec05716.jpg,Papules,ACCEPTED,Unique representative. Quality: usable,papular_acne_-56-_jpg.rf.512685f279085a76443d5b3d8ec05716.jpg,91.65,usable,train
papular_acne_-91-_jpg.rf.135ff44022bccaa04769f1d71c72b861.jpg,Papules,ACCEPTED,Unique representative. Quality: usable,papular_acne_-91-_jpg.rf.135ff44022bccaa04769f1d71c72b861.jpg,79.65,usable,train
papular_acne_-90-_jpg.rf.b190135eed655adb199fac8b55f2cd44.jpg,Papules,ACCEPTED,Unique representative. Quality: borderline,papular_acne_-90-_jpg.rf.b190135eed655adb199fac8b55f2cd44.jpg,39.48,borderline,train
papular_acne_-55-_jpg.rf.38ea521a8110afdee8ad4a20fb760045.jpg,Papules,ACCEPTED,Unique representative. Quality: usable,papular_acne_-55-_jpg.rf.38ea521a8110afdee8ad4a20fb760045.jpg,91.19,usable,train
papular_acne_-50-_jpg.rf.fe5cc5bd22b66966c0230a3120b4b774.jpg,Papules,ACCEPTED,Unique representative. Quality: usable,papular_acne_-50-_jpg.rf.fe5cc5bd22b66966c0230a3120b4b774.jpg,98.30,usable,train
papular_acne_-92-_jpg.rf.eaa5693a2db3fd32e83360cd160003ce.jpg,Papules,ACCEPTED,Unique representative. Quality: borderline,papular_acne_-92-_jpg.rf.eaa5693a2db3fd32e83360cd160003ce.jpg,46.33,borderline,train
papular_acne_-3-_jpg.rf.c5cd973d485a1bc369f77c876c499369.jpg,Papules,ACCEPTED,Unique representative. Quality: usable,papular_acne_-3-_jpg.rf.c5cd973d485a1bc369f77c876c499369.jpg,102.90,usable,train
papular_acne_-38-_jpg.rf.40bee0f8efc7dd48ec6640f3794ce42a.jpg,Papules,ACCEPTED,Unique representative. Quality: borderline,papular_acne_-38-_jpg.rf.40bee0f8efc7dd48ec6640f3794ce42a.jpg,36.06,borderline,train
papular_acne_-8-_jpg.rf.4285e1cd05cb17a807585ad136590e3a.jpg,Papules,ACCEPTED,Unique representative. Quality: usable,papular_acne_-8-_jpg.rf.4285e1cd05cb17a807585ad136590e3a.jpg,62.62,usable,train
papular_acne_-42-_jpg.rf.0c91a248a32df44394f2cff9c59ef060.jpg,Papules,ACCEPTED,Unique representative. Quality: borderline,papular_acne_-42-_jpg.rf.0c91a248a32df44394f2cff9c59ef060.jpg,55.53,borderline,train
papular_acne_-91-_jpg.rf.39141eb5d04c9b20604aa68bad9aba62.jpg,Papules,ACCEPTED,Unique representative. Quality: usable,papular_acne_-91-_jpg.rf.39141eb5d04c9b20604aa68bad9aba62.jpg,109.98,usable,train
papular_acne_-97-_jpg.rf.76e4b6dd442deb1a2fb4aa39812e59a7.jpg,Papules,ACCEPTED,Unique representative. Quality: usable,papular_acne_-97-_jpg.rf.76e4b6dd442deb1a2fb4aa39812e59a7.jpg,68.46,usable,train
papular_acne_-37-_jpg.rf.bab6ed52d7e8d7c17fe34101463922e5.jpg,Papules,ACCEPTED,Unique representative. Quality: usable,papular_acne_-37-_jpg.rf.bab6ed52d7e8d7c17fe34101463922e5.jpg,103.45,usable,train
papular_acne_-48-_jpg.rf.44f17ca5755a56771d2689b6221b44ef.jpg,Papules,ACCEPTED,Unique representative. Quality: usable,papular_acne_-48-_jpg.rf.44f17ca5755a56771d2689b6221b44ef.jpg,67.30,usable,train
papular_acne_-27-_jpg.rf.92031bc8a2d18e564711accb3f96cc47.jpg,Papules,ACCEPTED,Unique representative. Quality: usable,papular_acne_-27-_jpg.rf.92031bc8a2d18e564711accb3f96cc47.jpg,64.40,usable,train
papular_acne_-27-_jpg.rf.2a7d0e7ebd9217fc94492f0f51d62ef7.jpg,Papules,ACCEPTED,Unique representative. Quality: borderline,papular_acne_-27-_jpg.rf.2a7d0e7ebd9217fc94492f0f51d62ef7.jpg,57.80,borderline,train
papular_acne_-42-_jpg.rf.8546c3a46e9e6f2a7692d3b2a42c8b45.jpg,Papules,ACCEPTED,Unique representative. Quality: usable,papular_acne_-42-_jpg.rf.8546c3a46e9e6f2a7692d3b2a42c8b45.jpg,79.20,usable,train
papular_acne_-13-_jpg.rf.88c2d9f0e583a64cfeb0113dd7408413.jpg,Papules,ACCEPTED,Unique representative. Quality: usable,papular_acne_-13-_jpg.rf.88c2d9f0e583a64cfeb0113dd7408413.jpg,88.90,usable,train
papular_acne_-89-_jpg.rf.2df0bca2aeb6dfff673af5ea9ec45b93.jpg,Papules,ACCEPTED,Unique representative. Quality: usable,papular_acne_-89-_jpg.rf.2df0bca2aeb6dfff673af5ea9ec45b93.jpg,98.64,usable,train
papular_acne_-14-_jpg.rf.c3022e610e3cdbb1d282db8c278c13d6.jpg,Papules,ACCEPTED,Unique representative. Quality: usable,papular_acne_-14-_jpg.rf.c3022e610e3cdbb1d282db8c278c13d6.jpg,96.79,usable,train
papular_acne_-106-_jpg.rf.ffca32929ee6f8710fa31acd8f9326bb.jpg,Papules,ACCEPTED,Unique representative. Quality: usable,papular_acne_-106-_jpg.rf.ffca32929ee6f8710fa31acd8f9326bb.jpg,68.29,usable,train
papular_acne_-68-_jpg.rf.dee9159d381739d4b83e8129ab9f01da.jpg,Papules,ACCEPTED,Unique representative. Quality: borderline,papular_acne_-68-_jpg.rf.dee9159d381739d4b83e8129ab9f01da.jpg,59.58,borderline,train
papular_acne_-56-_jpg.rf.82c4c0e52fd758878e93acf6b05532d3.jpg,Papules,ACCEPTED,Unique representative. Quality: usable,papular_acne_-56-_jpg.rf.82c4c0e52fd758878e93acf6b05532d3.jpg,83.60,usable,train
papular_acne_-27-_jpg.rf.1dc0e0dc35f37ebdf1d7133d507713f3.jpg,Papules,ACCEPTED,Unique representative. Quality: usable,papular_acne_-27-_jpg.rf.1dc0e0dc35f37ebdf1d7133d507713f3.jpg,91.32,usable,train
papular_acne_-3-_jpg.rf.eb8c5200eae92959368ed78d4bd3b187.jpg,Papules,ACCEPTED,Unique representative. Quality: usable,papular_acne_-3-_jpg.rf.eb8c5200eae92959368ed78d4bd3b187.jpg,65.06,usable,train
Papule14_JPG_jpg.rf.338d7f291e48f24b40a304d6c09c4476.jpg,Papules,ACCEPTED,Unique representative. Quality: borderline,Papule14_JPG_jpg.rf.338d7f291e48f24b40a304d6c09c4476.jpg,35.47,borderline,train
papular_acne_-27-_jpg.rf.4da28c0d664f4f95c6547b8f126283a6.jpg,Papules,ACCEPTED,Unique representative. Quality: usable,papular_acne_-27-_jpg.rf.4da28c0d664f4f95c6547b8f126283a6.jpg,60.70,usable,train
papular_acne_-97-_jpg.rf.c38d91b10e65b135407db599fea338ab.jpg,Papules,ACCEPTED,Unique representative. Quality: usable,papular_acne_-97-_jpg.rf.c38d91b10e65b135407db599fea338ab.jpg,87.35,usable,train
papular_acne_-14-_jpg.rf.dfc5a76a1781bf941de981f4d3ec2e7d.jpg,Papules,ACCEPTED,Unique representative. Quality: usable,papular_acne_-14-_jpg.rf.dfc5a76a1781bf941de981f4d3ec2e7d.jpg,60.71,usable,train
papular_acne_-48-_jpg.rf.8bedeffe6cf600ae0917626b9abba3e6.jpg,Papules,ACCEPTED,Unique representative. Quality: borderline,papular_acne_-48-_jpg.rf.8bedeffe6cf600ae0917626b9abba3e6.jpg,50.63,borderline,train
papular_acne_-77-_jpg.rf.2a3616937b10560545d4b8e6a8c89275.jpg,Papules,ACCEPTED,Unique representative. Quality: usable,papular_acne_-77-_jpg.rf.2a3616937b10560545d4b8e6a8c89275.jpg,72.24,usable,train
papular_acne_-92-_jpg.rf.31dfcbc702987ae43aa4465242716673.jpg,Papules,ACCEPTED,Unique representative. Quality: usable,papular_acne_-92-_jpg.rf.31dfcbc702987ae43aa4465242716673.jpg,90.50,usable,train
papular_acne_-65-_jpg.rf.6d0209c0f9946aaf90e5bdd0f2521fd9.jpg,Papules,ACCEPTED,Unique representative. Quality: usable,papular_acne_-65-_jpg.rf.6d0209c0f9946aaf90e5bdd0f2521fd9.jpg,66.51,usable,train
papular_acne_-106-_jpg.rf.f791dbf9d568de0ea14683ed5753e5df.jpg,Papules,ACCEPTED,Unique representative. Quality: usable,papular_acne_-106-_jpg.rf.f791dbf9d568de0ea14683ed5753e5df.jpg,63.25,usable,train
papular_acne_-92-_jpg.rf.b2e95a55bfb8f2b67193dedb22b8c63e.jpg,Papules,ACCEPTED,Unique representative. Quality: usable,papular_acne_-92-_jpg.rf.b2e95a55bfb8f2b67193dedb22b8c63e.jpg,91.07,usable,train
papular_acne_-90-_jpg.rf.cc94fa6c101a1ac82624fb073038c1ff.jpg,Papules,ACCEPTED,Unique representative. Quality: usable,papular_acne_-90-_jpg.rf.cc94fa6c101a1ac82624fb073038c1ff.jpg,94.18,usable,train
papular_acne_-48-_jpg.rf.0011c8e14401622028656ecd62ebe430.jpg,Papules,ACCEPTED,Unique representative. Quality: usable,papular_acne_-48-_jpg.rf.0011c8e14401622028656ecd62ebe430.jpg,75.02,usable,train
papular_acne_-27-_jpg.rf.4f4b7f642e75eb9a78a72bd119974031.jpg,Papules,ACCEPTED,Unique representative. Quality: usable,papular_acne_-27-_jpg.rf.4f4b7f642e75eb9a78a72bd119974031.jpg,78.15,usable,train
Papule18_JPG_jpg.rf.28e3a409a48a280cf43274f564bb8380.jpg,Papules,ACCEPTED,Unique representative. Quality: borderline,Papule18_JPG_jpg.rf.28e3a409a48a280cf43274f564bb8380.jpg,46.50,borderline,train
papular_acne_-8-_jpg.rf.d1262d196caf5f4f762e6122b217676f.jpg,Papules,ACCEPTED,Unique representative. Quality: borderline,papular_acne_-8-_jpg.rf.d1262d196caf5f4f762e6122b217676f.jpg,48.96,borderline,train
papular_acne_-56-_jpg.rf.49ed4e9aead9c922eb47f51a9b482ac4.jpg,Papules,ACCEPTED,Unique representative. Quality: usable,papular_acne_-56-_jpg.rf.49ed4e9aead9c922eb47f51a9b482ac4.jpg,66.97,usable,train
papular_acne_-56-_jpg.rf.825041625f70f91372147d677e783d27.jpg,Papules,ACCEPTED,Unique representative. Quality: usable,papular_acne_-56-_jpg.rf.825041625f70f91372147d677e783d27.jpg,101.66,usable,train
papular_acne_-77-_jpg.rf.e8f858757f57b5ae6e5d3825f12eec6b.jpg,Papules,ACCEPTED,Unique representative. Quality: borderline,papular_acne_-77-_jpg.rf.e8f858757f57b5ae6e5d3825f12eec6b.jpg,58.64,borderline,train
papular_acne_-68-_jpg.rf.29a8c03064648e7d2355dbc8ed2e5d37.jpg,Papules,ACCEPTED,Unique representative. Quality: usable,papular_acne_-68-_jpg.rf.29a8c03064648e7d2355dbc8ed2e5d37.jpg,125.41,usable,train
papular_acne_-100-_jpg.rf.94bb4a0e303423306dfb428a5abccfe0.jpg,Papules,ACCEPTED,Unique representative. Quality: borderline,papular_acne_-100-_jpg.rf.94bb4a0e303423306dfb428a5abccfe0.jpg,49.96,borderline,train
papular_acne_-42-_jpg.rf.816226973caad7c91adc430f6eb812a5.jpg,Papules,ACCEPTED,Unique representative. Quality: usable,papular_acne_-42-_jpg.rf.816226973caad7c91adc430f6eb812a5.jpg,93.17,usable,train
Papule13_JPG_jpg.rf.3c00f664a6ecb0e522872e6dee61c53a.jpg,Papules,ACCEPTED,Unique representative. Quality: borderline,Papule13_JPG_jpg.rf.3c00f664a6ecb0e522872e6dee61c53a.jpg,50.27,borderline,train
papular_acne_-50-_jpg.rf.ef7f8c38fbf692b646d0459c1f1bcf26.jpg,Papules,ACCEPTED,Unique representative. Quality: usable,papular_acne_-50-_jpg.rf.ef7f8c38fbf692b646d0459c1f1bcf26.jpg,109.81,usable,train
Papule4_JPG_jpg.rf.25bb99b0e61f8c1d75127b1d3213c652.jpg,Papules,ACCEPTED,Unique representative. Quality: usable,Papule4_JPG_jpg.rf.25bb99b0e61f8c1d75127b1d3213c652.jpg,133.13,usable,train
papular_acne_-14-_jpg.rf.e46d9b844ca5c8ad8a9e7aeb2c3b5f76.jpg,Papules,ACCEPTED,Unique representative. Quality: borderline,papular_acne_-14-_jpg.rf.e46d9b844ca5c8ad8a9e7aeb2c3b5f76.jpg,48.28,borderline,train
papular_acne_-8-_jpg.rf.36c96a0c54156f3c2133fe1091d427c7.jpg,Papules,ACCEPTED,Unique representative. Quality: usable,papular_acne_-8-_jpg.rf.36c96a0c54156f3c2133fe1091d427c7.jpg,83.94,usable,train
papular_acne_-65-_jpg.rf.c52579979334b0b99704795a8dcaab2d.jpg,Papules,ACCEPTED,Unique representative. Quality: usable,papular_acne_-65-_jpg.rf.c52579979334b0b99704795a8dcaab2d.jpg,66.40,usable,train
papular_acne_-50-_jpg.rf.48db084ced418eb910f07e06af65d0d8.jpg,Papules,ACCEPTED,Unique representative. Quality: high_quality,papular_acne_-50-_jpg.rf.48db084ced418eb910f07e06af65d0d8.jpg,159.67,high_quality,train
papular_acne_-106-_jpg.rf.0debff9e4e320133e3e6eb45edeeb99b.jpg,Papules,ACCEPTED,Unique representative. Quality: usable,papular_acne_-106-_jpg.rf.0debff9e4e320133e3e6eb45edeeb99b.jpg,71.84,usable,train
papular_acne_-8-_jpg.rf.d78c504ba374436e4365c3b9fbde533c.jpg,Papules,ACCEPTED,Unique representative. Quality: usable,papular_acne_-8-_jpg.rf.d78c504ba374436e4365c3b9fbde533c.jpg,65.46,usable,train
papular_acne_-50-_jpg.rf.4b338d577e8f05f6e5e24c9b2ae1471d.jpg,Papules,ACCEPTED,Unique representative. Quality: usable,papular_acne_-50-_jpg.rf.4b338d577e8f05f6e5e24c9b2ae1471d.jpg,108.58,usable,train
Papule_JPG_jpg.rf.723c20a92725fac33c13325f59a2adfc.jpg,Papules,ACCEPTED,Unique representative. Quality: usable,Papule_JPG_jpg.rf.723c20a92725fac33c13325f59a2adfc.jpg,101.41,usable,train
papular_acne_-68-_jpg.rf.7b16a28358945416b144608c759add75.jpg,Papules,ACCEPTED,Unique representative. Quality: usable,papular_acne_-68-_jpg.rf.7b16a28358945416b144608c759add75.jpg,99.57,usable,train
papular_acne_-38-_jpg.rf.08cf6b33ebc32dfa594c20111bad474f.jpg,Papules,ACCEPTED,Unique representative. Quality: borderline,papular_acne_-38-_jpg.rf.08cf6b33ebc32dfa594c20111bad474f.jpg,33.28,borderline,train
papular_acne_-17-_jpg.rf.d3529cc482fca0eaa4298d6c901a744d.jpg,Papules,ACCEPTED,Unique representative. Quality: high_quality,papular_acne_-17-_jpg.rf.d3529cc482fca0eaa4298d6c901a744d.jpg,192.81,high_quality,train
papular_acne_-100-_jpg.rf.d372246f89108e5d03050c449227c335.jpg,Papules,ACCEPTED,Unique representative. Quality: usable,papular_acne_-100-_jpg.rf.d372246f89108e5d03050c449227c335.jpg,69.20,usable,train
Papule2_JPG_jpg.rf.337589eb6828ea9b43b915198cb8ad11.jpg,Papules,ACCEPTED,Unique representative. Quality: borderline,Papule2_JPG_jpg.rf.337589eb6828ea9b43b915198cb8ad11.jpg,50.17,borderline,train
papular_acne_-37-_jpg.rf.b065b0899f64d3d9b19789922ee458d6.jpg,Papules,ACCEPTED,Unique representative. Quality: usable,papular_acne_-37-_jpg.rf.b065b0899f64d3d9b19789922ee458d6.jpg,88.37,usable,train
papular_acne_-68-_jpg.rf.eaecc79d85e0c9ac66ccf8ecd2fab96d.jpg,Papules,ACCEPTED,Unique representative. Quality: usable,papular_acne_-68-_jpg.rf.eaecc79d85e0c9ac66ccf8ecd2fab96d.jpg,62.86,usable,train
papular_acne_-14-_jpg.rf.ec3f28ecf87630a7021a2346f8a1f8f7.jpg,Papules,ACCEPTED,Unique representative. Quality: usable,papular_acne_-14-_jpg.rf.ec3f28ecf87630a7021a2346f8a1f8f7.jpg,71.53,usable,train
papular_acne_-27-_jpg.rf.55a9454e30480de645f240feb530d7bf.jpg,Papules,ACCEPTED,Unique representative. Quality: borderline,papular_acne_-27-_jpg.rf.55a9454e30480de645f240feb530d7bf.jpg,47.22,borderline,train
papular_acne_-48-_jpg.rf.bcb486ba81b5f710deef3b07865f457a.jpg,Papules,ACCEPTED,Unique representative. Quality: usable,papular_acne_-48-_jpg.rf.bcb486ba81b5f710deef3b07865f457a.jpg,75.28,usable,train
papular_acne_-97-_jpg.rf.0450d9aaf4f36cb3b609745a8a70c13d.jpg,Papules,ACCEPTED,Unique representative. Quality: usable,papular_acne_-97-_jpg.rf.0450d9aaf4f36cb3b609745a8a70c13d.jpg,77.11,usable,train
Papule14_JPG_jpg.rf.f7a1c6a561bd62da831cdf79073fff6d.jpg,Papules,ACCEPTED,Unique representative. Quality: borderline,Papule14_JPG_jpg.rf.f7a1c6a561bd62da831cdf79073fff6d.jpg,31.26,borderline,train
papular_acne_-97-_jpg.rf.895594701436be4ebf1774045fffbe15.jpg,Papules,ACCEPTED,Unique representative. Quality: usable,papular_acne_-97-_jpg.rf.895594701436be4ebf1774045fffbe15.jpg,97.61,usable,train
papular_acne_-17-_jpg.rf.f8e8bec31e6f467b460db155e7fb675c.jpg,Papules,ACCEPTED,Unique representative. Quality: usable,papular_acne_-17-_jpg.rf.f8e8bec31e6f467b460db155e7fb675c.jpg,62.55,usable,train
Papule16_JPG_jpg.rf.e0b5b3424a49cdb1e859e6d63b277897.jpg,Papules,ACCEPTED,Unique representative. Quality: borderline,Papule16_JPG_jpg.rf.e0b5b3424a49cdb1e859e6d63b277897.jpg,59.15,borderline,train
papular_acne_-42-_jpg.rf.36f7e3cc1278fc26bac2f7a01e2d55f9.jpg,Papules,ACCEPTED,Unique representative. Quality: usable,papular_acne_-42-_jpg.rf.36f7e3cc1278fc26bac2f7a01e2d55f9.jpg,79.55,usable,train
papular_acne_-8-_jpg.rf.234db164eacecb495eed002dd75b8fd0.jpg,Papules,ACCEPTED,Unique representative. Quality: borderline,papular_acne_-8-_jpg.rf.234db164eacecb495eed002dd75b8fd0.jpg,39.38,borderline,train
papular_acne_-8-_jpg.rf.33db323aaaf051080e49c276ecd35d08.jpg,Papules,ACCEPTED,Unique representative. Quality: usable,papular_acne_-8-_jpg.rf.33db323aaaf051080e49c276ecd35d08.jpg,69.21,usable,train
papular_acne_-13-_jpg.rf.3d82fecc456efc599e5245412f53da87.jpg,Papules,ACCEPTED,Unique representative. Quality: usable,papular_acne_-13-_jpg.rf.3d82fecc456efc599e5245412f53da87.jpg,75.28,usable,train
papular_acne_-97-_jpg.rf.46f51122bdfb4be8c1877f98d9b6dbf9.jpg,Papules,ACCEPTED,Unique representative. Quality: borderline,papular_acne_-97-_jpg.rf.46f51122bdfb4be8c1877f98d9b6dbf9.jpg,35.79,borderline,train
papular_acne_-50-_jpg.rf.038716886fc38b0227a751426c7c0748.jpg,Papules,ACCEPTED,Unique representative. Quality: usable,papular_acne_-50-_jpg.rf.038716886fc38b0227a751426c7c0748.jpg,109.10,usable,train
papular_acne_-91-_jpg.rf.5d38f697edf1e192f1fd8bd2a68b8cf7.jpg,Papules,ACCEPTED,Unique representative. Quality: usable,papular_acne_-91-_jpg.rf.5d38f697edf1e192f1fd8bd2a68b8cf7.jpg,71.41,usable,train
papular_acne_-48-_jpg.rf.208fdc9565900b684a9c485a78a4745e.jpg,Papules,ACCEPTED,Unique representative. Quality: borderline,papular_acne_-48-_jpg.rf.208fdc9565900b684a9c485a78a4745e.jpg,35.27,borderline,train
papular_acne_-92-_jpg.rf.65acd9510d704b950f25176f93ac7262.jpg,Papules,ACCEPTED,Unique representative. Quality: usable,papular_acne_-92-_jpg.rf.65acd9510d704b950f25176f93ac7262.jpg,92.73,usable,train
papular_acne_-55-_jpg.rf.eed27be9f289d175314153a551d27da9.jpg,Papules,ACCEPTED,Unique representative. Quality: usable,papular_acne_-55-_jpg.rf.eed27be9f289d175314153a551d27da9.jpg,114.24,usable,train
papular_acne_-106-_jpg.rf.8ead0559d185d8d126cb8e08f82b3449.jpg,Papules,ACCEPTED,Unique representative. Quality: usable,papular_acne_-106-_jpg.rf.8ead0559d185d8d126cb8e08f82b3449.jpg,82.32,usable,train
Papule7_JPG_jpg.rf.3dd7922bcf3aa3d369d6ce4aa5c01cf1.jpg,Papules,ACCEPTED,Unique representative. Quality: usable,Papule7_JPG_jpg.rf.3dd7922bcf3aa3d369d6ce4aa5c01cf1.jpg,63.35,usable,train
papular_acne_-27-_jpg.rf.af068b3ee11d3b83a50e8423c7a3ce71.jpg,Papules,ACCEPTED,Unique representative. Quality: usable,papular_acne_-27-_jpg.rf.af068b3ee11d3b83a50e8423c7a3ce71.jpg,67.36,usable,train
papular_acne_-56-_jpg.rf.e225b3e92e6eeaab0d139e3f4159fa54.jpg,Papules,ACCEPTED,Unique representative. Quality: usable,papular_acne_-56-_jpg.rf.e225b3e92e6eeaab0d139e3f4159fa54.jpg,67.79,usable,train
papular_acne_-100-_jpg.rf.57c7dc43c531df3685addaa4a57d0740.jpg,Papules,ACCEPTED,Unique representative. Quality: borderline,papular_acne_-100-_jpg.rf.57c7dc43c531df3685addaa4a57d0740.jpg,58.12,borderline,train
papular_acne_-55-_jpg.rf.a7cffad1086efbfe9ffb618a436b438a.jpg,Papules,ACCEPTED,Unique representative. Quality: usable,papular_acne_-55-_jpg.rf.a7cffad1086efbfe9ffb618a436b438a.jpg,147.15,usable,train
papular_acne_-14-_jpg.rf.b974b844a94731a3bc5fc9e7108f1df0.jpg,Papules,ACCEPTED,Unique representative. Quality: usable,papular_acne_-14-_jpg.rf.b974b844a94731a3bc5fc9e7108f1df0.jpg,100.64,usable,train
papular_acne_-3-_jpg.rf.ff10b1cafacb5c955315b97039714f31.jpg,Papules,ACCEPTED,Unique representative. Quality: borderline,papular_acne_-3-_jpg.rf.ff10b1cafacb5c955315b97039714f31.jpg,53.94,borderline,train
papular_acne_-68-_jpg.rf.76b97c2f8d59c08191fa3bf2ad721e44.jpg,Papules,ACCEPTED,Unique representative. Quality: usable,papular_acne_-68-_jpg.rf.76b97c2f8d59c08191fa3bf2ad721e44.jpg,104.28,usable,train
papular_acne_-92-_jpg.rf.80624415eb258f2f5a5931be4ffc3302.jpg,Papules,ACCEPTED,Unique representative. Quality: usable,papular_acne_-92-_jpg.rf.80624415eb258f2f5a5931be4ffc3302.jpg,110.58,usable,train
papular_acne_-42-_jpg.rf.2866752cd3f162ead994466c4f4e381b.jpg,Papules,ACCEPTED,Unique representative. Quality: usable,papular_acne_-42-_jpg.rf.2866752cd3f162ead994466c4f4e381b.jpg,61.94,usable,train
papular_acne_-90-_jpg.rf.edcf4fce098866dab9a89ff3cb13e6ef.jpg,Papules,ACCEPTED,Unique representative. Quality: usable,papular_acne_-90-_jpg.rf.edcf4fce098866dab9a89ff3cb13e6ef.jpg,76.98,usable,train
papular_acne_-37-_jpg.rf.3f197d7f0a6c3270cfb05c9d7cad7d15.jpg,Papules,ACCEPTED,Unique representative. Quality: usable,papular_acne_-37-_jpg.rf.3f197d7f0a6c3270cfb05c9d7cad7d15.jpg,82.64,usable,train
papular_acne_-100-_jpg.rf.a5fa2aed33e1a3aebf3c0f612ff643df.jpg,Papules,ACCEPTED,Unique representative. Quality: usable,papular_acne_-100-_jpg.rf.a5fa2aed33e1a3aebf3c0f612ff643df.jpg,70.04,usable,train
papular_acne_-27-_jpg.rf.8289a9272394795abefbf9122cd033c0.jpg,Papules,ACCEPTED,Unique representative. Quality: usable,papular_acne_-27-_jpg.rf.8289a9272394795abefbf9122cd033c0.jpg,86.44,usable,train
papular_acne_-38-_jpg.rf.69d2be514d77c65a725ab2b6e1e086b6.jpg,Papules,ACCEPTED,Unique representative. Quality: usable,papular_acne_-38-_jpg.rf.69d2be514d77c65a725ab2b6e1e086b6.jpg,80.08,usable,train
papular_acne_-48-_jpg.rf.e79b1ceca452670d5ce937f5b30000ce.jpg,Papules,ACCEPTED,Unique representative. Quality: borderline,papular_acne_-48-_jpg.rf.e79b1ceca452670d5ce937f5b30000ce.jpg,33.39,borderline,train
papular_acne_-38-_jpg.rf.71ba37492965ebc7ff8f2383338a2fb3.jpg,Papules,ACCEPTED,Unique representative. Quality: borderline,papular_acne_-38-_jpg.rf.71ba37492965ebc7ff8f2383338a2fb3.jpg,50.26,borderline,train
papular_acne_-14-_jpg.rf.ab97ae43fd58b76f62cd58166ed17382.jpg,Papules,ACCEPTED,Unique representative. Quality: usable,papular_acne_-14-_jpg.rf.ab97ae43fd58b76f62cd58166ed17382.jpg,69.45,usable,train
papular_acne_-8-_jpg.rf.81d8621cbdc6dcb4c4862f9eba661e67.jpg,Papules,ACCEPTED,Unique representative. Quality: usable,papular_acne_-8-_jpg.rf.81d8621cbdc6dcb4c4862f9eba661e67.jpg,89.86,usable,train
papular_acne_-55-_jpg.rf.b147d2546cb963c8797dd565ede228d5.jpg,Papules,ACCEPTED,Unique representative. Quality: borderline,papular_acne_-55-_jpg.rf.b147d2546cb963c8797dd565ede228d5.jpg,56.73,borderline,train
papular_acne_-77-_jpg.rf.6461dd36822a2ea5b2174f431f23aecc.jpg,Papules,ACCEPTED,Unique representative. Quality: usable,papular_acne_-77-_jpg.rf.6461dd36822a2ea5b2174f431f23aecc.jpg,91.11,usable,train
papular_acne_-68-_jpg.rf.ab3512c4702644cdad348fd8cdbdecb4.jpg,Papules,ACCEPTED,Unique representative. Quality: usable,papular_acne_-68-_jpg.rf.ab3512c4702644cdad348fd8cdbdecb4.jpg,91.08,usable,train
papular_acne_-3-_jpg.rf.1c36ca03ce23d1dc29d14563f1f08b99.jpg,Papules,ACCEPTED,Unique representative. Quality: borderline,papular_acne_-3-_jpg.rf.1c36ca03ce23d1dc29d14563f1f08b99.jpg,41.26,borderline,train
papular_acne_-91-_jpg.rf.3dc13d55df302243e2ab814bfc822094.jpg,Papules,ACCEPTED,Unique representative. Quality: usable,papular_acne_-91-_jpg.rf.3dc13d55df302243e2ab814bfc822094.jpg,97.24,usable,train
papular_acne_-106-_jpg.rf.2169db082507629daeb360dd3e10642b.jpg,Papules,ACCEPTED,Unique representative. Quality: usable,papular_acne_-106-_jpg.rf.2169db082507629daeb360dd3e10642b.jpg,106.88,usable,train
papular_acne_-14-_jpg.rf.a1fb77ff0b6a42fa9fa531d6264de070.jpg,Papules,ACCEPTED,Unique representative. Quality: usable,papular_acne_-14-_jpg.rf.a1fb77ff0b6a42fa9fa531d6264de070.jpg,102.38,usable,train
Papule16_JPG_jpg.rf.35a031e29471ac4af7386683f6b16d34.jpg,Papules,ACCEPTED,Unique representative. Quality: borderline,Papule16_JPG_jpg.rf.35a031e29471ac4af7386683f6b16d34.jpg,53.24,borderline,valid
papular_acne_-38-_jpg.rf.f072078ee264af8f43b7a9fb3ca8fdde.jpg,Papules,ACCEPTED,Unique representative. Quality: usable,papular_acne_-38-_jpg.rf.f072078ee264af8f43b7a9fb3ca8fdde.jpg,82.92,usable,valid
papular_acne_-90-_jpg.rf.ad0814d01090b3560bd229f98a3a9cd4.jpg,Papules,ACCEPTED,Unique representative. Quality: borderline,papular_acne_-90-_jpg.rf.ad0814d01090b3560bd229f98a3a9cd4.jpg,53.00,borderline,valid
papular_acne_-42-_jpg.rf.c20398eaa7f55d8b49efc0aa0faace9a.jpg,Papules,ACCEPTED,Unique representative. Quality: usable,papular_acne_-42-_jpg.rf.c20398eaa7f55d8b49efc0aa0faace9a.jpg,117.18,usable,valid
papular_acne_-55-_jpg.rf.d415a403a3f1fb3844e898560a918b5d.jpg,Papules,ACCEPTED,Unique representative. Quality: usable,papular_acne_-55-_jpg.rf.d415a403a3f1fb3844e898560a918b5d.jpg,94.48,usable,valid
papular_acne_-17-_jpg.rf.16c98885d02c45b3405bdd0d68d47c88.jpg,Papules,ACCEPTED,Unique representative. Quality: usable,papular_acne_-17-_jpg.rf.16c98885d02c45b3405bdd0d68d47c88.jpg,116.35,usable,valid
papular_acne_-8-_jpg.rf.05f6b2889f9600201ecedbf8865a036d.jpg,Papules,ACCEPTED,Unique representative. Quality: usable,papular_acne_-8-_jpg.rf.05f6b2889f9600201ecedbf8865a036d.jpg,92.63,usable,valid
papular_acne_-17-_jpg.rf.9046b3973c078c9a83d446eadb9f570f.jpg,Papules,ACCEPTED,Unique representative. Quality: borderline,papular_acne_-17-_jpg.rf.9046b3973c078c9a83d446eadb9f570f.jpg,52.64,borderline,valid
papular_acne_-8-_jpg.rf.cbdb0c76e03f3e0585b72a7849eddac9.jpg,Papules,ACCEPTED,Unique representative. Quality: borderline,papular_acne_-8-_jpg.rf.cbdb0c76e03f3e0585b72a7849eddac9.jpg,56.22,borderline,valid
papular_acne_-13-_jpg.rf.ec5e86cd9b909b7765db73f3be4b2265.jpg,Papules,ACCEPTED,Unique representative. Quality: borderline,papular_acne_-13-_jpg.rf.ec5e86cd9b909b7765db73f3be4b2265.jpg,45.87,borderline,valid
Papule12_JPG_jpg.rf.a95471d934a52cd19dd39d153fac2a38.jpg,Papules,ACCEPTED,Unique representative. Quality: borderline,Papule12_JPG_jpg.rf.a95471d934a52cd19dd39d153fac2a38.jpg,45.36,borderline,valid
papular_acne_-65-_jpg.rf.8823e3577564879ca13dc66da6fde436.jpg,Papules,ACCEPTED,Unique representative. Quality: usable,papular_acne_-65-_jpg.rf.8823e3577564879ca13dc66da6fde436.jpg,90.93,usable,valid
papular_acne_-50-_jpg.rf.dfaf08f5a13437481054a49ffe1dac4e.jpg,Papules,ACCEPTED,Unique representative. Quality: usable,papular_acne_-50-_jpg.rf.dfaf08f5a13437481054a49ffe1dac4e.jpg,71.66,usable,valid
papular_acne_-50-_jpg.rf.4bffc441e79cba6d145cc7af1880b860.jpg,Papules,ACCEPTED,Unique representative. Quality: usable,papular_acne_-50-_jpg.rf.4bffc441e79cba6d145cc7af1880b860.jpg,73.84,usable,valid
papular_acne_-56-_jpg.rf.413c78e09fc42bc67fd04d9f2ad154a7.jpg,Papules,ACCEPTED,Unique representative. Quality: usable,papular_acne_-56-_jpg.rf.413c78e09fc42bc67fd04d9f2ad154a7.jpg,61.35,usable,valid
papular_acne_-3-_jpg.rf.a0656a0c48a2c8bed4ccabfc7ce7a832.jpg,Papules,ACCEPTED,Unique representative. Quality: usable,papular_acne_-3-_jpg.rf.a0656a0c48a2c8bed4ccabfc7ce7a832.jpg,75.72,usable,valid
papular_acne_-17-_jpg.rf.ceab5604db001f9ba3cddebc2cc7702d.jpg,Papules,ACCEPTED,Unique representative. Quality: usable,papular_acne_-17-_jpg.rf.ceab5604db001f9ba3cddebc2cc7702d.jpg,61.37,usable,valid
papular_acne_-90-_jpg.rf.000c5738d270b6277d92d0c189f4adde.jpg,Papules,ACCEPTED,Unique representative. Quality: borderline,papular_acne_-90-_jpg.rf.000c5738d270b6277d92d0c189f4adde.jpg,58.21,borderline,valid
papular_acne_-42-_jpg.rf.03d18bed2de372705bca95ac87b80d24.jpg,Papules,ACCEPTED,Unique representative. Quality: usable,papular_acne_-42-_jpg.rf.03d18bed2de372705bca95ac87b80d24.jpg,114.61,usable,valid
papular_acne_-8-_jpg.rf.d7103b07df4d11a56208dc359065fb79.jpg,Papules,ACCEPTED,Unique representative. Quality: borderline,papular_acne_-8-_jpg.rf.d7103b07df4d11a56208dc359065fb79.jpg,53.91,borderline,valid
papular_acne_-55-_jpg.rf.06d83f1d4827914855964752907accb0.jpg,Papules,ACCEPTED,Unique representative. Quality: usable,papular_acne_-55-_jpg.rf.06d83f1d4827914855964752907accb0.jpg,134.43,usable,valid
papular_acne_-50-_jpg.rf.40012ef77bfaad464c52a16bd8b0ce6f.jpg,Papules,ACCEPTED,Unique representative. Quality: usable,papular_acne_-50-_jpg.rf.40012ef77bfaad464c52a16bd8b0ce6f.jpg,131.70,usable,valid
papular_acne_-50-_jpg.rf.93a0e19548ad0feca001fa280679a462.jpg,Papules,ACCEPTED,Unique representative. Quality: borderline,papular_acne_-50-_jpg.rf.93a0e19548ad0feca001fa280679a462.jpg,31.63,borderline,valid
papular_acne_-90-_jpg.rf.2850b82fe0a00014e96bfbbcce7ddb7a.jpg,Papules,ACCEPTED,Unique representative. Quality: borderline,papular_acne_-90-_jpg.rf.2850b82fe0a00014e96bfbbcce7ddb7a.jpg,37.78,borderline,valid
Papule16_JPG_jpg.rf.44786a1c39303bbf485743ce2af0580c.jpg,Papules,ACCEPTED,Unique representative. Quality: borderline,Papule16_JPG_jpg.rf.44786a1c39303bbf485743ce2af0580c.jpg,32.96,borderline,valid
papular_acne_-38-_jpg.rf.003e7efa3e4846568b67b01436ea23f1.jpg,Papules,ACCEPTED,Unique representative. Quality: usable,papular_acne_-38-_jpg.rf.003e7efa3e4846568b67b01436ea23f1.jpg,77.22,usable,valid
papular_acne_-13-_jpg.rf.6849e84ef9d64684fe4ce51382587508.jpg,Papules,ACCEPTED,Unique representative. Quality: usable,papular_acne_-13-_jpg.rf.6849e84ef9d64684fe4ce51382587508.jpg,72.52,usable,valid
papular_acne_-14-_jpg.rf.4b84b6ae5a62763cb1c66b7ea1f0bfad.jpg,Papules,ACCEPTED,Unique representative. Quality: usable,papular_acne_-14-_jpg.rf.4b84b6ae5a62763cb1c66b7ea1f0bfad.jpg,70.00,usable,valid
papular_acne_-106-_jpg.rf.537297ad594a3abeb7310e68b26c43c5.jpg,Papules,ACCEPTED,Unique representative. Quality: borderline,papular_acne_-106-_jpg.rf.537297ad594a3abeb7310e68b26c43c5.jpg,31.47,borderline,valid
papular_acne_-56-_jpg.rf.c4f09d6bd17959b2a4957e407266d103.jpg,Papules,ACCEPTED,Unique representative. Quality: usable,papular_acne_-56-_jpg.rf.c4f09d6bd17959b2a4957e407266d103.jpg,72.68,usable,valid
Papule16_JPG_jpg.rf.f40b2aafd6a59a29c26fdcd836609507.jpg,Papules,ACCEPTED,Unique representative. Quality: usable,Papule16_JPG_jpg.rf.f40b2aafd6a59a29c26fdcd836609507.jpg,74.24,usable,valid
papular_acne_-37-_jpg.rf.9b66d57bd0b977aa78641bfb36bfcf0a.jpg,Papules,ACCEPTED,Unique representative. Quality: usable,papular_acne_-37-_jpg.rf.9b66d57bd0b977aa78641bfb36bfcf0a.jpg,78.13,usable,valid
papular_acne_-90-_jpg.rf.14a53f395fa45c143c368f366eafc297.jpg,Papules,ACCEPTED,Unique representative. Quality: usable,papular_acne_-90-_jpg.rf.14a53f395fa45c143c368f366eafc297.jpg,69.18,usable,valid
papular_acne_-100-_jpg.rf.d8e0858158dadeed3ece3f8d4c389665.jpg,Papules,ACCEPTED,Unique representative. Quality: borderline,papular_acne_-100-_jpg.rf.d8e0858158dadeed3ece3f8d4c389665.jpg,52.81,borderline,valid
papular_acne_-17-_jpg.rf.7d71616d4db091332f6ff78b5c575485.jpg,Papules,ACCEPTED,Unique representative. Quality: usable,papular_acne_-17-_jpg.rf.7d71616d4db091332f6ff78b5c575485.jpg,114.85,usable,valid
papular_acne_-106-_jpg.rf.92a12cf2780f1f22d84a7d6ca4860534.jpg,Papules,ACCEPTED,Unique representative. Quality: usable,papular_acne_-106-_jpg.rf.92a12cf2780f1f22d84a7d6ca4860534.jpg,76.43,usable,valid
Papule7_JPG_jpg.rf.f9f7a5e7beed4ce79865a4a6d8a9cd1e.jpg,Papules,ACCEPTED,Unique representative. Quality: borderline,Papule7_JPG_jpg.rf.f9f7a5e7beed4ce79865a4a6d8a9cd1e.jpg,58.29,borderline,valid
papular_acne_-97-_jpg.rf.49e8aea4fd3944cebc43557d0cafe915.jpg,Papules,ACCEPTED,Unique representative. Quality: usable,papular_acne_-97-_jpg.rf.49e8aea4fd3944cebc43557d0cafe915.jpg,100.39,usable,valid
Papule10_JPG_jpg.rf.2aa10ad86e8b8495c26f290ba1823091.jpg,Papules,ACCEPTED,Unique representative. Quality: usable,Papule10_JPG_jpg.rf.2aa10ad86e8b8495c26f290ba1823091.jpg,89.04,usable,valid
papular_acne_-90-_jpg.rf.daff0ef29ffc710e9109377d381a6ca3.jpg,Papules,ACCEPTED,Unique representative. Quality: usable,papular_acne_-90-_jpg.rf.daff0ef29ffc710e9109377d381a6ca3.jpg,90.67,usable,valid
Papule2_JPG_jpg.rf.bbb25ee9641f9f3aa81eb0dddeda92e8.jpg,Papules,ACCEPTED,Unique representative. Quality: usable,Papule2_JPG_jpg.rf.bbb25ee9641f9f3aa81eb0dddeda92e8.jpg,93.29,usable,valid
papular_acne_-17-_jpg.rf.cdf5db30b64ba836653ded8891e3bd91.jpg,Papules,ACCEPTED,Unique representative. Quality: usable,papular_acne_-17-_jpg.rf.cdf5db30b64ba836653ded8891e3bd91.jpg,62.89,usable,valid
papular_acne_-56-_jpg.rf.275bd00d211cd2fdfdc9e20cea4aa242.jpg,Papules,ACCEPTED,Unique representative. Quality: usable,papular_acne_-56-_jpg.rf.275bd00d211cd2fdfdc9e20cea4aa242.jpg,75.81,usable,valid
papular_acne_-90-_jpg.rf.a364f8fd8665f481be07ee165abbdfe5.jpg,Papules,ACCEPTED,Unique representative. Quality: usable,papular_acne_-90-_jpg.rf.a364f8fd8665f481be07ee165abbdfe5.jpg,93.35,usable,valid
papular_acne_-91-_jpg.rf.96782a05019e91d948a30b9bb6182027.jpg,Papules,ACCEPTED,Unique representative. Quality: usable,papular_acne_-91-_jpg.rf.96782a05019e91d948a30b9bb6182027.jpg,124.93,usable,valid
papular_acne_-13-_jpg.rf.b753767a80b3b02de5a7a369812957bb.jpg,Papules,ACCEPTED,Unique representative. Quality: usable,papular_acne_-13-_jpg.rf.b753767a80b3b02de5a7a369812957bb.jpg,89.34,usable,valid
papular_acne_-13-_jpg.rf.03c2450d16ae8d292c73596523e466cd.jpg,Papules,ACCEPTED,Unique representative. Quality: usable,papular_acne_-13-_jpg.rf.03c2450d16ae8d292c73596523e466cd.jpg,88.58,usable,valid
Papule18_JPG_jpg.rf.5a5c173a7b73fbd2432043aefe196e7d.jpg,Papules,ACCEPTED,Unique representative. Quality: borderline,Papule18_JPG_jpg.rf.5a5c173a7b73fbd2432043aefe196e7d.jpg,59.80,borderline,valid
papular_acne_-90-_jpg.rf.a6eaff69bcfd781385056f06d4b83dc2.jpg,Papules,ACCEPTED,Unique representative. Quality: borderline,papular_acne_-90-_jpg.rf.a6eaff69bcfd781385056f06d4b83dc2.jpg,48.91,borderline,valid
papular_acne_-38-_jpg.rf.c7f052caf600e4dbbad7e02e653a9707.jpg,Papules,ACCEPTED,Unique representative. Quality: borderline,papular_acne_-38-_jpg.rf.c7f052caf600e4dbbad7e02e653a9707.jpg,58.58,borderline,valid
papular_acne_-56-_jpg.rf.8406ebb9dc570e5ae35c1c21ae584710.jpg,Papules,ACCEPTED,Unique representative. Quality: usable,papular_acne_-56-_jpg.rf.8406ebb9dc570e5ae35c1c21ae584710.jpg,72.18,usable,valid
papular_acne_-90-_jpg.rf.2f77e00bdaefad3e83ac2868bf5c15ce.jpg,Papules,ACCEPTED,Unique representative. Quality: borderline,papular_acne_-90-_jpg.rf.2f77e00bdaefad3e83ac2868bf5c15ce.jpg,46.44,borderline,valid
papular_acne_-50-_jpg.rf.12f89b7dd717250ce6c60441029d602e.jpg,Papules,ACCEPTED,Unique representative. Quality: usable,papular_acne_-50-_jpg.rf.12f89b7dd717250ce6c60441029d602e.jpg,120.49,usable,valid
papular_acne_-38-_jpg.rf.9555240be6122fdf3a78629aa897a0ac.jpg,Papules,ACCEPTED,Unique representative. Quality: usable,papular_acne_-38-_jpg.rf.9555240be6122fdf3a78629aa897a0ac.jpg,86.95,usable,valid
papular_acne_-13-_jpg.rf.d14ebf11d6101489ac8aee0a4a69bf01.jpg,Papules,ACCEPTED,Unique representative. Quality: usable,papular_acne_-13-_jpg.rf.d14ebf11d6101489ac8aee0a4a69bf01.jpg,81.20,usable,valid
papular_acne_-92-_jpg.rf.05760c892fa86a05f4e134199e386e61.jpg,Papules,ACCEPTED,Unique representative. Quality: usable,papular_acne_-92-_jpg.rf.05760c892fa86a05f4e134199e386e61.jpg,89.52,usable,valid
papular_acne_-106-_jpg.rf.a0e73f70be72d24c22025133a1b6be4d.jpg,Papules,ACCEPTED,Unique representative. Quality: borderline,papular_acne_-106-_jpg.rf.a0e73f70be72d24c22025133a1b6be4d.jpg,33.46,borderline,valid
papular_acne_-77-_jpg.rf.20b031a3c7b3c228433e09275ec8481b.jpg,Papules,ACCEPTED,Unique representative. Quality: borderline,papular_acne_-77-_jpg.rf.20b031a3c7b3c228433e09275ec8481b.jpg,36.22,borderline,valid
papular_acne_-92-_jpg.rf.16c2da76afcfada6a570f29b49c37e82.jpg,Papules,ACCEPTED,Unique representative. Quality: usable,papular_acne_-92-_jpg.rf.16c2da76afcfada6a570f29b49c37e82.jpg,108.19,usable,valid
papular_acne_-56-_jpg.rf.2ea95121f89591362b96810d81d715e4.jpg,Papules,ACCEPTED,Unique representative. Quality: borderline,papular_acne_-56-_jpg.rf.2ea95121f89591362b96810d81d715e4.jpg,46.43,borderline,valid
papular_acne_-37-_jpg.rf.a3b8f8b72731ae84ae58d9b699983fed.jpg,Papules,ACCEPTED,Unique representative. Quality: borderline,papular_acne_-37-_jpg.rf.a3b8f8b72731ae84ae58d9b699983fed.jpg,55.26,borderline,valid
papular_acne_-27-_jpg.rf.40f63745ad89d69f3a389b6ecb78d505.jpg,Papules,ACCEPTED,Unique representative. Quality: usable,papular_acne_-27-_jpg.rf.40f63745ad89d69f3a389b6ecb78d505.jpg,95.91,usable,valid
papular_acne_-56-_jpg.rf.966f468d99d9c75ae094abe1992678ed.jpg,Papules,ACCEPTED,Unique representative. Quality: usable,papular_acne_-56-_jpg.rf.966f468d99d9c75ae094abe1992678ed.jpg,84.06,usable,valid
papular_acne_-97-_jpg.rf.bed5730846011732e9a690a4006dfff4.jpg,Papules,ACCEPTED,Unique representative. Quality: usable,papular_acne_-97-_jpg.rf.bed5730846011732e9a690a4006dfff4.jpg,139.11,usable,valid
papular_acne_-89-_jpg.rf.a9fc92dc71236724f8e940770a91e44b.jpg,Papules,ACCEPTED,Unique representative. Quality: usable,papular_acne_-89-_jpg.rf.a9fc92dc71236724f8e940770a91e44b.jpg,103.22,usable,valid
papular_acne_-56-_jpg.rf.ddbad29e0d6bbe8425bb60ca34fcbdf9.jpg,Papules,ACCEPTED,Unique representative. Quality: usable,papular_acne_-56-_jpg.rf.ddbad29e0d6bbe8425bb60ca34fcbdf9.jpg,113.77,usable,valid
papular_acne_-42-_jpg.rf.8c480b9dde6d8778b27ba0cc6c826857.jpg,Papules,ACCEPTED,Unique representative. Quality: usable,papular_acne_-42-_jpg.rf.8c480b9dde6d8778b27ba0cc6c826857.jpg,63.18,usable,valid
papular_acne_-42-_jpg.rf.3bd85c907fd49a9b26f8a07c6ef39276.jpg,Papules,ACCEPTED,Unique representative. Quality: usable,papular_acne_-42-_jpg.rf.3bd85c907fd49a9b26f8a07c6ef39276.jpg,62.02,usable,valid
papular_acne_-91-_jpg.rf.527daa0313119020ab0538827c67a99b.jpg,Papules,ACCEPTED,Unique representative. Quality: borderline,papular_acne_-91-_jpg.rf.527daa0313119020ab0538827c67a99b.jpg,41.91,borderline,valid
papular_acne_-48-_jpg.rf.4b03651804e258938126fee1dd32bb4b.jpg,Papules,ACCEPTED,Unique representative. Quality: usable,papular_acne_-48-_jpg.rf.4b03651804e258938126fee1dd32bb4b.jpg,61.09,usable,valid
papular_acne_-90-_jpg.rf.26a755d2f59f0b83821c1b969d41a3b1.jpg,Papules,ACCEPTED,Unique representative. Quality: usable,papular_acne_-90-_jpg.rf.26a755d2f59f0b83821c1b969d41a3b1.jpg,64.71,usable,valid
papular_acne_-14-_jpg.rf.4157dd1e63e54fbdff7b9ec469b3bfd0.jpg,Papules,ACCEPTED,Unique representative. Quality: usable,papular_acne_-14-_jpg.rf.4157dd1e63e54fbdff7b9ec469b3bfd0.jpg,62.79,usable,valid
papular_acne_-48-_jpg.rf.23a1f707ea75e52d53f4f90388016917.jpg,Papules,ACCEPTED,Unique representative. Quality: usable,papular_acne_-48-_jpg.rf.23a1f707ea75e52d53f4f90388016917.jpg,62.04,usable,valid
papular_acne_-42-_jpg.rf.391acc525a9b20bc8f027ec048e64693.jpg,Papules,ACCEPTED,Unique representative. Quality: usable,papular_acne_-42-_jpg.rf.391acc525a9b20bc8f027ec048e64693.jpg,69.60,usable,valid
Papule16_JPG_jpg.rf.5bf64661a734129cbc4ae00864533925.jpg,Papules,ACCEPTED,Unique representative. Quality: borderline,Papule16_JPG_jpg.rf.5bf64661a734129cbc4ae00864533925.jpg,43.63,borderline,valid
papular_acne_-27-_jpg.rf.e1e1b97c9b24787efcb8e4f503d338ff.jpg,Papules,ACCEPTED,Unique representative. Quality: usable,papular_acne_-27-_jpg.rf.e1e1b97c9b24787efcb8e4f503d338ff.jpg,70.58,usable,valid
Papule_JPG_jpg.rf.0a8e15daff884894c430a8ae885acf0f.jpg,Papules,ACCEPTED,Unique representative. Quality: borderline,Papule_JPG_jpg.rf.0a8e15daff884894c430a8ae885acf0f.jpg,53.96,borderline,valid
papular_acne_-98-_jpg.rf.f8b3d78fcf80b3303b4645d6dd8fc00b.jpg,Papules,ACCEPTED,Unique representative. Quality: usable,papular_acne_-98-_jpg.rf.f8b3d78fcf80b3303b4645d6dd8fc00b.jpg,69.66,usable,valid
Papule17_JPG_jpg.rf.5f779cee1f4770db0460388e3325dfc8.jpg,Papules,ACCEPTED,Unique representative. Quality: usable,Papule17_JPG_jpg.rf.5f779cee1f4770db0460388e3325dfc8.jpg,79.54,usable,valid
papular_acne_-13-_jpg.rf.d6953e198d095e94df45227abcabe260.jpg,Papules,ACCEPTED,Unique representative. Quality: usable,papular_acne_-13-_jpg.rf.d6953e198d095e94df45227abcabe260.jpg,120.70,usable,valid
papular_acne_-56-_jpg.rf.699b51513acab66ad88eaebb87a83a72.jpg,Papules,ACCEPTED,Unique representative. Quality: usable,papular_acne_-56-_jpg.rf.699b51513acab66ad88eaebb87a83a72.jpg,101.69,usable,valid
papular_acne_-98-_jpg.rf.6207489996388e5551c9ca0f457198fd.jpg,Papules,ACCEPTED,Unique representative. Quality: borderline,papular_acne_-98-_jpg.rf.6207489996388e5551c9ca0f457198fd.jpg,33.11,borderline,valid
papular_acne_-65-_jpg.rf.0b90d33c9cf26112f2efd6d5e4fec14c.jpg,Papules,ACCEPTED,Unique representative. Quality: usable,papular_acne_-65-_jpg.rf.0b90d33c9cf26112f2efd6d5e4fec14c.jpg,135.25,usable,valid
Papule2_JPG_jpg.rf.9db79e510f6593f63f222532acef905d.jpg,Papules,ACCEPTED,Unique representative. Quality: borderline,Papule2_JPG_jpg.rf.9db79e510f6593f63f222532acef905d.jpg,51.88,borderline,valid
papular_acne_-8-_jpg.rf.10548d12b97f06a014f1912f8b19cb3a.jpg,Papules,ACCEPTED,Unique representative. Quality: usable,papular_acne_-8-_jpg.rf.10548d12b97f06a014f1912f8b19cb3a.jpg,75.51,usable,valid
papular_acne_-98-_jpg.rf.e2efca3c971f1f7c56b0e55fb6cdef8d.jpg,Papules,ACCEPTED,Unique representative. Quality: borderline,papular_acne_-98-_jpg.rf.e2efca3c971f1f7c56b0e55fb6cdef8d.jpg,48.56,borderline,valid
papular_acne_-90-_jpg.rf.8533c811997d26c4ea0045e23b8878ff.jpg,Papules,ACCEPTED,Unique representative. Quality: usable,papular_acne_-90-_jpg.rf.8533c811997d26c4ea0045e23b8878ff.jpg,67.76,usable,valid
papular_acne_-90-_jpg.rf.64fcfb88c092389dbddb3a625d64d360.jpg,Papules,ACCEPTED,Unique representative. Quality: borderline,papular_acne_-90-_jpg.rf.64fcfb88c092389dbddb3a625d64d360.jpg,58.89,borderline,valid
papular_acne_-68-_jpg.rf.72f4148b225d8dce774332386a59e774.jpg,Papules,ACCEPTED,Unique representative. Quality: usable,papular_acne_-68-_jpg.rf.72f4148b225d8dce774332386a59e774.jpg,99.01,usable,valid
papular_acne_-92-_jpg.rf.2a2aaabb345559cdd303060501f8c93c.jpg,Papules,ACCEPTED,Unique representative. Quality: usable,papular_acne_-92-_jpg.rf.2a2aaabb345559cdd303060501f8c93c.jpg,63.99,usable,valid
Papule15_JPG_jpg.rf.c87a8bfe85ea9e2097a144b396217349.jpg,Papules,ACCEPTED,Unique representative. Quality: usable,Papule15_JPG_jpg.rf.c87a8bfe85ea9e2097a144b396217349.jpg,65.97,usable,valid
papular_acne_-17-_jpg.rf.596abe9cbcb581600ecd10e8099477ee.jpg,Papules,ACCEPTED,Unique representative. Quality: usable,papular_acne_-17-_jpg.rf.596abe9cbcb581600ecd10e8099477ee.jpg,99.19,usable,test
Papule2_JPG_jpg.rf.a172914b829363f633c00fb115520772.jpg,Papules,ACCEPTED,Unique representative. Quality: borderline,Papule2_JPG_jpg.rf.a172914b829363f633c00fb115520772.jpg,31.96,borderline,test
papular_acne_-14-_jpg.rf.7bd71cde01a0e09fcd1ce748bd267234.jpg,Papules,ACCEPTED,Unique representative. Quality: usable,papular_acne_-14-_jpg.rf.7bd71cde01a0e09fcd1ce748bd267234.jpg,87.17,usable,test
papular_acne_-98-_jpg.rf.4a60f2347518d6837f7c973f4d1d2e08.jpg,Papules,ACCEPTED,Unique representative. Quality: usable,papular_acne_-98-_jpg.rf.4a60f2347518d6837f7c973f4d1d2e08.jpg,63.28,usable,test
papular_acne_-38-_jpg.rf.3624e1e7cf4af5e614ef1a3b88a6248e.jpg,Papules,ACCEPTED,Unique representative. Quality: borderline,papular_acne_-38-_jpg.rf.3624e1e7cf4af5e614ef1a3b88a6248e.jpg,59.50,borderline,test
papular_acne_-8-_jpg.rf.307b3d7ac79b9d78fbeb80402a66752f.jpg,Papules,ACCEPTED,Unique representative. Quality: usable,papular_acne_-8-_jpg.rf.307b3d7ac79b9d78fbeb80402a66752f.jpg,81.24,usable,test
papular_acne_-91-_jpg.rf.57dbb3cc0d23cd954899d02795efac04.jpg,Papules,ACCEPTED,Unique representative. Quality: usable,papular_acne_-91-_jpg.rf.57dbb3cc0d23cd954899d02795efac04.jpg,80.97,usable,test
papular_acne_-98-_jpg.rf.99c7185dcf6afbb82dc8abf68a0abcc5.jpg,Papules,ACCEPTED,Unique representative. Quality: borderline,papular_acne_-98-_jpg.rf.99c7185dcf6afbb82dc8abf68a0abcc5.jpg,53.34,borderline,test
papular_acne_-38-_jpg.rf.dbe1258a1dcaf3ff0184411a5fc9deb8.jpg,Papules,ACCEPTED,Unique representative. Quality: usable,papular_acne_-38-_jpg.rf.dbe1258a1dcaf3ff0184411a5fc9deb8.jpg,65.95,usable,test
papular_acne_-8-_jpg.rf.45b81f102242e59f51c6e2174fa13a70.jpg,Papules,ACCEPTED,Unique representative. Quality: usable,papular_acne_-8-_jpg.rf.45b81f102242e59f51c6e2174fa13a70.jpg,82.32,usable,test
papular_acne_-55-_jpg.rf.daf7ef57fe2323e868d2662ec36537b9.jpg,Papules,ACCEPTED,Unique representative. Quality: usable,papular_acne_-55-_jpg.rf.daf7ef57fe2323e868d2662ec36537b9.jpg,77.41,usable,test
papular_acne_-13-_jpg.rf.c979e590ffd66d7658e57bee34dde12d.jpg,Papules,ACCEPTED,Unique representative. Quality: usable,papular_acne_-13-_jpg.rf.c979e590ffd66d7658e57bee34dde12d.jpg,73.54,usable,test
papular_acne_-48-_jpg.rf.528cd97591627bea15522aab608b76bb.jpg,Papules,ACCEPTED,Unique representative. Quality: borderline,papular_acne_-48-_jpg.rf.528cd97591627bea15522aab608b76bb.jpg,51.65,borderline,test
papular_acne_-65-_jpg.rf.6dcd24d76dd53e0f5f447e806b37dfc4.jpg,Papules,ACCEPTED,Unique representative. Quality: usable,papular_acne_-65-_jpg.rf.6dcd24d76dd53e0f5f447e806b37dfc4.jpg,71.31,usable,test
Papule2_JPG_jpg.rf.36149e8c9e2948fe41e585b5a957cd97.jpg,Papules,ACCEPTED,Unique representative. Quality: usable,Papule2_JPG_jpg.rf.36149e8c9e2948fe41e585b5a957cd97.jpg,63.47,usable,test
papular_acne_-91-_jpg.rf.38bfdc9be13621c977fb4c810e2dcaac.jpg,Papules,ACCEPTED,Unique representative. Quality: usable,papular_acne_-91-_jpg.rf.38bfdc9be13621c977fb4c810e2dcaac.jpg,130.62,usable,test
papular_acne_-90-_jpg.rf.85bf48c4de85545a9c01e823d4488027.jpg,Papules,ACCEPTED,Unique representative. Quality: borderline,papular_acne_-90-_jpg.rf.85bf48c4de85545a9c01e823d4488027.jpg,58.84,borderline,test
papular_acne_-90-_jpg.rf.7585b9a154eceedfc56dacd0c26d1617.jpg,Papules,ACCEPTED,Unique representative. Quality: borderline,papular_acne_-90-_jpg.rf.7585b9a154eceedfc56dacd0c26d1617.jpg,51.97,borderline,test
papular_acne_-14-_jpg.rf.00173b9cde63ef88c630995e104548bb.jpg,Papules,ACCEPTED,Unique representative. Quality: borderline,papular_acne_-14-_jpg.rf.00173b9cde63ef88c630995e104548bb.jpg,54.07,borderline,test
papular_acne_-56-_jpg.rf.2b8d3420642ca95f88651988f9d5697b.jpg,Papules,ACCEPTED,Unique representative. Quality: usable,papular_acne_-56-_jpg.rf.2b8d3420642ca95f88651988f9d5697b.jpg,90.39,usable,test
papular_acne_-50-_jpg.rf.3c20c70327ad5d81b55ff5f9092a94cb.jpg,Papules,ACCEPTED,Unique representative. Quality: usable,papular_acne_-50-_jpg.rf.3c20c70327ad5d81b55ff5f9092a94cb.jpg,140.67,usable,test
papular_acne_-56-_jpg.rf.270e0cd79b2978a2d4d25f7fdf75f9c1.jpg,Papules,ACCEPTED,Unique representative. Quality: borderline,papular_acne_-56-_jpg.rf.270e0cd79b2978a2d4d25f7fdf75f9c1.jpg,53.65,borderline,test
papular_acne_-89-_jpg.rf.23e1e2a14378280c8e9ee85fbfa01e03.jpg,Papules,ACCEPTED,Unique representative. Quality: usable,papular_acne_-89-_jpg.rf.23e1e2a14378280c8e9ee85fbfa01e03.jpg,61.99,usable,test
papular_acne_-13-_jpg.rf.b0839e462fb250c3966b7d37dcf136af.jpg,Papules,ACCEPTED,Unique representative. Quality: usable,papular_acne_-13-_jpg.rf.b0839e462fb250c3966b7d37dcf136af.jpg,80.63,usable,test
papular_acne_-98-_jpg.rf.20775393dee2358152209dbd6f66bc7d.jpg,Papules,ACCEPTED,Unique representative. Quality: usable,papular_acne_-98-_jpg.rf.20775393dee2358152209dbd6f66bc7d.jpg,70.84,usable,test
papular_acne_-98-_jpg.rf.1a51871e654b1a9a479091ad1ba2eedd.jpg,Papules,ACCEPTED,Unique representative. Quality: usable,papular_acne_-98-_jpg.rf.1a51871e654b1a9a479091ad1ba2eedd.jpg,82.18,usable,test
papular_acne_-38-_jpg.rf.b9aa829bcfa50278d641ab07ae8e09d9.jpg,Papules,ACCEPTED,Unique representative. Quality: usable,papular_acne_-38-_jpg.rf.b9aa829bcfa50278d641ab07ae8e09d9.jpg,80.38,usable,test
papular_acne_-50-_jpg.rf.42f22646758321d0f413927d282ed165.jpg,Papules,ACCEPTED,Unique representative. Quality: usable,papular_acne_-50-_jpg.rf.42f22646758321d0f413927d282ed165.jpg,92.11,usable,test
papular_acne_-68-_jpg.rf.9ed6f1a9cfbd16eed71695fa3754a712.jpg,Papules,ACCEPTED,Unique representative. Quality: usable,papular_acne_-68-_jpg.rf.9ed6f1a9cfbd16eed71695fa3754a712.jpg,98.68,usable,test
papular_acne_-50-_jpg.rf.fa603a314195f5033fd40bd973d040c5.jpg,Papules,ACCEPTED,Unique representative. Quality: usable,papular_acne_-50-_jpg.rf.fa603a314195f5033fd40bd973d040c5.jpg,116.73,usable,test
papular_acne_-50-_jpg.rf.12ed06a1191c33ae3ec001cfc0d14dd4.jpg,Papules,ACCEPTED,Unique representative. Quality: borderline,papular_acne_-50-_jpg.rf.12ed06a1191c33ae3ec001cfc0d14dd4.jpg,52.96,borderline,test
papular_acne_-92-_jpg.rf.13ac35204697d76879220358ca61b75d.jpg,Papules,ACCEPTED,Unique representative. Quality: usable,papular_acne_-92-_jpg.rf.13ac35204697d76879220358ca61b75d.jpg,71.27,usable,test
papular_acne_-97-_jpg.rf.ff6fc0c775cf97f8de406c1e57721523.jpg,Papules,ACCEPTED,Unique representative. Quality: usable,papular_acne_-97-_jpg.rf.ff6fc0c775cf97f8de406c1e57721523.jpg,73.27,usable,test
papular_acne_-14-_jpg.rf.08cbc3ce26bf1e91d40b67410174fffa.jpg,Papules,ACCEPTED,Unique representative. Quality: borderline,papular_acne_-14-_jpg.rf.08cbc3ce26bf1e91d40b67410174fffa.jpg,32.98,borderline,test
papular_acne_-38-_jpg.rf.8bebd47dd3bb68711fa2e9af2078b890.jpg,Papules,ACCEPTED,Unique representative. Quality: usable,papular_acne_-38-_jpg.rf.8bebd47dd3bb68711fa2e9af2078b890.jpg,71.78,usable,test
papular_acne_-91-_jpg.rf.5c37e0cbfa5412b64fa665b392d99862.jpg,Papules,ACCEPTED,Unique representative. Quality: usable,papular_acne_-91-_jpg.rf.5c37e0cbfa5412b64fa665b392d99862.jpg,94.60,usable,test
papular_acne_-37-_jpg.rf.dc4e0c6fb689975be294e64ddb10a866.jpg,Papules,ACCEPTED,Unique representative. Quality: borderline,papular_acne_-37-_jpg.rf.dc4e0c6fb689975be294e64ddb10a866.jpg,45.70,borderline,test
papular_acne_-68-_jpg.rf.ae698be7a1bae4eae7e5f25464994736.jpg,Papules,ACCEPTED,Unique representative. Quality: usable,papular_acne_-68-_jpg.rf.ae698be7a1bae4eae7e5f25464994736.jpg,91.13,usable,test
papular_acne_-92-_jpg.rf.67849ee88ddb26e012c9a93a69c6516d.jpg,Papules,ACCEPTED,Unique representative. Quality: usable,papular_acne_-92-_jpg.rf.67849ee88ddb26e012c9a93a69c6516d.jpg,68.11,usable,test
papular_acne_-56-_jpg.rf.1b274c60d2bd7c21240ab2a3709a29ff.jpg,Papules,ACCEPTED,Unique representative. Quality: usable,papular_acne_-56-_jpg.rf.1b274c60d2bd7c21240ab2a3709a29ff.jpg,87.95,usable,test
papular_acne_-97-_jpg.rf.8c99e799017529255a03a2f7f78e782d.jpg,Papules,ACCEPTED,Unique representative. Quality: usable,papular_acne_-97-_jpg.rf.8c99e799017529255a03a2f7f78e782d.jpg,100.60,usable,test
papular_acne_-91-_jpg.rf.7bd1ce6fd43d3d5b98d92dbe6e2bb0d0.jpg,Papules,ACCEPTED,Unique representative. Quality: borderline,papular_acne_-91-_jpg.rf.7bd1ce6fd43d3d5b98d92dbe6e2bb0d0.jpg,30.91,borderline,test
papular_acne_-68-_jpg.rf.8e13494896ac60f45f12272086364e9b.jpg,Papules,ACCEPTED,Unique representative. Quality: usable,papular_acne_-68-_jpg.rf.8e13494896ac60f45f12272086364e9b.jpg,60.38,usable,test
Papule10_JPG_jpg.rf.254a1b47075065e300eaada013a8e2d1.jpg,Papules,ACCEPTED,Unique representative. Quality: usable,Papule10_JPG_jpg.rf.254a1b47075065e300eaada013a8e2d1.jpg,63.72,usable,test
Papule16_JPG_jpg.rf.f69d7b4f44d309b57d546db409b15c60.jpg,Papules,ACCEPTED,Unique representative. Quality: borderline,Papule16_JPG_jpg.rf.f69d7b4f44d309b57d546db409b15c60.jpg,54.87,borderline,test
papular_acne_-14-_jpg.rf.10f58687294be141f5e22ffdbfc4bd05.jpg,Papules,ACCEPTED,Unique representative. Quality: usable,papular_acne_-14-_jpg.rf.10f58687294be141f5e22ffdbfc4bd05.jpg,71.19,usable,test
papular_acne_-56-_jpg.rf.5363eb2d97322ec22a5b391a465b3848.jpg,Papules,ACCEPTED,Unique representative. Quality: usable,papular_acne_-56-_jpg.rf.5363eb2d97322ec22a5b391a465b3848.jpg,83.38,usable,test
Papule16_JPG_jpg.rf.c8751407bf2e3ae8dad9c8514066f714.jpg,Papules,ACCEPTED,Unique representative. Quality: usable,Papule16_JPG_jpg.rf.c8751407bf2e3ae8dad9c8514066f714.jpg,86.51,usable,test
papular_acne_-106-_jpg.rf.e4c9213320c48c6ddde567dfde21a09e.jpg,Papules,ACCEPTED,Unique representative. Quality: borderline,papular_acne_-106-_jpg.rf.e4c9213320c48c6ddde567dfde21a09e.jpg,41.53,borderline,test
papular_acne_-55-_jpg.rf.2b33df333292df953f985eaee1d873cf.jpg,Papules,ACCEPTED,Unique representative. Quality: usable,papular_acne_-55-_jpg.rf.2b33df333292df953f985eaee1d873cf.jpg,92.27,usable,test
papular_acne_-55-_jpg.rf.8b862ddb4a6a9d56bfe2c26ceeb6f5d9.jpg,Papules,ACCEPTED,Unique representative. Quality: usable,papular_acne_-55-_jpg.rf.8b862ddb4a6a9d56bfe2c26ceeb6f5d9.jpg,87.06,usable,test
papular_acne_-98-_jpg.rf.9158db9712ec31790114641fee1fbc12.jpg,Papules,ACCEPTED,Unique representative. Quality: usable,papular_acne_-98-_jpg.rf.9158db9712ec31790114641fee1fbc12.jpg,68.37,usable,test
papular_acne_-38-_jpg.rf.3f2a6b3727898535b7ba326123d3d74c.jpg,Papules,ACCEPTED,Unique representative. Quality: borderline,papular_acne_-38-_jpg.rf.3f2a6b3727898535b7ba326123d3d74c.jpg,57.62,borderline,test
papular_acne_-106-_jpg.rf.dc7fb3a66eb61183f9eff1ea568f4ca5.jpg,Papules,ACCEPTED,Unique representative. Quality: usable,papular_acne_-106-_jpg.rf.dc7fb3a66eb61183f9eff1ea568f4ca5.jpg,114.28,usable,test
papular_acne_-17-_jpg.rf.40f6c83b27ec68e346324e81626e27b9.jpg,Papules,ACCEPTED,Unique representative. Quality: usable,papular_acne_-17-_jpg.rf.40f6c83b27ec68e346324e81626e27b9.jpg,112.43,usable,test
papular_acne_-97-_jpg.rf.cad523d83e983c139988f337a3b0f302.jpg,Papules,ACCEPTED,Unique representative. Quality: usable,papular_acne_-97-_jpg.rf.cad523d83e983c139988f337a3b0f302.jpg,134.21,usable,test
papular_acne_-106-_jpg.rf.6077d5f77d163c59cbe7a62531d2407b.jpg,Papules,ACCEPTED,Unique representative. Quality: borderline,papular_acne_-106-_jpg.rf.6077d5f77d163c59cbe7a62531d2407b.jpg,45.42,borderline,test
papular_acne_-27-_jpg.rf.834b92e3a0a8b460c480e11203968ca6.jpg,Papules,ACCEPTED,Unique representative. Quality: usable,papular_acne_-27-_jpg.rf.834b92e3a0a8b460c480e11203968ca6.jpg,111.72,usable,test
papular_acne_-50-_jpg.rf.8687d8eb24438c35f5d54b17acd4a752.jpg,Papules,ACCEPTED,Unique representative. Quality: usable,papular_acne_-50-_jpg.rf.8687d8eb24438c35f5d54b17acd4a752.jpg,97.52,usable,test
Papule_JPG_jpg.rf.982c154440aeb40e352fd9200bb466a2.jpg,Papules,ACCEPTED,Unique representative. Quality: usable,Papule_JPG_jpg.rf.982c154440aeb40e352fd9200bb466a2.jpg,91.00,usable,test
papular_acne_-68-_jpg.rf.47a15213f5bb747ccfacb22582e665c9.jpg,Papules,ACCEPTED,Unique representative. Quality: usable,papular_acne_-68-_jpg.rf.47a15213f5bb747ccfacb22582e665c9.jpg,70.32,usable,test
papular_acne_-97-_jpg.rf.23012c84b9826fc01460e837ed5f69c5.jpg,Papules,ACCEPTED,Unique representative. Quality: usable,papular_acne_-97-_jpg.rf.23012c84b9826fc01460e837ed5f69c5.jpg,101.94,usable,test
papular_acne_-100-_jpg.rf.0d99cef9360342b74ddf94d7fcb8d90b.jpg,Papules,ACCEPTED,Unique representative. Quality: borderline,papular_acne_-100-_jpg.rf.0d99cef9360342b74ddf94d7fcb8d90b.jpg,37.94,borderline,test
papular_acne_-106-_jpg.rf.9f11d9ef4c64d197ad3a99f909a52129.jpg,Papules,ACCEPTED,Unique representative. Quality: usable,papular_acne_-106-_jpg.rf.9f11d9ef4c64d197ad3a99f909a52129.jpg,77.43,usable,test
papular_acne_-89-_jpg.rf.16f9e132551e9a5b5e579b58a290e295.jpg,Papules,ACCEPTED,Unique representative. Quality: usable,papular_acne_-89-_jpg.rf.16f9e132551e9a5b5e579b58a290e295.jpg,88.45,usable,test
papular_acne_-42-_jpg.rf.36717cd88148bd2e6b8c07330bb64210.jpg,Papules,ACCEPTED,Unique representative. Quality: usable,papular_acne_-42-_jpg.rf.36717cd88148bd2e6b8c07330bb64210.jpg,71.37,usable,test
papular_acne_-68-_jpg.rf.62b84505bfbd74d20b90749f590e2543.jpg,Papules,ACCEPTED,Unique representative. Quality: usable,papular_acne_-68-_jpg.rf.62b84505bfbd74d20b90749f590e2543.jpg,112.85,usable,test
Papule7_JPG_jpg.rf.7e0c3cc571f95b678698d162bf4d09e6.jpg,Papules,ACCEPTED,Unique representative. Quality: usable,Papule7_JPG_jpg.rf.7e0c3cc571f95b678698d162bf4d09e6.jpg,63.15,usable,test
papular_acne_-106-_jpg.rf.4043b2bd0478fc595fa7ad2e9fc64350.jpg,Papules,ACCEPTED,Unique representative. Quality: borderline,papular_acne_-106-_jpg.rf.4043b2bd0478fc595fa7ad2e9fc64350.jpg,37.82,borderline,test
papular_acne_-27-_jpg.rf.67030b45576baca54a6440ea3b90b001.jpg,Papules,ACCEPTED,Unique representative. Quality: usable,papular_acne_-27-_jpg.rf.67030b45576baca54a6440ea3b90b001.jpg,74.58,usable,test
papular_acne_-90-_jpg.rf.ee776a486aadc7b513160b1bed0389cc.jpg,Papules,ACCEPTED,Unique representative. Quality: usable,papular_acne_-90-_jpg.rf.ee776a486aadc7b513160b1bed0389cc.jpg,79.60,usable,test
Papule11_JPG_jpg.rf.3ee2b797f6a127947c2fe33ac3149cc2.jpg,Papules,ACCEPTED,Unique representative. Quality: usable,Papule11_JPG_jpg.rf.3ee2b797f6a127947c2fe33ac3149cc2.jpg,61.62,usable,test
papular_acne_-14-_jpg.rf.d55f192b9528ac3002ea02dea8e48eff.jpg,Papules,ACCEPTED,Unique representative. Quality: usable,papular_acne_-14-_jpg.rf.d55f192b9528ac3002ea02dea8e48eff.jpg,77.50,usable,test
papular_acne_-48-_jpg.rf.3469373c56b044fb274b6dde5866ec1a.jpg,Papules,ACCEPTED,Unique representative. Quality: usable,papular_acne_-48-_jpg.rf.3469373c56b044fb274b6dde5866ec1a.jpg,95.92,usable,test
papular_acne_-100-_jpg.rf.135ddb3885cf9b03b9fd0420544e6406.jpg,Papules,ACCEPTED,Unique representative. Quality: usable,papular_acne_-100-_jpg.rf.135ddb3885cf9b03b9fd0420544e6406.jpg,67.97,usable,test
papular_acne_-68-_jpg.rf.73b6b505081013466ab687de8579124a.jpg,Papules,ACCEPTED,Unique representative. Quality: usable,papular_acne_-68-_jpg.rf.73b6b505081013466ab687de8579124a.jpg,65.83,usable,test
papular_acne_-14-_jpg.rf.2932df37fa5447baca854a1157064063.jpg,Papules,ACCEPTED,Unique representative. Quality: usable,papular_acne_-14-_jpg.rf.2932df37fa5447baca854a1157064063.jpg,113.09,usable,test
papular_acne_-38-_jpg.rf.0e578139489647cf565b7e50135d1063.jpg,Papules,ACCEPTED,Unique representative. Quality: usable,papular_acne_-38-_jpg.rf.0e578139489647cf565b7e50135d1063.jpg,75.69,usable,test
papular_acne_-89-_jpg.rf.f3b505a0c6c2bac1da8cbbced8e35458.jpg,Papules,ACCEPTED,Unique representative. Quality: usable,papular_acne_-89-_jpg.rf.f3b505a0c6c2bac1da8cbbced8e35458.jpg,63.10,usable,test
papular_acne_-65-_jpg.rf.ccb3e144ef5be728f354d9f1911df8d3.jpg,Papules,ACCEPTED,Unique representative. Quality: usable,papular_acne_-65-_jpg.rf.ccb3e144ef5be728f354d9f1911df8d3.jpg,96.08,usable,test
papular_acne_-8-_jpg.rf.d81f0d0df2a2b9a1005a06bbd178da2e.jpg,Papules,ACCEPTED,Unique representative. Quality: usable,papular_acne_-8-_jpg.rf.d81f0d0df2a2b9a1005a06bbd178da2e.jpg,90.38,usable,test
papular_acne_-37-_jpg.rf.ab83675cc124b56f4bf3da06b07d348a.jpg,Papules,ACCEPTED,Unique representative. Quality: usable,papular_acne_-37-_jpg.rf.ab83675cc124b56f4bf3da06b07d348a.jpg,76.59,usable,test
papular_acne_-100-_jpg.rf.b258818174d9801fb9b6f9251966e4e0.jpg,Papules,ACCEPTED,Unique representative. Quality: usable,papular_acne_-100-_jpg.rf.b258818174d9801fb9b6f9251966e4e0.jpg,102.55,usable,test
papular_acne_-13-_jpg.rf.9759db7c83a317f77201efd060681e9e.jpg,Papules,ACCEPTED,Unique representative. Quality: usable,papular_acne_-13-_jpg.rf.9759db7c83a317f77201efd060681e9e.jpg,86.57,usable,test
papular_acne_-48-_jpg.rf.7a691a99e6057cfdb544e7dcdfb03612.jpg,Papules,ACCEPTED,Unique representative. Quality: borderline,papular_acne_-48-_jpg.rf.7a691a99e6057cfdb544e7dcdfb03612.jpg,44.33,borderline,test
papular_acne_-42-_jpg.rf.06790c0284b14f20368b8c0b487a3179.jpg,Papules,ACCEPTED,Unique representative. Quality: borderline,papular_acne_-42-_jpg.rf.06790c0284b14f20368b8c0b487a3179.jpg,45.56,borderline,test
papular_acne_-56-_jpg.rf.8224ea9e317a8b97331ac1c59c13a6eb.jpg,Papules,ACCEPTED,Unique representative. Quality: usable,papular_acne_-56-_jpg.rf.8224ea9e317a8b97331ac1c59c13a6eb.jpg,60.12,usable,test
papular_acne_-68-_jpg.rf.ffd1ca37ce869fc452b4fea65433194c.jpg,Papules,ACCEPTED,Unique representative. Quality: usable,papular_acne_-68-_jpg.rf.ffd1ca37ce869fc452b4fea65433194c.jpg,96.53,usable,test
papular_acne_-106-_jpg.rf.6505f203f8b10bb8c5234f905d0ac439.jpg,Papules,ACCEPTED,Unique representative. Quality: usable,papular_acne_-106-_jpg.rf.6505f203f8b10bb8c5234f905d0ac439.jpg,62.16,usable,test
papular_acne_-17-_jpg.rf.fa4951574cd98b383742835f2d19a126.jpg,Papules,ACCEPTED,Unique representative. Quality: usable,papular_acne_-17-_jpg.rf.fa4951574cd98b383742835f2d19a126.jpg,102.95,usable,test
papular_acne_-100-_jpg.rf.387ff1a4dd1f5fd8c5c76d2ab815f709.jpg,Papules,ACCEPTED,Unique representative. Quality: usable,papular_acne_-100-_jpg.rf.387ff1a4dd1f5fd8c5c76d2ab815f709.jpg,66.38,usable,test
papular_acne_-3-_jpg.rf.e0cb9c00219af2e1b01650ded8716575.jpg,Papules,ACCEPTED,Unique representative. Quality: usable,papular_acne_-3-_jpg.rf.e0cb9c00219af2e1b01650ded8716575.jpg,76.93,usable,test
white_head_-11-_jpg.rf.b133bfb3f6c7bfe821538b58dfeb4930.jpg,Whiteheads,ACCEPTED,Unique representative. Quality: borderline,white_head_-11-_jpg.rf.b133bfb3f6c7bfe821538b58dfeb4930.jpg,16.19,borderline,train
white_head_-11-_jpg.rf.528e25de2262712f684181ddedafdf75.jpg,Whiteheads,ACCEPTED,Unique representative. Quality: usable,white_head_-11-_jpg.rf.528e25de2262712f684181ddedafdf75.jpg,76.54,usable,train
white_head_-9-_jpg.rf.ae0068e58de16d7c25f0cd6d1af9dbb0.jpg,Whiteheads,ACCEPTED,Unique representative. Quality: usable,white_head_-9-_jpg.rf.ae0068e58de16d7c25f0cd6d1af9dbb0.jpg,93.01,usable,train
white_head_-9-_jpg.rf.b1d95f7513256675017937555c714ae8.jpg,Whiteheads,ACCEPTED,Unique representative. Quality: usable,white_head_-9-_jpg.rf.b1d95f7513256675017937555c714ae8.jpg,73.50,usable,train
white_head_-15-_jpg.rf.7f463ed4657a368bfeffc34e853516bb.jpg,Whiteheads,ACCEPTED,Unique representative. Quality: high_quality,white_head_-15-_jpg.rf.7f463ed4657a368bfeffc34e853516bb.jpg,472.35,high_quality,train
white_head_-4-_jpg.rf.5458ac15ebfa82f88cabc86880e3f66f.jpg,Whiteheads,ACCEPTED,Unique representative. Quality: borderline,white_head_-4-_jpg.rf.5458ac15ebfa82f88cabc86880e3f66f.jpg,33.59,borderline,train
white_head_-4-_jpg.rf.a3bbf6758f1464a4a4346a047ac0036e.jpg,Whiteheads,ACCEPTED,Unique representative. Quality: usable,white_head_-4-_jpg.rf.a3bbf6758f1464a4a4346a047ac0036e.jpg,81.94,usable,train
white_head_-10-_jpg.rf.9959c01e624c53d43e04190db2e1899a.jpg,Whiteheads,ACCEPTED,Unique representative. Quality: usable,white_head_-10-_jpg.rf.9959c01e624c53d43e04190db2e1899a.jpg,101.16,usable,train
white_head_-6-_jpg.rf.cbbd4925a19852fa820a637e166b2bc7.jpg,Whiteheads,ACCEPTED,Unique representative. Quality: borderline,white_head_-6-_jpg.rf.cbbd4925a19852fa820a637e166b2bc7.jpg,15.06,borderline,train
white_head_-14-_jpg.rf.f1555ddb480bc8034fe5bf72156d1c4d.jpg,Whiteheads,ACCEPTED,Unique representative. Quality: borderline,white_head_-14-_jpg.rf.f1555ddb480bc8034fe5bf72156d1c4d.jpg,46.54,borderline,train
white_head_-17-_jpg.rf.238eb835904996e23d7ab481a2d9f996.jpg,Whiteheads,ACCEPTED,Unique representative. Quality: borderline,white_head_-17-_jpg.rf.238eb835904996e23d7ab481a2d9f996.jpg,40.63,borderline,train
white_head_-14-_jpg.rf.cfb22b1f7537700ebaa0d357720d000f.jpg,Whiteheads,ACCEPTED,Unique representative. Quality: usable,white_head_-14-_jpg.rf.cfb22b1f7537700ebaa0d357720d000f.jpg,89.80,usable,train
white_head_-5-_jpg.rf.d24fc57254bc1535cf458f2d01ebcaed.jpg,Whiteheads,ACCEPTED,Unique representative. Quality: borderline,white_head_-5-_jpg.rf.d24fc57254bc1535cf458f2d01ebcaed.jpg,20.93,borderline,train
white_head_-3-_png_jpg.rf.c162ea8d94a43638023b72bb79b59098.jpg,Whiteheads,ACCEPTED,Unique representative. Quality: usable,white_head_-3-_png_jpg.rf.c162ea8d94a43638023b72bb79b59098.jpg,127.70,usable,train
white_head_-6-_jpg.rf.54461d9b979c4f03effb46017a7cf6e8.jpg,Whiteheads,ACCEPTED,Unique representative. Quality: borderline,white_head_-6-_jpg.rf.54461d9b979c4f03effb46017a7cf6e8.jpg,16.00,borderline,train
white_head_-4-_jpg.rf.4ec7aaf77d239865ddd9016d599b734a.jpg,Whiteheads,ACCEPTED,Unique representative. Quality: usable,white_head_-4-_jpg.rf.4ec7aaf77d239865ddd9016d599b734a.jpg,76.20,usable,train
white_head_-13-_jpg.rf.68b883285b959320b3b60a0277bc10c7.jpg,Whiteheads,ACCEPTED,Unique representative. Quality: usable,white_head_-13-_jpg.rf.68b883285b959320b3b60a0277bc10c7.jpg,146.78,usable,train
white_head_-6-_jpg.rf.6f7c414cd4b3fc9a7c4ae92e51bfba89.jpg,Whiteheads,ACCEPTED,Unique representative. Quality: usable,white_head_-6-_jpg.rf.6f7c414cd4b3fc9a7c4ae92e51bfba89.jpg,67.98,usable,train
white_head_-1-_png_jpg.rf.41aa63d5b264bbb02f38256cc39ee172.jpg,Whiteheads,ACCEPTED,Unique representative. Quality: usable,white_head_-1-_png_jpg.rf.41aa63d5b264bbb02f38256cc39ee172.jpg,115.22,usable,train
white_head_-3-_png_jpg.rf.610b20693b5cad607d1ca9d0e70cac00.jpg,Whiteheads,ACCEPTED,Unique representative. Quality: high_quality,white_head_-3-_png_jpg.rf.610b20693b5cad607d1ca9d0e70cac00.jpg,309.72,high_quality,train
white_head_-13-_jpg.rf.397d64c7234637ad2537717e4eb5924b.jpg,Whiteheads,ACCEPTED,Unique representative. Quality: borderline,white_head_-13-_jpg.rf.397d64c7234637ad2537717e4eb5924b.jpg,36.00,borderline,train
white_head_-3-_jpg.rf.35e57eb991408aa0b537a40f7be0760f.jpg,Whiteheads,ACCEPTED,Unique representative. Quality: usable,white_head_-3-_jpg.rf.35e57eb991408aa0b537a40f7be0760f.jpg,83.43,usable,train
white_head_-2-_jpg.rf.89beb330ce83ea2d394b982d019a81d7.jpg,Whiteheads,ACCEPTED,Unique representative. Quality: borderline,white_head_-2-_jpg.rf.89beb330ce83ea2d394b982d019a81d7.jpg,41.19,borderline,train
white_head_-1-_jpg.rf.883a983dbbbb0241aa5cd7b504e2189a.jpg,Whiteheads,ACCEPTED,Unique representative. Quality: borderline,white_head_-1-_jpg.rf.883a983dbbbb0241aa5cd7b504e2189a.jpg,47.10,borderline,train
white_head_-10-_jpg.rf.817dffee4347e8d40681478254ffd0e8.jpg,Whiteheads,ACCEPTED,Unique representative. Quality: high_quality,white_head_-10-_jpg.rf.817dffee4347e8d40681478254ffd0e8.jpg,290.90,high_quality,train
white_head_-4-_jpg.rf.9e28933b8fa8fd10654e39b3b47ac773.jpg,Whiteheads,ACCEPTED,Unique representative. Quality: borderline,white_head_-4-_jpg.rf.9e28933b8fa8fd10654e39b3b47ac773.jpg,21.00,borderline,train
white_head_-3-_png_jpg.rf.14286f2df2cc76cbf0910824a8b67aa4.jpg,Whiteheads,ACCEPTED,Unique representative. Quality: usable,white_head_-3-_png_jpg.rf.14286f2df2cc76cbf0910824a8b67aa4.jpg,87.38,usable,train
white_head_-1-_jpg.rf.ff1b93a128a9195950d48c8a90fabb00.jpg,Whiteheads,ACCEPTED,Unique representative. Quality: borderline,white_head_-1-_jpg.rf.ff1b93a128a9195950d48c8a90fabb00.jpg,41.19,borderline,train
white_head_-17-_jpg.rf.2baf4eb4f41011221eabf3a4f870c1db.jpg,Whiteheads,ACCEPTED,Unique representative. Quality: usable,white_head_-17-_jpg.rf.2baf4eb4f41011221eabf3a4f870c1db.jpg,64.86,usable,train
white_head_-3-_png_jpg.rf.aff2392b0eca046d4aa597fd8a733fbc.jpg,Whiteheads,ACCEPTED,Unique representative. Quality: usable,white_head_-3-_png_jpg.rf.aff2392b0eca046d4aa597fd8a733fbc.jpg,98.16,usable,train
white_head_-6-_jpg.rf.3d000f5604f5398c4157b72f58b1edbd.jpg,Whiteheads,ACCEPTED,Unique representative. Quality: usable,white_head_-6-_jpg.rf.3d000f5604f5398c4157b72f58b1edbd.jpg,88.06,usable,train
white_head_-5-_jpg.rf.ab141b3973d761b9461c517fc63aae21.jpg,Whiteheads,ACCEPTED,Unique representative. Quality: usable,white_head_-5-_jpg.rf.ab141b3973d761b9461c517fc63aae21.jpg,62.32,usable,train
white_head_-11-_jpg.rf.5891a9d06c8a4c9822539170635440db.jpg,Whiteheads,ACCEPTED,Unique representative. Quality: borderline,white_head_-11-_jpg.rf.5891a9d06c8a4c9822539170635440db.jpg,21.10,borderline,train
white_head_-1-_jpg.rf.85f99e64052893f234f5b17fb56aaa7f.jpg,Whiteheads,ACCEPTED,Unique representative. Quality: borderline,white_head_-1-_jpg.rf.85f99e64052893f234f5b17fb56aaa7f.jpg,55.38,borderline,train
white_head_-3-_jpg.rf.ef6c610989792db6d4a2b5e5f09f9ebf.jpg,Whiteheads,ACCEPTED,Unique representative. Quality: high_quality,white_head_-3-_jpg.rf.ef6c610989792db6d4a2b5e5f09f9ebf.jpg,225.09,high_quality,train
white_head_-10-_jpg.rf.764f4d104556aa7539795b89966e5b0f.jpg,Whiteheads,ACCEPTED,Unique representative. Quality: borderline,white_head_-10-_jpg.rf.764f4d104556aa7539795b89966e5b0f.jpg,46.10,borderline,train
white_head_-9-_jpg.rf.1f69cf6c84401bad7af97deb641682e4.jpg,Whiteheads,ACCEPTED,Unique representative. Quality: usable,white_head_-9-_jpg.rf.1f69cf6c84401bad7af97deb641682e4.jpg,80.35,usable,train
white_head_-2-_jpg.rf.19a240508bdc406c31af5cd0929fb947.jpg,Whiteheads,ACCEPTED,Unique representative. Quality: usable,white_head_-2-_jpg.rf.19a240508bdc406c31af5cd0929fb947.jpg,85.74,usable,train
white_head_-12-_jpg.rf.bb227eea0d449d4bc2f35984f545f2b2.jpg,Whiteheads,ACCEPTED,Unique representative. Quality: usable,white_head_-12-_jpg.rf.bb227eea0d449d4bc2f35984f545f2b2.jpg,124.03,usable,train
white_head_-11-_jpg.rf.1d71af8cfa265ce55eaaae0f8dbf599f.jpg,Whiteheads,ACCEPTED,Unique representative. Quality: usable,white_head_-11-_jpg.rf.1d71af8cfa265ce55eaaae0f8dbf599f.jpg,65.75,usable,train
white_head_-2-_jpg.rf.6366b506bb8eb64458163e1bc843ea5c.jpg,Whiteheads,ACCEPTED,Unique representative. Quality: usable,white_head_-2-_jpg.rf.6366b506bb8eb64458163e1bc843ea5c.jpg,63.39,usable,train
white_head_-6-_jpg.rf.f75b9c8ac97f491dcdef1d31fa8d5525.jpg,Whiteheads,ACCEPTED,Unique representative. Quality: usable,white_head_-6-_jpg.rf.f75b9c8ac97f491dcdef1d31fa8d5525.jpg,77.91,usable,train
white_head_-11-_jpg.rf.7e012cfe41d443fe79bd82c6f2e411ba.jpg,Whiteheads,ACCEPTED,Unique representative. Quality: usable,white_head_-11-_jpg.rf.7e012cfe41d443fe79bd82c6f2e411ba.jpg,132.20,usable,train
white_head_-6-_jpg.rf.d1ffdadcfa9959566e5c6d0af29dd199.jpg,Whiteheads,ACCEPTED,Unique representative. Quality: usable,white_head_-6-_jpg.rf.d1ffdadcfa9959566e5c6d0af29dd199.jpg,78.36,usable,train
white_head_-3-_jpg.rf.ef26064236e2977dd4eb388af4d0ae51.jpg,Whiteheads,ACCEPTED,Unique representative. Quality: usable,white_head_-3-_jpg.rf.ef26064236e2977dd4eb388af4d0ae51.jpg,96.71,usable,train
white_head_-1-_png_jpg.rf.378c3f5d184987b1a4b507a21f74d472.jpg,Whiteheads,ACCEPTED,Unique representative. Quality: borderline,white_head_-1-_png_jpg.rf.378c3f5d184987b1a4b507a21f74d472.jpg,33.91,borderline,train
white_head_-9-_jpg.rf.bf91b76867c90d4cfd4738834105739f.jpg,Whiteheads,ACCEPTED,Unique representative. Quality: borderline,white_head_-9-_jpg.rf.bf91b76867c90d4cfd4738834105739f.jpg,54.82,borderline,train
white_head_-3-_jpg.rf.dc694053f2b3d95ad1c1eaa81759faf5.jpg,Whiteheads,ACCEPTED,Unique representative. Quality: usable,white_head_-3-_jpg.rf.dc694053f2b3d95ad1c1eaa81759faf5.jpg,85.14,usable,train
white_head_-6-_jpg.rf.78e8133f39610ecca7a07cc497407a26.jpg,Whiteheads,ACCEPTED,Unique representative. Quality: usable,white_head_-6-_jpg.rf.78e8133f39610ecca7a07cc497407a26.jpg,93.24,usable,train
white_head_-4-_jpg.rf.e1de56094281c00b87d63ca1bf57d3a9.jpg,Whiteheads,ACCEPTED,Unique representative. Quality: usable,white_head_-4-_jpg.rf.e1de56094281c00b87d63ca1bf57d3a9.jpg,95.24,usable,train
white_head_-10-_jpg.rf.a866135b87718718a68bfd6dc89e3196.jpg,Whiteheads,ACCEPTED,Unique representative. Quality: high_quality,white_head_-10-_jpg.rf.a866135b87718718a68bfd6dc89e3196.jpg,207.85,high_quality,train
white_head_-12-_jpg.rf.fb8189e21a7af1f528477b04165dbf2a.jpg,Whiteheads,ACCEPTED,Unique representative. Quality: high_quality,white_head_-12-_jpg.rf.fb8189e21a7af1f528477b04165dbf2a.jpg,153.93,high_quality,train
white_head_-12-_jpg.rf.c0eb19a950112224e33ad0abf4a49f08.jpg,Whiteheads,ACCEPTED,Unique representative. Quality: usable,white_head_-12-_jpg.rf.c0eb19a950112224e33ad0abf4a49f08.jpg,119.83,usable,train
white_head_-13-_jpg.rf.c8d351cd9e1d5c3531981f72c92bf174.jpg,Whiteheads,ACCEPTED,Unique representative. Quality: usable,white_head_-13-_jpg.rf.c8d351cd9e1d5c3531981f72c92bf174.jpg,102.29,usable,train
white_head_-10-_jpg.rf.567824d1dd4f0f9db1a6c4e2750cb07d.jpg,Whiteheads,ACCEPTED,Unique representative. Quality: borderline,white_head_-10-_jpg.rf.567824d1dd4f0f9db1a6c4e2750cb07d.jpg,51.97,borderline,train
white_head_-4-_jpg.rf.3fca05123f275eabfbdbe012f4dbe85d.jpg,Whiteheads,ACCEPTED,Unique representative. Quality: usable,white_head_-4-_jpg.rf.3fca05123f275eabfbdbe012f4dbe85d.jpg,63.56,usable,train
white_head_-13-_jpg.rf.cbd788f4614776ab6cc119c6d65557be.jpg,Whiteheads,ACCEPTED,Unique representative. Quality: usable,white_head_-13-_jpg.rf.cbd788f4614776ab6cc119c6d65557be.jpg,74.49,usable,train
white_head_-2-_jpg.rf.8dda40532ee5fc6aff52d953257a1233.jpg,Whiteheads,ACCEPTED,Unique representative. Quality: usable,white_head_-2-_jpg.rf.8dda40532ee5fc6aff52d953257a1233.jpg,73.77,usable,train
white_head_-4-_jpg.rf.2ae762979460dd27015e22130d3a310f.jpg,Whiteheads,ACCEPTED,Unique representative. Quality: usable,white_head_-4-_jpg.rf.2ae762979460dd27015e22130d3a310f.jpg,63.79,usable,train
white_head_-5-_jpg.rf.f120c46b1eec7a852301e97628d061fc.jpg,Whiteheads,ACCEPTED,Unique representative. Quality: usable,white_head_-5-_jpg.rf.f120c46b1eec7a852301e97628d061fc.jpg,112.41,usable,train
white_head_-12-_jpg.rf.99eb07e962087b4d01aa78d98f51cf26.jpg,Whiteheads,ACCEPTED,Unique representative. Quality: usable,white_head_-12-_jpg.rf.99eb07e962087b4d01aa78d98f51cf26.jpg,143.36,usable,train
white_head_-9-_jpg.rf.ea59fcbd2ebd29c081d00ff1fa8fd5a4.jpg,Whiteheads,ACCEPTED,Unique representative. Quality: usable,white_head_-9-_jpg.rf.ea59fcbd2ebd29c081d00ff1fa8fd5a4.jpg,106.99,usable,train
white_head_-11-_jpg.rf.1ba160cf008f15d5485d3362afc1307a.jpg,Whiteheads,ACCEPTED,Unique representative. Quality: usable,white_head_-11-_jpg.rf.1ba160cf008f15d5485d3362afc1307a.jpg,109.45,usable,train
white_head_-2-_jpg.rf.8f3f810fc34c028bf22e73061594f79f.jpg,Whiteheads,ACCEPTED,Unique representative. Quality: borderline,white_head_-2-_jpg.rf.8f3f810fc34c028bf22e73061594f79f.jpg,50.79,borderline,train
white_head_-12-_jpg.rf.fde1e2ac81268256a5c2dfffb192e7b5.jpg,Whiteheads,ACCEPTED,Unique representative. Quality: high_quality,white_head_-12-_jpg.rf.fde1e2ac81268256a5c2dfffb192e7b5.jpg,178.62,high_quality,train
white_head_-6-_jpg.rf.1c8d6e73f3d071931b8bdc27785efe25.jpg,Whiteheads,ACCEPTED,Unique representative. Quality: usable,white_head_-6-_jpg.rf.1c8d6e73f3d071931b8bdc27785efe25.jpg,109.60,usable,train
white_head_-10-_jpg.rf.2202c3832895dbcf3d05761294d4e398.jpg,Whiteheads,ACCEPTED,Unique representative. Quality: usable,white_head_-10-_jpg.rf.2202c3832895dbcf3d05761294d4e398.jpg,96.78,usable,train
white_head_-1-_png_jpg.rf.12598fa6f50e5b6c4d74e28bd328366c.jpg,Whiteheads,ACCEPTED,Unique representative. Quality: borderline,white_head_-1-_png_jpg.rf.12598fa6f50e5b6c4d74e28bd328366c.jpg,35.51,borderline,train
white_head_-5-_jpg.rf.ce559c67d0030954be15ffda3654248d.jpg,Whiteheads,ACCEPTED,Unique representative. Quality: borderline,white_head_-5-_jpg.rf.ce559c67d0030954be15ffda3654248d.jpg,51.83,borderline,train
white_head_-13-_jpg.rf.b99ae2b0ca77b7ba81e9e898cf119f3d.jpg,Whiteheads,ACCEPTED,Unique representative. Quality: borderline,white_head_-13-_jpg.rf.b99ae2b0ca77b7ba81e9e898cf119f3d.jpg,29.21,borderline,train
white_head_-9-_jpg.rf.ff7b7f2a559746cdaf3486ea286394b3.jpg,Whiteheads,ACCEPTED,Unique representative. Quality: usable,white_head_-9-_jpg.rf.ff7b7f2a559746cdaf3486ea286394b3.jpg,68.76,usable,train
white_head_-1-_jpg.rf.0f824bd06e060ba5ae6d102a880ca471.jpg,Whiteheads,ACCEPTED,Unique representative. Quality: borderline,white_head_-1-_jpg.rf.0f824bd06e060ba5ae6d102a880ca471.jpg,50.81,borderline,train
white_head_-12-_jpg.rf.f4eda05614173e28fae8b5ac87b15c7c.jpg,Whiteheads,ACCEPTED,Unique representative. Quality: high_quality,white_head_-12-_jpg.rf.f4eda05614173e28fae8b5ac87b15c7c.jpg,156.10,high_quality,train
white_head_-3-_jpg.rf.089159cd8979fc3642fd34cc73e0f81d.jpg,Whiteheads,ACCEPTED,Unique representative. Quality: usable,white_head_-3-_jpg.rf.089159cd8979fc3642fd34cc73e0f81d.jpg,107.65,usable,train
white_head_-5-_jpg.rf.f788f3ced286231dd9da1c104fea5f0a.jpg,Whiteheads,ACCEPTED,Unique representative. Quality: usable,white_head_-5-_jpg.rf.f788f3ced286231dd9da1c104fea5f0a.jpg,70.74,usable,train
white_head_-2-_jpg.rf.a7061b3947fc940ba7a4c2852f8ea452.jpg,Whiteheads,ACCEPTED,Unique representative. Quality: usable,white_head_-2-_jpg.rf.a7061b3947fc940ba7a4c2852f8ea452.jpg,70.74,usable,train
white_head_-11-_jpg.rf.8fc22facd189052e91b01b319a47b89c.jpg,Whiteheads,ACCEPTED,Unique representative. Quality: borderline,white_head_-11-_jpg.rf.8fc22facd189052e91b01b319a47b89c.jpg,20.41,borderline,train
white_head_-15-_jpg.rf.5a07f5f2b35c69ec3b73babbdaaf49ef.jpg,Whiteheads,ACCEPTED,Unique representative. Quality: high_quality,white_head_-15-_jpg.rf.5a07f5f2b35c69ec3b73babbdaaf49ef.jpg,216.60,high_quality,train
white_head_-12-_jpg.rf.243d7a1aa171f47d4ebd74d2160ae251.jpg,Whiteheads,ACCEPTED,Unique representative. Quality: usable,white_head_-12-_jpg.rf.243d7a1aa171f47d4ebd74d2160ae251.jpg,60.63,usable,train
white_head_-14-_jpg.rf.446293d8f218c5becd0e1b10df6a1668.jpg,Whiteheads,ACCEPTED,Unique representative. Quality: usable,white_head_-14-_jpg.rf.446293d8f218c5becd0e1b10df6a1668.jpg,73.12,usable,train
white_head_-11-_jpg.rf.99d1da202d0f1191946bb1ee0602b52b.jpg,Whiteheads,ACCEPTED,Unique representative. Quality: usable,white_head_-11-_jpg.rf.99d1da202d0f1191946bb1ee0602b52b.jpg,91.06,usable,train
white_head_-5-_jpg.rf.ef24ccc97f432556bac072396a73004b.jpg,Whiteheads,ACCEPTED,Unique representative. Quality: borderline,white_head_-5-_jpg.rf.ef24ccc97f432556bac072396a73004b.jpg,21.68,borderline,train
white_head_-3-_jpg.rf.ae239cfd657d587bc08ee07fcbdb009d.jpg,Whiteheads,ACCEPTED,Unique representative. Quality: borderline,white_head_-3-_jpg.rf.ae239cfd657d587bc08ee07fcbdb009d.jpg,37.93,borderline,train
white_head_-1-_jpg.rf.0455db26fd75b9ed9dff76b34da7f90c.jpg,Whiteheads,ACCEPTED,Unique representative. Quality: borderline,white_head_-1-_jpg.rf.0455db26fd75b9ed9dff76b34da7f90c.jpg,49.90,borderline,train
white_head_-1-_jpg.rf.99f4d8ce0dfc477a0b0f656d6e46a5a0.jpg,Whiteheads,ACCEPTED,Unique representative. Quality: borderline,white_head_-1-_jpg.rf.99f4d8ce0dfc477a0b0f656d6e46a5a0.jpg,37.53,borderline,train
white_head_-1-_png_jpg.rf.932137c71ba5dfd3d8d8035b4d42c261.jpg,Whiteheads,ACCEPTED,Unique representative. Quality: borderline,white_head_-1-_png_jpg.rf.932137c71ba5dfd3d8d8035b4d42c261.jpg,20.93,borderline,train
white_head_-3-_png_jpg.rf.f1e36effdf04df2c97abf0f645657280.jpg,Whiteheads,ACCEPTED,Unique representative. Quality: usable,white_head_-3-_png_jpg.rf.f1e36effdf04df2c97abf0f645657280.jpg,70.39,usable,train
white_head_-9-_jpg.rf.344d7e18ea70ee4f365f35528fab0188.jpg,Whiteheads,ACCEPTED,Unique representative. Quality: borderline,white_head_-9-_jpg.rf.344d7e18ea70ee4f365f35528fab0188.jpg,46.89,borderline,train
white_head_-1-_png_jpg.rf.f790fea88f010ddab9f92d20df7de334.jpg,Whiteheads,ACCEPTED,Unique representative. Quality: usable,white_head_-1-_png_jpg.rf.f790fea88f010ddab9f92d20df7de334.jpg,69.83,usable,train
white_head_-13-_jpg.rf.6173cb2f411a6a15d444411ef9485716.jpg,Whiteheads,ACCEPTED,Unique representative. Quality: high_quality,white_head_-13-_jpg.rf.6173cb2f411a6a15d444411ef9485716.jpg,173.17,high_quality,train
white_head_-3-_jpg.rf.d2e53b261f57e10307bf5ab177c7bf45.jpg,Whiteheads,ACCEPTED,Unique representative. Quality: usable,white_head_-3-_jpg.rf.d2e53b261f57e10307bf5ab177c7bf45.jpg,64.33,usable,train
white_head_-2-_jpg.rf.380b5223ba7a0f66ee1da7109e1789c5.jpg,Whiteheads,ACCEPTED,Unique representative. Quality: borderline,white_head_-2-_jpg.rf.380b5223ba7a0f66ee1da7109e1789c5.jpg,33.61,borderline,train
white_head_-17-_jpg.rf.518159a2002467013ca4b2615d5ef911.jpg,Whiteheads,ACCEPTED,Unique representative. Quality: usable,white_head_-17-_jpg.rf.518159a2002467013ca4b2615d5ef911.jpg,73.18,usable,train
white_head_-4-_jpg.rf.720bd3ceb5ae46b22b8cd89e6e8c1738.jpg,Whiteheads,ACCEPTED,Unique representative. Quality: usable,white_head_-4-_jpg.rf.720bd3ceb5ae46b22b8cd89e6e8c1738.jpg,110.67,usable,valid
white_head_-4-_jpg.rf.47ff51b7e4cdac5c6dfe5cb156d2f701.jpg,Whiteheads,ACCEPTED,Unique representative. Quality: usable,white_head_-4-_jpg.rf.47ff51b7e4cdac5c6dfe5cb156d2f701.jpg,84.19,usable,valid
white_head_-10-_jpg.rf.a75867600435d8eb444349b61e56aa81.jpg,Whiteheads,ACCEPTED,Unique representative. Quality: usable,white_head_-10-_jpg.rf.a75867600435d8eb444349b61e56aa81.jpg,101.17,usable,valid
white_head_-4-_jpg.rf.73193f9b1730f38ad5933a5a99e35a99.jpg,Whiteheads,ACCEPTED,Unique representative. Quality: borderline,white_head_-4-_jpg.rf.73193f9b1730f38ad5933a5a99e35a99.jpg,23.14,borderline,valid
white_head_-6-_jpg.rf.6a1c72f26fd0bd4ae527816ab1af4284.jpg,Whiteheads,ACCEPTED,Unique representative. Quality: usable,white_head_-6-_jpg.rf.6a1c72f26fd0bd4ae527816ab1af4284.jpg,79.95,usable,valid
white_head_-5-_jpg.rf.3b1806f423354b1398a086eaa2c057de.jpg,Whiteheads,ACCEPTED,Unique representative. Quality: borderline,white_head_-5-_jpg.rf.3b1806f423354b1398a086eaa2c057de.jpg,56.60,borderline,valid
white_head_-3-_png_jpg.rf.8eea16826dc5b2f42dbd20e52eeb72f5.jpg,Whiteheads,ACCEPTED,Unique representative. Quality: usable,white_head_-3-_png_jpg.rf.8eea16826dc5b2f42dbd20e52eeb72f5.jpg,106.31,usable,valid
white_head_-12-_jpg.rf.ec4103a5c26f27446eb8a6d37603c901.jpg,Whiteheads,ACCEPTED,Unique representative. Quality: high_quality,white_head_-12-_jpg.rf.ec4103a5c26f27446eb8a6d37603c901.jpg,155.37,high_quality,valid
white_head_-13-_jpg.rf.d2a879e12c6bac895a6f90b21937fb97.jpg,Whiteheads,ACCEPTED,Unique representative. Quality: borderline,white_head_-13-_jpg.rf.d2a879e12c6bac895a6f90b21937fb97.jpg,26.86,borderline,valid
white_head_-6-_jpg.rf.264541b93eb71e582f2bb8a1388d10d6.jpg,Whiteheads,ACCEPTED,Unique representative. Quality: borderline,white_head_-6-_jpg.rf.264541b93eb71e582f2bb8a1388d10d6.jpg,36.88,borderline,valid
white_head_-1-_jpg.rf.3231f66e7047a1d4b6169d99064bc01b.jpg,Whiteheads,ACCEPTED,Unique representative. Quality: borderline,white_head_-1-_jpg.rf.3231f66e7047a1d4b6169d99064bc01b.jpg,48.31,borderline,valid
white_head_-10-_jpg.rf.ab28541a43e29406d22b9a8815472369.jpg,Whiteheads,ACCEPTED,Unique representative. Quality: usable,white_head_-10-_jpg.rf.ab28541a43e29406d22b9a8815472369.jpg,102.23,usable,valid
white_head_-5-_jpg.rf.f457734d002c6bcd1cb48a91e78379d5.jpg,Whiteheads,ACCEPTED,Unique representative. Quality: usable,white_head_-5-_jpg.rf.f457734d002c6bcd1cb48a91e78379d5.jpg,77.65,usable,valid
white_head_-11-_jpg.rf.f856e1edb32a2a2bdd91e5b75ab0f32d.jpg,Whiteheads,ACCEPTED,Unique representative. Quality: borderline,white_head_-11-_jpg.rf.f856e1edb32a2a2bdd91e5b75ab0f32d.jpg,20.05,borderline,valid
white_head_-13-_jpg.rf.e35cc8bf5e5a29212aceadac24f67100.jpg,Whiteheads,ACCEPTED,Unique representative. Quality: borderline,white_head_-13-_jpg.rf.e35cc8bf5e5a29212aceadac24f67100.jpg,55.93,borderline,valid
white_head_-16-_jpg.rf.2326813734868e55abdf99b1708466cc.jpg,Whiteheads,ACCEPTED,Unique representative. Quality: borderline,white_head_-16-_jpg.rf.2326813734868e55abdf99b1708466cc.jpg,17.95,borderline,valid
white_head_-6-_jpg.rf.86ba43a58a1ff5908fd74e76db102b7c.jpg,Whiteheads,ACCEPTED,Unique representative. Quality: borderline,white_head_-6-_jpg.rf.86ba43a58a1ff5908fd74e76db102b7c.jpg,36.22,borderline,valid
white_head_-10-_jpg.rf.696e28917aba3b2f685936562ad32823.jpg,Whiteheads,ACCEPTED,Unique representative. Quality: usable,white_head_-10-_jpg.rf.696e28917aba3b2f685936562ad32823.jpg,67.76,usable,valid
white_head_-13-_jpg.rf.ccd492de62f3ba637b199344a0d6890a.jpg,Whiteheads,ACCEPTED,Unique representative. Quality: borderline,white_head_-13-_jpg.rf.ccd492de62f3ba637b199344a0d6890a.jpg,21.45,borderline,valid
white_head_-10-_jpg.rf.20f9f57ce341b716f7c537983dc038d6.jpg,Whiteheads,ACCEPTED,Unique representative. Quality: borderline,white_head_-10-_jpg.rf.20f9f57ce341b716f7c537983dc038d6.jpg,46.36,borderline,valid
white_head_-1-_jpg.rf.243fe7361f7b0a1ffedd77c2ac9bf23c.jpg,Whiteheads,ACCEPTED,Unique representative. Quality: borderline,white_head_-1-_jpg.rf.243fe7361f7b0a1ffedd77c2ac9bf23c.jpg,35.26,borderline,test
white_head_-11-_jpg.rf.101c75a0715827b53067c68152d2719f.jpg,Whiteheads,ACCEPTED,Unique representative. Quality: high_quality,white_head_-11-_jpg.rf.101c75a0715827b53067c68152d2719f.jpg,233.34,high_quality,test
white_head_-12-_jpg.rf.18b921da59862252170d37af2bcee4bd.jpg,Whiteheads,ACCEPTED,Unique representative. Quality: high_quality,white_head_-12-_jpg.rf.18b921da59862252170d37af2bcee4bd.jpg,552.62,high_quality,test
white_head_-2-_jpg.rf.bd3f08954bac7cf413e4d61bfaf0e2f0.jpg,Whiteheads,ACCEPTED,Unique representative. Quality: borderline,white_head_-2-_jpg.rf.bd3f08954bac7cf413e4d61bfaf0e2f0.jpg,40.96,borderline,test
white_head_-3-_jpg.rf.c72cab750d1374d664a77bcdfc2197b5.jpg,Whiteheads,ACCEPTED,Unique representative. Quality: borderline,white_head_-3-_jpg.rf.c72cab750d1374d664a77bcdfc2197b5.jpg,15.40,borderline,test
white_head_-15-_jpg.rf.3ea891532d7a029abcb7205de275c631.jpg,Whiteheads,ACCEPTED,Unique representative. Quality: borderline,white_head_-15-_jpg.rf.3ea891532d7a029abcb7205de275c631.jpg,16.47,borderline,test
white_head_-10-_jpg.rf.75e47f7e8e5b4dea5c6c9a106a1e96d0.jpg,Whiteheads,ACCEPTED,Unique representative. Quality: borderline,white_head_-10-_jpg.rf.75e47f7e8e5b4dea5c6c9a106a1e96d0.jpg,25.66,borderline,test
white_head_-3-_png_jpg.rf.b981806f88f96476add44a008b7646d3.jpg,Whiteheads,ACCEPTED,Unique representative. Quality: usable,white_head_-3-_png_jpg.rf.b981806f88f96476add44a008b7646d3.jpg,118.69,usable,test
white_head_-3-_jpg.rf.c3ff295749f11cbe1e8afb98f56bfb96.jpg,Whiteheads,ACCEPTED,Unique representative. Quality: borderline,white_head_-3-_jpg.rf.c3ff295749f11cbe1e8afb98f56bfb96.jpg,15.49,borderline,test
white_head_-3-_jpg.rf.ee7901f294c88e00da167c95710eb07f.jpg,Whiteheads,ACCEPTED,Unique representative. Quality: usable,white_head_-3-_jpg.rf.ee7901f294c88e00da167c95710eb07f.jpg,95.10,usable,test
white_head_-3-_jpg.rf.f1d809686c3c335717108945c5cdd7a1.jpg,Whiteheads,ACCEPTED,Unique representative. Quality: usable,white_head_-3-_jpg.rf.f1d809686c3c335717108945c5cdd7a1.jpg,98.51,usable,test
white_head_-4-_jpg.rf.7ace221e33192dba470648bdd91f72ab.jpg,Whiteheads,ACCEPTED,Unique representative. Quality: usable,white_head_-4-_jpg.rf.7ace221e33192dba470648bdd91f72ab.jpg,83.38,usable,test
white_head_-2-_jpg.rf.aa3def8bef80a30b75f8a3894ee769f7.jpg,Whiteheads,ACCEPTED,Unique representative. Quality: usable,white_head_-2-_jpg.rf.aa3def8bef80a30b75f8a3894ee769f7.jpg,74.68,usable,test
white_head_-12-_jpg.rf.e51ba861d11e4ee372d35aed4ab596a8.jpg,Whiteheads,ACCEPTED,Unique representative. Quality: borderline,white_head_-12-_jpg.rf.e51ba861d11e4ee372d35aed4ab596a8.jpg,19.87,borderline,test
white_head_-5-_jpg.rf.10eb3e8677d557fdbeffa6493218870d.jpg,Whiteheads,ACCEPTED,Unique representative. Quality: usable,white_head_-5-_jpg.rf.10eb3e8677d557fdbeffa6493218870d.jpg,80.00,usable,test
white_head_-11-_jpg.rf.29daf47efb3fc12b5ec75446c8a290a0.jpg,Whiteheads,ACCEPTED,Unique representative. Quality: usable,white_head_-11-_jpg.rf.29daf47efb3fc12b5ec75446c8a290a0.jpg,74.55,usable,test
white_head_-4-_jpg.rf.296b9a4eb9e511c890d77b2583b7ae55.jpg,Whiteheads,ACCEPTED,Unique representative. Quality: usable,white_head_-4-_jpg.rf.296b9a4eb9e511c890d77b2583b7ae55.jpg,95.45,usable,test
white_head_-3-_jpg.rf.56c045c5e320d942e652c60c0158dca8.jpg,Whiteheads,ACCEPTED,Unique representative. Quality: borderline,white_head_-3-_jpg.rf.56c045c5e320d942e652c60c0158dca8.jpg,15.25,borderline,test
white_head_-1-_png_jpg.rf.3f09443f8db15dfd2a951ae88a67e4b7.jpg,Whiteheads,ACCEPTED,Unique representative. Quality: usable,white_head_-1-_png_jpg.rf.3f09443f8db15dfd2a951ae88a67e4b7.jpg,98.76,usable,test
white_head_-3-_png_jpg.rf.c1349ddb891721a6110fdb60050a9f7b.jpg,Whiteheads,ACCEPTED,Unique representative. Quality: usable,white_head_-3-_png_jpg.rf.c1349ddb891721a6110fdb60050a9f7b.jpg,121.96,usable,test
white_head_-14-_jpg.rf.9b8ba13d5d052b2689c2ff465438effd.jpg,Whiteheads,ACCEPTED,Unique representative. Quality: borderline,white_head_-14-_jpg.rf.9b8ba13d5d052b2689c2ff465438effd.jpg,19.26,borderline,test
