file_path,sha256
datasets/skin/acne/final/detection/data.yaml,169513f8f932219f42e6827fa06031679bbf0045e702ffe9f4073586ed635407
datasets/skin/acne/final/detection/test/images/kurnaz_000443.jpg,bdecb747aad59bd7bc506bc8c059db74ef6bc02ab14bf37060b34151898d1596
datasets/skin/acne/final/detection/test/images/kurnaz_000444.jpg,b053a116cbca56381875c1d8e1a0a3f31f99a9081c69e174db05f597a02462f2
datasets/skin/acne/final/detection/test/images/kurnaz_000445.jpg,be01219ad9c3af76b212496f3ce7d975521586f3c24ae4234bfab9bc36cb35b9
datasets/skin/acne/final/detection/test/images/kurnaz_000446.jpg,220b39f0a63a6df6dcad20bd12179b122240029e71224c1ebbc2fb3b96646a32
datasets/skin/acne/final/detection/test/images/kurnaz_000447.jpg,967ecaf016658464f846902a30441f1862a49bbc07f47074984646b2636f0088
datasets/skin/acne/final/detection/test/images/kurnaz_000448.jpg,f879344f85d9af1c644c43503ff09810e051eda565ddb1e05a404fbf4e7b1861
datasets/skin/acne/final/detection/test/images/kurnaz_000449.jpg,31e44778ce9cfd1f0d4a0d93465b6d9d08236d74d831e96ea0179f34e08f5441
datasets/skin/acne/final/detection/test/images/kurnaz_000450.jpg,0dd46f293f4fad6039bba117556722fb0b32e0045f4e25ecb55916e340f856cd
datasets/skin/acne/final/detection/test/images/kurnaz_000451.jpg,41a1e9b19c549cd279e1a52802dcc40369172bedf583b5f4cc4e61c2737ba8c7
datasets/skin/acne/final/detection/test/images/kurnaz_000452.jpg,d695b29e1cfb1587f52c0f473436b0e270557054d6dd9d3b2523dd85f5abe822
datasets/skin/acne/final/detection/test/images/kurnaz_000453.jpg,60af7f8c08185b6607aede225cf7ee3ac12ef972ab51abb21535da990c3abf90
datasets/skin/acne/final/detection/test/images/kurnaz_000454.jpg,78cfb783aeb95e3f2cf31e1a54a7be255887edb15185aa35ae5baf9613970180
datasets/skin/acne/final/detection/test/images/kurnaz_000455.jpg,71555497861ba546bf743ceed9b666f630f14fc4daae6b2a0e78c877d485d27f
datasets/skin/acne/final/detection/test/images/kurnaz_000456.jpg,de0751ade9ed929935fa5bb85da1ef3da3aa690c97580a0967c4986ae3be2ce7
datasets/skin/acne/final/detection/test/images/kurnaz_000457.jpg,341ec1d41ca0e78284e918ca8fcd9857390dc6f9b6e386c3ae6afe5970a5f46c
datasets/skin/acne/final/detection/test/images/kurnaz_000458.jpg,d2ecfe55e497bdda3bbb9e1271ddeb812f0525d839465fa2c89adbf695261fcf
datasets/skin/acne/final/detection/test/images/kurnaz_000459.jpg,c8b86323646cf1a32ed6c772e8225511dd9e2c2e78ce34975a8925683be76fd0
datasets/skin/acne/final/detection/test/images/kurnaz_000460.jpg,c2a5ef704378a1450d8c72a7b6b31a4ab24f201959a158b3f625485550ca6db6
datasets/skin/acne/final/detection/test/images/kurnaz_000461.jpg,ffc8a1034f7b542186eff3ae11c848649825382c3ea506fab2b77a3ee48d56ed
datasets/skin/acne/final/detection/test/images/kurnaz_000462.jpg,93ff9f3d382170aa751467a1ea3bad1f2e1d0cac39e75fee117a2cbce14ff8a9
datasets/skin/acne/final/detection/test/images/kurnaz_000463.jpg,cb523ae13a62344d56f03b79edd1a0994abce1592f67be86f8020bd9b258a2d9
datasets/skin/acne/final/detection/test/images/kurnaz_000464.jpg,b17a3b285edcbb5947cc2c32a2f8d2aa620fdd7b87172fccbb1a2842a64fa129
datasets/skin/acne/final/detection/test/images/kurnaz_000465.jpg,c8edaba29c78e8b129ca139b9f9bf5d4575541f88bded7caaee5fa9bb3f53611
datasets/skin/acne/final/detection/test/images/kurnaz_000466.jpg,f204c7c72b615b5f396dc5003a394d610a7298b89be7ac54cee802f52bdb924d
datasets/skin/acne/final/detection/test/images/kurnaz_000467.jpg,09bf587980dff0650f15bf444701a16c0bb598723ab4c1d04cee561750e8d164
datasets/skin/acne/final/detection/test/images/kurnaz_000468.jpg,6ff291f5e40a38d2c90f70259acfe7e6fc4b2ee37a40b4902cda10e807f29dc6
datasets/skin/acne/final/detection/test/images/kurnaz_000469.jpg,99206e621735efd62d29cea9e00cd84ef221b3cc712db6848297c759246c50e3
datasets/skin/acne/final/detection/test/images/kurnaz_000470.jpg,b5a188dc0c5562c9f7751309ba3cbf43878c0a5bd38957b673399d4246d0e27c
datasets/skin/acne/final/detection/test/images/kurnaz_000471.jpg,51f298bbfa5da75bb1a455b936b5c1b6eeda93a1cd7b51a1a187ce51ae95c721
datasets/skin/acne/final/detection/test/images/kurnaz_000472.jpg,d9473738752932c4531b282b6f6e7f4004fda7d0b567886694b7dbc54f809131
datasets/skin/acne/final/detection/test/images/kurnaz_000473.jpg,0e83fb194d85df009957c4c0bc8c38bae0f5c9db53b47c48220f866824361bed
datasets/skin/acne/final/detection/test/images/kurnaz_000474.jpg,32ff60c5fb8e93fe126bfdf5a07730bb0dbe2048f2f5ee9f7930c6f502a21cba
datasets/skin/acne/final/detection/test/images/kurnaz_000475.jpg,835eb9313c87570d5657567b1f95b02687bd151145a4b083a4fcbe85950777a7
datasets/skin/acne/final/detection/test/images/kurnaz_000476.jpg,8e2fbaa9d33b6857ff4bd151e4e6e96916aa8f8d81583facb09340eeb72b926d
datasets/skin/acne/final/detection/test/images/kurnaz_000477.jpg,0ab5b32962aa25a02ded23d540f4693ce0dcef34c73f0e673145e613a5f5db58
datasets/skin/acne/final/detection/test/images/kurnaz_000478.jpg,a72488cd21101dc8fc657885803f1ae830b1ea2199b8b0f8f912f469d3a4cf0c
datasets/skin/acne/final/detection/test/images/kurnaz_000479.jpg,baceb6018be0bf9394e511b9053bf9d69f84653f3388601180720c2900d8c682
datasets/skin/acne/final/detection/test/images/kurnaz_000480.jpg,992943d88d3885bbeb5fe98c515c62454d2a1902709b00aeef0e0b60260625b8
datasets/skin/acne/final/detection/test/images/kurnaz_000481.jpg,2ecf0488a0d71775db4bbd03c5e348cf74a079baafef0ef3510fc945c5911a32
datasets/skin/acne/final/detection/test/images/kurnaz_000482.jpg,e74a7c58552da3fec5f03ecf257268336757b4e68b7c3e9df2a9d8eb8b6dde3b
datasets/skin/acne/final/detection/test/images/kurnaz_000483.jpg,c70f1330e32f6fa32d57e518d13627010a1a731a6d39075c3d8a9d19694880bf
datasets/skin/acne/final/detection/test/images/kurnaz_000484.jpg,f9f42de6c0d7b4d842b6649d6f68f7dee19ba03060006d9eed8d865b08572ea8
datasets/skin/acne/final/detection/test/images/kurnaz_000485.jpg,f4deef00fb5bb176a30e4e5c4d3439e8ec3e5bbfd8d32a799838657dd50a05e7
datasets/skin/acne/final/detection/test/images/kurnaz_000486.jpg,f62e121c2899991e18b9b697076d4f9a6b44befe91ab3d017f4bc29c0d718b05
datasets/skin/acne/final/detection/test/images/kurnaz_000487.jpg,ab8d915aa11d7c08b75280d174594ca7660aba751bb6e4ab7ef2204c39d1a159
datasets/skin/acne/final/detection/test/images/kurnaz_000488.jpg,ab1bd506187bb8d88fff3a872fb026bd57c1f1dca3786c34da5047d9f78863f3
datasets/skin/acne/final/detection/test/images/kurnaz_000489.jpg,5be8261973cbb9ded8556ffa40c00bcb531d327d158ce3b06202ce83fd1c7f63
datasets/skin/acne/final/detection/test/images/kurnaz_000490.jpg,45dbd2627019b371a8b31a495de355d3bf45b6d37fdbe48a755ebb0fef3676d4
datasets/skin/acne/final/detection/test/images/kurnaz_000491.jpg,c078dc71c46e7952994f6fde4ec7bd7d95452889c6e4a8478da27543f8ab64bc
datasets/skin/acne/final/detection/test/images/kurnaz_000492.jpg,3080c09b6b6878394abb4cdc1b892f36c12366f7577c84290bf83e50461c588a
datasets/skin/acne/final/detection/test/images/kurnaz_000493.jpg,31e8cfcc382e700a8aea32410ce3b8b0ac4bda4f2e8a374993fe7cc30950dafb
datasets/skin/acne/final/detection/test/images/kurnaz_000494.jpg,44bc094440953270944dd03d2ec9df5182d7a9c9cb23b4ea619849a5fb41a277
datasets/skin/acne/final/detection/test/images/kurnaz_000495.jpg,a5cb7442e538168e71858b77cccadcba1af9abfe311a28effb8a90aeb35e15f5
datasets/skin/acne/final/detection/test/images/kurnaz_000496.jpg,ebe604fa6aff277f5f2b07908c567e9adba7916d8aa33816572ec8eb8c47291b
datasets/skin/acne/final/detection/test/images/kurnaz_000497.jpg,3b4a982628f419593cf9043da3c772696b8a5051454b14ed17f70fad00dc7a94
datasets/skin/acne/final/detection/test/images/kurnaz_000498.jpg,e1fb775fdfcbc1b64bcd8b427a9c19e83f8fe9a48b92ae8e63bdafb63926fadb
datasets/skin/acne/final/detection/test/images/kurnaz_000499.jpg,ca27c1dbac50c6d6398d9537ae5ce333795e323726986b26930c48b3c8dfeb62
datasets/skin/acne/final/detection/test/images/kurnaz_000500.jpg,d3a09ae682f216483cd8c93f9ad8688b87edc7d619635107de05bc60ca3eb33c
datasets/skin/acne/final/detection/test/images/kurnaz_000501.jpg,44d43023cd74d056588d27131b623be024ad6c66c468be4d629568d28270c53c
datasets/skin/acne/final/detection/test/images/kurnaz_000502.jpg,2c1fa993d6713de3e15c47f185f31bd046d4eb3c0fb32512a490b01ad420b4b5
datasets/skin/acne/final/detection/test/images/kurnaz_000503.jpg,f29b102d687c07bfc4459547be36f35c83067b57d7881cccd5a5a01e89bc987d
datasets/skin/acne/final/detection/test/images/kurnaz_000504.jpg,f6e829804c11e81dc7da4ce7a6d1a4f6f08e07de683e5126f97d7fd066d740c5
datasets/skin/acne/final/detection/test/images/kurnaz_000505.jpg,9e300f1d30c994628c32413d6fdd1be3cf2a36eb1e099806769e6572113fd6c8
datasets/skin/acne/final/detection/test/images/kurnaz_000506.jpg,eb3053a9750795054d9c5f5b63d12a829920aa3ff41c329075c2b149a1a8f75a
datasets/skin/acne/final/detection/test/images/kurnaz_000507.jpg,e9443b24cec7b66488ad00550f69f4401f5aa336b5425d113734b1dd45d34564
datasets/skin/acne/final/detection/test/images/kurnaz_000508.jpg,48b7c1fc0ef5352244219f7b1dce7862889a4172b57d83502976a4a560f09229
datasets/skin/acne/final/detection/test/images/kurnaz_000509.jpg,e7b4604bb30eab2a7419ae0897692f7affbb40d6dad34fdc1fa011427893e900
datasets/skin/acne/final/detection/test/images/kurnaz_000510.jpg,668a0b8bddf3233b34d1c02cd5d1981d34b2ad686cb0e63d229911e522b14cf1
datasets/skin/acne/final/detection/test/images/kurnaz_000511.jpg,f1dcf9179c04b5cf438a118a85cb458ee4b54d631e6a31948156ae1f6b094ac2
datasets/skin/acne/final/detection/test/images/kurnaz_000512.jpg,a7429d1375532f4907bcd1b7769e4e2aea3fe8f83866b26c6a88e1614ea4b337
datasets/skin/acne/final/detection/test/images/kurnaz_000513.jpg,6cdd8163ec10bb23688d1a796d0c193d0cd2b10001ae2e42446b8270e7534859
datasets/skin/acne/final/detection/test/images/kurnaz_000514.jpg,e1826de135887dd001f24ea4d811a4b11c834d9db5cdfdede3931b3a55ef7779
datasets/skin/acne/final/detection/test/images/kurnaz_000515.jpg,c791f0ebcf29f7c24ef8fc22d754eaa3a0e515cae4a071a18ecc36750a19c4a4
datasets/skin/acne/final/detection/test/images/kurnaz_000516.jpg,dc7b4887f6896e3efc5147e3514c019c4341844d40434e5137812e588b9b257f
datasets/skin/acne/final/detection/test/images/kurnaz_000517.jpg,00a65744cb5e37b24d154e0a3a5cd48b7f207beb878694823349ed999629645d
datasets/skin/acne/final/detection/test/images/kurnaz_000518.jpg,38f54ebda3007c8ac9e4f7cf77cc931ed1392bedc4212a372478dfa7aad83923
datasets/skin/acne/final/detection/test/images/kurnaz_000519.jpg,fe6dcbcc2885f7ce572f9c82f7e03088f359773851f848d18911212c46bee37f
datasets/skin/acne/final/detection/test/images/kurnaz_000520.jpg,22a4bd29f2c793adadd1b0f7c9cd1325d7483b803d7b4081d54d7f618f387038
datasets/skin/acne/final/detection/test/labels/kurnaz_000443.txt,3e9f66460ad6f06c734dfc96137f0a6caaee71209d65878abd90c14a8f6f55ce
datasets/skin/acne/final/detection/test/labels/kurnaz_000444.txt,b391e0eea6386acf578534a8701980b300d1b19ef221c9b874817c3498967002
datasets/skin/acne/final/detection/test/labels/kurnaz_000445.txt,63aec55b0d51b4b7b96d08bc7059e0f04ada9986c0133f2dc4cf4cf33c11dac4
datasets/skin/acne/final/detection/test/labels/kurnaz_000446.txt,67968eca51f1ab5998350f7b7531feee2aab0a4d665f47b7a564257c6a9db635
datasets/skin/acne/final/detection/test/labels/kurnaz_000447.txt,80e5785ab344080540a70c144f8f960c9298802a204447356df6089cca83a8ff
datasets/skin/acne/final/detection/test/labels/kurnaz_000448.txt,f5db592b3cd37881cf7f68d8120aecf206bcadcc4b7c2594bc6595995320de66
datasets/skin/acne/final/detection/test/labels/kurnaz_000449.txt,78c4cef864dc9dbf6a08737b335d3f125cbbd99f020f7f61b8e38870fa4ce4f3
datasets/skin/acne/final/detection/test/labels/kurnaz_000450.txt,7e50376f0f2db0bfcc05a31db5b360fdc9aa42f95b8cc631149a22c797a058bf
datasets/skin/acne/final/detection/test/labels/kurnaz_000451.txt,75be0897cd6bcbfe93b0603dee702e25dfc9a1145df77c7e3b002704db21918c
datasets/skin/acne/final/detection/test/labels/kurnaz_000452.txt,76b067e9d0c82881be2a578f24d7d47cb9a649a3cfe3a9b56bbb8946233631e9
datasets/skin/acne/final/detection/test/labels/kurnaz_000453.txt,60f69c861623bddf1d562801badb3e50f92d032ccb26951202f0a8bcba1445df
datasets/skin/acne/final/detection/test/labels/kurnaz_000454.txt,11d74580f953f1afa5e18d2f195ae054e20d094782043e772a5e90f57937c92d
datasets/skin/acne/final/detection/test/labels/kurnaz_000455.txt,4ec69cbff1866f256e632b9e5516c763c98845a8770e2b30143f46f9767ace7a
datasets/skin/acne/final/detection/test/labels/kurnaz_000456.txt,73606d7448bad4a24ea9fdc7f52c360e6647ebad8977aabfe224575521ac6bbe
datasets/skin/acne/final/detection/test/labels/kurnaz_000457.txt,20c4997601b0e632bf00bedf765047b6866ab125e0c6d96df1111978b1351ede
datasets/skin/acne/final/detection/test/labels/kurnaz_000458.txt,4300759572e5d8239511cac1a84caa78a35324ed7f5b280788de6f9a260d4617
datasets/skin/acne/final/detection/test/labels/kurnaz_000459.txt,24852f0e6b76b9a65f6fc41479d5a42f3d512eabaa0d40e8757cfd665846ed73
datasets/skin/acne/final/detection/test/labels/kurnaz_000460.txt,050fe349be3672980ddd9801302b6fd9bcfec53a5398d20dab4318376d146edc
datasets/skin/acne/final/detection/test/labels/kurnaz_000461.txt,1a8c43c44b558c6855205de5571ae6228bcbc7d8473bdabaf43a3d2f7c3fc4ae
datasets/skin/acne/final/detection/test/labels/kurnaz_000462.txt,99cbc6b9152f908444672523642a952f54ef4128aedfdc0424c1882e9c1d4b2c
datasets/skin/acne/final/detection/test/labels/kurnaz_000463.txt,47c697284adf1b817cc9a27639a1e4d3f88fb30d457ebc2255a7cfc21afbd79f
datasets/skin/acne/final/detection/test/labels/kurnaz_000464.txt,de982a65ada8be1eddca8016ed652388562b2521340decad1903a5dc194804e6
datasets/skin/acne/final/detection/test/labels/kurnaz_000465.txt,a89892f1097a6c9eb8ece3ed7a56ebec58ea50b760ce75c3512cf5d4a8fdd0ad
datasets/skin/acne/final/detection/test/labels/kurnaz_000466.txt,de191bd3272d6fd819132fa6e229a20cb3b54cb230fc02b1306622a26ee63f3c
datasets/skin/acne/final/detection/test/labels/kurnaz_000467.txt,eff056acdaee090f4d6928e237091540734792393feb6283f90ebe3ff1cae114
datasets/skin/acne/final/detection/test/labels/kurnaz_000468.txt,4d212c50a4738c697f9b2aab7388db7628604e1c1974ece018b249383b7ce24d
datasets/skin/acne/final/detection/test/labels/kurnaz_000469.txt,4c6591f0d4db8b50ac646d3c92c4592bbbdd84b5fb5996bd564499648158fd91
datasets/skin/acne/final/detection/test/labels/kurnaz_000470.txt,b0e832da0d9e2857ff54bcc62bcfff874c8f643c4f9a59027a8e2a2ea8c62fe6
datasets/skin/acne/final/detection/test/labels/kurnaz_000471.txt,967d6751da254cc0f57d68035efe2643b9e707f178ed9ca91305ad910707274b
datasets/skin/acne/final/detection/test/labels/kurnaz_000472.txt,3b5528e70a2ca9f0b408f51ac51ca98846a8c418d2712a046c489d87e6f78464
datasets/skin/acne/final/detection/test/labels/kurnaz_000473.txt,0f0b4f714d518309b98e19376f67a363061e854a5912f3df281a339c2592c09a
datasets/skin/acne/final/detection/test/labels/kurnaz_000474.txt,495bca3ce8b78a40099563a389e366fa7853158f78196f59cc2ccd8c2d0ad1fe
datasets/skin/acne/final/detection/test/labels/kurnaz_000475.txt,f5ac42872724297540eee4cdc6d7bb879ea2425ed9a2c0f1687e0d68183ddbf9
datasets/skin/acne/final/detection/test/labels/kurnaz_000476.txt,baf5adef7009b8b9e298a17a1b2c0ff8589ee26e8bbc191bb1830b2c9a544ccb
datasets/skin/acne/final/detection/test/labels/kurnaz_000477.txt,df532e03cc9275673667b30c27085bb885294a7397f33bcda144243c35e2b263
datasets/skin/acne/final/detection/test/labels/kurnaz_000478.txt,0a2084d86f25d55ebd4824f9fbd3438881bc33acbb77c2178b306a86dddb47cd
datasets/skin/acne/final/detection/test/labels/kurnaz_000479.txt,b45c96ea15de5cbd415a91a3d30ab1767d8425d1e089d7eda17be7e7d47bd5bd
datasets/skin/acne/final/detection/test/labels/kurnaz_000480.txt,e3b0c44298fc1c149afbf4c8996fb92427ae41e4649b934ca495991b7852b855
datasets/skin/acne/final/detection/test/labels/kurnaz_000481.txt,878400245520511126f765eb61811c8f20119cbcec33b554710a9eb28e46ba1e
datasets/skin/acne/final/detection/test/labels/kurnaz_000482.txt,b73949193c5ac50f781b04281fa9dc9b8426bbc496336044db2d1fed8c8f2df2
datasets/skin/acne/final/detection/test/labels/kurnaz_000483.txt,6bd6d2151c3548b3e09c1dd07528ea1a41a03e17afc797d4e2c00f333b216c4c
datasets/skin/acne/final/detection/test/labels/kurnaz_000484.txt,6649631b6da2a329babb57842dc587e22086317ef378373182fe32c327824453
datasets/skin/acne/final/detection/test/labels/kurnaz_000485.txt,ca9975bcaa13e91d84e787c470fd8aece618ec919e06c2f0fd7f8e8ad4707f46
datasets/skin/acne/final/detection/test/labels/kurnaz_000486.txt,0f5a97ad4c6c5bf771c9c4b4adefbe5590f5d0543e80669a9b0d5c9a75ea6647
datasets/skin/acne/final/detection/test/labels/kurnaz_000487.txt,75bdcb9593db3f79de4b655a4ff95e8d6d574f24206af4eabbfd8a022db55208
datasets/skin/acne/final/detection/test/labels/kurnaz_000488.txt,53ae30074ab72b92913eeb99abc52003ed157c99b13dc6c8ac9f1a76eb148f69
datasets/skin/acne/final/detection/test/labels/kurnaz_000489.txt,6a00722a6ec1385d7c0881f76dea8feed1718d87ba776203cfbc639d402b0e5f
datasets/skin/acne/final/detection/test/labels/kurnaz_000490.txt,73527ac0525e262f0edd9fea4ac797c6165087ccaf45bf4840c24bb8b9f6aa5e
datasets/skin/acne/final/detection/test/labels/kurnaz_000491.txt,e26446b6fb659316ebd607d26777370a8dae9c3837fa48eb29c151427d1a941e
datasets/skin/acne/final/detection/test/labels/kurnaz_000492.txt,86d838981f180efd123350b641b3f0e71e52db8b287f5462c6253b9acd8c81c0
datasets/skin/acne/final/detection/test/labels/kurnaz_000493.txt,560502aaeb05acb01fda39c3e0820d78c0e7da40ff6fddd5527619c206f540ee
datasets/skin/acne/final/detection/test/labels/kurnaz_000494.txt,06e1386e5c10a3780f1f956b17292d2c03d7c385bc3e51070ce823cf6f8d3387
datasets/skin/acne/final/detection/test/labels/kurnaz_000495.txt,1caf8c53342e1e6f8d7a53c49d9286bfe90795c1399c7402fb9b12f619991916
datasets/skin/acne/final/detection/test/labels/kurnaz_000496.txt,c149c51972b3cb27d8bbef5c0c08a0fc83c362a8f62408269587541f220b6092
datasets/skin/acne/final/detection/test/labels/kurnaz_000497.txt,37aa038de7be5d4eb8792d3adddcf00b172a7d8ed3a3d98d0d115edcfa903cb7
datasets/skin/acne/final/detection/test/labels/kurnaz_000498.txt,b4b4547af4d57e36911d073addff79ed819aec05491a80c9d92f618f146661e2
datasets/skin/acne/final/detection/test/labels/kurnaz_000499.txt,c44b4ba31bef868fa9f74ab7da5d83f432f8358d5f4de780784c75aac2a3d49f
datasets/skin/acne/final/detection/test/labels/kurnaz_000500.txt,8933c89a1e9649bb051efadeee30aec28073d7f02493ae3be7edb7600d94d8d9
datasets/skin/acne/final/detection/test/labels/kurnaz_000501.txt,d8dd1ede6d29cb38f295fee3f915cfb6f6871dafa8bbbc9341c0ec15a9b1a332
datasets/skin/acne/final/detection/test/labels/kurnaz_000502.txt,9112fce6144f139f5d88ccbb058b47fb8541bf13666f4f867fdd96470927b436
datasets/skin/acne/final/detection/test/labels/kurnaz_000503.txt,8720011de23c69d0b9c3aadf3b55f3248e57e1f9887e32cdce907b2653b2c31e
datasets/skin/acne/final/detection/test/labels/kurnaz_000504.txt,f2bcdfbb36a03c8be2908b059b7cde6d57f278d6ef075548ff2d11153dc2f270
datasets/skin/acne/final/detection/test/labels/kurnaz_000505.txt,1185ff8487c1530fe753c54e9dc70e3985d1f046098776b93cb3fe0e90a09514
datasets/skin/acne/final/detection/test/labels/kurnaz_000506.txt,ab956e7246c32dcaae3ff94d8f2bb65c8d54be38ec45ba41a8286cdd63591bb3
datasets/skin/acne/final/detection/test/labels/kurnaz_000507.txt,357fb584915c64088840b141edcbebac17a917ad55200cba34a423d9552e9290
datasets/skin/acne/final/detection/test/labels/kurnaz_000508.txt,99cb753693e1323b5fddc038b434edbd0efa26eedadab0099936fc02aac59c22
datasets/skin/acne/final/detection/test/labels/kurnaz_000509.txt,92a09ed21f5db8dd72d1094bbee133a417a4f9dd0fb67647150c0848fe31944c
datasets/skin/acne/final/detection/test/labels/kurnaz_000510.txt,ef60b89e4fac6065d4aeff09ca9326f4c455dd30a658054ae70fc2885a70da72
datasets/skin/acne/final/detection/test/labels/kurnaz_000511.txt,7519bb4732906f21a53fa761d570b4b69792d5c95c2ab2ce2aa3cd64fc91e713
datasets/skin/acne/final/detection/test/labels/kurnaz_000512.txt,44894b3b83ee9e2719d7090f5498caba4869d38e8a18aa538a8d3788c0c44657
datasets/skin/acne/final/detection/test/labels/kurnaz_000513.txt,9a5ae7e6374b06e190b57159f96ee5bc0cab306c06bc14dad9a00a07155202fe
datasets/skin/acne/final/detection/test/labels/kurnaz_000514.txt,ef3b34c3b27f22fe1b2379cfe530c04836f378e7e28e3fd4cbdebd9353682dc8
datasets/skin/acne/final/detection/test/labels/kurnaz_000515.txt,f71aaa1fd435ecc0cc06afa938991c074788d0327fb8fe6040750cb3b0af02c6
datasets/skin/acne/final/detection/test/labels/kurnaz_000516.txt,483d7b5bd63882064077e074718c110fb7aa71931b121bc772e4e0935896c6cb
datasets/skin/acne/final/detection/test/labels/kurnaz_000517.txt,3509a91440f722b71aad05909d3ab25be3d5eae283b7c2901ad83f2df77b7e31
datasets/skin/acne/final/detection/test/labels/kurnaz_000518.txt,7c0c5ad7cdba302fe87a3c4b0489a2e5b15e7a0b3ebbacaffdadcdb68a91e06e
datasets/skin/acne/final/detection/test/labels/kurnaz_000519.txt,358ed6a540a37a7d120fb3f43c3d3e3f0ca1f3594a90a98fdaa5156d7f323b04
datasets/skin/acne/final/detection/test/labels/kurnaz_000520.txt,790807bb715ee1d6127ff61d9a81dcef52c982f0da52db145120ba0ae3ce5411
datasets/skin/acne/final/detection/train/images/kurnaz_000001.jpg,2e7fbf8634f2dee1a547dcaa5512af3f93f5f3fe2465a2562ad3af99c6654adf
datasets/skin/acne/final/detection/train/images/kurnaz_000002.jpg,4c8ac7016e445b2626068621aa3e4a6395f9b5b112f0473384d0a0af1eee515e
datasets/skin/acne/final/detection/train/images/kurnaz_000003.jpg,fb5d028853c0e0ab9865162b34b54edfd3b39869211f0516d14f1554bf9aec3d
datasets/skin/acne/final/detection/train/images/kurnaz_000004.jpg,cb56a5aca3a3d79f4b4c26ebdf5a1d3e5977f70ede1aa2c60fbd7db852eb5614
datasets/skin/acne/final/detection/train/images/kurnaz_000005.jpg,060c744568c625010199a778f1406276beccdacb5cdb59165950756f68bc5209
datasets/skin/acne/final/detection/train/images/kurnaz_000006.jpg,6e47474aa1029079fdd0b313b5fb2da5fa9a5de22861b389f7d6828ba164fb3b
datasets/skin/acne/final/detection/train/images/kurnaz_000007.jpg,9bf39b9883b36f06db016fe80f7a5f3c3fae4efca7bc0071bbd9833dac0d5bea
datasets/skin/acne/final/detection/train/images/kurnaz_000008.jpg,6a0296eadc89b525df07a833cb14279699999436f3e7fd50bc3b8280cbccb288
datasets/skin/acne/final/detection/train/images/kurnaz_000009.jpg,fa361362b2d95735a6b5894fd5f58c9ac416047bea0162c046b561f781c330ee
datasets/skin/acne/final/detection/train/images/kurnaz_000010.jpg,3d973429d2f5302c6e0ee45dc639a3d8555e2d5a66ba1a11eac44d057615450f
datasets/skin/acne/final/detection/train/images/kurnaz_000011.jpg,97cde4c72538ee7b73c3047194c37bc39d369e6b9225f61ec96bbf65c61bcc87
datasets/skin/acne/final/detection/train/images/kurnaz_000012.jpg,9c614f51e5775ed9c3fbd6a2875897f7ae82a1273ff4977273b1a3e97ee4e49a
datasets/skin/acne/final/detection/train/images/kurnaz_000013.jpg,ce948a834421fdd596e970595a15655c7c1589db766648ed1024936805b9d593
datasets/skin/acne/final/detection/train/images/kurnaz_000014.jpg,a5ec6abb9489d3a70aa850dfa526a95b2dcce065067066c79bd4e6bdbf20fc26
datasets/skin/acne/final/detection/train/images/kurnaz_000015.jpg,0ad4cb0b471fb4e1b025e33ef866f65a6144276d0d84c4848d032f8e68b339b6
datasets/skin/acne/final/detection/train/images/kurnaz_000016.jpg,afb3f24c6f088378e5ea7bb35688cf6ea96a43821ba591eaf8c2908a7ca79480
datasets/skin/acne/final/detection/train/images/kurnaz_000017.jpg,a2540060723d635c33f63fbcf6cf227c153eb293815bade1651c80513cd13e20
datasets/skin/acne/final/detection/train/images/kurnaz_000018.jpg,5a5d26bf9e85864c428375f551045109def2113cc78daf2af7023a1f6acd7370
datasets/skin/acne/final/detection/train/images/kurnaz_000019.jpg,8471aff217efb75b90a3a6ea420fcde281dc8603cf8ca0f0402e410928889a61
datasets/skin/acne/final/detection/train/images/kurnaz_000020.jpg,0f3da7e54191b56b5ee26bbf493943a0a12984a888e9701f9392c6326aa569bb
datasets/skin/acne/final/detection/train/images/kurnaz_000021.jpg,d59780d5ef085d3e6a3e872a79798645e1ebe7a4ff97084dec2d2f69139f12e5
datasets/skin/acne/final/detection/train/images/kurnaz_000022.jpg,f8938c8ef5e4b2090a37b125aed2922d0c9b0b2dc0e26c38b538be93f9be5359
datasets/skin/acne/final/detection/train/images/kurnaz_000023.jpg,3086a8c061893e23f12b615f121d2552c250aa29fac614d6abb374bb70e294cc
datasets/skin/acne/final/detection/train/images/kurnaz_000024.jpg,ee5e0ae1275694740a6320478c653942c60930c8f1b36b55abdae8394981c744
datasets/skin/acne/final/detection/train/images/kurnaz_000025.jpg,ef416ea341761f32513f017db6404513904cd2261f0db490cf2f3dab0267940d
datasets/skin/acne/final/detection/train/images/kurnaz_000026.jpg,ec8c75f5a5ca660c71a063f12602e39dbd2ec73cab7a07da15a652d409403a09
datasets/skin/acne/final/detection/train/images/kurnaz_000027.jpg,a66ad7cb8e767bf622303edf78fff8bb5e32fbfb18b45fc8eee2433cacc645e3
datasets/skin/acne/final/detection/train/images/kurnaz_000028.jpg,ba4df52e39dc9cad0ea10dc5dc50accd302002940e10da14dd53cbfc1a718fcb
datasets/skin/acne/final/detection/train/images/kurnaz_000029.jpg,73b0f4829121ea975455eb7ab6759008bf7062a8bab6b797c9edd4bbb5a2617c
datasets/skin/acne/final/detection/train/images/kurnaz_000030.jpg,58b3656585cec42f08904358e2494fd91c368c9bb808bc9b08e0d6008d1ac874
datasets/skin/acne/final/detection/train/images/kurnaz_000031.jpg,b52366ca224b9ef36a762d6ae00649770fa95e76c16ff8abc8287cb0b6aecc20
datasets/skin/acne/final/detection/train/images/kurnaz_000032.jpg,6c2d27e51a5db7cf724a5c3b37d6e91086dccf0d10488197514468cac8b8b694
datasets/skin/acne/final/detection/train/images/kurnaz_000033.jpg,3ff5498ff5bf5c526776e3668f9e58c2b4340898398f743eceaf769b67e3ac6d
datasets/skin/acne/final/detection/train/images/kurnaz_000034.jpg,7d745190eac72b952eeeb4573d6cf95914fdcbdb00b3e508a156f03ad042786e
datasets/skin/acne/final/detection/train/images/kurnaz_000035.jpg,1b15b3e5cb3a8e4657bd6546b778f74bd80faa76f09a9807b5f9b71244d8e396
datasets/skin/acne/final/detection/train/images/kurnaz_000036.jpg,ec2e27601dad2221739f864b08d4936fd5ea11f81e2b8b31ff950ff533c03eae
datasets/skin/acne/final/detection/train/images/kurnaz_000037.jpg,006dd1037208055288e78c04db55a18466b49dd0e69a4a587f11198892717966
datasets/skin/acne/final/detection/train/images/kurnaz_000038.jpg,82936541c83f5359f83c73ce63ef3cdb5f745798b7d2b9163037d648ee3db25d
datasets/skin/acne/final/detection/train/images/kurnaz_000039.jpg,8fe4bed61075d886307a8d1fb93703656eab36d076a79b2c402529e23e23de04
datasets/skin/acne/final/detection/train/images/kurnaz_000040.jpg,fa04bf6d967fe7d41f56b6c39535c51692b4f5e58348999a2a159ff55462f9ab
datasets/skin/acne/final/detection/train/images/kurnaz_000041.jpg,25f8f02706738c77872e52009c159dd7d475183241eb9ffe06f5a4f1aa30d817
datasets/skin/acne/final/detection/train/images/kurnaz_000042.jpg,bcebc780dfe8f9f51ccb8038f14f0a1a02dee454be8638dd595efd4e9d28b035
datasets/skin/acne/final/detection/train/images/kurnaz_000043.jpg,44acd95374021435b3411eaef0ccc157a5384b9454a75e06f4dd606944f9681c
datasets/skin/acne/final/detection/train/images/kurnaz_000044.jpg,19326ad1d3a926ec28a1bb0f61c41fe900ed7a9d0725a2db6867d54cb61bc811
datasets/skin/acne/final/detection/train/images/kurnaz_000045.jpg,f4a005d84232278ab0264ea474f401f8987ab176e8a4842c10ba71e890cbd2ff
datasets/skin/acne/final/detection/train/images/kurnaz_000046.jpg,f9e21afb46f095ed1fac836e6fc748b6fd2c56824dc5ac52b8ffa5cf4b8a7003
datasets/skin/acne/final/detection/train/images/kurnaz_000047.jpg,8d2d7bf0bf65d739bdb82df912b1338571a379e764943d478f2b2d8386c5feb5
datasets/skin/acne/final/detection/train/images/kurnaz_000048.jpg,7bd1aaebe78bed915dc92b8375e11c7becd4e656e67c57e5011c97717639b349
datasets/skin/acne/final/detection/train/images/kurnaz_000049.jpg,0822c9c71cbbb2dbdc6fe1b0486dca2f870fc21ea17ed7b61a9a0d9953507826
datasets/skin/acne/final/detection/train/images/kurnaz_000050.jpg,cbbc5d195a3ba80f0f1f23343c535fcaeac2108f42655231c0ef82363b499f10
datasets/skin/acne/final/detection/train/images/kurnaz_000051.jpg,87246d0912834b45b56dc7e6306184bdef90d70b04f623c1c0ff8e853f39575f
datasets/skin/acne/final/detection/train/images/kurnaz_000052.jpg,fc1b836f2a5db50df030c6a7e899e017a43a51dcd7573b25998724adaa6b2b86
datasets/skin/acne/final/detection/train/images/kurnaz_000053.jpg,60861482b396e1f6b8cd8d28adf3e797f261c3c5be5a1c85fa0780c614d59ac6
datasets/skin/acne/final/detection/train/images/kurnaz_000054.jpg,9cfd6d6e7ac56d8772651c193fcc9f6cbf11f2ac62bf46ffae653f7a9d2001e1
datasets/skin/acne/final/detection/train/images/kurnaz_000055.jpg,a14f3358cbd2e21e9c5430e6c1b1a6780236575239b00246938bcaa221d83720
datasets/skin/acne/final/detection/train/images/kurnaz_000056.jpg,8074f5e92829d38f665332fb9de3e30ad20ca8ef2113008d9c0742327cf07f61
datasets/skin/acne/final/detection/train/images/kurnaz_000057.jpg,1718e68a0f9d6d25b33397d9b0507126378382a9097c590900c1b6541998d505
datasets/skin/acne/final/detection/train/images/kurnaz_000058.jpg,0e1e770da3e7dbfc588c2941084021db037ba0fdc297ce8b6dce42a13d60eb04
datasets/skin/acne/final/detection/train/images/kurnaz_000059.jpg,a86918241dc64c66853f9335bc3b7e6bd0b93c8307c153c8727603cd665d45b1
datasets/skin/acne/final/detection/train/images/kurnaz_000060.jpg,47c759ca05766181ee439f2d6b4830f0d59491bfbf55faba14c0ed5a7d2fbe21
datasets/skin/acne/final/detection/train/images/kurnaz_000061.jpg,d87f28adaa88327e259e1414cc266cd4a70e3117c1055f04175d1f6dccdc979b
datasets/skin/acne/final/detection/train/images/kurnaz_000062.jpg,214db57f2fa89851290e156ba7afa30973b0db7ceac6cefb8709ac0fc1b3cf90
datasets/skin/acne/final/detection/train/images/kurnaz_000063.jpg,fd282d3fb148affe545e6613d3155f50df658153f6a9fabf750ccd9be8fde5ea
datasets/skin/acne/final/detection/train/images/kurnaz_000064.jpg,acf72b4cc81d8f6fa295819d4f341b8c525a4178a58c0973542b1c531497373a
datasets/skin/acne/final/detection/train/images/kurnaz_000065.jpg,cfcf7fe00ffff7d2224921db290c003a5cfdb8f9c2758595140cc3511bde42c6
datasets/skin/acne/final/detection/train/images/kurnaz_000066.jpg,6d6a846199e0f7171992863f32e37dd158a004a60629a85b5d205e02a2789b3b
datasets/skin/acne/final/detection/train/images/kurnaz_000067.jpg,d56f9ff7140640bc9553c6e9a2ff462f9133de6d062199c30f0e416a725913da
datasets/skin/acne/final/detection/train/images/kurnaz_000068.jpg,557b74e0dbd598430a63e52075114db0dfe60e96b710f6044887619845dd0aed
datasets/skin/acne/final/detection/train/images/kurnaz_000069.jpg,40338b64ba697413247954dfdf526f743f9817d6e373baac64545a13f0b88cca
datasets/skin/acne/final/detection/train/images/kurnaz_000070.jpg,403bf186c9b308a365addf7b3b9e3906d5e8782c6ba2becbf9d4fe1570ae32b9
datasets/skin/acne/final/detection/train/images/kurnaz_000071.jpg,66ce620d72661d770d5b13b799d2a1005fad3e9866bb3da164c7912623bd94e9
datasets/skin/acne/final/detection/train/images/kurnaz_000072.jpg,3d218de2d808502889771a6f5b432e0b9d6357e3885ba230b960b35c573e45b7
datasets/skin/acne/final/detection/train/images/kurnaz_000073.jpg,ccc244ad77a0791d3cb5ee9357233e5b197bb1bb651f6da2c945e233e0cfd4da
datasets/skin/acne/final/detection/train/images/kurnaz_000074.jpg,72ff390d42b4fe075e91a91a407df82d335be37944dcadc377db87c02b5c26e4
datasets/skin/acne/final/detection/train/images/kurnaz_000075.jpg,56e375cfd041ea8b2501ffce1127707e9c368dc3c6e95045fd0937dc1f8a9374
datasets/skin/acne/final/detection/train/images/kurnaz_000076.jpg,d65dd85ee3ff42929ac3ca71b15a6adbb7d3e332e3e56db9c000681a72826a17
datasets/skin/acne/final/detection/train/images/kurnaz_000077.jpg,63f33811fecc35bddb082765205f21111faee1572ff72aac83ee0bdead00f803
datasets/skin/acne/final/detection/train/images/kurnaz_000078.jpg,a15f0f23264e263bfc0ec78027fca7d340cd174fc1bf8bdc1d7cdc4a03ebe418
datasets/skin/acne/final/detection/train/images/kurnaz_000079.jpg,a7b10fb9cb5928fd43a105e2f6b1983ad3099dd31a3e1671bbdb1ee073bec1ea
datasets/skin/acne/final/detection/train/images/kurnaz_000080.jpg,71ce339a6f3a0845f02f6731acad2b5b588cd7580e24e12868b91d95a60576be
datasets/skin/acne/final/detection/train/images/kurnaz_000081.jpg,11320d91af816a5ff7d7f8e0a7a785d8a68b92e94f48c83e9dd968e8a2fe041f
datasets/skin/acne/final/detection/train/images/kurnaz_000082.jpg,52010e842fc48db955c6e1ef788bad20826034da0a1905397f841b6ce00f56f5
datasets/skin/acne/final/detection/train/images/kurnaz_000083.jpg,c75574fe27524f6373c7a97119339a7be422c49a04770dca2b1a570b45d96d79
datasets/skin/acne/final/detection/train/images/kurnaz_000084.jpg,0a7389273c2b20067e64ca3ec63f986e360337faac98cb0c931865e55592a122
datasets/skin/acne/final/detection/train/images/kurnaz_000085.jpg,602413aa614022846fcb5abe0ad9097c74700da274d086c54d54e7c6506d7560
datasets/skin/acne/final/detection/train/images/kurnaz_000086.jpg,0bca1f64859628707d493a7b2c6fac32c891a3f6204ed12506ee37e1b0ca2be0
datasets/skin/acne/final/detection/train/images/kurnaz_000087.jpg,681cfe02edc72e6a4a22e8f9ab0a6bd6b27a9a2c2831b2fc7ee8c3cbe60e4860
datasets/skin/acne/final/detection/train/images/kurnaz_000088.jpg,d922337cc856fcd9e01bb978dc327a6b77aa85857107274fd0d2c00a298e5e78
datasets/skin/acne/final/detection/train/images/kurnaz_000089.jpg,15d0de93f9a849bf14a97be0e7506ef3955223a0323aa7b4d24eb85f2a97ec38
datasets/skin/acne/final/detection/train/images/kurnaz_000090.jpg,2a379f0c22e56207a533b2c0281ccb19bdab982e681d681a8f2006bb24c30b78
datasets/skin/acne/final/detection/train/images/kurnaz_000091.jpg,6e127638d12c043c1976e2b3c1b422dac4bc84b45c0cce758cc42fb4c5151405
datasets/skin/acne/final/detection/train/images/kurnaz_000092.jpg,3c933a2af54004d31468a86832af82c3aa766eb75500cfd0ca8bc1718c4131de
datasets/skin/acne/final/detection/train/images/kurnaz_000093.jpg,531393f04f5585796e1e9ae5a05f36e27ce85bf65517e8dc27518a89906fb5e8
datasets/skin/acne/final/detection/train/images/kurnaz_000094.jpg,3e4677ddbe4462c7065039478448b33bce86d019877ed0f7337b58ab66542280
datasets/skin/acne/final/detection/train/images/kurnaz_000095.jpg,80142f478b051cf2b154e81a7109ef776199ef6e11c7c0552fceee48863fe4dd
datasets/skin/acne/final/detection/train/images/kurnaz_000096.jpg,f5c0a15549d8ab6956073013bc8c8e714e619eb73f1887e3230cf2c79c55c46c
datasets/skin/acne/final/detection/train/images/kurnaz_000097.jpg,71349f1ad0c06272c7143ae46800b9ad34a37390e390d7875aed1a3cc9605054
datasets/skin/acne/final/detection/train/images/kurnaz_000098.jpg,70e2ff7c6480da007b454b7d6c21f6108fa9636639912dba903f1c1edfab9fba
datasets/skin/acne/final/detection/train/images/kurnaz_000099.jpg,14fa9d264b8e1ce26f1a322c1b4b438c56c24a259e97748e53393e1b810aee00
datasets/skin/acne/final/detection/train/images/kurnaz_000100.jpg,666ed9b1a6ad28912c2c38564bdc1d0945b86a20175da03078da039b7f3bc433
datasets/skin/acne/final/detection/train/images/kurnaz_000101.jpg,8d9a7425e16cd6897fed7fe64c278ea0c930a87915e85e7748b32e90b46033d5
datasets/skin/acne/final/detection/train/images/kurnaz_000102.jpg,5699e0e3adcde6b3807d65191fefb418f817d26775b45cb2e580f7693b9d9441
datasets/skin/acne/final/detection/train/images/kurnaz_000103.jpg,807a15164968b60fd521b3a792ad780cd766ec239d82ffc3cfbec4b6b5b4d1ca
datasets/skin/acne/final/detection/train/images/kurnaz_000104.jpg,c6ce45b82713ee15b1264af99d5096a557da0fac76b41cdf1acc62f158364506
datasets/skin/acne/final/detection/train/images/kurnaz_000105.jpg,522925f9855c1403d4545a3c4c23e93ce3ca6b83c8fa6642ca5a1b46c23d0f7b
datasets/skin/acne/final/detection/train/images/kurnaz_000106.jpg,29c3f15a632ec523f9ed43a3b7fb832c785b6193d2a4600e6c59233b531f23e6
datasets/skin/acne/final/detection/train/images/kurnaz_000107.jpg,01eff174379ccdc340dcd7ff892e3e491d3916726226e25b1cb5ea0b4153b2e9
datasets/skin/acne/final/detection/train/images/kurnaz_000108.jpg,3ab836646e08a209994413d5812eabbfb186871a2dd908eba45c99df9e8ffa35
datasets/skin/acne/final/detection/train/images/kurnaz_000109.jpg,a9050fb858295d829132ebd428bce7e175b57a6bb96952c50208d10f2278737c
datasets/skin/acne/final/detection/train/images/kurnaz_000110.jpg,eaa033fcd5ac2adc5bdae0135f23174869c57d9b63974d2f28b8e36f66e41ca4
datasets/skin/acne/final/detection/train/images/kurnaz_000111.jpg,0538754d187b592c946dbbd7240a89b72b9ac710e8ae55605e6822309be38843
datasets/skin/acne/final/detection/train/images/kurnaz_000112.jpg,288b998d360d8730ce213d7651a555f0004793527e404f0f28b12adf75b7d80d
datasets/skin/acne/final/detection/train/images/kurnaz_000113.jpg,36ef461dc932c01092ffc72163c6e2e527b37dab012b711c2e9152619e2ee9b1
datasets/skin/acne/final/detection/train/images/kurnaz_000114.jpg,52916a72334ed554ac07049de5c47c0849b59f1f93e367f3a2825f32fd0ee2af
datasets/skin/acne/final/detection/train/images/kurnaz_000115.jpg,a891282ad1893ab92b9e2b1812cd2441e4c138754dc7e42a5d760cc79c324f07
datasets/skin/acne/final/detection/train/images/kurnaz_000116.jpg,955c93bb3e06dad9193e6a8cdcbb32b6a3e1192953cf63e007426ba23b29ea09
datasets/skin/acne/final/detection/train/images/kurnaz_000117.jpg,ade6275bec6e870b70b05abddd8dc6c031ad02c6f84586db2f87a9858fa512be
datasets/skin/acne/final/detection/train/images/kurnaz_000118.jpg,ba5f049330c856daa4295e5b15c7f13f9fca5a96c230026e00a07cd9cdc3d629
datasets/skin/acne/final/detection/train/images/kurnaz_000119.jpg,f6a6cf5343d7a2a9dbc1ee11fc795e71161aa1e9943c324e33b691daea28c4da
datasets/skin/acne/final/detection/train/images/kurnaz_000120.jpg,4ad5a500dae5f0aa2de538bd73d5db1181a34fe3068fbb2d3e64e54e820490f7
datasets/skin/acne/final/detection/train/images/kurnaz_000121.jpg,ecec03ba02d7f988c035f87677a3774a338328a2342bdea532492319d04be558
datasets/skin/acne/final/detection/train/images/kurnaz_000122.jpg,135be7e07e717fe21650c479bc8ec5826d15bf2a5f40526e96550e09f642d13e
datasets/skin/acne/final/detection/train/images/kurnaz_000123.jpg,69815d4736f6286a0c1a3ac15a6d17e6a9d388d20f7d2d737244397894521201
datasets/skin/acne/final/detection/train/images/kurnaz_000124.jpg,bdd77eacd46c102407c10bf34f054e2091b06fd151819e061cf74ddfc2a0e816
datasets/skin/acne/final/detection/train/images/kurnaz_000125.jpg,278afa4cbb8eb240e9940f2621f6d58a9edccd889d8fbbf44fd6fcafbb9da017
datasets/skin/acne/final/detection/train/images/kurnaz_000126.jpg,46a01a32ccb92f0e12de04192c21c6c80acd16bc660699bbec05a928ed98fdef
datasets/skin/acne/final/detection/train/images/kurnaz_000127.jpg,b0363e4760ad051a0cd2263aa2d35075d351a24d12590cd271ee44f61a73480d
datasets/skin/acne/final/detection/train/images/kurnaz_000128.jpg,174fe474b48f3074fd9f07b81f7e7b5b44843eae1d21f53a37cad7249bb133c5
datasets/skin/acne/final/detection/train/images/kurnaz_000129.jpg,a22d47bf406387feb3c1dadfc3ab40cbcd0d955caeef219f7bdde29688a453db
datasets/skin/acne/final/detection/train/images/kurnaz_000130.jpg,79321d4ba0c92555eaa0ad53c82dbbb0a22e9407b99c3d0b5d97be2cf8d1272b
datasets/skin/acne/final/detection/train/images/kurnaz_000131.jpg,7c7b46363adfa4feb464ab225181d8ca8c8da77754eae6bf6390f050cc3ce1f5
datasets/skin/acne/final/detection/train/images/kurnaz_000132.jpg,e321157207bf73d82455eea2cefccb8e938022770c8431d191f21776b61d96be
datasets/skin/acne/final/detection/train/images/kurnaz_000133.jpg,a2e33dca437420b4546807eecf5201f6d81366eae42aa8a0c831a9f05dca3ece
datasets/skin/acne/final/detection/train/images/kurnaz_000134.jpg,3b1e93cc71a9b6301401c2dfcd6c5d41bca50fcb533b1161395947ff04694df5
datasets/skin/acne/final/detection/train/images/kurnaz_000135.jpg,37df0a1088aec1ae3a7aa938b8469e6f1b145b1cc69e65771c0ac1d7e4e4a61a
datasets/skin/acne/final/detection/train/images/kurnaz_000136.jpg,fb2ee3a3a1281901c0e6036ded59169f0a674f23df02336da26f57c4c8077bfc
datasets/skin/acne/final/detection/train/images/kurnaz_000137.jpg,c3bbe9cf66186811f1d7df581ba61c74d1fac41d2f46bf2d05446bf02bf836c4
datasets/skin/acne/final/detection/train/images/kurnaz_000138.jpg,d4750815ce642c59cdf0f0199f7aa7c46cdda758d41cccf725b012980c46045d
datasets/skin/acne/final/detection/train/images/kurnaz_000139.jpg,139bc232d2d40c4063a64820e20e07a891b2030e678fc569b165a1bbbab6a80f
datasets/skin/acne/final/detection/train/images/kurnaz_000140.jpg,4a74809a1cc21339f8727e913226b79b7f117c3716fd385030f2d302fe1bcaeb
datasets/skin/acne/final/detection/train/images/kurnaz_000141.jpg,fae1503a5accdc4d0bb118a63854ae0a877ea0665e36f9bb8be1b629c5c392b9
datasets/skin/acne/final/detection/train/images/kurnaz_000142.jpg,33c7b0ec268b66ce88a2c93c71c42df79ef3adb4b0072c3689c7f1be33b480bd
datasets/skin/acne/final/detection/train/images/kurnaz_000143.jpg,1e6b2bed008df2bde01d3b1923e0459a36acee8cffcd82b755bd80afd3e6a636
datasets/skin/acne/final/detection/train/images/kurnaz_000144.jpg,e9528130ad7099b9c6acbbcb8ac28d7f79d41aa835dc84af197eae4e6fa42b15
datasets/skin/acne/final/detection/train/images/kurnaz_000145.jpg,d6ed9d2f1c897ab4c2562c7bcaabedb6fd121bdb69f9536df6ef56bb1643742a
datasets/skin/acne/final/detection/train/images/kurnaz_000146.jpg,5760f71c976cbc4079a39fe29f6eb14e2c53b1ea749c40cbfad3f13b9c1e723c
datasets/skin/acne/final/detection/train/images/kurnaz_000147.jpg,6ce60f43f9d9a9b1e5ebbcf2dffad6aa59c8ffc18562f3719bf21b5e280cd02b
datasets/skin/acne/final/detection/train/images/kurnaz_000148.jpg,49593c4d65e5c88fef1553d26ce2a0f710acf427a1a9182fc141b5227a0d9e41
datasets/skin/acne/final/detection/train/images/kurnaz_000149.jpg,a20b8c525e10944238960f9761a432f5bdc49fe4a730daed11919e7b1575f2be
datasets/skin/acne/final/detection/train/images/kurnaz_000150.jpg,a3aebfc8051f70c3dc25f961db1942cb7de7b3e18f6080b9a116a523b4c46cae
datasets/skin/acne/final/detection/train/images/kurnaz_000151.jpg,851879ef39fe47120d5af508c821e673c54876065184174ac723189433252642
datasets/skin/acne/final/detection/train/images/kurnaz_000152.jpg,e7e49d44917930f1877a6875522aa6227eb8bdd2a2d2e8e7b1d4f56efe142a54
datasets/skin/acne/final/detection/train/images/kurnaz_000153.jpg,279933d2b41ae91357a17e979b619f65ebaf28d290e4c1e5ce53140d0dfd426c
datasets/skin/acne/final/detection/train/images/kurnaz_000154.jpg,d6ea320c8652aa9162dae1fb9b5f66eb79c349026a34ced0577dcaba64864a2b
datasets/skin/acne/final/detection/train/images/kurnaz_000155.jpg,f21f198be3945d9d5f013a1d1acb3ff476ba4f083cf3ae2d53e92a140826827a
datasets/skin/acne/final/detection/train/images/kurnaz_000156.jpg,8796c15eab4ca0cadb11b5a5e6fcad0c091e1312720b84bd22e9ac41a22989a3
datasets/skin/acne/final/detection/train/images/kurnaz_000157.jpg,9ee837f20d2b083361c587f1d8589741c24d8b549b74041fb81450bd4c85d6ed
datasets/skin/acne/final/detection/train/images/kurnaz_000158.jpg,573cc0dde842e5724151758b8f32f3169a258c43d805e778f483ca4d566dcdcf
datasets/skin/acne/final/detection/train/images/kurnaz_000159.jpg,b3329bc1ff2f49ce75e0e9edc747e2ba2352eb09ed4243fa1e664b707fb339a1
datasets/skin/acne/final/detection/train/images/kurnaz_000160.jpg,59c819eaa80a63afd455ba523e1d14cb6618bcfa4087e7af00532a076f193226
datasets/skin/acne/final/detection/train/images/kurnaz_000161.jpg,d9de016ab2a9e63df98649cdd603a34f3afb8519d59c7a92cf84a50a5216d4fb
datasets/skin/acne/final/detection/train/images/kurnaz_000162.jpg,eae45734d38c54e024e93ee256e94369d663fd867ba6681d1b821fe55c1855ae
datasets/skin/acne/final/detection/train/images/kurnaz_000163.jpg,3d3b8964e9f3212e82b40c938de2a113379969325a4fb8f5c1cd7c545c6c7dce
datasets/skin/acne/final/detection/train/images/kurnaz_000164.jpg,728a02773500f528aedbeedfd4c77ba4534bc6d914cd5b7464d187360b8ac3d8
datasets/skin/acne/final/detection/train/images/kurnaz_000165.jpg,b5387f61ed2f0ffb2d93a9c2de1cc1025ae9cff5a2a522adbb228bdd4a94daf2
datasets/skin/acne/final/detection/train/images/kurnaz_000166.jpg,8001b7a022152905f0f1178dcbc31e751b4cfc97cf7f5c96c5bdea98667c7992
datasets/skin/acne/final/detection/train/images/kurnaz_000167.jpg,b68f66160a9161fc1ccad45452ae598550d7ee9358215abdda14a387cf5db444
datasets/skin/acne/final/detection/train/images/kurnaz_000168.jpg,02176a0acf05bbf3beb23174e1d6f69814bfadb7daee8d3cd227958066f7e577
datasets/skin/acne/final/detection/train/images/kurnaz_000169.jpg,866f80054ba8d70bfe6e4e50c123f9f077e3ad6e05f6e298ce5dc21f12252f8f
datasets/skin/acne/final/detection/train/images/kurnaz_000170.jpg,5b513f940a985d490b45b1884aa45791057adf3fc022c1b82d45bd7a6908f659
datasets/skin/acne/final/detection/train/images/kurnaz_000171.jpg,e6831623844fb6dcd65184476c04b546af5b416cde9a017bb2f712733dcf776d
datasets/skin/acne/final/detection/train/images/kurnaz_000172.jpg,0eacba556654cfa2e17d1bdbf295a6a0c5129074814727d45c8b5e26466d7738
datasets/skin/acne/final/detection/train/images/kurnaz_000173.jpg,990e08d83bce70bcc5e47d52f915bccae39e3ab970c9a00e108e5fef56acf3b8
datasets/skin/acne/final/detection/train/images/kurnaz_000174.jpg,4c7deced071b2a0d479bbef03baea81777225eb15b626183e33b70c7d5a8fbe2
datasets/skin/acne/final/detection/train/images/kurnaz_000175.jpg,3118a0178c00b4da3bd844ab81bdd32a58269e2b8ed7f19a7790b560b364d73d
datasets/skin/acne/final/detection/train/images/kurnaz_000176.jpg,c2150eedf0d09d1fcf3b1e2cebbf2aae76d1e1406ea163a7bf7ddd7352f349c2
datasets/skin/acne/final/detection/train/images/kurnaz_000177.jpg,da00ef3ccb5ac00b70553da2cf7e2c78c7b9fa27122e4c151986b3b3be54b6bc
datasets/skin/acne/final/detection/train/images/kurnaz_000178.jpg,321eb2de5713d80a15200c6379041f76b05abc6f38cfc0d3755062ad9583ad9e
datasets/skin/acne/final/detection/train/images/kurnaz_000179.jpg,2d88c76f1d73f07e5e3f790e5133e45a3919bc26522c584660bf1f318d8caa0a
datasets/skin/acne/final/detection/train/images/kurnaz_000180.jpg,445c2c7af92eb5183cb5a679a27c2aedb03a3c9ee26b1be5d5332ae92312c003
datasets/skin/acne/final/detection/train/images/kurnaz_000181.jpg,b3f9d308f7be3179161db9c1659a7d510f66fedb05523423380d7118e6c71541
datasets/skin/acne/final/detection/train/images/kurnaz_000182.jpg,8139778c325fb0ad1bc48385448c8a9500e44059c1ab2d383ebe4f1479e3c364
datasets/skin/acne/final/detection/train/images/kurnaz_000183.jpg,543a599b9185c63ff03ad58df5f4f7fc6d6510f74f763b5b4c6b6f85942a7356
datasets/skin/acne/final/detection/train/images/kurnaz_000184.jpg,d930710376d034aa4e12ee8ebda2a2f4e82f04683fc13b386ce6b713fba2bed4
datasets/skin/acne/final/detection/train/images/kurnaz_000185.jpg,214b31658c09409133010f6e641cd1b545621efdef64038dbf36590cb433d822
datasets/skin/acne/final/detection/train/images/kurnaz_000186.jpg,de70b04f3a83fa207c6d97fc5827b468dbdeea578b763393ae267c2f87741577
datasets/skin/acne/final/detection/train/images/kurnaz_000187.jpg,ea21843c89c491c9f183656a8deb28a216292495172fecce33f77ae2793f31d6
datasets/skin/acne/final/detection/train/images/kurnaz_000188.jpg,4494540f6a0aced52e9ec803994ca6de68ea0d30360bca657ddae45cd76dcabe
datasets/skin/acne/final/detection/train/images/kurnaz_000189.jpg,a1370e56806b496552bb9ed3aed909aaceec70169f1ea076a5ce45839c69e95c
datasets/skin/acne/final/detection/train/images/kurnaz_000190.jpg,e9cafe7447930b1be168996c6793e3616b5a86263a3f67e9d2b6da40709cef0e
datasets/skin/acne/final/detection/train/images/kurnaz_000191.jpg,14bedc5e0db6ffbadbf3df62783cc8135d3be6c9bc2bbb098efbbb9d8e12f61e
datasets/skin/acne/final/detection/train/images/kurnaz_000192.jpg,8e198080a0cec071435ad142b63845708f3d58d0480525806987ae84ccd5dabc
datasets/skin/acne/final/detection/train/images/kurnaz_000193.jpg,09db6afc6adcd7475093c3b30d5385a47b433e41bbb3ed241336228ec5cea0e2
datasets/skin/acne/final/detection/train/images/kurnaz_000194.jpg,afdaefeebbb4aa623502118ac0bae17a767a653fa9799a66b67fea00e00d4c87
datasets/skin/acne/final/detection/train/images/kurnaz_000195.jpg,48f656a7d5661eba07de87dabada40318fc0c985dc3c3befd5d95b806f12800a
datasets/skin/acne/final/detection/train/images/kurnaz_000196.jpg,477b8568d07ffe052c882f2b8ee5fc31de210bd0ca40b7ae3ab9cdedf044fbc2
datasets/skin/acne/final/detection/train/images/kurnaz_000197.jpg,a314030a1d10b86b13fd79a51cc39dee90d31844425871c08fa90c5ee1028152
datasets/skin/acne/final/detection/train/images/kurnaz_000198.jpg,8e8148a7d2fa667b9831f4bc2893c5ec0597c9bfab3c6c21585922614f21c760
datasets/skin/acne/final/detection/train/images/kurnaz_000199.jpg,3c89519e19ae8b2b2723dcb7a4438e9ff7a90388ea7e0522b7b7de69d17c0ba2
datasets/skin/acne/final/detection/train/images/kurnaz_000200.jpg,ef8ebe83f32357902c21b5c507e8fa8a7d59b62414baa1865fc6a029eba9330b
datasets/skin/acne/final/detection/train/images/kurnaz_000201.jpg,b693ed5fbbcd78a6796a4795975a68bf010f43594bb9b2eb11af39bf781d40a7
datasets/skin/acne/final/detection/train/images/kurnaz_000202.jpg,73c5e745aabac4674c3bcb253738efb926317080947c6980f7aeeb547f69dba4
datasets/skin/acne/final/detection/train/images/kurnaz_000203.jpg,041a8e780c2d386bd38e022aced95581cf715a73024894490de75090e6105f61
datasets/skin/acne/final/detection/train/images/kurnaz_000204.jpg,27a0f24685fd0335be302f7539f5ddd9f641c62fd13a314e38d440fc8b3e81b6
datasets/skin/acne/final/detection/train/images/kurnaz_000205.jpg,b805b5f5d3242fdb5453f2189dd94a0b91263aa219fd3df6d922aa9e303102db
datasets/skin/acne/final/detection/train/images/kurnaz_000206.jpg,66b4fc20b0b1963bb078de83c015a47dd2805c24f20b00550851b7c54df58e87
datasets/skin/acne/final/detection/train/images/kurnaz_000207.jpg,1643d6fdfcf92398520c0278b8d8b5df4e0e797c41549852697805d275deec80
datasets/skin/acne/final/detection/train/images/kurnaz_000208.jpg,690ffee14b069e135b91b8421dcf78a9e3cdc4f75194165b141962bedae79bf2
datasets/skin/acne/final/detection/train/images/kurnaz_000209.jpg,2d14f58712ddbf706c85275188e79fa73da4636508a4bd90d9d47de83d229887
datasets/skin/acne/final/detection/train/images/kurnaz_000210.jpg,c68fe705d16fc7c7377ea1fdab206a5a5a760fa8711d53090926de1fac729c5d
datasets/skin/acne/final/detection/train/images/kurnaz_000211.jpg,b490e778f606e2b13ff2b747e1c5cad64f6570f7b5dea0b5f3a966eea4768302
datasets/skin/acne/final/detection/train/images/kurnaz_000212.jpg,982cbd2f901d8709b748213d9d5843109dbe524d19830cd6806d4ba15793f7a1
datasets/skin/acne/final/detection/train/images/kurnaz_000213.jpg,86522af8cecafa4baadc32e990f3a25c73ec224d65802a583dfa80b5f2bbea46
datasets/skin/acne/final/detection/train/images/kurnaz_000214.jpg,b7e0b002106df78cf712a33ddb9f858868e0d44e298d826570434b4c98ddba18
datasets/skin/acne/final/detection/train/images/kurnaz_000215.jpg,b4ca0d864c4ac148eb2c1c67e4a3ea274aeeb6c9d3e319786c1167317bbac7d7
datasets/skin/acne/final/detection/train/images/kurnaz_000216.jpg,bc142ed6e51b582ddfb06f2ffc89d54b6f91c4cda42030fff21837e576999bd8
datasets/skin/acne/final/detection/train/images/kurnaz_000217.jpg,82a073e3191fd2695dedaed35cc20285854d908e90955a8bf1c5d83583ad5941
datasets/skin/acne/final/detection/train/images/kurnaz_000218.jpg,a92123a0306f362aacccea378305fbbf6b81afe26bae1ad856b7263a3a7c7e3b
datasets/skin/acne/final/detection/train/images/kurnaz_000219.jpg,98ed074fe184235d5e3ddf4aaeeda5c4394b835070de710c57eaf57a5b7d337a
datasets/skin/acne/final/detection/train/images/kurnaz_000220.jpg,fa5317a49f5f2f9b6cd876d0250cf17564ff67e4a7e85e42e28e00e2532da3d7
datasets/skin/acne/final/detection/train/images/kurnaz_000221.jpg,41a4f9441ba26935be754d339a3497eaae28ad1a9c2a198f874d6e0756666a91
datasets/skin/acne/final/detection/train/images/kurnaz_000222.jpg,439301d20cf484fca0d8867713cb1fa4360d915f970c45b47bce7583e1060a2e
datasets/skin/acne/final/detection/train/images/kurnaz_000223.jpg,3f399af31403cb7cda4b9c6989ee35da3443ad632a27a8634a3f2a54f89391da
datasets/skin/acne/final/detection/train/images/kurnaz_000224.jpg,ee36317a6636729e6dbd1ee4bb75160defbf7671ab8880485664dd424cc1ba6a
datasets/skin/acne/final/detection/train/images/kurnaz_000225.jpg,c2b96603d62ebbf3ed9d82bfedcd41543aa0933bb74a7aa9b358faad38d68149
datasets/skin/acne/final/detection/train/images/kurnaz_000226.jpg,2535742cee9b072da98f75a6a2d95e27867d81cf4d72ca248cd795651e14643e
datasets/skin/acne/final/detection/train/images/kurnaz_000227.jpg,642402648973d142289ccd3d63b6a4969e713175c74820eb92cf31025238d4a4
datasets/skin/acne/final/detection/train/images/kurnaz_000228.jpg,e42cc286b67a013d7718396e994fb2e3b921c5035ba80a3c6f70faec4ddb267a
datasets/skin/acne/final/detection/train/images/kurnaz_000229.jpg,b623d11b254793f8adfce494706db999cfbc8126fbe696ff5615dd9da41b8261
datasets/skin/acne/final/detection/train/images/kurnaz_000230.jpg,66a8b5d07ff53b0eb0fafef9a8a971016dabb03decc402021293fad8dbe7a05b
datasets/skin/acne/final/detection/train/images/kurnaz_000231.jpg,fe5d1a939d588bfe05e88ea60be2b987f18337ec27979f9ad67316f43218467f
datasets/skin/acne/final/detection/train/images/kurnaz_000232.jpg,8a27b654495022e2d20e436151e10693933cdcf414c4d4b532fdd57aa4e5b995
datasets/skin/acne/final/detection/train/images/kurnaz_000233.jpg,316e41160f9eeeb6a17981a467cf1b4ef93f5835eaa98b0adee50bcb1d4da0f1
datasets/skin/acne/final/detection/train/images/kurnaz_000234.jpg,15b3b8562c5769b309d97d168d0bacbd7b8f2193ce823eef2a65f2959523735f
datasets/skin/acne/final/detection/train/images/kurnaz_000235.jpg,3509c77522c71c6faa7aaddf40eacaa3efab15c544dd1ed12e6efe742576c080
datasets/skin/acne/final/detection/train/images/kurnaz_000236.jpg,5fa802ae3f2d077bc9ad27d836a64ebde0bce1e7b01a440e11bcbdd35f528fdb
datasets/skin/acne/final/detection/train/images/kurnaz_000237.jpg,a8c836514454119be333fc6a50a4843210de214f660d5467a27e75cadcdb023a
datasets/skin/acne/final/detection/train/images/kurnaz_000238.jpg,eeb92843a4c3f50275273ea2701f798cf8708108221fd8f5b91c41a427a57269
datasets/skin/acne/final/detection/train/images/kurnaz_000239.jpg,85a4b30ab582e7daaabc4cc35fc03d3732ee2c1fbdac1f1b2d1630aa0cbb8061
datasets/skin/acne/final/detection/train/images/kurnaz_000240.jpg,6538c0c3846a4b5096d4d94171fb84e0c2977d69f910f662135b23251ca654f8
datasets/skin/acne/final/detection/train/images/kurnaz_000241.jpg,581149651abcf5337279ab2d8932a887effd920aaae6770215d7df19541a89e4
datasets/skin/acne/final/detection/train/images/kurnaz_000242.jpg,a439309cb8e00a491c7c141838ca1780c18ecfe1c34de7bf8ab2fc4f6a04bcfa
datasets/skin/acne/final/detection/train/images/kurnaz_000243.jpg,d4869912cbf440e81160bf45d05c5ed8da3d0412dbbddc120cac591ffb815170
datasets/skin/acne/final/detection/train/images/kurnaz_000244.jpg,7e17c1287dba0dc917cb4101ce3bb813c6f86258932c2b531405798ffd84487a
datasets/skin/acne/final/detection/train/images/kurnaz_000245.jpg,8b9bb481723afe0bfef51684f0188659e065317b461d638cd50a5f8487486684
datasets/skin/acne/final/detection/train/images/kurnaz_000246.jpg,e49a9e2edeb9f23b8aa48b9dc6248f8e3db3cc2bc45e7466badd575641283735
datasets/skin/acne/final/detection/train/images/kurnaz_000247.jpg,034ac54d1781434ea3c23287a52025823b812cf4db7a623b12ec3cafffd1bb00
datasets/skin/acne/final/detection/train/images/kurnaz_000248.jpg,4b392d3fbe8d435edfcf85e8cd6216dea2d189fafef27a2758e8b79db85c87ff
datasets/skin/acne/final/detection/train/images/kurnaz_000249.jpg,74d0006973423af0ad8e3aaabcbf579187f3e047f83d79f6be483ad5f807f529
datasets/skin/acne/final/detection/train/images/kurnaz_000250.jpg,09e9a474bf377042f7eaec89e650987af8624de7bf60d4dba20ae7b523ce93ef
datasets/skin/acne/final/detection/train/images/kurnaz_000251.jpg,22caeb71152277ceac4ffdf19a102ae8ec5d9b5da4d18ed33c9a737574185d1b
datasets/skin/acne/final/detection/train/images/kurnaz_000252.jpg,b921728d61a98462826d764613dca5708d29a18be4b46dc0ac12b3b567009f61
datasets/skin/acne/final/detection/train/images/kurnaz_000253.jpg,bc11e10802fb9a7b97720378a7c045f846e7ae3384d6e260e72bc60c5ee90dc5
datasets/skin/acne/final/detection/train/images/kurnaz_000254.jpg,6b8dfd8ec2ca18ca53907c6a7f746b70a6c8082df4df5dc0f7832c3b839bb414
datasets/skin/acne/final/detection/train/images/kurnaz_000255.jpg,5dfc331bcbec8ff3944cd3fb9d124af7b242860c259c14f6bf2bf7b07897e06e
datasets/skin/acne/final/detection/train/images/kurnaz_000256.jpg,076a8cb35e0e8be935a3136287b2de16c86d857e77ab66f0afbd291e672d456c
datasets/skin/acne/final/detection/train/images/kurnaz_000257.jpg,53e5104959185d542cc741e34a3b3719aae0378e36672d6384835a5f18267b23
datasets/skin/acne/final/detection/train/images/kurnaz_000258.jpg,f5ba9caaf0fd14ba6e102ee867004b64302d33799ec431188d1d230a78935466
datasets/skin/acne/final/detection/train/images/kurnaz_000259.jpg,ba9ef3eef1527389eca27e00188b700993b80e6da33420743d5cb35a89cf3008
datasets/skin/acne/final/detection/train/images/kurnaz_000260.jpg,feadc623695737efcc4c090af2b3b7341694cfe59da0b60c1bc108f30334ca8f
datasets/skin/acne/final/detection/train/images/kurnaz_000261.jpg,b3eca95cfc38a59b7bea3377a0759f55cc870db6e308bb9632bb0c7389e69bf9
datasets/skin/acne/final/detection/train/images/kurnaz_000262.jpg,295e21eb69cc8c8e5388b3dc87e87abcb4b22780827624f0702b2ac15bcc9ce4
datasets/skin/acne/final/detection/train/images/kurnaz_000263.jpg,eb074486a4a7fd17ad9839186928d42841a2b0f17990b82553c0586de0b018f8
datasets/skin/acne/final/detection/train/images/kurnaz_000264.jpg,14297f4af55d8d02057760b1d29bdc592c0882e77c9986c9bc063f014ef63766
datasets/skin/acne/final/detection/train/images/kurnaz_000265.jpg,7ea7c1bf116652faee8dec3f9e78797fde1d54c97849d5d0b19585071f46f850
datasets/skin/acne/final/detection/train/images/kurnaz_000266.jpg,a4fefb543f9fccd2b3cd4471dc96284d1d8a5c0e07c47982f5b125f22ec7b014
datasets/skin/acne/final/detection/train/images/kurnaz_000267.jpg,261ddbed6d8d83e696fe2f1324dd7d5c10778f8ba7d01655f3d2e1ba9e38a4e1
datasets/skin/acne/final/detection/train/images/kurnaz_000268.jpg,0b7554d79c5a5b37931d7686a863917852e7e9a4f4d709be1c9faf86a66f83e5
datasets/skin/acne/final/detection/train/images/kurnaz_000269.jpg,b1dff43180c77092f14ecd4f1141bd83d3e37c84db63400e2e0859cd7a1e52af
datasets/skin/acne/final/detection/train/images/kurnaz_000270.jpg,ff53811ce0b5c093c590edfbfb5d7d8748df0a1f1771ea02f08c96b7b71e81d6
datasets/skin/acne/final/detection/train/images/kurnaz_000271.jpg,6a36ef6a9edbed54e1c85ad94824d883c7e50624ab1b4ca08b16d5cd6d4bf7e1
datasets/skin/acne/final/detection/train/images/kurnaz_000272.jpg,295d53bafee31ce91bf28264e8668ea3a896c05385e4166d2c28610f86917c8b
datasets/skin/acne/final/detection/train/images/kurnaz_000273.jpg,15bf078579055fb19c5609d4bdec5c057d64cce4179a61444efe80f97f98986d
datasets/skin/acne/final/detection/train/images/kurnaz_000274.jpg,08a2507f6e0c0b9c992d8399e30b5a9e59896b8e00508c7ac50f9664a30f074e
datasets/skin/acne/final/detection/train/images/kurnaz_000275.jpg,fb55724340951605cd22927be2acc0513c0cb3b321c5dc88e83f8d4588fb1f48
datasets/skin/acne/final/detection/train/images/kurnaz_000276.jpg,9146eb0dc471e2451b1cbb851fadd404867fa9b1f2ecba77f56d4e1ad33f8b61
datasets/skin/acne/final/detection/train/images/kurnaz_000277.jpg,0adc446c610e9281555c4310ce887de2b2a10ed1c652e64095e726b0ccc8a8f7
datasets/skin/acne/final/detection/train/images/kurnaz_000278.jpg,66b5ecc3576764b7651b20e881a5fd7ba07b10f679898f6d32280164069c1c58
datasets/skin/acne/final/detection/train/images/kurnaz_000279.jpg,623388b7c3937eb63c9f7c57cb89e4f9a58a61f94adbfa2b6d79d80f8f0217db
datasets/skin/acne/final/detection/train/images/kurnaz_000280.jpg,8f03e14cc3f2d8af1d037baaf5ab46e15dcf98eec3a0c59e399b072cb602b59d
datasets/skin/acne/final/detection/train/images/kurnaz_000281.jpg,e75381931361d5f6f7ac91d560626483c6e64bbe7238fee0d314ceb25ef2de12
datasets/skin/acne/final/detection/train/images/kurnaz_000282.jpg,961b44452814f54fa185d45684e6161e2b0778f0a80f50ca0b1e86db0d2d0ef5
datasets/skin/acne/final/detection/train/images/kurnaz_000283.jpg,abc06b568d499c1e17a2f8509094307a8127db178b880d1d9434fdce6c9bc22e
datasets/skin/acne/final/detection/train/images/kurnaz_000284.jpg,af2e57afc058151d4b71d8fc4ca3754b7ae613dbd00dfc32f9fba62778c0764e
datasets/skin/acne/final/detection/train/images/kurnaz_000285.jpg,81d6efdeaf2a5c7eae2fd7a867336d410074d7eb2413750b02f5a7215bf36c93
datasets/skin/acne/final/detection/train/images/kurnaz_000286.jpg,cebd1580641118589c96d1e96e523cd2c2f8643f87cfe34d78ef0e034beff01e
datasets/skin/acne/final/detection/train/images/kurnaz_000287.jpg,a9bc65313e5b7e795d16beaea2d6644bee08aecd989d8141472cae2da67d75d4
datasets/skin/acne/final/detection/train/images/kurnaz_000288.jpg,88efe64e7c5320112b57d47d7710c75830fe0a350daf3f52981dcaf17684e953
datasets/skin/acne/final/detection/train/images/kurnaz_000289.jpg,7f4878d768c78fc6dd33fb89a1097576ebf6a70920c542280f74b75220c21c50
datasets/skin/acne/final/detection/train/images/kurnaz_000290.jpg,1349c32a37564c5bac4fe5a30d4b1b468a0e2b4e3549a30969d88b55842adbcd
datasets/skin/acne/final/detection/train/images/kurnaz_000291.jpg,adaff76f4c1202e1a89d6f13de144d551b297b12e5538db96fecd9db74aa5c42
datasets/skin/acne/final/detection/train/images/kurnaz_000292.jpg,43d039d5244bce664ac68667b0d5aef497179551eff5ea78b0d21c5bf376597a
datasets/skin/acne/final/detection/train/images/kurnaz_000293.jpg,3d1930fe4f39070355ca02d5e56317567cbfc2f28a7673fc3d4d41400b8e1efd
datasets/skin/acne/final/detection/train/images/kurnaz_000294.jpg,871d47988c8b689bc026b694d9859dd3d49a25a04e7243e0a6220c7e43da2aef
datasets/skin/acne/final/detection/train/images/kurnaz_000295.jpg,698cd7410ef0afac58646c55d931edafcab359caf599977e20226dd9b0693482
datasets/skin/acne/final/detection/train/images/kurnaz_000296.jpg,a4265c348b3c87a5bd7c10de59300aa634570061f148bb29b6ce4d410cc2c6ad
datasets/skin/acne/final/detection/train/images/kurnaz_000297.jpg,f0a73d06db412f3c103df0665d89bf82258ba361480af7690d2ffdb98bdb9cfd
datasets/skin/acne/final/detection/train/images/kurnaz_000298.jpg,888bbab0aba759564e530c288962de271d2a57cac394eccaf36459115256066f
datasets/skin/acne/final/detection/train/images/kurnaz_000299.jpg,8b9739b5e9d6b158c7e0a0f84b6eee8764c70016c5dad563f155f5e178239c25
datasets/skin/acne/final/detection/train/images/kurnaz_000300.jpg,3679742a9d6d10e1660020d5ef2ea9d553b9df4fce618e63ccf43f1fc84ebdb8
datasets/skin/acne/final/detection/train/images/kurnaz_000301.jpg,fd5dda2b43c19ff9ef00d787354b06c94b0d04bdafeeda4a0fb7969c3a8c746e
datasets/skin/acne/final/detection/train/images/kurnaz_000302.jpg,0dcedaadf3196afbe1005b9623510a58e257ce81c652ef70720731ef5e3e2582
datasets/skin/acne/final/detection/train/images/kurnaz_000303.jpg,4ac4500e340566ad36353a64ee8473f7a5b2949a1f8ea0298f80a00f3492d9db
datasets/skin/acne/final/detection/train/images/kurnaz_000304.jpg,e898609a197e760f5e2c9586f271a5aecf41093d3f615ffac837e3df084f0bf8
datasets/skin/acne/final/detection/train/images/kurnaz_000305.jpg,a202fb8cff3d0e19e09cd57a7c2456ba6a9f9d8d332ded6dca54276f4569e99f
datasets/skin/acne/final/detection/train/images/kurnaz_000306.jpg,114f2c9ec3e9ab207aa7659476d62d2d73ccc008a08fc1153f3adb5487bae2aa
datasets/skin/acne/final/detection/train/images/kurnaz_000307.jpg,a5dde0f3d13d7ce867cb00442619a73e82d4258221a651924ce06788bd065230
datasets/skin/acne/final/detection/train/images/kurnaz_000308.jpg,8358c5d3d9585f460d933b5964bf6a64b0a479a291d11b5360af9027edf14281
datasets/skin/acne/final/detection/train/images/kurnaz_000309.jpg,c8b28619b1e3ba1081e3f7e56b6287e47dc8cf59ba84d3b2e71533832ec9c5a3
datasets/skin/acne/final/detection/train/images/kurnaz_000310.jpg,44c4582a2e3a76b305b5c4a145e9ccb76e762a7ea994c2c239841ae7da336218
datasets/skin/acne/final/detection/train/images/kurnaz_000311.jpg,1d50dbad2171622b3fbe86d4229bd23d39357385d0d08492059f2048fd3ad074
datasets/skin/acne/final/detection/train/images/kurnaz_000312.jpg,ba646a90d65bd631f91fbc45993ee77fc129141847426c24bed562a41263cdd5
datasets/skin/acne/final/detection/train/images/kurnaz_000313.jpg,238c73dab7a4b2c55333da9654ed9e3c362ec97dafcae3ac4a44dcf159720bb9
datasets/skin/acne/final/detection/train/images/kurnaz_000314.jpg,673e90755c93f431d507aa170c8099dee712b333707c7255deffdd0e19f40ea9
datasets/skin/acne/final/detection/train/images/kurnaz_000315.jpg,39b58d6da4695d910c78e1e0cb4bb0c997a6158892cfd5dfe59e1e8a6b2aea53
datasets/skin/acne/final/detection/train/images/kurnaz_000316.jpg,548b8ad22594f26f7de96e3890f28ce5d7d6d25f4ac929eb12e10da1c71ca1ac
datasets/skin/acne/final/detection/train/images/kurnaz_000317.jpg,605f609e9456df6e033fb89aa3607da1872a346f1a55242ae2ff6e19dc2fe1ae
datasets/skin/acne/final/detection/train/images/kurnaz_000318.jpg,39098a41391e605efcbe5a9db402115dbb8af5729fe50be5203b86e063b2e3da
datasets/skin/acne/final/detection/train/images/kurnaz_000319.jpg,96ac964558dcb8ee765ee2865ffd2d2ba29b195c201e85a5215732f8bab26f86
datasets/skin/acne/final/detection/train/images/kurnaz_000320.jpg,073c0f0235e617c45087459e1b25b7d2a6460d2aa3357f7c1dbf87b3b95bb671
datasets/skin/acne/final/detection/train/images/kurnaz_000321.jpg,710c384a912ccaad881ba15cc7c0efa4b9e23a6be78b1068e2c928a1fd21d0bf
datasets/skin/acne/final/detection/train/images/kurnaz_000322.jpg,ad6b69cfbe6fb5d4f688759658e8723d6d5adc642c6a4e6f6329f773beadf4f2
datasets/skin/acne/final/detection/train/images/kurnaz_000323.jpg,828443228bba2fc43b3d99f5ac6bfd6b3d1fa86e078bb818827454f7076bb7ff
datasets/skin/acne/final/detection/train/images/kurnaz_000324.jpg,c7058ed3b443a85a9ea7620963d9c36c45e850015b37d1c0522eb794b40fe5de
datasets/skin/acne/final/detection/train/images/kurnaz_000325.jpg,d3f89da810e936a718d224683d0a7b28b1456ea1ba2acec482f475d1bf8af78e
datasets/skin/acne/final/detection/train/images/kurnaz_000326.jpg,ba19c850b2908057134345027401fb89aa7427c0708ddcee5e6d8e81025d0c0a
datasets/skin/acne/final/detection/train/images/kurnaz_000327.jpg,5317de568b21e7057143b6cb7bd08229181b283999de8946083664e812405599
datasets/skin/acne/final/detection/train/images/kurnaz_000328.jpg,e71364bc2b56c867d8e5e9f60f5fe13a1900052e1a73d7719d362d33ba2d00a1
datasets/skin/acne/final/detection/train/images/kurnaz_000329.jpg,84f58a8996975da530fcabfa2d9b6b35ace5a96099480bd93dc6b6a2dd306a4f
datasets/skin/acne/final/detection/train/images/kurnaz_000330.jpg,891ea1ba06a18407e563e52b92f0b2b96e380921a926fb18746b708f6a8633c7
datasets/skin/acne/final/detection/train/images/kurnaz_000331.jpg,26d1094afa98c301fb53438e8e1d32db2f145e8352ee58525aac5ad9eee326c0
datasets/skin/acne/final/detection/train/images/kurnaz_000332.jpg,204915cba51867df7a43504849dd127c1fb506d38f36a0059937bc9eaf35d298
datasets/skin/acne/final/detection/train/images/kurnaz_000333.jpg,e6318de70067bbf05103704456b0d2a950c2c18cca7a8e8baa87858698220972
datasets/skin/acne/final/detection/train/images/kurnaz_000334.jpg,4034523d1997a51496c40006a12c057621fe5148638c40d1a6eacc8cf7e625a3
datasets/skin/acne/final/detection/train/images/kurnaz_000335.jpg,9bf8880246174ed0b4dd67c34aa2df0a871d1179fe61e866f0ded0a81b8152f3
datasets/skin/acne/final/detection/train/images/kurnaz_000336.jpg,3b84c2d2d3fc130a0863234da749618104972576988a6dac4c6b054f1bb3b01e
datasets/skin/acne/final/detection/train/images/kurnaz_000337.jpg,3e85535d957b6b6fd7761ae8778cd2cf167dfc16f559e81f1dffc3c736d79b16
datasets/skin/acne/final/detection/train/images/kurnaz_000338.jpg,3f9060b5541bd73631cdc913dc6fcd94420b9948ee98ea6a34a6b175580ad8aa
datasets/skin/acne/final/detection/train/images/kurnaz_000339.jpg,375f4914d6c424b49adeee55fd893d71e3a661d8b7a1b4a09c850273387f00b0
datasets/skin/acne/final/detection/train/images/kurnaz_000340.jpg,ce3a9a4639da63b66f0c669716c3ffe27810cc50643c3f67336e89b2aae2287d
datasets/skin/acne/final/detection/train/images/kurnaz_000341.jpg,f1168f73ef85f2a9882386d513fead633b37a44340ea0aadc150482223613db0
datasets/skin/acne/final/detection/train/images/kurnaz_000342.jpg,e889b90d155e7523e77a8ff9c3cd3fa12e059b37e5b157a4f54a2c5f6a936c93
datasets/skin/acne/final/detection/train/images/kurnaz_000343.jpg,35658967c9c9d483f8c717cf6e3d197f15889cf408b236430603fb3a16bc8386
datasets/skin/acne/final/detection/train/images/kurnaz_000344.jpg,13629af93a57cfa5fd628518e319cd7fe95389db3a0580ab662a70f44b4e6804
datasets/skin/acne/final/detection/train/images/kurnaz_000345.jpg,551259fbf8bddf8d7d4a510d7e9ada43024190204d8491191e009bdf84b8bb7b
datasets/skin/acne/final/detection/train/images/kurnaz_000346.jpg,7479ec9d7293115dfe853b8bd6390adeb3fbb870940fae7ac35157a465401473
datasets/skin/acne/final/detection/train/images/kurnaz_000347.jpg,b9c0bf46296dd38db9b623a97aeca7595b665f411f60e51fadc1be70b31f22d4
datasets/skin/acne/final/detection/train/images/kurnaz_000348.jpg,262e9ade09f9d960ad4969b5b3071975792960270ede9415322f8c56caebd485
datasets/skin/acne/final/detection/train/images/kurnaz_000349.jpg,a5a0d0c2ea996670fda16cb129272e65f55c6e6d739c9b3aac373088c2e71940
datasets/skin/acne/final/detection/train/images/kurnaz_000350.jpg,ff63a234625425da8d0e438fb01f95f02cc1372d6d988e590e1f904b910ecaec
datasets/skin/acne/final/detection/train/images/kurnaz_000351.jpg,a3e392998fc96b20c89c5455e425f631beeb10dae4f3287089ebe23430fdbd2f
datasets/skin/acne/final/detection/train/images/kurnaz_000352.jpg,e78d375a6872a84c51d1d7617c596e5dae43824594b2ba780e8b580478d82a63
datasets/skin/acne/final/detection/train/images/kurnaz_000353.jpg,02f871210acec8f657858b15efb9f10a54eec315da1b176a204395deb0a880d5
datasets/skin/acne/final/detection/train/images/kurnaz_000354.jpg,209eb6b221b825100146505e4cbe6be7710016e3b0fa504bce41cdcae9e4f7ea
datasets/skin/acne/final/detection/train/images/kurnaz_000355.jpg,b76b0f3c865b418e87604fd96f402f004a28aa630bedb682e02b8dc924579df7
datasets/skin/acne/final/detection/train/images/kurnaz_000356.jpg,c966481c7d45f41df9ce2c1b15f98bd1ba6e1fac1fbc19e87edc0b0b2bca245c
datasets/skin/acne/final/detection/train/images/kurnaz_000357.jpg,c2a14e025baec3a2a4dccbabc2536bac21f415e0b650a7ed55560a662e39aded
datasets/skin/acne/final/detection/train/images/kurnaz_000358.jpg,cdcb91fcd1c157213166483455045f502c7c47e73e3ca007d4ce1ecc5df0a19e
datasets/skin/acne/final/detection/train/images/kurnaz_000359.jpg,b652668e6b61a3952ca6d36e24ed62f77953d99dc0c6be8f7082cb21b01f1274
datasets/skin/acne/final/detection/train/images/kurnaz_000360.jpg,cdfc14a1af01b130dd18816380cdfa5ff113790655cc513a774b503ef477d150
datasets/skin/acne/final/detection/train/images/kurnaz_000361.jpg,0dff5ba342493ad783dc651c62416c2c44ce11f3cc0dec461247115aafc1ff68
datasets/skin/acne/final/detection/train/images/kurnaz_000362.jpg,0c38e3f1595db2d98437fa029f7cd32a27579aca422bdfe81ccc290ab1656104
datasets/skin/acne/final/detection/train/images/kurnaz_000363.jpg,2340f64b57eee766b034ae50f7555faf52d0930c547eba6d13a2aacbfd9300a4
datasets/skin/acne/final/detection/train/images/kurnaz_000364.jpg,ce0551169ba7c11f3a3d19199ed95fda6b9966c19e114038d0c2d235c6eb822c
datasets/skin/acne/final/detection/train/labels/kurnaz_000001.txt,ffea0942193f72664302c4db8526ed5027e23df5382002792095b3e57a1c2f58
datasets/skin/acne/final/detection/train/labels/kurnaz_000002.txt,d24d3259900500abeee1dff2a9f9db2e00e330c2f2df8d0e6ff89f52fc1dea11
datasets/skin/acne/final/detection/train/labels/kurnaz_000003.txt,f1a233b8e0f129b0fe158577fa010a72675e60fa2b8f45eb37d9e1e5a1fd959c
datasets/skin/acne/final/detection/train/labels/kurnaz_000004.txt,078e3adca25d280dea53726223faaeaea3693b675c84efc28309b797ab5b1660
datasets/skin/acne/final/detection/train/labels/kurnaz_000005.txt,76c5715123580d76faeb2afde264a74d53d752b3eb4d5177d1e76d56465bdecd
datasets/skin/acne/final/detection/train/labels/kurnaz_000006.txt,4884022a5c4644baf19b07a9f884a6127dc6df20c9a49c601e49661c9e310771
datasets/skin/acne/final/detection/train/labels/kurnaz_000007.txt,315f1147a9274cec7e52df3ce5252114639a0266558acda0273018e4d8729329
datasets/skin/acne/final/detection/train/labels/kurnaz_000008.txt,1300b8492281a4fa8e95876d78b80222875e6fa5d0a680caeff8707e553d74b7
datasets/skin/acne/final/detection/train/labels/kurnaz_000009.txt,6b0367b03b2d8197fb03c700a511df2d3614e4d5924a58292a03ca8778eec863
datasets/skin/acne/final/detection/train/labels/kurnaz_000010.txt,b1fd038e5f538bfb57c9fe4e75aaa9740695b4e38f810889050e77bc7dd798df
datasets/skin/acne/final/detection/train/labels/kurnaz_000011.txt,a97752f82121fbc40fe472a55b9f4060f6a7d6918101f7565c8b4b8e37693fb4
datasets/skin/acne/final/detection/train/labels/kurnaz_000012.txt,b1786d8ad5e4d648668fefff5ae14f6e54a40e2fd82c37ae208ce79f0e3f684d
datasets/skin/acne/final/detection/train/labels/kurnaz_000013.txt,8ead73cbc01565214f06617b8c479037c3789616f5c7941d34b48cfe24646bbc
datasets/skin/acne/final/detection/train/labels/kurnaz_000014.txt,2a4f6a9be09b27acf8a84f053a0b3947e4409b2ceaec6972641c6a8097bdef8e
datasets/skin/acne/final/detection/train/labels/kurnaz_000015.txt,a2c7684c2ecd8e61016188f128831203d08e2480acacb4960975456713eb8c7d
datasets/skin/acne/final/detection/train/labels/kurnaz_000016.txt,427f66671b9fd23e1b102383f9fce554a5930f7daba238e17f356e8c781660d2
datasets/skin/acne/final/detection/train/labels/kurnaz_000017.txt,6f993f8912504dad97f8b196fb8ecd641a50e2179d6f95db1f31a21e1d95ce65
datasets/skin/acne/final/detection/train/labels/kurnaz_000018.txt,010e301270663ffb961f9d4cea71bde4d336b8812373b2a7eef8a3967b6548d2
datasets/skin/acne/final/detection/train/labels/kurnaz_000019.txt,4c06130959aa2e53b6febd296f1063c582910fad304803cfea70085d16e56d25
datasets/skin/acne/final/detection/train/labels/kurnaz_000020.txt,f1400193c93f341825a1966f08bf66958d3ab26950565518259eeab53d4ca1ca
datasets/skin/acne/final/detection/train/labels/kurnaz_000021.txt,ce0c35c7eb2a0a07201d49ebceb673338ace7a60d13fab4f0dc7aefd225ab9c4
datasets/skin/acne/final/detection/train/labels/kurnaz_000022.txt,5c363328ea1a90191261fa1818e46ba033489b73d7b6c513e98647447c7d2a4c
datasets/skin/acne/final/detection/train/labels/kurnaz_000023.txt,feca167e0f35d44e106dcb03b0542d008adf77ce8069a490c86b40c32e541678
datasets/skin/acne/final/detection/train/labels/kurnaz_000024.txt,5b802fc74d72b7de3fa5910e6d2d759241327de3f62fe4f381a1711d43f1aafc
datasets/skin/acne/final/detection/train/labels/kurnaz_000025.txt,bbac3dc02c0f60faed916c92c71ea5d7e265c11a7cea0d242c24e1691c3e2643
datasets/skin/acne/final/detection/train/labels/kurnaz_000026.txt,cc478646892b9f42234c031796bdbfa1e786b2ac28ea5c9bfdd0f13a34fbc408
datasets/skin/acne/final/detection/train/labels/kurnaz_000027.txt,1b9a73373df2611dfaef05beb52e1cd3d2ba4f57fa5e37d20a754d7574351141
datasets/skin/acne/final/detection/train/labels/kurnaz_000028.txt,96db8039b6e28b64e1404e1c256b7320dd17814fbe73fcc06c9cc7ecd04955e3
datasets/skin/acne/final/detection/train/labels/kurnaz_000029.txt,35e72a7d0f87515c567238523271d56b8c4c6c7a365fac381a40a778be506eda
datasets/skin/acne/final/detection/train/labels/kurnaz_000030.txt,8a5f3c8d0713efa1109a1420cf0ffbd0970d26a696ddb93b096955909f12aaed
datasets/skin/acne/final/detection/train/labels/kurnaz_000031.txt,869c6a9e5eabc145579a00c05074a55908bc89aa12c33d5b9f9680d25506aac3
datasets/skin/acne/final/detection/train/labels/kurnaz_000032.txt,311a69e97a31e667ebce1b865d3f04f0725efb34801039824476846e0b31bbe6
datasets/skin/acne/final/detection/train/labels/kurnaz_000033.txt,029143184364ce72f4d5b90a9081defd5c799143c84748566d64eb07014eafe3
datasets/skin/acne/final/detection/train/labels/kurnaz_000034.txt,05dd314f7e7ce442f599b93a8af135a047e1b8b63c13ab3e9ea8094e8614be6a
datasets/skin/acne/final/detection/train/labels/kurnaz_000035.txt,d93342814b5086e834fefc4037c9d06c7facc87a2087ec607d0ca2744c32577a
datasets/skin/acne/final/detection/train/labels/kurnaz_000036.txt,87a7f9c04b5be2e37c5a2faabb6e0fdb0716438875723ada5d480dda058ce57f
datasets/skin/acne/final/detection/train/labels/kurnaz_000037.txt,2351e481997f76181fa4781a7a182eeca1c1119ffb878cc8502c5f53e76877c4
datasets/skin/acne/final/detection/train/labels/kurnaz_000038.txt,eb22b96ae18a9b5c596ac21432a85b523df9e61b771d657fd8335195700b915a
datasets/skin/acne/final/detection/train/labels/kurnaz_000039.txt,51255bfb1a8913df5c73145fcd9f0e0c1f210b5fdaa9a4d9aa532b152cdb8663
datasets/skin/acne/final/detection/train/labels/kurnaz_000040.txt,aac4a7fe9fc5053fdee2090b2b6906d6a42346a27aa5dda2ac8759d468d43755
datasets/skin/acne/final/detection/train/labels/kurnaz_000041.txt,a39969ee20a38d7757a8938534d05cacdc1db2305c5df714fa7eb1045d4d558f
datasets/skin/acne/final/detection/train/labels/kurnaz_000042.txt,1913460419a124a433f2e0b7be8c89499d69e4325a18505fc9711c621afcfc2e
datasets/skin/acne/final/detection/train/labels/kurnaz_000043.txt,d089c6bf1caddcf1148e0bc07286a01028caa8851e87d21b64caabd2ac5be335
datasets/skin/acne/final/detection/train/labels/kurnaz_000044.txt,7d4f3b802fee33db062d6e2f9bd9d4ec9abdb4c9e347a2893851078b68d4f4a6
datasets/skin/acne/final/detection/train/labels/kurnaz_000045.txt,b33715d5bf0f8d32fe36f57b7b50d045e358ee4c44af9457b84ad8f385cb921c
datasets/skin/acne/final/detection/train/labels/kurnaz_000046.txt,131238ee5f1e3e2eaf7a4b37775920e9abcb691832ac01099e524abde925e93c
datasets/skin/acne/final/detection/train/labels/kurnaz_000047.txt,cf4849514f79817015fd900b75baaff0d75dabc81285adbe86ff5268682d6521
datasets/skin/acne/final/detection/train/labels/kurnaz_000048.txt,bf3b00bfcec1d6055997655f148221115269188ff5fe03238d90d965217a7a0a
datasets/skin/acne/final/detection/train/labels/kurnaz_000049.txt,7e827b7e5033d52907f3ec3fc31cbddec201f68f870ea8c463fd32bec5280bd2
datasets/skin/acne/final/detection/train/labels/kurnaz_000050.txt,ba7ef6c88569f0ca9aebb7204faf523644f700aaba0e93438f5fc2082abfd437
datasets/skin/acne/final/detection/train/labels/kurnaz_000051.txt,03c8a560db86a5c1e2beddb00601b4240e05bacce21475d58d779142b49ec977
datasets/skin/acne/final/detection/train/labels/kurnaz_000052.txt,aaf332030d0a44c676d18286a364e25c230c1cec3a23e0b2c4f8cd3ccfefa019
datasets/skin/acne/final/detection/train/labels/kurnaz_000053.txt,821af71465477567e66677cf60e0d2dc05d1c9c934257a36ab01fc6bef3a7e99
datasets/skin/acne/final/detection/train/labels/kurnaz_000054.txt,b086572d02cd878d18032fe3921a8eb22dd38e215dc96608af74a8da6ee1510d
datasets/skin/acne/final/detection/train/labels/kurnaz_000055.txt,c7f62104dcc969dfe6f9e345933771ff2158149ddae485e9ed75fa94c278512b
datasets/skin/acne/final/detection/train/labels/kurnaz_000056.txt,9f9f1d6bb507462ff5446617808b4310d9b7cfd4034380e29cfd21490fecb0c6
datasets/skin/acne/final/detection/train/labels/kurnaz_000057.txt,ef1ac34f0a5c4c841271c5c7e6f52265c71e4b9e598ccc51f286c043557742a7
datasets/skin/acne/final/detection/train/labels/kurnaz_000058.txt,4350829028a086b79851812b2d931d88ed546967270aa177d0478e4b3c1c729a
datasets/skin/acne/final/detection/train/labels/kurnaz_000059.txt,f61d4023d12059373edcf36c20b2b3687716ba08197ac1cfd03d1118ed9c7865
datasets/skin/acne/final/detection/train/labels/kurnaz_000060.txt,7c6556a90cf6c03916ecf66f67a10e0e3db07fa01028cd723f01a4794d850454
datasets/skin/acne/final/detection/train/labels/kurnaz_000061.txt,0a719eb32cd71699c15d14a82efd129fe81a9d1bfb05a7d1cdbd1e84fb8691d3
datasets/skin/acne/final/detection/train/labels/kurnaz_000062.txt,ea1c7d233accb186dec1982b66be508f5d586c3862e35feb056b26b91d968cf4
datasets/skin/acne/final/detection/train/labels/kurnaz_000063.txt,6a2d4e923dc4c331abbd3ad82eaa572bb0fdb39945bbbdbbe37e8c8f086d79ae
datasets/skin/acne/final/detection/train/labels/kurnaz_000064.txt,e3b0c44298fc1c149afbf4c8996fb92427ae41e4649b934ca495991b7852b855
datasets/skin/acne/final/detection/train/labels/kurnaz_000065.txt,e3b0c44298fc1c149afbf4c8996fb92427ae41e4649b934ca495991b7852b855
datasets/skin/acne/final/detection/train/labels/kurnaz_000066.txt,4ac26e0100a6c4339f1e4788b56b664724cb5e275639a5130e7f73c630655ade
datasets/skin/acne/final/detection/train/labels/kurnaz_000067.txt,ec882910b119350d470481c811e9628cfa804a563ef3abae128ffc2164eaeac4
datasets/skin/acne/final/detection/train/labels/kurnaz_000068.txt,c1283f60b3ce4d487b719c9f9cfe8b9001bf2ce7b59ee4b1025957ff8144dbb0
datasets/skin/acne/final/detection/train/labels/kurnaz_000069.txt,1f1ac328ff813381f543a32e19af4cec8414ff03fd28270f04630fcd829afd2a
datasets/skin/acne/final/detection/train/labels/kurnaz_000070.txt,433a91dc121542f73daae5e8129e199bac0bc9878e337c807f0d52a4f7b50f6a
datasets/skin/acne/final/detection/train/labels/kurnaz_000071.txt,791612346a2af51b88d9998a078ab88ef32c71afea140c6f9b45a1fb7eac0712
datasets/skin/acne/final/detection/train/labels/kurnaz_000072.txt,eddc766d56283de36c8d08986ce38228f2aa038436a82ac00d796648e88a4d4f
datasets/skin/acne/final/detection/train/labels/kurnaz_000073.txt,c85defc0a199248e9c94097b86a556f0d4783011b0be7e0f158dcac7d9b319c3
datasets/skin/acne/final/detection/train/labels/kurnaz_000074.txt,b5111d8a1ce189c1b6da982bff3121a622335b29677d87799c69db952d03bf82
datasets/skin/acne/final/detection/train/labels/kurnaz_000075.txt,60c18e84692e9ebb39f5161437e50938d54fbc49ecb47c380b880302677446e7
datasets/skin/acne/final/detection/train/labels/kurnaz_000076.txt,8f7f3a536c811d45629f9cefa747f2588c501a5e26577d81649d53dc974c5170
datasets/skin/acne/final/detection/train/labels/kurnaz_000077.txt,d6b6aab2f15058e52aabdba475eadfbb08506ccf634f80e18fbf5e79593434cd
datasets/skin/acne/final/detection/train/labels/kurnaz_000078.txt,b2a5dfa205c9c0710290e1b11443669959e70ca476f65bfbdd168e15282001f4
datasets/skin/acne/final/detection/train/labels/kurnaz_000079.txt,a12059d0448d35ad1c0108a4bdd42e2b9a3edf2af89c07ca28e4446cc911aed6
datasets/skin/acne/final/detection/train/labels/kurnaz_000080.txt,4ac58e9a7ef1950a07fedfd7f083c5aab6a2221e028cd630e33ff5f0589adeaa
datasets/skin/acne/final/detection/train/labels/kurnaz_000081.txt,c6185cf962a64b5ee031e73196dddeaea7c8d663e4a1f1e8077c2202b1078428
datasets/skin/acne/final/detection/train/labels/kurnaz_000082.txt,d2f56c7fc4895fa6b311aebf5f97689e468fef20ea8b266239bb0445546ba7db
datasets/skin/acne/final/detection/train/labels/kurnaz_000083.txt,e14cbeea0901637d3f0cef3233ebbfad3f7ea755a5e0cfd897e4a339ef572a59
datasets/skin/acne/final/detection/train/labels/kurnaz_000084.txt,45416c2663b9cfcb17429d48bfdac53099077425ee59fc52a9f305697d27ca61
datasets/skin/acne/final/detection/train/labels/kurnaz_000085.txt,ab9635628d06b120414f6a5903ea3b8932bf1cba6e4689ff6bb1e288118c9b2d
datasets/skin/acne/final/detection/train/labels/kurnaz_000086.txt,f704bbab372a0705aabe144b1db42b66595cb3529070c21e461ccfe5e5ac965f
datasets/skin/acne/final/detection/train/labels/kurnaz_000087.txt,22ab685c26952bb29530e37a7992760a6665af5db623ae284ab6519b7488bada
datasets/skin/acne/final/detection/train/labels/kurnaz_000088.txt,f50f5c6d3229958e9727805205e11421cc74ddd8a744129127174c9d1371a97e
datasets/skin/acne/final/detection/train/labels/kurnaz_000089.txt,054d56c6abb0fc8ffdb0b802ed7c6e201e2d441c8d47a714c04b2a2148ba2823
datasets/skin/acne/final/detection/train/labels/kurnaz_000090.txt,c3ca95ead3373f0b28ba47872934564010f0df4957321ade843b7c4014f003f4
datasets/skin/acne/final/detection/train/labels/kurnaz_000091.txt,0c49ff87c1dc0eae9604db556364e2c135f3d30812221f5dc62996ae948deeaf
datasets/skin/acne/final/detection/train/labels/kurnaz_000092.txt,09ba2f9ccfe152372051e20d2e890ff2fdabd3e6714f2dc1545f137655aadc62
datasets/skin/acne/final/detection/train/labels/kurnaz_000093.txt,d110f4ede4dd557d1427c727fb0c3cffeeb3d3c2f55360173b202cd5f85b8fbf
datasets/skin/acne/final/detection/train/labels/kurnaz_000094.txt,1a57d43edd75ffc95e7f4ac7f6e58c2cd4973e87a97329e0092e8f47bb18558a
datasets/skin/acne/final/detection/train/labels/kurnaz_000095.txt,0a77977b5800f9d5edc95c8bbce0f90315b1720c89f54911925bb5b3797810c2
datasets/skin/acne/final/detection/train/labels/kurnaz_000096.txt,e6eb30ee3f4b1eeb10de15f866c40745b0d020538cff8b98b73b452bbba890a7
datasets/skin/acne/final/detection/train/labels/kurnaz_000097.txt,33048d3bda371b214dd6662f75c305d62dd759c8ba716b65c8d4063d00425324
datasets/skin/acne/final/detection/train/labels/kurnaz_000098.txt,52b14779f2aa5b015fd3b904af20a5b1657c3e2f53c218f941da5950d81b9741
datasets/skin/acne/final/detection/train/labels/kurnaz_000099.txt,082494a213c70fd53787c7a0e6f6a82903f4dd8d071e2751ee1c0f5780e69189
datasets/skin/acne/final/detection/train/labels/kurnaz_000100.txt,0e6de6fed16c4a2b05e93c01177bd417e1107bb9fb3c49d0f74c069b0d93d9c9
datasets/skin/acne/final/detection/train/labels/kurnaz_000101.txt,00dab8320b19dc9a0c7961273d80a91ee2acb9794bb62d19dd04d1a5c7f7e604
datasets/skin/acne/final/detection/train/labels/kurnaz_000102.txt,9b9b32d54e0948a0d986d6fbce568906098066ffd80b844d1729bdae84ae6ab6
datasets/skin/acne/final/detection/train/labels/kurnaz_000103.txt,e91092d27a09dede0541e959375d4402ee9bd28bea59e2b6906f8df0d8e7b8ab
datasets/skin/acne/final/detection/train/labels/kurnaz_000104.txt,d14d3bfc0770d6548bc2ba196956e6f4b27f38bb4e98669214fb0abfdeb0806c
datasets/skin/acne/final/detection/train/labels/kurnaz_000105.txt,59d00e2c0f7796a113feabb490ec46ce7379839e2a7ee52dfec0af2f03336a11
datasets/skin/acne/final/detection/train/labels/kurnaz_000106.txt,8402f25aed31d031b999df04c03cd52346ebb83e1411f6f74cc1f0b2fe567a46
datasets/skin/acne/final/detection/train/labels/kurnaz_000107.txt,86db687183d34bd34c30095a4db5bf3e9dd98f048d701126446d5fb1a251ffa1
datasets/skin/acne/final/detection/train/labels/kurnaz_000108.txt,05fc6e29e6b7173db29f1de9db3ab2e14f855d097b6703d01eef4e0528de064f
datasets/skin/acne/final/detection/train/labels/kurnaz_000109.txt,72002136506ee8f7d8b64c150a0e7b0484a0d40b52c4f8a48a7f4fcf77559f2b
datasets/skin/acne/final/detection/train/labels/kurnaz_000110.txt,8943e7e78fe1c300d75c3faf8715288dd5350c1d3a1a5ae10f1d78e5d40cdc83
datasets/skin/acne/final/detection/train/labels/kurnaz_000111.txt,d732c1c829a6e7e64500c914328b879e035875e0e6eb4169b1e88cf6d4bfdf48
datasets/skin/acne/final/detection/train/labels/kurnaz_000112.txt,e0abf87fa6b285e815e5d50419683c212165cd23ffaf21cf625bcc31982e5ddc
datasets/skin/acne/final/detection/train/labels/kurnaz_000113.txt,71b69296351d90898bf20a9c9f9ca1a91c948c69d6c742006ca745a50facac53
datasets/skin/acne/final/detection/train/labels/kurnaz_000114.txt,2fac3859a7739d1b1ff750ae5bfe8c0df422f2bd5533caca81ab05ade6f4028b
datasets/skin/acne/final/detection/train/labels/kurnaz_000115.txt,f76769a664285472091fb20ee58b838190445dd6a5446602414ea4ec6d0b81f4
datasets/skin/acne/final/detection/train/labels/kurnaz_000116.txt,0c263148b2e9db54412b4cd2d1111cbe0488bdaf046795e63cba159cfa3f94af
datasets/skin/acne/final/detection/train/labels/kurnaz_000117.txt,96c2db2a641be3f2a226a427d858d3a05b7ac8f723548742fcb6f236d4ec2a37
datasets/skin/acne/final/detection/train/labels/kurnaz_000118.txt,2a67412e490b8107d5f89e739236040db28137192158749d1472e66bb174d171
datasets/skin/acne/final/detection/train/labels/kurnaz_000119.txt,6224e185fdf7e23a7831dbf88e4c2d352738368a0b3e291801a9532a82333715
datasets/skin/acne/final/detection/train/labels/kurnaz_000120.txt,4c3e8dc8eb1045bef4e44272087b542f06fc56674d386d0c3153b32993bbc15c
datasets/skin/acne/final/detection/train/labels/kurnaz_000121.txt,ed1f235e237146fb8254db728009425734348a4052aee9912f194b39e9a65688
datasets/skin/acne/final/detection/train/labels/kurnaz_000122.txt,44794cb09c04fa62953a3a7158759da6eb927efb3acb460ccb3d144cb39ceda5
datasets/skin/acne/final/detection/train/labels/kurnaz_000123.txt,7dc55893c591d5c0d325ad1ea3f683f50a4d0f16c0bfeed14ba87b5762c131ec
datasets/skin/acne/final/detection/train/labels/kurnaz_000124.txt,3b11b02c022442a3ccd6eef253b7250a6c00a0ddb04e152980ad418d01dc99f0
datasets/skin/acne/final/detection/train/labels/kurnaz_000125.txt,4794c8d338c484257e6b1802490feeb7935627aa2746dab6918be39a8deb1232
datasets/skin/acne/final/detection/train/labels/kurnaz_000126.txt,86efaa650656c4e07256991f6674afceef6cfc0bb9009243ba27fdf5c67ab023
datasets/skin/acne/final/detection/train/labels/kurnaz_000127.txt,b80343e70a24e357ee80fbb0651f09861f2e2737d7e21ff2d6ce7049a1518bb9
datasets/skin/acne/final/detection/train/labels/kurnaz_000128.txt,2fd6266a2fe11e015af3e6d3dd23a23ce12fe79871a3bf4bfced884376fce1bc
datasets/skin/acne/final/detection/train/labels/kurnaz_000129.txt,d1657c8f7c7b1616508323da41e75b37de8965a8e509f3c185face014cce4139
datasets/skin/acne/final/detection/train/labels/kurnaz_000130.txt,b5534748769457fc8a39d7b27e0729b027186820fae18e8f5317dc492cbadb3e
datasets/skin/acne/final/detection/train/labels/kurnaz_000131.txt,f41c626c25a6e4e453615a0dd92df81d43f86e07dc38cb3af0d2c783e6547b22
datasets/skin/acne/final/detection/train/labels/kurnaz_000132.txt,83dd0d7395e5382c3b5e49bcac9c8fc50d4183b38cd7c7400830bf2275f86fb0
datasets/skin/acne/final/detection/train/labels/kurnaz_000133.txt,a32db1c7595875cb46c6c78abe8818c0ea8a2813f14aba7089b4da9a631ed851
datasets/skin/acne/final/detection/train/labels/kurnaz_000134.txt,d8bdae9daf156e157e5cef721c22072b16ed946cbd10f92d010e85935fbc2cc3
datasets/skin/acne/final/detection/train/labels/kurnaz_000135.txt,43b56b85cd113999a5ff513acb2c53815b33152f00d15c75730dd8f820f6a947
datasets/skin/acne/final/detection/train/labels/kurnaz_000136.txt,853300d91e75f853c154c78acbd1d06626bf79740eaced102305faaad62c2a46
datasets/skin/acne/final/detection/train/labels/kurnaz_000137.txt,5c264d20c0afc73d172f13572906b7efb169640617f6d2519f812b2ef871b134
datasets/skin/acne/final/detection/train/labels/kurnaz_000138.txt,db920c95c7b1f3864a28801508e455b5f16a7d839d15397de1a1810b90be1c1d
datasets/skin/acne/final/detection/train/labels/kurnaz_000139.txt,6912fbbcfdface665c0d4f42652916c266c495f3b6bb39ad5dc95fee6ec53f4d
datasets/skin/acne/final/detection/train/labels/kurnaz_000140.txt,803c3cd62fde320acb2fa08065fb883644acf0fb614c24216fb948197c1609ab
datasets/skin/acne/final/detection/train/labels/kurnaz_000141.txt,ebf1da067d2ae77f4d2e3e62925bceec0322621c3661a785905072d7048b182e
datasets/skin/acne/final/detection/train/labels/kurnaz_000142.txt,c769ddb18e19029b8adfc010988ed9c6baae93164eb74f8bf19538df1ec8fe29
datasets/skin/acne/final/detection/train/labels/kurnaz_000143.txt,5896fb9ab90e08e6ed4505e7caa1b179614f07ecf324b8b30b99b6328e2ce963
datasets/skin/acne/final/detection/train/labels/kurnaz_000144.txt,b366dae4c80370fd1467f547fbf62f239be2ca1cec8b328f4421457191616558
datasets/skin/acne/final/detection/train/labels/kurnaz_000145.txt,dfe0eb0d6ce3d6436d3b0473b1d53776e217c815889480ba69635e3cd3faaa15
datasets/skin/acne/final/detection/train/labels/kurnaz_000146.txt,5edfed06f015d1d8f95e8e952419e89d84db3a4ebce5604ac4f42dc92e44eb65
datasets/skin/acne/final/detection/train/labels/kurnaz_000147.txt,67ddd26989d46322b6d61a849aa3ddcc85040028d776404905f321727f9426b4
datasets/skin/acne/final/detection/train/labels/kurnaz_000148.txt,4cbd19da7a68544140d703fb4f2bc7f820ecf48434f816e46b5ba2517f7e707e
datasets/skin/acne/final/detection/train/labels/kurnaz_000149.txt,87e6b7d63e77b8b44a14c092f3982c296597a3ff7cc5087f82db2fc8ad09df1b
datasets/skin/acne/final/detection/train/labels/kurnaz_000150.txt,346e421c97a09aadb9bdea5eab48f0c6919854c74aed349853345113d67f0100
datasets/skin/acne/final/detection/train/labels/kurnaz_000151.txt,189871b0c12e87bd7831e73c6f13645bd650b8134faede21d359c78325c80c29
datasets/skin/acne/final/detection/train/labels/kurnaz_000152.txt,bf4995b23f856ce5a86ebd941c80e92163929758bf853c52ac94801d77820036
datasets/skin/acne/final/detection/train/labels/kurnaz_000153.txt,51a7632e5b3c3ddda922057ba6209ba60dc21605c572a70117623b68198a29bd
datasets/skin/acne/final/detection/train/labels/kurnaz_000154.txt,d0afb722bb95a22e7728ef51ccdef9024e57b092ca6218f1953ab848a30f4e59
datasets/skin/acne/final/detection/train/labels/kurnaz_000155.txt,c11eb61dba86c714aa73f83100462242de5ba82aaaf328358a2f7ffa709fdbf0
datasets/skin/acne/final/detection/train/labels/kurnaz_000156.txt,d6ca88c6157a054b44984ec156742345c7e61413e3be8e02e72281b73b6e8255
datasets/skin/acne/final/detection/train/labels/kurnaz_000157.txt,547b3c4969900039a4bf19318972378f81e7e1b674d801745e0da02a5c4cafaf
datasets/skin/acne/final/detection/train/labels/kurnaz_000158.txt,96bd66fb36829b090d55bf5ab2b83fb1d4bcca5b66cf8b398818a6c8f7762b97
datasets/skin/acne/final/detection/train/labels/kurnaz_000159.txt,7f93b2816260ff692954640047fcd3065eab2b3cbad8fbf4714548dfc7e1c6ea
datasets/skin/acne/final/detection/train/labels/kurnaz_000160.txt,a366cb9dcc979d3b6db9f1ac9f7126590fbdde8792bdd457ab25f6410e0e891f
datasets/skin/acne/final/detection/train/labels/kurnaz_000161.txt,1a8c500c019354c65b5d208c5e350f43a80ed2d027a1fada5527f4e3ded4eaa0
datasets/skin/acne/final/detection/train/labels/kurnaz_000162.txt,d9bbcc3e498e76941912f418abfd93a151c750f3c3fdb5ccf77a36188f925489
datasets/skin/acne/final/detection/train/labels/kurnaz_000163.txt,cc87f96627f6e7a7ca6a879e3c934ef6b4499e3b3cc549393aebbf9abf3fa076
datasets/skin/acne/final/detection/train/labels/kurnaz_000164.txt,91b703ca2775f87862949d94ebe8eb04756dfec24fa1da16b7b0c77343c881ef
datasets/skin/acne/final/detection/train/labels/kurnaz_000165.txt,99c771b71d761751706cd5b954bb9080fa50f2b0be1d1bebb497da2e0c7be335
datasets/skin/acne/final/detection/train/labels/kurnaz_000166.txt,16a080c828f28fa8b08a75ea67f53be1cda915583516a4d0e18341a8de170be9
datasets/skin/acne/final/detection/train/labels/kurnaz_000167.txt,265cff5627ed1aea928858f9b1f729faadc1fc1b895cd55b559626a8f6a27958
datasets/skin/acne/final/detection/train/labels/kurnaz_000168.txt,aa44aca0b7dc77eb2e0722fd95a75ea461a9ec95e12da6d0f5ccb7218a27bf97
datasets/skin/acne/final/detection/train/labels/kurnaz_000169.txt,06d6e4333f4e2a78a4bedfbc192d5050bf0518d6eeb118a07d71f70f1fa23b78
datasets/skin/acne/final/detection/train/labels/kurnaz_000170.txt,3cfc48e1e5928ad50fe0611bdad1e496b19396a3b6a171be183e3f2f6312b284
datasets/skin/acne/final/detection/train/labels/kurnaz_000171.txt,04e0cba0aececd7c14350e9ccd9bc28ea792b48a77ad74f9bae9fc812196dee1
datasets/skin/acne/final/detection/train/labels/kurnaz_000172.txt,4e06e37a280c3ee444f868f94e8d4802052fde5b1e0807484d494d3e2ec9dead
datasets/skin/acne/final/detection/train/labels/kurnaz_000173.txt,86f7c25d8d2b4a34c69ccdd321d831edcbe0d643a8de04dfb33f92190e77b042
datasets/skin/acne/final/detection/train/labels/kurnaz_000174.txt,e012ae663345703fb9143caabfd6204551116c5dde71f58efb68ad3d2839e2f5
datasets/skin/acne/final/detection/train/labels/kurnaz_000175.txt,c272975df5a6401b77e16a86bd9129feb9f490569eb434951f4e7acc6784625d
datasets/skin/acne/final/detection/train/labels/kurnaz_000176.txt,ecc22602538eaa2ffe177fd528396c9c5accc389326f6498c46629420b4765a5
datasets/skin/acne/final/detection/train/labels/kurnaz_000177.txt,2515d76db482ec3a91003c729fa926e8d320f1dcb26e550bc0c3f5887de2d0f4
datasets/skin/acne/final/detection/train/labels/kurnaz_000178.txt,3c2cebe0ad2e1f150fed55e2ed1d1b1c11cd2d5a9fbfc77c43327f85f15b0fd2
datasets/skin/acne/final/detection/train/labels/kurnaz_000179.txt,122871773d8c945185dbbbc1031a1cd1707322710441dbf2d0e0900744b97592
datasets/skin/acne/final/detection/train/labels/kurnaz_000180.txt,e3b0c44298fc1c149afbf4c8996fb92427ae41e4649b934ca495991b7852b855
datasets/skin/acne/final/detection/train/labels/kurnaz_000181.txt,e3b0c44298fc1c149afbf4c8996fb92427ae41e4649b934ca495991b7852b855
datasets/skin/acne/final/detection/train/labels/kurnaz_000182.txt,48961444cd102c9be3d201dd4f6ea27b54be3e97597e2378efb707fcb8685227
datasets/skin/acne/final/detection/train/labels/kurnaz_000183.txt,28f05d9d57545c9a764590d6730ea5ac3567dcf7c7e92947a888f48c5e132945
datasets/skin/acne/final/detection/train/labels/kurnaz_000184.txt,f331bb4fcbd002fb542b8a25eda446af6c2bd3a9bd6dace3ca4565b9ed290a33
datasets/skin/acne/final/detection/train/labels/kurnaz_000185.txt,004908eef146876527e2c96a7c3aabe2e7b1493aacbd995f7084c77e254d4508
datasets/skin/acne/final/detection/train/labels/kurnaz_000186.txt,d1e2abb154742107be8f1b6a7c291013aba0526d08541fba509609574f2be92f
datasets/skin/acne/final/detection/train/labels/kurnaz_000187.txt,be6be7eaf6a47792ee9b90f2deae05e688b4b67980416ae7d266fed644c25de9
datasets/skin/acne/final/detection/train/labels/kurnaz_000188.txt,c2e5dde3161f9143ab7ea6b7402180d59edc5a15401bcf6ac3de6bcc6f50636e
datasets/skin/acne/final/detection/train/labels/kurnaz_000189.txt,574f381a30ff9a80f566f2e9ac80b42414d03bfbc96625e0ede89764bc8a16da
datasets/skin/acne/final/detection/train/labels/kurnaz_000190.txt,f2db92bb38b16499f37df3ac52ed5ce3aa04901cc8af87e111476099f119486d
datasets/skin/acne/final/detection/train/labels/kurnaz_000191.txt,75f11357c35b7ac7d357c80434abc396343f9b17778354128eb8b5139dfbe5c1
datasets/skin/acne/final/detection/train/labels/kurnaz_000192.txt,9c5145490d7b6a431249f2da3a79e5808c95f4d385f821843ba793e186e27276
datasets/skin/acne/final/detection/train/labels/kurnaz_000193.txt,2c1ccb5faabb64da53c56f973aa750c88d74ca1bc65979f765895d6661e32da8
datasets/skin/acne/final/detection/train/labels/kurnaz_000194.txt,2f8fa2d9c79a732aa282a42e665f885984ab5195d49d4eb38bda1552927f5bbb
datasets/skin/acne/final/detection/train/labels/kurnaz_000195.txt,4f25b7b39ad4145d58eb3e990b2d583182a8982c426d4bec37e8556467da42df
datasets/skin/acne/final/detection/train/labels/kurnaz_000196.txt,96b5303c6c1fd665be554b8c347619c2d17e357983387f8b805139b3fdc82508
datasets/skin/acne/final/detection/train/labels/kurnaz_000197.txt,df2ce3db7effcb166e124535b125cbca3a6656168aa4596a6f01dc6cc8fbce64
datasets/skin/acne/final/detection/train/labels/kurnaz_000198.txt,fc600c28324bbbd1455c5736e3c36935ae4da2c5aa1508e12925e2c5f71b39bd
datasets/skin/acne/final/detection/train/labels/kurnaz_000199.txt,fa12be30a21d0cb639e733d480b65edb71c3f7942a1ae487542c90ff08551909
datasets/skin/acne/final/detection/train/labels/kurnaz_000200.txt,487368a3a0ed4ea88efa5d26a0313053cc036c85ade898d5c5cf18085c7d4c5f
datasets/skin/acne/final/detection/train/labels/kurnaz_000201.txt,7c2b2da94d35e96ceccb6b650cc9872929326f5f64b65de705b0530c58aa6c1c
datasets/skin/acne/final/detection/train/labels/kurnaz_000202.txt,5c030c3611c1d0f7b00ff96d624b4889684277f78c12ce9bbf8ffca2c780320d
datasets/skin/acne/final/detection/train/labels/kurnaz_000203.txt,9f1059b844b1b5a47c03654189a0d8a256c007a964886b5d77e8f1f63180bbe6
datasets/skin/acne/final/detection/train/labels/kurnaz_000204.txt,9e8661cc78c821c343607e484a889b457fada9c8b5a2714eef1c991fec2b9975
datasets/skin/acne/final/detection/train/labels/kurnaz_000205.txt,b742a3d45ea42c18c52e9b67a1c5e3faf583f6b256312515ad9a0b4de1152e29
datasets/skin/acne/final/detection/train/labels/kurnaz_000206.txt,9f655a848c0626bcecd8ad4d8fd4a2fc4ee8e3237e0fd058e0ec382662d64caa
datasets/skin/acne/final/detection/train/labels/kurnaz_000207.txt,59bb8419cbb8f89584014bc70e06ebb2558864d0d41b052c477837703669a4d0
datasets/skin/acne/final/detection/train/labels/kurnaz_000208.txt,01a7cc5f5417e787d452addbc00a53785ba658ccc0a35e7860009f114a7b4bfd
datasets/skin/acne/final/detection/train/labels/kurnaz_000209.txt,aa8a39b6211c43bc9b135b95c99b90db094c079bad00cd55ee156f3238d5b6ff
datasets/skin/acne/final/detection/train/labels/kurnaz_000210.txt,34c0f741db7c33d37c3976b74242794bd9412cb48e84ce4c38ba77bba6807a3e
datasets/skin/acne/final/detection/train/labels/kurnaz_000211.txt,436d025d56f195cbb4d6040264f621a451d93de0ec2c83567b6190eac515afee
datasets/skin/acne/final/detection/train/labels/kurnaz_000212.txt,436f9bf5c81a0db2c83c16614984ca6d26d5e845aa75c1b7b6bbe6e532edeb8d
datasets/skin/acne/final/detection/train/labels/kurnaz_000213.txt,6fc9ac7104bd4b33ba049970b48d9bddf55bd0179628d94e75f8921cff20dcd0
datasets/skin/acne/final/detection/train/labels/kurnaz_000214.txt,e3b0c44298fc1c149afbf4c8996fb92427ae41e4649b934ca495991b7852b855
datasets/skin/acne/final/detection/train/labels/kurnaz_000215.txt,e3b0c44298fc1c149afbf4c8996fb92427ae41e4649b934ca495991b7852b855
datasets/skin/acne/final/detection/train/labels/kurnaz_000216.txt,c1a43843a09269639817ccdf51ba927cc8f7bdb8d6b84336a4819224a2598c7d
datasets/skin/acne/final/detection/train/labels/kurnaz_000217.txt,8843cdf27bc85003e3784dcd5f5c07522b67dc0b1e41c9bd731815831551717e
datasets/skin/acne/final/detection/train/labels/kurnaz_000218.txt,e448eeac481006c49cccfc21861c8a47805d94dd9957002fe1b770e9e6d6b984
datasets/skin/acne/final/detection/train/labels/kurnaz_000219.txt,aaa15ac5aa3707603b51a5a5d3f8750c8c9e6cb6619b6c71540e74485801bea7
datasets/skin/acne/final/detection/train/labels/kurnaz_000220.txt,8acecb322f8f6b5d55e02f3562178d6da7d23165ab2bb599e8fb1f60d9f2ca17
datasets/skin/acne/final/detection/train/labels/kurnaz_000221.txt,9fbf874521c52f6209ec5c8a1ae45deff8e3ce6071c9480f905172bd3c3dfe7e
datasets/skin/acne/final/detection/train/labels/kurnaz_000222.txt,659168039dd5482ed39b5ee6e4f6fd35ebce1b311b07a95faf3ff61d424220e5
datasets/skin/acne/final/detection/train/labels/kurnaz_000223.txt,05b1144c8909d3fa2a4cbdcc20111fb240ffea1a846163da004836589f7a0490
datasets/skin/acne/final/detection/train/labels/kurnaz_000224.txt,d3a05f6dfe410a11e1c9b10680f049adf8758cda8a57decf8ea658a4a204b37c
datasets/skin/acne/final/detection/train/labels/kurnaz_000225.txt,ff94c70cace451b0740b8eb4a9df7b41f117959d9d9a8936b7e12b00b4610a29
datasets/skin/acne/final/detection/train/labels/kurnaz_000226.txt,7cd09a8a107a6ee642ef6db42b0b4c3dab2c2af5c5a247365438592c916a8ba0
datasets/skin/acne/final/detection/train/labels/kurnaz_000227.txt,a038efb6d7341a6c38f1a66a7ffc8cc023196f84a9ee1795dd2782bbbe41d977
datasets/skin/acne/final/detection/train/labels/kurnaz_000228.txt,005f05a08cb1afeee1fae5adbe85158b3d414d2230dcfc566b1fb56c7a54865c
datasets/skin/acne/final/detection/train/labels/kurnaz_000229.txt,26cc2ff00e60929797eb5ebafe310d0a8ce927c777b61f958804dddba9ee61ab
datasets/skin/acne/final/detection/train/labels/kurnaz_000230.txt,393e21ecc5958fda725a610fd4fa57944afb1afa421ebeacdf9c64f76749a2e2
datasets/skin/acne/final/detection/train/labels/kurnaz_000231.txt,f06b8f7e30f4aa9b3a2e466d7e9bba02e0b74140bca1d4aae352f467c008967a
datasets/skin/acne/final/detection/train/labels/kurnaz_000232.txt,a37b2d6c9a21e7e3ce3134236b8ef7af1895683b437562110c12af0f8d8289f0
datasets/skin/acne/final/detection/train/labels/kurnaz_000233.txt,edb90065ee38f965abc4351270578527afdd3cb2be327de148843590d1a0cf73
datasets/skin/acne/final/detection/train/labels/kurnaz_000234.txt,bb23ded68f2a0d2421dfb3556fc44e89b96301a8f36d30dc278fabe7cee5216d
datasets/skin/acne/final/detection/train/labels/kurnaz_000235.txt,7b6f539eccacdc4c705d0ffaa423d79dc07a4267ae3cad9cd1dfdb70cfde1f76
datasets/skin/acne/final/detection/train/labels/kurnaz_000236.txt,aa8fc8778b40aad2c9cfdbafea48ae2552de66f1952571a8da5ae1e350d78717
datasets/skin/acne/final/detection/train/labels/kurnaz_000237.txt,e3dc73605b62a846d408a89278d0fa5cde667085ee69c49fa8cba07e993b0434
datasets/skin/acne/final/detection/train/labels/kurnaz_000238.txt,8e5e4aa2e84cd5414bbf394c8fac2f043b565f758b1f1e6789aaf5c211fd443d
datasets/skin/acne/final/detection/train/labels/kurnaz_000239.txt,7943714f02aaa672bab0e8ccdf7bee4b98d6fcb4668236af1627d39e11b8a7b9
datasets/skin/acne/final/detection/train/labels/kurnaz_000240.txt,e942fa0362755b6d3a0d33956a99fdf1ebcf15ccfb06a39cbab8f9890ac42f48
datasets/skin/acne/final/detection/train/labels/kurnaz_000241.txt,b96feee6723028daebbdc7fd288911d662cb432e840e11a4d8032591bec247d9
datasets/skin/acne/final/detection/train/labels/kurnaz_000242.txt,a472c4722c79fbfc40f68b9de5109489b16dfab99e9b3e4257fe461bcaece2cf
datasets/skin/acne/final/detection/train/labels/kurnaz_000243.txt,74c13f3cb65efaf89244dfca55fe9a9e62fcdfed5b83c8da0d7f47081d373997
datasets/skin/acne/final/detection/train/labels/kurnaz_000244.txt,e00912fb1a3458a9d90a5b8fcda8cedf149b909d241f017605a7e448e3f9656c
datasets/skin/acne/final/detection/train/labels/kurnaz_000245.txt,dca988e4238cbd7ff8ceb978c54ef56fd7e4a8dd1f98229e1e5a0c8ef37d2aa9
datasets/skin/acne/final/detection/train/labels/kurnaz_000246.txt,2ea186ddd93a4314f01f780484636bc39a86e68b41b8eec3ab6f98b18f7ac7a2
datasets/skin/acne/final/detection/train/labels/kurnaz_000247.txt,02ad565a89c32131bb0e7b4a27ef2c64355a0108d322b9b29b8f429a62c71cef
datasets/skin/acne/final/detection/train/labels/kurnaz_000248.txt,9f66c9db63228b12dd7e02c04232905a2c5565bcc8dd9dafe90a3aefdd871484
datasets/skin/acne/final/detection/train/labels/kurnaz_000249.txt,6277c3acdd1f56d0d36601c8e54c278472085a5bd5d3bee27f8578ca3578cc24
datasets/skin/acne/final/detection/train/labels/kurnaz_000250.txt,e56398244c436210f56a1d78a60d322efa2e5f337c10a391e86e41b5b5af740b
datasets/skin/acne/final/detection/train/labels/kurnaz_000251.txt,ca9f9aa71aa3a6cdd3fa30a57c8baf618224702fb252fb9b742bd41be1a67b78
datasets/skin/acne/final/detection/train/labels/kurnaz_000252.txt,332ff5e3b1818d1eb5099025d2a6e182d52232b081c85a8cc8bea9df983117e4
datasets/skin/acne/final/detection/train/labels/kurnaz_000253.txt,01cb51243a101fd0680a6180df40184bbb4ed278d72a1939afad49fd5ba3e102
datasets/skin/acne/final/detection/train/labels/kurnaz_000254.txt,772f48f9a600482aae4fbe063742d31d2c2413e35fbf7fdda2517ebe6723f448
datasets/skin/acne/final/detection/train/labels/kurnaz_000255.txt,5bc4155869ac5eeb8df6ae5afe11290f662be8d3ab08ac20f86f71c2929b8430
datasets/skin/acne/final/detection/train/labels/kurnaz_000256.txt,589a80c81914cc4bb4db89c6d05fa5c9442ef3ae99ffd137f4b60edbce7746f9
datasets/skin/acne/final/detection/train/labels/kurnaz_000257.txt,8e44bcf0d0314dd48b5490898f7bf9bccb20f05fea647f050dfa9f19f96cfc04
datasets/skin/acne/final/detection/train/labels/kurnaz_000258.txt,e3b0c44298fc1c149afbf4c8996fb92427ae41e4649b934ca495991b7852b855
datasets/skin/acne/final/detection/train/labels/kurnaz_000259.txt,dfc8fff89e0a6e93f60e0e16f640bc96bd29cb402b914808e22e4ea232245c2f
datasets/skin/acne/final/detection/train/labels/kurnaz_000260.txt,d0d523515494cc601ef1a72a03d6c15594c5c33e75bdd017ab500215bd530cde
datasets/skin/acne/final/detection/train/labels/kurnaz_000261.txt,63e3c55282ffd5fa08d47abeb3d72be1eeb22161dfd6b944407bbdf1d30811c4
datasets/skin/acne/final/detection/train/labels/kurnaz_000262.txt,e562f6db77ef49eb49241a33ea7208ff59b8d3156972b5d563561734cc247e04
datasets/skin/acne/final/detection/train/labels/kurnaz_000263.txt,40a8d1f9f44f2c674f5e2f708d3b9797d512556d75fd941a69d81a9a2a217f6e
datasets/skin/acne/final/detection/train/labels/kurnaz_000264.txt,aaee3206ef2759e7b4a8fd3162cbd3696038e285163190e404ca8c6d2992c914
datasets/skin/acne/final/detection/train/labels/kurnaz_000265.txt,db7653ed78871da123e3919a230cb19d881e7a18c73289bea8dbb718122192c0
datasets/skin/acne/final/detection/train/labels/kurnaz_000266.txt,9c295f25952389b37748b1c1522938e4ea58e431f0cac41537936eed09fd6fb5
datasets/skin/acne/final/detection/train/labels/kurnaz_000267.txt,9b821ee287d4d9408a2a9d388327e233e95ae99d1469a0465f52dc7995604dce
datasets/skin/acne/final/detection/train/labels/kurnaz_000268.txt,f4b68c9e447b6a7f68a96d5489d28b0d1c3c30891590dc1ac509fa8e37f3f46e
datasets/skin/acne/final/detection/train/labels/kurnaz_000269.txt,274349a8a4bc8f82b360c012079b238d4793fbb18fe12fa61d3fd3cb9bc22123
datasets/skin/acne/final/detection/train/labels/kurnaz_000270.txt,65b79e981aba7e23288e7029ec80ae871dbd464b5d5c221a0517e4a3573a6a55
datasets/skin/acne/final/detection/train/labels/kurnaz_000271.txt,cdf1a3147f4dabbcf672015656ddf1caea4d960f11f31fdc5a9a6f26093aa39c
datasets/skin/acne/final/detection/train/labels/kurnaz_000272.txt,43d2a899dd6b9a478f2c7f76f687e493d1df2bf3b12829b1eacb46e942e4bb5c
datasets/skin/acne/final/detection/train/labels/kurnaz_000273.txt,ce9cc58b92562188763faaa379513d775b1e25ef6097f296ae026170129c3a27
datasets/skin/acne/final/detection/train/labels/kurnaz_000274.txt,cb5a35469c3cfd69299df2c730e0cdd4d7f79a90c7befd5a69af92b2c6ebfa61
datasets/skin/acne/final/detection/train/labels/kurnaz_000275.txt,aabfbacf94d5b78448d2ef2bd12bf0d84c2f427bf79af2c75b35cecfd0065a9e
datasets/skin/acne/final/detection/train/labels/kurnaz_000276.txt,4f8bda2cd8761a22dfcacccb8abb3024b50efd589f2821294ce6b2737e8d9075
datasets/skin/acne/final/detection/train/labels/kurnaz_000277.txt,0c9a9f7c50fe546a4722658bf2fc9a9e61040f3a9ca9adcb6d6f857827eb5296
datasets/skin/acne/final/detection/train/labels/kurnaz_000278.txt,9be81e324375ef58bbec7477032a6dafb7804b31984a1c1e2c94a2ad62fc1154
datasets/skin/acne/final/detection/train/labels/kurnaz_000279.txt,2d39311535aab2672527efb6a2bb5ca4ac87741a0fdd40a913f2ee4c980e4fe0
datasets/skin/acne/final/detection/train/labels/kurnaz_000280.txt,022638a89ce7c223d6f610ea3e5af47b1590cde349d97fb32cc3e84f311733fb
datasets/skin/acne/final/detection/train/labels/kurnaz_000281.txt,5d7c1a58ad5c978c675d1ccd24cd56844aef354e05a3968617c9aed581b74143
datasets/skin/acne/final/detection/train/labels/kurnaz_000282.txt,2f1d5b7bccfc2dbb061a73201712ecb5d675d70a28ce0252a827abd42b2ea43c
datasets/skin/acne/final/detection/train/labels/kurnaz_000283.txt,c7d1778da625ea3773a041e00b8d1646c0c6abdf1305a7690ef5b148c45e3684
datasets/skin/acne/final/detection/train/labels/kurnaz_000284.txt,0e214df1e29ab441822949fbbd157189f4bb6b187b1cfb1ea87e5753f6565153
datasets/skin/acne/final/detection/train/labels/kurnaz_000285.txt,aaf5e3978688735bb902be8c02b4ec3f814cefdbfd7c38608635a3a069a22263
datasets/skin/acne/final/detection/train/labels/kurnaz_000286.txt,fc294ec6ff7625c478c0cb4b934b8091306a3abfc4aa4801cea5ad9a7cc741bc
datasets/skin/acne/final/detection/train/labels/kurnaz_000287.txt,7c189e3eff8938633bb8900beb224f24d987e5a76703bc05e7069d6644b68c5c
datasets/skin/acne/final/detection/train/labels/kurnaz_000288.txt,7e41077daddb03346327ec5a7698336d5ce59b80aedd74612442451144485e7c
datasets/skin/acne/final/detection/train/labels/kurnaz_000289.txt,7b362a5ee6f6dc9271df51276b7fc9da8d9a97690a3b2798b359b67166f8b505
datasets/skin/acne/final/detection/train/labels/kurnaz_000290.txt,ef6eb160aafa5b341f07e078ff6345155184d7dba8493d816713e94a6549374e
datasets/skin/acne/final/detection/train/labels/kurnaz_000291.txt,8578bc1794c1ed205cc44f0f4586b9342d10e926f3274373648e43aa7d5b798b
datasets/skin/acne/final/detection/train/labels/kurnaz_000292.txt,bb876d1722c8ea4f69c13f0102bd311041268416f944ba70e6a6bccb03135134
datasets/skin/acne/final/detection/train/labels/kurnaz_000293.txt,3cb279a50c8b9b877d08b900ccb4ddd189dcbe1ff1dfebaa8357fd75c50fe7a4
datasets/skin/acne/final/detection/train/labels/kurnaz_000294.txt,55b8693e291a1b2515eec753a144140bcc2ba82e44780d0a4ba589a60479642d
datasets/skin/acne/final/detection/train/labels/kurnaz_000295.txt,b0ec75812b4dd316675a0f1e2ca04dfa34896cb0e18bb28adfa69242929c2499
datasets/skin/acne/final/detection/train/labels/kurnaz_000296.txt,a106e7d049e1e8f267415fae52c3360578fe5582d8309b56a3c8cda5f083781a
datasets/skin/acne/final/detection/train/labels/kurnaz_000297.txt,bfed0fa815a1b548880f85d75431cf7a87e4d49c4ce02b6c29abf1b4fdd6f173
datasets/skin/acne/final/detection/train/labels/kurnaz_000298.txt,0bbc3982a0fd4a1be9112932d797e9a8da747f59a619892ae317542b4d5a3701
datasets/skin/acne/final/detection/train/labels/kurnaz_000299.txt,3584d4b0a729518938402aadb5f7b5a92266159049e8b8e15bae94dcd302dc13
datasets/skin/acne/final/detection/train/labels/kurnaz_000300.txt,d2cfcba2ae41ad464550f4fd5192fb9e66aef594f9585f707567a00af795cd58
datasets/skin/acne/final/detection/train/labels/kurnaz_000301.txt,242fa2d1e9c62842a76c69c662f4974f372a0720e43a6e183d17d92d83afb8ae
datasets/skin/acne/final/detection/train/labels/kurnaz_000302.txt,4e1867b50d208efdce9dcac7445c4df014104134354a978d58850d0463c7b17b
datasets/skin/acne/final/detection/train/labels/kurnaz_000303.txt,4870411591d0185f84c94b90c18100bb7578f874da50336ff1909a7eaaf6571d
datasets/skin/acne/final/detection/train/labels/kurnaz_000304.txt,1a16e16bb0d18ff2f2b32b5112fab4c26d1e48fb101804341238ec58e13ff91a
datasets/skin/acne/final/detection/train/labels/kurnaz_000305.txt,d7cc4fd99ac257260e4c0a2109f5c545c900cd61a9956de217a0fced3e219ebf
datasets/skin/acne/final/detection/train/labels/kurnaz_000306.txt,251605629c3e5cd53a8f8c6750d3ef92d4b2ac8b59d193170e4dc2dc5e737d0d
datasets/skin/acne/final/detection/train/labels/kurnaz_000307.txt,61e97b69775dc3776d5386536e32d895b9538b485ecb25118db2f3c181ea91f0
datasets/skin/acne/final/detection/train/labels/kurnaz_000308.txt,c2067df5e1b23e2b779b6d8182fa61e60fcfbf0a0456e11f0263eb77fca8eeca
datasets/skin/acne/final/detection/train/labels/kurnaz_000309.txt,11df0d11309c80e289864c5316245968db0a55dedee3ab92aab23020845bdd54
datasets/skin/acne/final/detection/train/labels/kurnaz_000310.txt,5a6a9b24183667f13a596dcdc8689298b98c254204ea30c6ddcdf02d8dce37d4
datasets/skin/acne/final/detection/train/labels/kurnaz_000311.txt,f84ec31cdb325f3b5e3a505545fa359fbda4b6c67fd1ab01dc428fd1e7a160cf
datasets/skin/acne/final/detection/train/labels/kurnaz_000312.txt,dc672b76fa07c35b466054388bd5e304da3e783e75b8d97e773809f3bf573b03
datasets/skin/acne/final/detection/train/labels/kurnaz_000313.txt,fae4a7ec097f1d1799af5e8b8e45227b7b6c814645c066fe937785dffca72a4e
datasets/skin/acne/final/detection/train/labels/kurnaz_000314.txt,be0fb222e2c7aeb4f7e5766a3495e226b6abd8d6c65a619a168ae80274ac2ef4
datasets/skin/acne/final/detection/train/labels/kurnaz_000315.txt,fb4ffc926375f1234b2fecbcfbb38ad26b2c0e0c529f475a12178aca819a9bff
datasets/skin/acne/final/detection/train/labels/kurnaz_000316.txt,f0b26105e4dccbe8291c6f1374ffcd1de650206e8d499d52d48a233ea5dcf5bb
datasets/skin/acne/final/detection/train/labels/kurnaz_000317.txt,69447ac229e14e35f8ddbf04b205b89f54024e4561ce10ccfdf6f1b2e08d7943
datasets/skin/acne/final/detection/train/labels/kurnaz_000318.txt,a1fc4792e4b3865bfb6d79346b9c511730d76faaae7cce966ac29dce3d5b5524
datasets/skin/acne/final/detection/train/labels/kurnaz_000319.txt,8ec15a830deb017decea88e9afc218ade08a107c7408903a3363254bb270a71d
datasets/skin/acne/final/detection/train/labels/kurnaz_000320.txt,1ba21b5398b9a3311874051d4ccdaf883b427e964bbdd36957f31176630a3b4a
datasets/skin/acne/final/detection/train/labels/kurnaz_000321.txt,a813bd2e9206cec090e656ce82fcba7b27a64c85fbe0971c6a27e6c19f7002b2
datasets/skin/acne/final/detection/train/labels/kurnaz_000322.txt,8ad9444c2fd02e1502509da1bef71880cf195b60924a2110f4dbf310dc46462e
datasets/skin/acne/final/detection/train/labels/kurnaz_000323.txt,687783931c23dde8eaaad7ebe2333d5eefaedb6ef2b23e4ddb9570f44409c6a2
datasets/skin/acne/final/detection/train/labels/kurnaz_000324.txt,0508dffd8c1e1d4118aec2d985843366f4a8bd5dc27876edd8cdb628c5563d97
datasets/skin/acne/final/detection/train/labels/kurnaz_000325.txt,caa70da71f889b6f30b06afad89d030c5c4c54eb57342094d95c9687718b1ec4
datasets/skin/acne/final/detection/train/labels/kurnaz_000326.txt,d09b4a09d4d4a7d1b89d21ab7d6572110ee16247c009faa3ae7c6f8319f8a2f5
datasets/skin/acne/final/detection/train/labels/kurnaz_000327.txt,4830e67a3a1a86e6d3ec58673aa79ef1dcf4ca23d6cc742d7979e7535dad0420
datasets/skin/acne/final/detection/train/labels/kurnaz_000328.txt,0c461ef611fceca5340e22dd6163f2ca1fc7cfe525ef55cfec630d85dca07ba2
datasets/skin/acne/final/detection/train/labels/kurnaz_000329.txt,cf93494968cb22f96aa2987d1ac8ab9a7d990176bbb0733ccb5ee9db56bd5488
datasets/skin/acne/final/detection/train/labels/kurnaz_000330.txt,4db06b25ad1b90d893f1aec772533e03aef44e5f97caa767b4fd1ee67aadbd90
datasets/skin/acne/final/detection/train/labels/kurnaz_000331.txt,b33f20c78d23d3080e9f43f7a3aae1e2e8ab01f4bcce0af0c13e15eb6abc31fa
datasets/skin/acne/final/detection/train/labels/kurnaz_000332.txt,1d28e814024c749c69059f52bd6b1defcb5c654e6244134daadef45c9987bccd
datasets/skin/acne/final/detection/train/labels/kurnaz_000333.txt,fa41528995ae358d796748d22e351ee89aa90eafd26890aba7d3712353456099
datasets/skin/acne/final/detection/train/labels/kurnaz_000334.txt,0fff0da69c5f4a6bc8bc3b56dcb06811233196ccd250c899938cfa8a2605da09
datasets/skin/acne/final/detection/train/labels/kurnaz_000335.txt,dae87819acbeaa9d06be574ab079603ae51afeb8d902692e40cd8b91f5830072
datasets/skin/acne/final/detection/train/labels/kurnaz_000336.txt,123754e4874a052ec128c42568758357287683e553db0d7043d15a43e8de940d
datasets/skin/acne/final/detection/train/labels/kurnaz_000337.txt,8a321602b65958c567123e0ed41e377844f08cdb33b08a0ef5f7e7c24b34426c
datasets/skin/acne/final/detection/train/labels/kurnaz_000338.txt,2ca5563687c0197741712c242c2231ac20c51fd9d61c8fa83c256f301de86ae2
datasets/skin/acne/final/detection/train/labels/kurnaz_000339.txt,47b780613dc7516201f6144777ec5d845d28f66b3466db755a91702d94861aa3
datasets/skin/acne/final/detection/train/labels/kurnaz_000340.txt,5c9fd4e62cf2f9f4f47bf989e56d6f41a9980585b4a8392f8645efd3bcd1e231
datasets/skin/acne/final/detection/train/labels/kurnaz_000341.txt,02e118cbae7941442848ac6a2650725587e5ea813fb919e65effd1157a9152a5
datasets/skin/acne/final/detection/train/labels/kurnaz_000342.txt,96720ded6ba4f53eef5c636e2e56fc899ba4d62e1d73210d0f23a9ecf9238a13
datasets/skin/acne/final/detection/train/labels/kurnaz_000343.txt,dfd2be3de57c44250094eca5f2c72406b4358ec2ba38fa2468252411d9886e9a
datasets/skin/acne/final/detection/train/labels/kurnaz_000344.txt,8f2b09b36bae391ad8aed707135ab52c2080710b591034a1e60a8f0375c35111
datasets/skin/acne/final/detection/train/labels/kurnaz_000345.txt,e3c8ad32246d6e51ebbaf1fca87c82e2a2c35ef64036a9e5ce8cf64a8fec36fa
datasets/skin/acne/final/detection/train/labels/kurnaz_000346.txt,2b18c0f4961e2022a7615ed2ffff4bb29aa3ac97953638a846560c8f7edad6b8
datasets/skin/acne/final/detection/train/labels/kurnaz_000347.txt,8c56072ddafa39bb488bd41f181635b0f61e6d6a30973f68512145cca28b6fb8
datasets/skin/acne/final/detection/train/labels/kurnaz_000348.txt,2db3cbb5af295c78b00d5be7ce6d20e79558a1f977df31f1418d970a5b092a79
datasets/skin/acne/final/detection/train/labels/kurnaz_000349.txt,be5ba3c484ae4d754fde5a72d786fc1cd7fd227e150ffd3690e96d84cb59a618
datasets/skin/acne/final/detection/train/labels/kurnaz_000350.txt,b44284ac42172011a156d7007daa67b002bca07043c2bac2c7a1f3cc410face1
datasets/skin/acne/final/detection/train/labels/kurnaz_000351.txt,6b515312891fbcaa5948c1119cd8ca164ea92de6d857a59d28d9f7c402e69ce5
datasets/skin/acne/final/detection/train/labels/kurnaz_000352.txt,f7ed03eb0642036f1ef7728a6c13412d19a17f0d2a8a34f42e47a47f0c60bed2
datasets/skin/acne/final/detection/train/labels/kurnaz_000353.txt,78b40b09546a5461d7dcda1960db3e4102bf6ed74913ecce4daddd95492e22c4
datasets/skin/acne/final/detection/train/labels/kurnaz_000354.txt,f44f323e414f510dc685f904d23c195dff877b9162ba514e74a22a6a5ae6826d
datasets/skin/acne/final/detection/train/labels/kurnaz_000355.txt,c9bd99f15e7d57c9fd9a64d60ff2280856cf0d674389a110905e3449efb01950
datasets/skin/acne/final/detection/train/labels/kurnaz_000356.txt,bca35155338026be26e527a7f79fccdf3b16ba7c1edd3b2385dc258448d6d79e
datasets/skin/acne/final/detection/train/labels/kurnaz_000357.txt,bb3897e5f7cded003870b37971d3b350ffe37a4077b73fe05d614e94ed442250
datasets/skin/acne/final/detection/train/labels/kurnaz_000358.txt,90cee658949e2d2d33477418376dc781e5433d3a50974fb9d6a0fdb97784da2a
datasets/skin/acne/final/detection/train/labels/kurnaz_000359.txt,56ed6bf2947533378e9d6126fd16d168fcb45b6483be25e1462b055d34f57782
datasets/skin/acne/final/detection/train/labels/kurnaz_000360.txt,39cb49d31e91f85db245b8fe561a5c2934c2ece33e0accf99e28d86cdb194da9
datasets/skin/acne/final/detection/train/labels/kurnaz_000361.txt,cb9bbda9e5f39342146e38bff45f659be1c90c9b8d505dc60bf06c26b7e76cad
datasets/skin/acne/final/detection/train/labels/kurnaz_000362.txt,daf42a66f977a991fd2c34c10613fd5a237ffe9187ba00496b5c20b5b2300941
datasets/skin/acne/final/detection/train/labels/kurnaz_000363.txt,cdf931174870817024c29cbd276586f536ce0f6deb14cc04970f077fe18295e3
datasets/skin/acne/final/detection/train/labels/kurnaz_000364.txt,1a3ae13f117e8d8ad22099ebc4074637f2592e6e7feb1916a08db9ac05f4a12c
datasets/skin/acne/final/detection/valid/images/kurnaz_000365.jpg,81f3c4200da6573917242bae6dbbaa1cbcd6ff60f342f28da760881e5efd9ad9
datasets/skin/acne/final/detection/valid/images/kurnaz_000366.jpg,ec3f3c4577ee73297c5df3dbd2be1aa617fbc606d59f56501e858b7a6df29d95
datasets/skin/acne/final/detection/valid/images/kurnaz_000367.jpg,d009055dda44914f4660263a916710ac927d293469dcadde327a4f7b050e9aa2
datasets/skin/acne/final/detection/valid/images/kurnaz_000368.jpg,2e4eb8298e904349fb6a074910c756b4748c68cfcb81e26324d5673aa5e89de9
datasets/skin/acne/final/detection/valid/images/kurnaz_000369.jpg,06ff77610e00cc847ee592fb651b944953630eb8860d101867148abefb36e63f
datasets/skin/acne/final/detection/valid/images/kurnaz_000370.jpg,b6a779feee43c91d7fe6e7d2b2450e651580ad6643d2c0cd8ce7a3c5a9cd86ef
datasets/skin/acne/final/detection/valid/images/kurnaz_000371.jpg,60ad00e58e75e84bdc52d847565ca68b948d4aa0c1736fae00fff29b3bdd2488
datasets/skin/acne/final/detection/valid/images/kurnaz_000372.jpg,38966b3f1bfc8b9388704275f7bc50ecb2ce914ed85242986f52528652d713e6
datasets/skin/acne/final/detection/valid/images/kurnaz_000373.jpg,e4316ba57b4aef6937d49952730b0499179623e30ca148625292500944ab5a99
datasets/skin/acne/final/detection/valid/images/kurnaz_000374.jpg,4f4fda0131d88d30ffa6dbd1178289e9fbfa75deddcefaf449fb19fb175a1cd8
datasets/skin/acne/final/detection/valid/images/kurnaz_000375.jpg,f01f523687e1aa1a00cc0bba41017d96f02fd19cf58586aee4f1f6e7117faf3f
datasets/skin/acne/final/detection/valid/images/kurnaz_000376.jpg,b7b9d220fdb5ff1f69043edd8ffa117781bd00cfbeaa1258b7c359ab0a3c3558
datasets/skin/acne/final/detection/valid/images/kurnaz_000377.jpg,2c9fd6c8edfa69f7419859a17996c2f4b978faa2bf25e631d31e42c4a28bff0b
datasets/skin/acne/final/detection/valid/images/kurnaz_000378.jpg,424d80d7a57d3dcf4a70313352b1f80a18a072625c2a3bed14b52fd036d6bb3f
datasets/skin/acne/final/detection/valid/images/kurnaz_000379.jpg,76089eeaf897a8ff13e52098601db8a0e3f72397ed13806da2886093d73be9da
datasets/skin/acne/final/detection/valid/images/kurnaz_000380.jpg,2993701f008d426736c596f1954a264a0d1caa93834b22409749dc67af826a11
datasets/skin/acne/final/detection/valid/images/kurnaz_000381.jpg,20413eb478804533c334fd6bb2612c11fd323cf275b247006467f98f6c2c1b2d
datasets/skin/acne/final/detection/valid/images/kurnaz_000382.jpg,08e66c28e0337dc79b7febfad06c27b12151a83030f1ee68df095e3bb5a85f19
datasets/skin/acne/final/detection/valid/images/kurnaz_000383.jpg,1cb2485786fef73f3ab6963cdb92d837920d303b7d46d5026b25867fd377e868
datasets/skin/acne/final/detection/valid/images/kurnaz_000384.jpg,7fe77975adcdb8046a32779ebe79ffc45efdb4d52c5208bbd63f43b6e1cfb628
datasets/skin/acne/final/detection/valid/images/kurnaz_000385.jpg,87ee312a7ed679556a2e46805358b74ca7b0d1bbc41506b577a49e9f08db82dc
datasets/skin/acne/final/detection/valid/images/kurnaz_000386.jpg,1f2ed57bc4b679b490afb1db57f9ea764a35ad0ca8ddf1d12e1bdd99da1f59f3
datasets/skin/acne/final/detection/valid/images/kurnaz_000387.jpg,3da2c7f2ef981bd690d73a22955942e21001a088c0f4c6b6a976dd28912c78c3
datasets/skin/acne/final/detection/valid/images/kurnaz_000388.jpg,cd36d3eaea9a49824afeedc37c80e3dc6cb5d729cd8d680728f89459cb7d7e2d
datasets/skin/acne/final/detection/valid/images/kurnaz_000389.jpg,e09e6d550b3cbae71135b100e6cac275afed273d050ba4d931c6a8b80a359c41
datasets/skin/acne/final/detection/valid/images/kurnaz_000390.jpg,e320569d322cad4d2e2aa7e684e4a3b17c1026c49802fb2782e7c589c30ff9be
datasets/skin/acne/final/detection/valid/images/kurnaz_000391.jpg,2bd072ad4d3eed0c013116fa05b799afe4d43d96e508d719c14641399b5110e1
datasets/skin/acne/final/detection/valid/images/kurnaz_000392.jpg,ac2b11ee0911b5452e17d1143be49dc509d27b5a15ec8af30a4f96889d1ca52c
datasets/skin/acne/final/detection/valid/images/kurnaz_000393.jpg,000a46f57364c47f60caecca62c1bcd935b76b3028df868671a04dadd77a8cd9
datasets/skin/acne/final/detection/valid/images/kurnaz_000394.jpg,100acbb85ab4a1b333d3937e8e5df22381ca898b710f2131c56ee40a092ed4ba
datasets/skin/acne/final/detection/valid/images/kurnaz_000395.jpg,6aaa646219bae5080924984f69def544a6fbeeaaf9b0892f34fa3ab0936e91d1
datasets/skin/acne/final/detection/valid/images/kurnaz_000396.jpg,ef9f7c05aac034bfa5244b3b9ec8c4f3afa4c4bbb9950f9cf741b10f319aa0b2
datasets/skin/acne/final/detection/valid/images/kurnaz_000397.jpg,9e9337ee683f5969955bc5f22957d4568185d9088cd0e3305474166534c2a47a
datasets/skin/acne/final/detection/valid/images/kurnaz_000398.jpg,eba7cfe0864a496cafe159a677d2c70cb6f3fee974a0462a20ee37168cdb2e91
datasets/skin/acne/final/detection/valid/images/kurnaz_000399.jpg,ad8ccf86f3c1a0564f10be75fc8e9d19a78b8f90a801ac3e35906750169bf1c5
datasets/skin/acne/final/detection/valid/images/kurnaz_000400.jpg,7a4b33aff92a498a443611db03ae1c0a097292a74f7dbeb00c92f0f598e4e760
datasets/skin/acne/final/detection/valid/images/kurnaz_000401.jpg,7e6d60a3285ecb4893637d01debdaf616951cec76bbb674cbc4d78d604c4a73e
datasets/skin/acne/final/detection/valid/images/kurnaz_000402.jpg,1f186f47d66773529b547c1811936495c8cbaedac443aad7f031a2dbf62b4f3d
datasets/skin/acne/final/detection/valid/images/kurnaz_000403.jpg,dfff6e9294e5b5e25958dd19381042be16d322deab8ef005e186a4777d5248d2
datasets/skin/acne/final/detection/valid/images/kurnaz_000404.jpg,b4d9e4af50a77182442092c2c4d8e4930511dd0d882dad8e1c16f82e14ddb82e
datasets/skin/acne/final/detection/valid/images/kurnaz_000405.jpg,3eb8fedb20239a62bd3f580ae01d5572c3d046e414374bf546a639560c24de90
datasets/skin/acne/final/detection/valid/images/kurnaz_000406.jpg,affffac3280d3c75d4c5df7cbb08896aa2222c8e8f1ae422f3d4406beca87619
datasets/skin/acne/final/detection/valid/images/kurnaz_000407.jpg,182892bbf700be7ef09e60b1d11f0c7ca949f50b95134470b66be2b7a140e073
datasets/skin/acne/final/detection/valid/images/kurnaz_000408.jpg,6d05a58a138d0a6fbbb1164c184aaea85d2b536715d5ee070ffcccf509a9e060
datasets/skin/acne/final/detection/valid/images/kurnaz_000409.jpg,7bdaae0ec1c5209f4c3445c3b0402adf8dd3dd0c14700719feeb6e11b25c5bdf
datasets/skin/acne/final/detection/valid/images/kurnaz_000410.jpg,222a09cfd48d89a3df2773e34945dc69fbe44f79a829c83cfe3caa363f7917be
datasets/skin/acne/final/detection/valid/images/kurnaz_000411.jpg,34401dac6bbb63b3e079ae1bbc458a135727e1232d2e481387291ad17e326a93
datasets/skin/acne/final/detection/valid/images/kurnaz_000412.jpg,ea48e61e3555eb1f37f467f0897cfe81f989b7cdb206dfb79fb325cacd9312ab
datasets/skin/acne/final/detection/valid/images/kurnaz_000413.jpg,f6141ea5febae1fca27cd9d1c75d699fbf69b84f0bf5ded717be78eae1d242aa
datasets/skin/acne/final/detection/valid/images/kurnaz_000414.jpg,bbd48ceb864a9b64d120a5f56e3e2158208e2c5b0b4c2bb12a7842ea8513a51d
datasets/skin/acne/final/detection/valid/images/kurnaz_000415.jpg,4b58863fc992d07e1e59d3855da792ae961df42dad8abd8d70c44eb6b8517ed4
datasets/skin/acne/final/detection/valid/images/kurnaz_000416.jpg,65402610844bc2635e0efe0872eed0ff9d010c3b52bf8b3344f8fb2be352fe22
datasets/skin/acne/final/detection/valid/images/kurnaz_000417.jpg,7b9d241cf135fb4f7870e4ef410fc31cd0ec598ed131da107846613e5813f923
datasets/skin/acne/final/detection/valid/images/kurnaz_000418.jpg,9f5086f68f4c93e08051a787f30544f21a0aff8a365fc9ad9e31e071edefa2a7
datasets/skin/acne/final/detection/valid/images/kurnaz_000419.jpg,e05277ccf03bf55f99697c089af49b098cbaf10a64743ab1999a2e02a5358d62
datasets/skin/acne/final/detection/valid/images/kurnaz_000420.jpg,cdf557d413e2c57e875790416fe2ec6a81a41df173d446bf099a53f225cafb4c
datasets/skin/acne/final/detection/valid/images/kurnaz_000421.jpg,2fb750b05a0a02360ceb5e82f7640cb7f5e1ed6bf8971399e3595ca30b10c056
datasets/skin/acne/final/detection/valid/images/kurnaz_000422.jpg,0507697c2416c10bc856f8bfa642d52330eb77c42d88d47044df3b0c3daf46a0
datasets/skin/acne/final/detection/valid/images/kurnaz_000423.jpg,66fc18bcf4a41fe4d215cfd03a2f1a4ddcf629855331c39e501d96e2f7882a4d
datasets/skin/acne/final/detection/valid/images/kurnaz_000424.jpg,0bc60e7ec9757fb162c6a03abf54bd0952a100c1a420f6b7a1550b4998c353f3
datasets/skin/acne/final/detection/valid/images/kurnaz_000425.jpg,6db8f0cf0c0a566c5c89d18df8bfa1fed28f75bf75aa5877a1f1b7309ddf596e
datasets/skin/acne/final/detection/valid/images/kurnaz_000426.jpg,7eb081accf7519155eefdc3d0113114a95f72ab42e36733df2409b56a5a0ed23
datasets/skin/acne/final/detection/valid/images/kurnaz_000427.jpg,f6b4fae3e849d2042398cd836c64a7b34a5fbf494e86d3543b76b9e1dd4079f3
datasets/skin/acne/final/detection/valid/images/kurnaz_000428.jpg,78a9cced58a905887d88096780b399bda5f6a151e74bab644c8eee3d6b761cc0
datasets/skin/acne/final/detection/valid/images/kurnaz_000429.jpg,0b32756f11a02696f3709d5046729a9b323f662bed4fb18cab60f1917c14f1ed
datasets/skin/acne/final/detection/valid/images/kurnaz_000430.jpg,b6da7bbae32a3d05095ddd65f37d4c0e1ace00aec0133c69aed62074c54a6ab5
datasets/skin/acne/final/detection/valid/images/kurnaz_000431.jpg,7e6b67ac821521328d1d5429e453d787058bd194497b7fb371b6eed194270932
datasets/skin/acne/final/detection/valid/images/kurnaz_000432.jpg,2a5304f127be2d8f98ab3717876c3b2af4806b2398d7a14dc6e3f82ab1fddf43
datasets/skin/acne/final/detection/valid/images/kurnaz_000433.jpg,49d1f33c9ea60d8282c3b749b7e9cfa2ee4b753c5427c6a9923417c39faf1ea9
datasets/skin/acne/final/detection/valid/images/kurnaz_000434.jpg,f05ad24fdd71db96db99512e42e14b8ca02389273440b34b446db74dbe4903d1
datasets/skin/acne/final/detection/valid/images/kurnaz_000435.jpg,2a59faea52f4ee8ea85b17ee3d29d2a7cbe16ced83848b957c28059ef7ec225d
datasets/skin/acne/final/detection/valid/images/kurnaz_000436.jpg,0e6925608f6ec5d546139561c072ab1aea2e3cb84ffcaff8fc13a4ba91dbf91f
datasets/skin/acne/final/detection/valid/images/kurnaz_000437.jpg,8f5c5002f677de635f6a0a4b3745e6e8948697256828c850061352712d24c23f
datasets/skin/acne/final/detection/valid/images/kurnaz_000438.jpg,9073c811dc4fcbfc8e9985b94e4170291b7b794e03437407cef21247294a8744
datasets/skin/acne/final/detection/valid/images/kurnaz_000439.jpg,5d95976b85741c8ce2ce3bac725495828e32f7931dbbb55fd4a816828af5a66b
datasets/skin/acne/final/detection/valid/images/kurnaz_000440.jpg,e7e3290c421bc7714f0155dec1ebc94ea4fbc3409f7a5d906d45c44f6abf6994
datasets/skin/acne/final/detection/valid/images/kurnaz_000441.jpg,8d3e5949da8dcc90a28b7776f3d5a110f3e6d825f4ba1664e5bcfe1ea4930088
datasets/skin/acne/final/detection/valid/images/kurnaz_000442.jpg,ab80792c16fb58b0cf70123857913be037be023c300b53b5f0741d04b2a18d00
datasets/skin/acne/final/detection/valid/labels/kurnaz_000365.txt,1597e8c750b01d615f9e815719bae9bf085bc7c7cda3ba42a30544beffc96818
datasets/skin/acne/final/detection/valid/labels/kurnaz_000366.txt,8d1ddf1469ce808b7cc58a9ec8ce243673c7ccdc30358c880e64fe6f5aa7a231
datasets/skin/acne/final/detection/valid/labels/kurnaz_000367.txt,bc12406fed2cef2213916b42b0cb0fcd9bf33385f1ea413a4b928d0360420c17
datasets/skin/acne/final/detection/valid/labels/kurnaz_000368.txt,736cb30dfb23fc8826d1e62e20f7d22a803d7c98dbbf80608edc45872cfcefe6
datasets/skin/acne/final/detection/valid/labels/kurnaz_000369.txt,629b5931ca31b13e318c08da5d5882730453a2dd23663e3e08c038112d48aa18
datasets/skin/acne/final/detection/valid/labels/kurnaz_000370.txt,11f2d70ceedd7a2ff72b070c1fe06c1a35c441c64e3459c3d6fd6cdda25bd503
datasets/skin/acne/final/detection/valid/labels/kurnaz_000371.txt,254b02f748147e173b209a6292c6592786b683ff8d2e1850c50528e54b6f2f3f
datasets/skin/acne/final/detection/valid/labels/kurnaz_000372.txt,927a2f034e2fbe121adb47b7edd89b528a4f8e82b55d5184798de41dfed4f7da
datasets/skin/acne/final/detection/valid/labels/kurnaz_000373.txt,54c94064ccdd29699808ab6f7cc543afd50ce0ea17b438ef49e823e1afabe12c
datasets/skin/acne/final/detection/valid/labels/kurnaz_000374.txt,c62e425cdf9dd2b33da7f437a828d7cdcaf8d943ef24b57ea3cdbf1d9ad948c7
datasets/skin/acne/final/detection/valid/labels/kurnaz_000375.txt,38aeef507b45e169a3dc6757409ae0006e7696f2c55360b5c7f0f76839a8df72
datasets/skin/acne/final/detection/valid/labels/kurnaz_000376.txt,795a9d4acd6c4a3e412a831585484121fa7ea168b810e35fa8d34d98f938c37a
datasets/skin/acne/final/detection/valid/labels/kurnaz_000377.txt,2edce0123b2b85ab594aa33cc1135a6d772f4541a469215d5855ef6fa5b21db2
datasets/skin/acne/final/detection/valid/labels/kurnaz_000378.txt,c58143de2dbf2536c07f4d5731777454921dfd1706e5ed8d55049b75274d565f
datasets/skin/acne/final/detection/valid/labels/kurnaz_000379.txt,c0f21a20e974b77322780e05bfa498c0358b97a5bfdd31b70e6aab2709ca656a
datasets/skin/acne/final/detection/valid/labels/kurnaz_000380.txt,b56924d8f833c54031586c21989518d45f1e423685f9b53a168dbcdd0dafb7c2
datasets/skin/acne/final/detection/valid/labels/kurnaz_000381.txt,f5defdb486a9ce314f285df87791624959e6a2a1e1f6bb8a490e931834f05433
datasets/skin/acne/final/detection/valid/labels/kurnaz_000382.txt,24e229694e66986f0312b2a44f705e333ca8c331adac74ae3a529e196158b642
datasets/skin/acne/final/detection/valid/labels/kurnaz_000383.txt,6c665b81e38f3d2fc2f805de9f8cafc1b84debabe39598107c84082ac68b925f
datasets/skin/acne/final/detection/valid/labels/kurnaz_000384.txt,778ffe22e7aff0f687c1c708929335481d4f5411618ac0bdfbab48f18c9c1598
datasets/skin/acne/final/detection/valid/labels/kurnaz_000385.txt,0586203ff4056d6e14edcf8c559a7a8f06c3fb515cdc250520799f457b012f99
datasets/skin/acne/final/detection/valid/labels/kurnaz_000386.txt,af608c0abec9993f7e1630a9a9c8c04b167237adcba753147a4c95b0692d15d7
datasets/skin/acne/final/detection/valid/labels/kurnaz_000387.txt,a5a2073a98653de12925e1fd200da055f45bf3f24abfc884942db6908082d98e
datasets/skin/acne/final/detection/valid/labels/kurnaz_000388.txt,8d8b4f9b81f3469ece98f513c92952907ddbe242f2b049fca8cab5415b2a2343
datasets/skin/acne/final/detection/valid/labels/kurnaz_000389.txt,e7086aa53ab39f522cd0a53845efd0a24bca7c73f32f59603a4e1a84ab1d767e
datasets/skin/acne/final/detection/valid/labels/kurnaz_000390.txt,717267e5ab2f7a5580c9c5c4f83fd0fcf0bf359b59d7c273f7f0e7caa820e0a7
datasets/skin/acne/final/detection/valid/labels/kurnaz_000391.txt,4bde61af727f695cd7be44b34e1f4e9f1487aba964a486e9c18e9616a8a6653a
datasets/skin/acne/final/detection/valid/labels/kurnaz_000392.txt,70a4a9f3a7e427235154e7e70f43a925577f9ab4ac808f434f3c4cfa3a5270fb
datasets/skin/acne/final/detection/valid/labels/kurnaz_000393.txt,1d173a7f3a4dbf04ad5b94b5c156cf446faa2f7200a537df4fcecc87a0c62f06
datasets/skin/acne/final/detection/valid/labels/kurnaz_000394.txt,cdd78010f32605fd0a3b47581e42ffb2aa812812120e6c23fac26ec1228310f6
datasets/skin/acne/final/detection/valid/labels/kurnaz_000395.txt,d2efdcb25d41ada0029056522b22813f5af61ef4ac8fc2f6467d4670154b4aed
datasets/skin/acne/final/detection/valid/labels/kurnaz_000396.txt,88996af6de80a11b2596dd8c63aa5f850578574a7ed4a5f6140ea946c61e6a2d
datasets/skin/acne/final/detection/valid/labels/kurnaz_000397.txt,31c401391120d1b3a9b912bc7ef21b283ea5a26e54298004513ebc0a67d70031
datasets/skin/acne/final/detection/valid/labels/kurnaz_000398.txt,92df8188103e89fee099027db1a005cc29935f59b5f2f2df34c0ecf757734067
datasets/skin/acne/final/detection/valid/labels/kurnaz_000399.txt,f1d00c0b736a7e1624930f289b587e82fe74fcb1edb9b5ba0226175ca17460d2
datasets/skin/acne/final/detection/valid/labels/kurnaz_000400.txt,9765055f6f78ed447165577d6668d23758e15f274858c1480eb4a13c8a67f2dd
datasets/skin/acne/final/detection/valid/labels/kurnaz_000401.txt,3b3cb82f5ae367d29b371de10e2bedd2a842b70279bda639e43619406e66d58a
datasets/skin/acne/final/detection/valid/labels/kurnaz_000402.txt,83d0f3e0ed643e4e916f8c3d7d12b75793b76ac3ae1a35ec00e76dbce655e253
datasets/skin/acne/final/detection/valid/labels/kurnaz_000403.txt,d7beb69b182dad04a4c6df9ec644869db9e389d9e8285642abb54f39288d8300
datasets/skin/acne/final/detection/valid/labels/kurnaz_000404.txt,14777d695bad8a86a219ed9b1bdc47a6d14aeb37f64c88158555f51832d26f05
datasets/skin/acne/final/detection/valid/labels/kurnaz_000405.txt,6c9dfac7f116b209809cf6bec6828fbff29b34992e19d466e37b318ec2319706
datasets/skin/acne/final/detection/valid/labels/kurnaz_000406.txt,079286f70dd0b7284e9fc85172ce7017a61c1aecde345e6fe9cde7281f4a3c8e
datasets/skin/acne/final/detection/valid/labels/kurnaz_000407.txt,48ed25985464d779df2660faadbc8915cfefca29242b7b44557b48880015b3a2
datasets/skin/acne/final/detection/valid/labels/kurnaz_000408.txt,00fd2ac90f72c72d01c378531a06ba7d7b9e1b03afa0e3ecf9cc22e65da3b2c5
datasets/skin/acne/final/detection/valid/labels/kurnaz_000409.txt,deb357fed70c7316e5cf757df20d69bb3a3fb9da5534d2ea8b906fa4046f4224
datasets/skin/acne/final/detection/valid/labels/kurnaz_000410.txt,9cfbe265d974478fed59054aedb3d06575c502264f6dd04d219cde6fdf542cb8
datasets/skin/acne/final/detection/valid/labels/kurnaz_000411.txt,b20eb6bc91e001e2a203c43961d7c5e5a10a1237be83708d442e77acb30d9262
datasets/skin/acne/final/detection/valid/labels/kurnaz_000412.txt,1d431af66896cbd8098cd06a5e395bde128db1240e9f8299c75723bc9c928cb6
datasets/skin/acne/final/detection/valid/labels/kurnaz_000413.txt,97005675ba6b1d1f721b29ecb4e835976ebcb0c877c9e28213488941494f95f0
datasets/skin/acne/final/detection/valid/labels/kurnaz_000414.txt,824802944ed508b6510e7f36c6c2e62744980163b83f074fe8d2db0ba4c9a9da
datasets/skin/acne/final/detection/valid/labels/kurnaz_000415.txt,044357b85f7fbd7d52b04231a587be02dd259edeca7295fd21217635eac78b9e
datasets/skin/acne/final/detection/valid/labels/kurnaz_000416.txt,8ad6ffd168b20eb7e040a388317614695c3467bb59dceeff3129b2985675f28f
datasets/skin/acne/final/detection/valid/labels/kurnaz_000417.txt,48e9bcf10e70e8055a34245fab7ee9d7dfcdf3b9aaff34418f508ffcf3dfb7a4
datasets/skin/acne/final/detection/valid/labels/kurnaz_000418.txt,433245223f20bee820b6c702ad0dcb8db35570aba7b23d47c5654249aa3a8150
datasets/skin/acne/final/detection/valid/labels/kurnaz_000419.txt,ce8ebe4b64217e34ccf1271696b8b73ea18be3d235f3014b097185eb80f02c09
datasets/skin/acne/final/detection/valid/labels/kurnaz_000420.txt,73bb6394c4c0b95f38444f4878bca444495fda6a67a65458d0c372c4ee852a2b
datasets/skin/acne/final/detection/valid/labels/kurnaz_000421.txt,9e17dee3cc8c59129ad60587a9ed3c069cc07245b23a43c022278386eff08f73
datasets/skin/acne/final/detection/valid/labels/kurnaz_000422.txt,32fede6ac1d7d3fe2e753e60c14508644f453a048d0aef6975e4474e49bd02c8
datasets/skin/acne/final/detection/valid/labels/kurnaz_000423.txt,5d97288b388878e74772ac7bb9305e74bf6cb1e107572d54dc11f8e75e2e6889
datasets/skin/acne/final/detection/valid/labels/kurnaz_000424.txt,8c9f6a68ab387365b9ab344bb6309118a4dd5871349c758462a27d2ccd691fbb
datasets/skin/acne/final/detection/valid/labels/kurnaz_000425.txt,58a4e9d7f8356b4afffd624f34624ce179457d9fbafa9938ba49e7aeaf658736
datasets/skin/acne/final/detection/valid/labels/kurnaz_000426.txt,f10ccd1f71929d8ca33e43c81c33c05ff9d41c5d3f35c497955fd7349fd55a9e
datasets/skin/acne/final/detection/valid/labels/kurnaz_000427.txt,bae379965078ddc77e9f06baec716c4ddce3d1a026cdad2a8d3eb592086e1542
datasets/skin/acne/final/detection/valid/labels/kurnaz_000428.txt,deaac2e1bb32e4f7d4ccf0f0c7d82dbf56765b83ab8ebcc97ea9476cbd60d320
datasets/skin/acne/final/detection/valid/labels/kurnaz_000429.txt,b5cc4ee8dbbf9554895d3d718584b4a890531603b52fd5e90c2a9fb240735ef7
datasets/skin/acne/final/detection/valid/labels/kurnaz_000430.txt,53171165e827d8007d0fc660b30aedcc82808bea3f4e5dec7754d7037d7f36b1
datasets/skin/acne/final/detection/valid/labels/kurnaz_000431.txt,d7168fb2dab305f5d8d99ab7e2138014e2fd603597be63c21a3e8021d5f58149
datasets/skin/acne/final/detection/valid/labels/kurnaz_000432.txt,2e436a1097f57110ba032665d3ab009611cf2418477e6cd1c00cfca66ecec2ff
datasets/skin/acne/final/detection/valid/labels/kurnaz_000433.txt,69a67039368775471e0001804b366679deb4f6be8ea47262ab7cc2706164b68c
datasets/skin/acne/final/detection/valid/labels/kurnaz_000434.txt,6f7247ff4e802d3091fb6f2045b7994b155f96ca629b47dadbabef881e2fe148
datasets/skin/acne/final/detection/valid/labels/kurnaz_000435.txt,f6522dcadb0092a560795262c494fea5f88059920c6302016c14521f0c1d3002
datasets/skin/acne/final/detection/valid/labels/kurnaz_000436.txt,076fe994be8777715a14d25af56ed7d9e4ab0dab2df11bed3af360fe1c33ac17
datasets/skin/acne/final/detection/valid/labels/kurnaz_000437.txt,e43e66d6840a0620e38893cfb43d4f27d42739b13ac8d600391cf3ccd20e606e
datasets/skin/acne/final/detection/valid/labels/kurnaz_000438.txt,2683a0df19a94f3b79d38f70250b71815e446ef0a02130b4b2db31f37840ee86
datasets/skin/acne/final/detection/valid/labels/kurnaz_000439.txt,67ca149e3f1473097ecbf2f901637cd19fef090613af23b9493f6084f4db2639
datasets/skin/acne/final/detection/valid/labels/kurnaz_000440.txt,2550e78c32ae5ed0d9721a0235663df40b18c640c59b45fd965c0a39a2b2a3c2
datasets/skin/acne/final/detection/valid/labels/kurnaz_000441.txt,c2e0a551d9854c5b253e118f3c37829c38c0a3824320ecdb96b248f7d9087bd9
datasets/skin/acne/final/detection/valid/labels/kurnaz_000442.txt,0590a0751450f2f892780f9eaa52eb256b12c4227e492db0cac24bc9230cca05
datasets/skin/acne/final/metadata/acne04_breakdown.json,1f245b6218183473f47df8c84c400134282c5d574455f1c431ca10419450976c
datasets/skin/acne/final/metadata/dataset_summary.json,ce7909759317d1d527bf8405ce1aca74b68143bc86815b17cc1e0be89737645b
datasets/skin/acne/final/metadata/dermnet_breakdown.json,4b015edda7fa3724b61af1480d8af97b009d25c4f48206e018a98f12c4da5a0f
datasets/skin/acne/final/metadata/kurnaz_breakdown.json,d39431659fc7a702bf2a7534a460eba0503536190b881a356ec17a6f9148f7fd
datasets/skin/acne/final/metadata/robustness_manifest.csv,93fd5ad65008ffdc52b711b08476b66245b4c86813730e8ded01ae15f42a2813
datasets/skin/acne/final/metadata/scin_breakdown.json,9fa67c640611600c33800a79cf1ee041343f9cf18dd7ef38948180be5bb90a83
datasets/skin/acne/final/metadata/severity_manifest.csv,93bb6a291b56f3336cb1b6d58310db87159a3bb0e329f4fe58d693092e2f5ece
datasets/skin/acne/final/metadata/subtype_manifest.csv,0e452437ebc47b4524e774e357999aa182df335c961e8b7d5185fc59d2cb6220
datasets/skin/acne/final/metadata/tiswan_breakdown.json,48b677b0a88bb407a9db1256e72833a6c15a02cabbf11441304a35a63d23a49e
datasets/skin/acne/final/registry/master_acne_registry.csv,b98ee7d934ee9bd80beffea8c448e92165e3f48763ab4ac22ce6169b2f8c6559
datasets/skin/acne/final/robustness_holdout/images/scin_000001.png,6dfe91ac4a1aef985e4198c1a7b51e9e9cea7a1484d1ebce747e9cea834f63d6
datasets/skin/acne/final/robustness_holdout/images/scin_000002.png,362e5a46af9d9104227aee6b7295ed6dbbe970cb6f501b7738564747bc52ca99
datasets/skin/acne/final/robustness_holdout/images/scin_000003.png,accb3caa2bd65de0384aba837f8e5933be7ca526f853eb0ec8ebece7666bd799
datasets/skin/acne/final/robustness_holdout/images/scin_000004.png,74528e9367775100d9b2cf94b321898db83869645ca58a1929c7bc4877151122
datasets/skin/acne/final/robustness_holdout/images/scin_000005.png,8fe8d043de1df3ab0e6f38243df5ae0bc97e854836390ead09197801823e1d13
datasets/skin/acne/final/robustness_holdout/images/scin_000006.png,c56cc43fed011fead92b205945150ea170b0fc62d1114770d413d452f7d84d1e
datasets/skin/acne/final/robustness_holdout/images/scin_000007.png,c79b451ca528ee51452b9f66666bb8d0492b9f5f982b730cbdb7384eb8e0c47b
datasets/skin/acne/final/robustness_holdout/images/scin_000008.png,e617f1cd7b3a1d316228b15fe7096f3bbc00643ba101f329640f3036b8d45cfe
datasets/skin/acne/final/robustness_holdout/images/scin_000009.png,995144cbf32cec9b5a92a0b0160b3caf64ab5f1035a99e449108df0a0a3f4800
datasets/skin/acne/final/robustness_holdout/images/scin_000010.png,b073b5b26b2195cfa05388275e55984b639a754f6e6bde1729528aba6771e88f
datasets/skin/acne/final/robustness_holdout/images/scin_000011.png,bccb5786f6c114ebab6ef8a8f78cff55037de2d154ba1649ffc59884a246db79
datasets/skin/acne/final/robustness_holdout/images/scin_000012.png,617a30f59b6462286b9f423f8623c4f0f7dae05ae3e2d4fb6c9f996bfc1b6ffe
datasets/skin/acne/final/robustness_holdout/images/scin_000013.png,af48112fcce08f2af5bce3de2e41d467cb8486655427bbb5de4a4996be7e78f2
datasets/skin/acne/final/robustness_holdout/images/scin_000014.png,d1ab71ef929d9a5f46815f5c2d2b51d98c21965d987cc783993974155b0cb292
datasets/skin/acne/final/robustness_holdout/images/scin_000015.png,dff4626f40b5b6ff9f487a32da08fc6af0095b6b019eda7f2e8d4278f1998f9b
datasets/skin/acne/final/robustness_holdout/images/scin_000016.png,00e45efb54ae42723e1b02caacc7e27f6bd41d7622499898b2392b287dce26d7
datasets/skin/acne/final/robustness_holdout/images/scin_000017.png,9b6869b8a3c40c81a13a310833be44f1a33fa709d93a92d362beb6a126991f15
datasets/skin/acne/final/robustness_holdout/images/scin_000018.png,43b540fcde162b8d126dcb5bf5af8e3d3de8f0dcc4efdede1a1f4ed3d4cc17e7
datasets/skin/acne/final/robustness_holdout/images/scin_000019.png,7c15e39be37be905792fd7d6730b79f26d3219416dce400a91374aa57cc73bf8
datasets/skin/acne/final/robustness_holdout/images/scin_000020.png,fb89e8af3b18409f1b497c18202785689948630a32675f4f0226858d4722906a
datasets/skin/acne/final/robustness_holdout/images/scin_000021.png,026431e346b9de44638d00dcb44121104191c03654c3255eab2687a158624b33
datasets/skin/acne/final/robustness_holdout/images/scin_000022.png,7d1fbe7d4607fddd93b3d76a4024c7653cbb1419e0be4fb19758a99382b4a04e
datasets/skin/acne/final/robustness_holdout/images/scin_000023.png,46774d03d93b87cf10b0d7ed1771db3ccfaed150aac277f3cfec541bc8f1d5b7
datasets/skin/acne/final/robustness_holdout/images/scin_000024.png,735d72ee5842ea05207a0e9e5029cb5b261d30e0615aba6b14938b738b0fd107
datasets/skin/acne/final/robustness_holdout/images/scin_000025.png,91be9a6d8c4f5daefb4b4deb10b52a646aad6801c4426c725a502be358870d9b
datasets/skin/acne/final/robustness_holdout/images/scin_000026.png,bf53c3420645526df0321475f70e491753a7f37b7f0484eb8922f6a9bdbabb47
datasets/skin/acne/final/robustness_holdout/images/scin_000027.png,500241e48f4301f263e905a1c4e680652ad5c9b4a303ef6e4923fb8911a2c22a
datasets/skin/acne/final/robustness_holdout/images/scin_000028.png,7a598372e6c7dae74c509322b1b4f412613964a2465858b5b1ff23ac72de6647
datasets/skin/acne/final/robustness_holdout/images/scin_000029.png,e776d6f721f9ce15d5a54e4473b5bbe64c18579840e5c43aaff5d9f0040b9e84
datasets/skin/acne/final/robustness_holdout/images/scin_000030.png,418fd254bdda57973c07588a2006aade26ab980e5e7b806e3ef5c2c315396848
datasets/skin/acne/final/robustness_holdout/images/scin_000031.png,8c349365a7dc5816654dd422281c4f90a5ee280f2131d0dd01304cb91d09f2c2
datasets/skin/acne/final/robustness_holdout/images/scin_000032.png,054343e239d6f462984cdb3c55ddcc19fa4d7b0dc11f7ae3ac5941c8131002a7
datasets/skin/acne/final/robustness_holdout/images/scin_000033.png,df360b40c316bbd530f3956c4a3638cbc8667149394d0882229639ec4f3c83c5
datasets/skin/acne/final/robustness_holdout/images/scin_000034.png,a0d282efde2dbd95aa059c243bc1909d1dd15a81909e36912f0647d329fd1466
datasets/skin/acne/final/robustness_holdout/images/scin_000035.png,0f0253244a3ca2b4bc6839ce365651d26f162b49f6ed660aa8152fe70142a98f
datasets/skin/acne/final/robustness_holdout/images/scin_000036.png,87f71d740e0c7b6eaf5ba4cc8840444ed1dcd6ff91cb55c46e318bea331f505e
datasets/skin/acne/final/robustness_holdout/images/scin_000037.png,a71acc478372b5a0180bdb36014b246afc2b47896cda0d5229cc1b7f4f649e51
datasets/skin/acne/final/robustness_holdout/images/scin_000038.png,9b88485705f4bdbc64538abd3ac9e52dfc07de373f69d034a3add6c376554930
datasets/skin/acne/final/robustness_holdout/images/scin_000039.png,66447486b5c66fc04a325c10685cfb60e79f2bd92bcf1166a71bf812ca36a331
datasets/skin/acne/final/robustness_holdout/images/scin_000040.png,736d23553ea5967565eeacc4f7dd5e757dc9e49941501f49328ac8bd31df3976
datasets/skin/acne/final/robustness_holdout/images/scin_000041.png,3eae14848dd576bebcba2bd3908a870f40e75f6263d56252ce23da1652a6fed8
datasets/skin/acne/final/robustness_holdout/images/scin_000042.png,222db16fe80df584a1b867d5e877cc6daf5df6fe7208022ec8657d084f672374
datasets/skin/acne/final/robustness_holdout/images/scin_000043.png,cad16439114f65716778be2b86d88091705badbda85ef57fbb9f2195465963df
datasets/skin/acne/final/robustness_holdout/images/scin_000044.png,7536915e2e3ccbba584ab8e50f146d9d5e7ebc17807f5170bb647f444ab67427
datasets/skin/acne/final/robustness_holdout/images/scin_000045.png,025d33e4e6bda1218b761448919a168833d796205676c41b1da836cb40bbda4e
datasets/skin/acne/final/robustness_holdout/images/scin_000046.png,a9de728f4c3376f313981b1545206710518b41ba6496be52ae54ef10af188e01
datasets/skin/acne/final/robustness_holdout/images/scin_000047.png,4046ecaab416efe6f0db2b884cf5d09dabad3106cb9a8b9278cd176a32f1298a
datasets/skin/acne/final/robustness_holdout/images/scin_000048.png,ed6cc7ff4c07b2e4f609fcf1a54f82b967f10417a49b2e64d3bcd6c13124ed04
datasets/skin/acne/final/robustness_holdout/images/scin_000049.png,263f4a9d57516bb0ed1adb05b1959743dd281642d09f64c243b55eabda462334
datasets/skin/acne/final/robustness_holdout/images/scin_000050.png,3d042ef35f1a947e0e6968530c8478369b7adf80a33e0593106711bd3910ca7f
datasets/skin/acne/final/robustness_holdout/images/scin_000051.png,859f8880cf4c728706462b00958033ba1f05ed16080f016eaab300f41e8c73e5
datasets/skin/acne/final/robustness_holdout/images/scin_000052.png,bd1294540568e26aed9d5d581b6c8d2c9546aeae14a84abb417a9fc3a2fafa55
datasets/skin/acne/final/robustness_holdout/images/scin_000053.png,5a6972567cae6c9692f33167073649da3a87c40c9ee0ffb4c041e592b285f94a
datasets/skin/acne/final/robustness_holdout/images/scin_000054.png,993aa806d94e990281beb9347375a5ecc69d36ddb03db71c7ab485449e4fc0d2
datasets/skin/acne/final/robustness_holdout/images/scin_000055.png,0dbd42c065c73d7daf04a5adcfd5f8fd309977e1d9d267f22926055a559a35d1
datasets/skin/acne/final/robustness_holdout/images/scin_000056.png,110a3e21a7cb6eacd5dc679fde2f1e6464f0b8771b2731bc87e555cbea5d3f0c
datasets/skin/acne/final/robustness_holdout/images/scin_000057.png,e11205c8478b92a96238fe6bc04a0e953a7d0d2619c4d75b3898339a54bec744
datasets/skin/acne/final/robustness_holdout/images/scin_000058.png,60ec1d8e542577ad8b6203723616fcd8b198e33521f91692443e1686c0dd89b9
datasets/skin/acne/final/robustness_holdout/images/scin_000059.png,f4aa0ca73375cf20316a485da969f4f0e66a5f95b2ddb20fa0d43aa5a320e998
datasets/skin/acne/final/robustness_holdout/images/scin_000060.png,96706fb69b2b43d0b74a41591fc3e7ec4f05e39d824453eb0b6527e6282c97d7
datasets/skin/acne/final/robustness_holdout/images/scin_000061.png,22be15a5768dce10f0aa9f97e96a73b1659f65ee847b021be91ff5c1c9c6bdbe
datasets/skin/acne/final/robustness_holdout/images/scin_000062.png,ab9308eff256f80407d19190ec18de6fde31c3d41d3d54f4da2d877b63ef7d7e
datasets/skin/acne/final/robustness_holdout/images/scin_000063.png,6ac60c5c07171fab4eb640d5c07829f850107dac80a272c5750e3d09cc75b454
datasets/skin/acne/final/robustness_holdout/images/scin_000064.png,ee03c8bfb746fc7bb339989d51bf9011a1114b9842adddf95a878995715ae21c
datasets/skin/acne/final/robustness_holdout/images/scin_000065.png,3c35b0d4ff9e9dfe47f91c2081b3fdab113477246b8a0dda7f0ce64aec50cafe
datasets/skin/acne/final/robustness_holdout/images/scin_000066.png,5a4652420ecd6f658888e99b2905ae61f41855a483d4d1e13014be75f6e549c5
datasets/skin/acne/final/robustness_holdout/images/scin_000067.png,6729e76597cc373033ee956cd0d0f184c829da7f668b853231b4f531edcf9bd3
datasets/skin/acne/final/robustness_holdout/images/scin_000068.png,ceaa071f4fc5977ba18d1d32b44c72842e88ebd68ee4ca56cd5dcfe4d2f3f593
datasets/skin/acne/final/robustness_holdout/images/scin_000069.png,818803186ddb22871b18490010f67217738082ddb9cf600c9cedef148cdcc3ca
datasets/skin/acne/final/robustness_holdout/images/scin_000070.png,d09a25a95b5df63ec84fc13133ba51cfe1e3f5ec436dbdd704784aa7a36d6b13
datasets/skin/acne/final/robustness_holdout/images/scin_000071.png,22c9b42b0e2780842e5509118cf930dbcaa8210059bdb2df35319d1c2dec7740
datasets/skin/acne/final/robustness_holdout/images/scin_000072.png,41fc640ef88f32d88263371fdeb4896df154d63f93244e104ff6251d038c21e3
datasets/skin/acne/final/robustness_holdout/images/scin_000073.png,e073d6c6557d5fa7e7b94fb1eed9046c12c6fcf19e7a81668c1e5fb72b9e3a5d
datasets/skin/acne/final/robustness_holdout/images/scin_000074.png,871cd88b21f7a529fb4683a19d080e08c43834a20757a26a3aa00bd6c4319369
datasets/skin/acne/final/robustness_holdout/images/scin_000075.png,9915d408cb470cb2c148f264cff6ad79f43a5011e59c82dd8496f5f7d4b30077
datasets/skin/acne/final/robustness_holdout/images/scin_000076.png,6ca2ed3d3847893cc814fbb75c54a4f5555fead83a6b03af3ad5992d4ab5a325
datasets/skin/acne/final/robustness_holdout/images/scin_000077.png,4e3a1499f890cf24048a5e3bbbee86760f2242dc7b27cc94df1e28f5f541bc9c
datasets/skin/acne/final/robustness_holdout/images/scin_000078.png,4bb92c096bd37e4963b6013ea15da8d6283ee3503de744acdf518618495515dd
datasets/skin/acne/final/robustness_holdout/images/scin_000079.png,f5412b7834332f0d9a2c3159860bc20110d756221f354ec10acff0f7ef30d8d6
datasets/skin/acne/final/robustness_holdout/images/scin_000080.png,a58c63be51712a01decadb9593ba79e3b54af5cba86fe88f7d7908c6a66fd9c0
datasets/skin/acne/final/robustness_holdout/images/scin_000081.png,8265a6c7b910d7ab7edee1ba896b1d7fc8a686d1d713b83a58a09d75cdc24879
datasets/skin/acne/final/robustness_holdout/images/scin_000082.png,61e6e997dcf0e5b2a4c0375a4a879cb183945d0e8cebe27ab2b0766675c6c4b1
datasets/skin/acne/final/robustness_holdout/images/scin_000083.png,f862f90eff463695c1064cefa8d1d6e9a46084141f229090c38868b4a0653ebd
datasets/skin/acne/final/robustness_holdout/images/scin_000084.png,47bb560a5413f86562a880c345f589289a70042ee63a6653fbe8b7d1807e2834
datasets/skin/acne/final/robustness_holdout/images/scin_000085.png,001381c069ab37c068af6476968079bc94296e65da046c2899d04f19a8fb7488
datasets/skin/acne/final/robustness_holdout/images/scin_000086.png,5f24e6ebaba72d81be112c6103fe5d5d425a18c6477e150edfe73266cba1528b
datasets/skin/acne/final/robustness_holdout/images/scin_000087.png,5eaf800eed779ba603eecfa004365c003547daa36549d3facfe0eca42ea5c805
datasets/skin/acne/final/robustness_holdout/images/scin_000088.png,d3db80bd22588819e6b7e3786c036994f947871c8015c29fc4e3e72b3a5bfbeb
datasets/skin/acne/final/robustness_holdout/images/scin_000089.png,ebae7ff4ecd30aa76cc9908a68ec6e09f14b41f839f624d9693e7ef1488bf2e1
datasets/skin/acne/final/robustness_holdout/images/scin_000090.png,8067927759c84d1751804b803725e74bf8ef99f710ec8947baf166e38fab19bc
datasets/skin/acne/final/robustness_holdout/images/scin_000091.png,30a9e58b713f6172e51a97d0c77faed634b8adc43090d2ae4d16b5ef70cb673f
datasets/skin/acne/final/robustness_holdout/images/scin_000092.png,64c909e4a030e47c27823e76a964b7866a2a7cfce12b99aec295558d8d6e6071
datasets/skin/acne/final/robustness_holdout/images/scin_000093.png,22d260245a738866375f7cf5a7634d862c699a995f1a413131b5e12c0307d9b1
datasets/skin/acne/final/robustness_holdout/images/scin_000094.png,efa86bdca3d0f7b592f006fa4f85615b8fa548b2d19e74a3b29383781949033c
datasets/skin/acne/final/robustness_holdout/images/scin_000095.png,9d9788609cd37c6e6821fbc9d54e6c73d73447e1bf10d73a286776982a8c4ae2
datasets/skin/acne/final/robustness_holdout/images/scin_000096.png,a7ca0a6c2273958d2c084aae6855dd2bb2b7aef4b35307db5b9349265c41048a
datasets/skin/acne/final/robustness_holdout/images/scin_000097.png,9039c71b1451df35228e2bf2bb021d23a821798c74f2693944172b5a80505a04
datasets/skin/acne/final/robustness_holdout/images/scin_000098.png,a0522ac08f06e2040deaf00107199731ddd898da80a6c1d589ffb245210dc767
datasets/skin/acne/final/robustness_holdout/images/scin_000099.png,6137d942fc1a4cf40d0d1f42b327cb9deda2a7d4da9a8112525a810c820f7c01
datasets/skin/acne/final/robustness_holdout/images/scin_000100.png,36ab4866b95aa4cbc5934a2384dfb597bfcaa5f63d2e93777f58329fc5b184bd
datasets/skin/acne/final/robustness_holdout/images/scin_000101.png,247fae74cdf517f4edf28ac5b1bcf821f1e8b14d83d84a02f5bde1f12b09edd7
datasets/skin/acne/final/robustness_holdout/images/scin_000102.png,afbba732823f06e63fbea0d330351e6f987995bbc0c27142c7f8113c27c6b92e
datasets/skin/acne/final/robustness_holdout/images/scin_000103.png,8e664ba61fb8cd723e11b69efbdc860ee9c50926a8ca6bdc28467a902d714f63
datasets/skin/acne/final/robustness_holdout/images/scin_000104.png,6361ba91f54c87acb4541569132062320200c99b9347b34e954184bd9b246228
datasets/skin/acne/final/robustness_holdout/images/scin_000105.png,41962bb54091fe47c975b0ed84cf0ddc5f4517d16b5843322e7c99e4c7245fbc
datasets/skin/acne/final/robustness_holdout/images/scin_000106.png,faacf067a6304edbd568044d81bb19eb25e4ebbf82aaf9307479ba4202040de4
datasets/skin/acne/final/robustness_holdout/images/scin_000107.png,a60b1de30c585e03ee74b69b424bd047e3b714df9cdb023ac7d0d035ff1f5d9e
datasets/skin/acne/final/robustness_holdout/images/scin_000108.png,299e4fe736c48ecf240df5e0931b5d8bb3bc740223d7364314fcbc5189f315e3
datasets/skin/acne/final/robustness_holdout/images/scin_000109.png,e9c1aea2eb85fc97a741384e6308d610b0e26cbbd83d91ed59a82b6184fbfa24
datasets/skin/acne/final/robustness_holdout/images/scin_000110.png,2017ba29606097a4d47c3358d70b9baa4e94a409b032c803c997a89bf3bd536f
datasets/skin/acne/final/robustness_holdout/images/scin_000111.png,60716662846de097cd29dbfc538b9132997d74da6aef37f0bd56b067dd34366e
datasets/skin/acne/final/robustness_holdout/images/scin_000112.png,cb8440efb6e5d61d1ee9750ce01d54b4c0f5e08f5e11858be7b19ebc78d05977
datasets/skin/acne/final/robustness_holdout/images/scin_000113.png,b6008d89f1bad00550d78f42c9044e0ed22d2a2d0fa0be0783d236cd57d876b5
datasets/skin/acne/final/robustness_holdout/images/scin_000114.png,7021ae3c519bd0f02431eeb70723ebf389c91da1973c7369c30ee908f0061c4b
datasets/skin/acne/final/robustness_holdout/images/scin_000115.png,2ee9db611f9796d242d8042a023cbbde167e69b74914db872b5348056c604874
datasets/skin/acne/final/robustness_holdout/images/scin_000116.png,993e681159c9b71cf662053a88f4f337ecaa0b6312fea5771ebe81937bb16231
datasets/skin/acne/final/robustness_holdout/images/scin_000117.png,596651cab3bafca9a551503ebae1cc64abe7d8c50b2c53a64fe9cd6894ba9849
datasets/skin/acne/final/robustness_holdout/images/scin_000118.png,bfbebeeba559b5284e79cbfaf42b9ff21839ac9e3d67afa41c0a54aabb1c24d9
datasets/skin/acne/final/robustness_holdout/images/scin_000119.png,6ae088eb75370a25fa3766cebda99dd535e97b32068587e813de45c5f2c405f6
datasets/skin/acne/final/robustness_holdout/images/scin_000120.png,d970c2978edaef1f2d9cea3ba4b24fc7c75188ff95cdc3d1907c9870f79e34be
datasets/skin/acne/final/robustness_holdout/images/scin_000121.png,c0b65eb5fdc1efa771758eb2dd94eb457a09f8f26ce3d7d5fea4478abb092c8b
datasets/skin/acne/final/robustness_holdout/images/scin_000122.png,372f5620dcf6127ea82d09fde8e8545610cad9948e16d4b337ff3b37e373af4b
datasets/skin/acne/final/robustness_holdout/images/scin_000123.png,5f2f04ca0cba378e923f5a5088237b62c8715385574001550dfbca108cc2916d
datasets/skin/acne/final/robustness_holdout/images/scin_000124.png,0d48342007e2785713442e821c9254c05a2ae1be91b16e54ce225384d0420527
datasets/skin/acne/final/robustness_holdout/images/scin_000125.png,285326a68e569774ff1b20384c7ef6a5d8f85baad13fe7adbe0f0ca0799eb7ec
datasets/skin/acne/final/robustness_holdout/images/scin_000126.png,5be81e4247ed417391e011bf9875b92117185a73045d4b732038b02613028fc4
datasets/skin/acne/final/robustness_holdout/images/scin_000127.png,eac193ad5a3aabe47d8620efaf403d77dabfc7872c5dfdb74b757e25a77063cd
datasets/skin/acne/final/robustness_holdout/images/scin_000128.png,0e8f082b9541cb9848cc712088a065be08773a42640099ea3f04ae6fc6e60fd8
datasets/skin/acne/final/robustness_holdout/images/scin_000129.png,343e647d40e8081eaae0eac716f9e1a52b79554cf6db6fd5da28bbb9599c3d55
datasets/skin/acne/final/robustness_holdout/images/scin_000130.png,fb3fd557b017cc0e5031d30d8214b22d807b4b4500fb1fdfc1120f92072169b0
datasets/skin/acne/final/robustness_holdout/images/scin_000131.png,7f5d7bdab91dd17d4ccf97d8b360329973486656b6b0f0dfa43456f7eedd056d
datasets/skin/acne/final/robustness_holdout/images/scin_000132.png,a115f765f672607bbbf7daae2b6dff396cacebf8a40e50f120577d993cdb8a06
datasets/skin/acne/final/robustness_holdout/images/scin_000133.png,621c015be2f0886351ad06a2c9e9ba360844e955a1324abb965c6b653a830a95
datasets/skin/acne/final/robustness_holdout/images/scin_000134.png,563c32d547109c9ed65034d0c643fa465ee9cb196264044c9e59e7dfe95f3e0c
datasets/skin/acne/final/robustness_holdout/images/scin_000135.png,2c7472b284cffd644af5369138c244ebe2245b50d72210ec176f6a401a38fff1
datasets/skin/acne/final/robustness_holdout/images/scin_000136.png,c09cc188ea3ec95de082d25d353dcac1a71f74ade8a758a95dac1233a55041e0
datasets/skin/acne/final/robustness_holdout/images/scin_000137.png,c3d294000cb7d5927b953ba4e7acdf3710d1ddc2d48aa43f7fa88baa336954fc
datasets/skin/acne/final/robustness_holdout/images/scin_000138.png,85caafed0fdb22b4fd4ba36dc28c134fb3c7bcb10b1acf4dd8f8820475801dba
datasets/skin/acne/final/robustness_holdout/images/scin_000139.png,6ea74ded7b1b88ba7307eed62744395ccb864489d19f4ff063263fdb106327b5
datasets/skin/acne/final/robustness_holdout/images/scin_000140.png,b8783fa5ae67137a65a8a9b538df64ad0eea2c9fef256999007e4cc8af78ba07
datasets/skin/acne/final/robustness_holdout/images/scin_000141.png,32aac52d0ab95bbe2549ffda6f8aab77ed6f51974df6c2b33c7c73f427dc228f
datasets/skin/acne/final/robustness_holdout/images/scin_000142.png,1c5d949cdb2cb97ba30811d4c04f6afcea539ec7048d47714968d05aa09eeb15
datasets/skin/acne/final/robustness_holdout/images/scin_000143.png,ff9d3af441d23513eb94830f45838ce2f57af7a6d121e826a734bc9b32d4bd76
datasets/skin/acne/final/robustness_holdout/images/scin_000144.png,6aa497be9d5d707edf89e166d79e99e7a2cff383cd9623b68edf23df0b32b479
datasets/skin/acne/final/robustness_holdout/images/scin_000145.png,cdbfef10b3dea9d11433f3252c5d85391a5913afad0a5b83f4e739440fe95140
datasets/skin/acne/final/robustness_holdout/images/scin_000146.png,d6afbe4e4ea6182f5be98a55ef9a08b7397f4bd4795da1b0ae0d2af60c41f081
datasets/skin/acne/final/robustness_holdout/images/scin_000147.png,66cc2e62437952d6e2c4163698a76d7d5e0e2f82891ab1281d881cb62c612db8
datasets/skin/acne/final/robustness_holdout/images/scin_000148.png,95e0f958896e5dc0b17510cfb40f56c18364d6932af3f6c11144bee5900d27e4
datasets/skin/acne/final/robustness_holdout/images/scin_000149.png,8d3deb5ea2e11e0fab67f0cfce13baa107d742ecf75d4429a9dcd624a7a20b8f
datasets/skin/acne/final/robustness_holdout/images/scin_000150.png,b40011c021f87daaa3e10546d53e02d48a913264cd569e24eba50c4cd17642b5
datasets/skin/acne/final/robustness_holdout/images/scin_000151.png,202af39f950ee5fd48f78963a47636b8d0b287ebe82b8d78a724852355d22f95
datasets/skin/acne/final/robustness_holdout/images/scin_000152.png,722d1707a2bf3f4bb4cc56b1933d33bd635568cf97bb771e97c3bc0dd7016483
datasets/skin/acne/final/robustness_holdout/images/scin_000153.png,f97237248e3da68225cb38bf968768889435b759068c85a71720982a665646ca
datasets/skin/acne/final/robustness_holdout/images/scin_000154.png,9ad0afffa13ddaa0893397426fa28ad2b1d8d5550897c9a684354cba5a1bdf50
datasets/skin/acne/final/robustness_holdout/images/scin_000155.png,97a7ae564dad1a7955a25499d40e969efd236f2fea4f4d863a6b0e9d028c52a6
datasets/skin/acne/final/robustness_holdout/images/scin_000156.png,a3009c65e9a8990b164ef46b5f9794fa87decd981f2ab073f93c0cdcf589920b
datasets/skin/acne/final/robustness_holdout/images/scin_000157.png,c5cae8adf7f44e176e010df4533cebb834969c002d52f9ad6f21658703944277
datasets/skin/acne/final/robustness_holdout/images/scin_000158.png,d06d0997f0a25cf3a401ab59f68ee3dc4aba2071e71480d7becd8647151615d1
datasets/skin/acne/final/robustness_holdout/images/scin_000159.png,86e3e21b8105b7a6dec583f1cdc99082950339e418e1a3ba7288d46f80c66f93
datasets/skin/acne/final/robustness_holdout/images/scin_000160.png,aca547bde56ac2fefb25ebdca64a7ff70a3d24ef1cb0b21006929853f6f350d6
datasets/skin/acne/final/robustness_holdout/images/scin_000161.png,3a9b3a228be6a8e98ced79c900fee07f9f6f55f6b014a8f90814f912bffa90f7
datasets/skin/acne/final/robustness_holdout/images/scin_000162.png,54e1f975197d9e96ec27a5f5d2bb952bad8ea3ad32128d88330e6330b12b3f4e
datasets/skin/acne/final/robustness_holdout/images/scin_000163.png,ed0e4735deafb83c74ae7f89b1c79a855e8fb8231bff38809095133cb4d4036e
datasets/skin/acne/final/robustness_holdout/images/scin_000164.png,534ad61aae5ba0e9910f632718ec4fc368284a720e5f2dd05106719dce5f204d
datasets/skin/acne/final/robustness_holdout/images/scin_000165.png,a2a1d2ee0072faec59e199fd23233f3c47ffa737900a7af2fb3555666bafcb44
datasets/skin/acne/final/robustness_holdout/images/scin_000166.png,abd42e571374d5681a231ff08e2e652110b02b6252e472ef9b051320c3d3fca6
datasets/skin/acne/final/robustness_holdout/images/scin_000167.png,7f30d6b7a68172b748d25cec4c93682408c46842c1576c9090c647fb4f3d1506
datasets/skin/acne/final/robustness_holdout/images/scin_000168.png,a55ab3f51830d40c3d63772b176345a3355d10b4ea5220ac18cac55d9cf27ac6
datasets/skin/acne/final/robustness_holdout/images/scin_000169.png,6415cecc3ce3faa5d3c1ec4878938a4d06aea0c37ba366888d3ccd329c35cace
datasets/skin/acne/final/robustness_holdout/images/scin_000170.png,b8dd4e2197e87dd9fbeb967d59386adba769580eb37aeed646daf2fcd783fc35
datasets/skin/acne/final/robustness_holdout/images/scin_000171.png,6947f27c213c3973c11af28659981c94b6829275203ab2b41c8c4783c2062fbf
datasets/skin/acne/final/robustness_holdout/images/scin_000172.png,106822945597aed54cec4d6793b1ee3ac3e76395b3a5958d253d4c4001524427
datasets/skin/acne/final/robustness_holdout/images/scin_000173.png,db796587a9a8c6f9108e6ab5e6cb416a550c113086e8764454f364be984320e9
datasets/skin/acne/final/robustness_holdout/images/scin_000174.png,e21ea07cd8bd94373e417404734fd87b7dbebb642537d857446cab1e2b7d05ab
datasets/skin/acne/final/robustness_holdout/images/scin_000175.png,89d32e277f868b234eced5e6c49dd1fef6e9ac611a568d0d9785080647975f20
datasets/skin/acne/final/robustness_holdout/images/scin_000176.png,5acd17fb4b5fc6d132d9d0dfe5fc37638039bcfc2d4c86721715534f6e41efd3
datasets/skin/acne/final/robustness_holdout/images/scin_000177.png,aec0bca548bc304298fa9ade602f60ea83a47b17e72cab1e6699b42d70ceb608
datasets/skin/acne/final/robustness_holdout/images/scin_000178.png,40becc62256aa5f2cff91656a13936b53603e2211dc67703a9bf44f5f8ced373
datasets/skin/acne/final/robustness_holdout/images/scin_000179.png,cfa505e9c020709df2616cf60c30ec302ea7cd28a0fd8b08db6d51dd95bd1632
datasets/skin/acne/final/robustness_holdout/images/scin_000180.png,7ca1e63f8755f194c209e62283feb5014773f5abed143032d14e4d1d5e86d74f
datasets/skin/acne/final/robustness_holdout/images/scin_000181.png,b02fb5da82d55e934bb8293de3a17357354d7f7fa633db3732eb09affd74134d
datasets/skin/acne/final/robustness_holdout/images/scin_000182.png,ea9ac06668fb66e3ad9b33fb98238545286e4f3feb9d35f9e9267d75a07653cc
datasets/skin/acne/final/robustness_holdout/images/scin_000183.png,a4054c6f29689dde45b81d9dbf8eb5f3625c61023771b7183c2f18ca046ca10c
datasets/skin/acne/final/robustness_holdout/images/scin_000184.png,a30aa8639cf8f321f1574df8d1717718abd9900b640b59e8413758710042f41b
datasets/skin/acne/final/robustness_holdout/images/scin_000185.png,c461e537adc63808e2a45d3f48a570f0855fb8842b67a35f3259e544d85271f5
datasets/skin/acne/final/robustness_holdout/images/scin_000186.png,bb7ec4b2f86c03ccb4c0821a9f421a7b36dfb4e3e65f4437dd64ac11ecfb39b4
datasets/skin/acne/final/robustness_holdout/images/scin_000187.png,88dbd5c72e6a2b0973a08b0f7cdc65e934ae0e4dd7dfaebc1dbe93989ab5b632
datasets/skin/acne/final/robustness_holdout/images/scin_000188.png,29128e5238360270cd6df0500580547da73b75b41f7dcf467d81e1a9b52b7997
datasets/skin/acne/final/robustness_holdout/images/scin_000189.png,0bae1e2470f1640de65bb45f2b95556d8171fc0b5c389fe0bba73fb5fb081f39
datasets/skin/acne/final/robustness_holdout/images/scin_000190.png,dd33b9183013a86bb8b5f24c1b907dfdbe621021ef358c668bf147fb48f0aabc
datasets/skin/acne/final/robustness_holdout/images/scin_000191.png,673c5906921086d20031c2d0b3140c2552c23ee61e2a5ca29a12ff300fcb445b
datasets/skin/acne/final/robustness_holdout/images/scin_000192.png,6b2ed93904b38da9cbadf6384ec048a4c9df12f7d3e8e8f7512b2b55c136e0b4
datasets/skin/acne/final/robustness_holdout/images/scin_000193.png,fc0581f734e8af322dd8f562a2a9d216c9a7c5b725cedfe76514aa6a5232c9a1
datasets/skin/acne/final/robustness_holdout/images/scin_000194.png,910cd1bbdc8265d7497b9ff37c1bbc3f963aba9c729dbb00b10f8351b155eeed
datasets/skin/acne/final/robustness_holdout/images/scin_000195.png,c90eaf48c9723bd116d7ecc5ed6fa7f8604c1ebda137e5eb3f2bbe8ebbd3a61c
datasets/skin/acne/final/robustness_holdout/images/scin_000196.png,fd80f4574c2f29787af3165c2df7c8b28ffbbd0a159fc0d8b7c6cf23141135d0
datasets/skin/acne/final/robustness_holdout/images/scin_000197.png,d36ca653db907a7458d29e82e234d44bd3400fb41f548c8983213ee61eeb96eb
datasets/skin/acne/final/robustness_holdout/images/scin_000198.png,e78e1125216603010b318556aaf86d211ffa86d0b03e27c955ea6f3dc8786c18
datasets/skin/acne/final/robustness_holdout/images/scin_000199.png,b94e7d35f6208a2099056f1f4d373742137c11f1d35e9269a5df3921d5c29b73
datasets/skin/acne/final/robustness_holdout/images/scin_000200.png,fb89effc47287c2ba83efc02bc5ddf8efc0c51c7d6a71cf32a23456a0701150a
datasets/skin/acne/final/robustness_holdout/images/scin_000201.png,7b826cad1e7e8d3970aa987cd8f259e5d4e830570e1daa530a7b5e660f2b29da
datasets/skin/acne/final/robustness_holdout/images/scin_000202.png,b35d7d670b58aaef40bb870a698c12f4fcb882ec0040c205a5b0d90c8d38576f
datasets/skin/acne/final/robustness_holdout/images/scin_000203.png,98fde7494776ca875d5d38273cc5be2d0261a20e0e0919093a8410ea44e875d1
datasets/skin/acne/final/robustness_holdout/images/scin_000204.png,2b536737bf5f4b9cc8017fea3beeaab9d9d79b1166852d2e2da701cf916f0fdc
datasets/skin/acne/final/robustness_holdout/images/scin_000205.png,33f255b77e81b3a85a597a82313f8c96d661023d0315ad1ef038e6ff200bce68
datasets/skin/acne/final/severity/test/stage_1/acne04_000639.jpg,67d217dbd0f22218ba0620813dc2c527c75187be9688193537206362f9c0c511
datasets/skin/acne/final/severity/test/stage_1/acne04_000640.jpg,9a36773af7a70a20405cbd56f04c53a884871bdfaa392f91e4448b3b615b37f4
datasets/skin/acne/final/severity/test/stage_1/acne04_000641.jpg,e07496fdef73839ac0d829a445acbdbc840e0f8740b4821bef7bb72bee01a711
datasets/skin/acne/final/severity/test/stage_1/acne04_000642.jpg,d3dcf8b8d4144da6ce5bf69ea6f37fb78bbb36cde0c922288c7af7890e048752
datasets/skin/acne/final/severity/test/stage_1/acne04_000643.jpg,6ff7c5af1ade1803f65b458eee82c1dfd06272d4bbbbe5189dfab8965308ead9
datasets/skin/acne/final/severity/test/stage_1/acne04_000644.jpg,c2185b980cbd6606dc92911baef07ff29ba33b57b91c1f637de6e7a315607e77
datasets/skin/acne/final/severity/test/stage_1/acne04_000645.jpg,c9cb8def56b9b1af4ae9de3af41eb1674090562bd741bb85854c263df0cfbdb8
datasets/skin/acne/final/severity/test/stage_1/acne04_000646.jpg,7c723ce2db598e3413dc554b619a545f59b639e2519b4a29416f120b91065cf9
datasets/skin/acne/final/severity/test/stage_1/acne04_000647.jpg,5128c7752adc21659fd2da9d70c71780436c3342709e6f341a7319a3fcacc404
datasets/skin/acne/final/severity/test/stage_1/acne04_000648.jpg,e9d6a22dc788c6dfe7d39e1f5bf8bbfa46ede720402f11f740920f3c2625b42a
datasets/skin/acne/final/severity/test/stage_1/acne04_000649.jpg,b6e9f12c29c3b00386172e696d7b74c8833d66b053b9dc5a87f7bdf1792c49cf
datasets/skin/acne/final/severity/test/stage_1/acne04_000650.jpg,cf6bf1eee8a302cdfad1b9204430b6a59dc98aec6b74310f7968fb900609a74e
datasets/skin/acne/final/severity/test/stage_1/acne04_000651.jpg,c348de4d5e9b97a70f4371b8c0c1cff73d24916faa9fdb9625e0e7b380b5855d
datasets/skin/acne/final/severity/test/stage_1/acne04_000652.jpg,74aad78b119ba54ccef484cd22a678cc73a740b520572bc8ae3cec8840e93494
datasets/skin/acne/final/severity/test/stage_1/acne04_000653.jpg,dda5dda32c0b301bfbdec73b5ed24899593d7a6b0a5706e611ab4fe22e1f46a6
datasets/skin/acne/final/severity/test/stage_1/acne04_000654.jpg,7e124413217378655d1c1563b7a586ac1b1940f38a127e8ab386ef011abd9eae
datasets/skin/acne/final/severity/test/stage_1/acne04_000655.jpg,7d3918607e4ae8ea27ed0f90a04181b13f02635a4c83466db9241afd93552263
datasets/skin/acne/final/severity/test/stage_1/acne04_000656.jpg,62f27e9e44ca579e9dfaaff223425393750d40248e097b0e4c933d4f7680ab7c
datasets/skin/acne/final/severity/test/stage_1/acne04_000657.jpg,2d2cc1efc1bcc1928dec199f010b877b2fb2436d8972b3ace8a462d74cb03c97
datasets/skin/acne/final/severity/test/stage_1/acne04_000658.jpg,634bbfc19cc6cb82b8ccb2ffb695a9dec550a2d637452c3852ef01263329a9c4
datasets/skin/acne/final/severity/test/stage_1/acne04_000659.jpg,2e5de31f2a3a9acd023f5d1fb59a9aa63ca78c83becc1ee04c2b9ad456c985c5
datasets/skin/acne/final/severity/test/stage_1/acne04_000660.jpg,8b52e0c8cb1d9f6788f9d629d1b161289365f7535495e45e934e09345f4421fb
datasets/skin/acne/final/severity/test/stage_1/acne04_000661.jpg,fc26eb1ae3c52716b854f1d06d459ef2cac4db104ffcf79309034fb2d744ee16
datasets/skin/acne/final/severity/test/stage_1/acne04_000662.jpg,fb93d6a1df0349cb1fed0bcab0313c4e9dd75bcfda12b66a3ecef63d16232182
datasets/skin/acne/final/severity/test/stage_1/acne04_000663.jpg,7e39a7cae41057a4031d4a73ebadb1cc84659e139779fdf565a7669388a3008a
datasets/skin/acne/final/severity/test/stage_1/acne04_000664.jpg,e1a49eac01e457c603a0f96befe4a9854e3ded09459c531e2658d1435e047877
datasets/skin/acne/final/severity/test/stage_1/acne04_000665.jpg,324b3ac4fb7b3d0ba05c6f4c9a6ade6bfa7f8f55386fe207d56545a7e77cdb01
datasets/skin/acne/final/severity/test/stage_1/acne04_000666.jpg,946e93e66a7195f5cdc2d7f9acdcf5ddacd9f4a742bf2d972c3121fdd2f73682
datasets/skin/acne/final/severity/test/stage_1/acne04_000667.jpg,89591ff97b27614c6d285c9ef23d7e050efa53ebfdefb9b9547754dfc239bdb7
datasets/skin/acne/final/severity/test/stage_1/acne04_000668.jpg,88b4da62cbb32ce00d1130b834d8cf8537283037a9488b0ef680bd89331c5ebc
datasets/skin/acne/final/severity/test/stage_1/acne04_000669.jpg,82371eebc4a6d7f7e9f3199ed53c76357fd6abc17b786d2284207e4813989534
datasets/skin/acne/final/severity/test/stage_1/acne04_000670.jpg,0edca17403d4b2b51440c81fb049fc3f9d84ce6c6893f97bc2c21c8a3780ac6a
datasets/skin/acne/final/severity/test/stage_1/acne04_000671.jpg,92c2c8bca026a445934f40cf1a35828637931c8bb7f91d6e3ea3ff2e97c6a4fb
datasets/skin/acne/final/severity/test/stage_1/acne04_000672.jpg,83237e6f40bbf1315adbad48ec5df4ca2ade57677b3be052b14554aa67f70af3
datasets/skin/acne/final/severity/test/stage_1/acne04_000673.jpg,510110e600eccea7d5a403438f74f5c48b10d350f058a9cca05856b6f105d072
datasets/skin/acne/final/severity/test/stage_1/acne04_000674.jpg,9abf22974f90b1041a9be394f8d7bb78964c6be84e3c4c5942c05ade6caf8bdc
datasets/skin/acne/final/severity/test/stage_1/acne04_000675.jpg,fcb5b0f8509b54c963ed1e3fb70a41613f6c395df0a818c1e3a5b137066fdc36
datasets/skin/acne/final/severity/test/stage_1/acne04_000676.jpg,7e29653edeb0ce0aa0d7c6606f3b459ad483aeb6f7d563dba43b68e1d9891121
datasets/skin/acne/final/severity/test/stage_1/acne04_000677.jpg,7a19ebf8535a4884ea68126f7d8261fdc4236fdb0c2b6ec26bc424e325e59f14
datasets/skin/acne/final/severity/test/stage_1/acne04_000678.jpg,171532460c40339b3c8610c2ad81b46eb1f42a601737accdae9eec0d91c3aa72
datasets/skin/acne/final/severity/test/stage_1/acne04_000679.jpg,ff37ee5ba30a321ba60c25575315397fc66c7f958eb758d3600220c5a6e36e65
datasets/skin/acne/final/severity/test/stage_2/acne04_000680.jpg,9e399d7a8e285cc706155bfb143fb58913412ab4decffdd45fcfb570cb08a6d6
datasets/skin/acne/final/severity/test/stage_2/acne04_000681.jpg,93894212f3f5edd38b5e8757f628b20aa33975751f16a5513d9853ad0cbd683e
datasets/skin/acne/final/severity/test/stage_2/acne04_000682.jpg,b4d80ed852bb689b3233f3d6188ff73eb2129add98f83bc62301dd00c6f9ea0c
datasets/skin/acne/final/severity/test/stage_2/acne04_000683.jpg,5eb4025b0951e77f4f98b816bfc99bfc5a085671820f821f2c86fbff966da476
datasets/skin/acne/final/severity/test/stage_2/acne04_000684.jpg,049dcebd4e88dfa41e55a3ff3f76659e177157911c1dd5ce77927fcd21df5fa3
datasets/skin/acne/final/severity/test/stage_2/acne04_000685.jpg,53f20fad1e16408ce80a035d5bd70731386ce6f2fc8c659200fa2c7dc37e7e7a
datasets/skin/acne/final/severity/test/stage_2/acne04_000686.jpg,2f4d742153ad392b62b2a7aa5a221b21714dc703436e9fbed19564da292dc8a3
datasets/skin/acne/final/severity/test/stage_2/acne04_000687.jpg,ee23ad4d6ca1197968b98eed43134c9fc51d215aed2e80a8411110d4095166a7
datasets/skin/acne/final/severity/test/stage_2/acne04_000688.jpg,5c4957d2288c46599f139976e032d53ca22567bbe8f79ff189c9a959c3e839df
datasets/skin/acne/final/severity/test/stage_2/acne04_000689.jpg,163f6c216457f45115de36c859e7a1b79774a67dd7e5750918d1e58398816cdd
datasets/skin/acne/final/severity/test/stage_2/acne04_000690.jpg,07e53b69a116383984c71b8b7a946e383eb9179c6e258377a6a6ce40297c9f57
datasets/skin/acne/final/severity/test/stage_2/acne04_000691.jpg,58281c55f36f03778e4471d63c626982b4ee0562fd5dbb0e39cb23b25dbeef51
datasets/skin/acne/final/severity/test/stage_2/acne04_000692.jpg,6d1a0f44f28a9d08ae02fd1a68d36415d99ceac3bc5ed737baa4549edc0fc9fc
datasets/skin/acne/final/severity/test/stage_2/acne04_000693.jpg,82de6bad883264b6acf351694dbfff596bc6906d1c82dd03c4bec6172c0062be
datasets/skin/acne/final/severity/test/stage_2/acne04_000694.jpg,4cf9a7b31b4813583d589a44066f2ad026a746554011c556dfe7e8b33ae47d3d
datasets/skin/acne/final/severity/test/stage_2/acne04_000695.jpg,1acb59954007a108d985b83ec120dbc4ee6307a446968a6f83de2d3ba12b4ec7
datasets/skin/acne/final/severity/test/stage_2/acne04_000696.jpg,426c292230ea28b64f0738b7bae99494ae3921a691c9bc62864b111b26fa0660
datasets/skin/acne/final/severity/test/stage_2/acne04_000697.jpg,dd71da5e0a722d29804571ad866acffaae0778c05d60b5c5a008d582d31abcc2
datasets/skin/acne/final/severity/test/stage_2/acne04_000698.jpg,04aae0de133198a9d547689fdda6e9bc95a3e63c7066c02366d4c5a2976bcbd9
datasets/skin/acne/final/severity/test/stage_2/acne04_000699.jpg,cdb85c8e1456716272e0cd3d3aaea0965d95f27437c209b8153d11b143beaf0b
datasets/skin/acne/final/severity/test/stage_2/acne04_000700.jpg,3a2e605bbda94a85ce35d2b6814aa9dbb10da4861b9c4e261b83caa2b1831b08
datasets/skin/acne/final/severity/test/stage_2/acne04_000701.jpg,86b04877f7b5552642605c8b368c97781f5cfc2f93af8d9f0d2bea55bdedaea7
datasets/skin/acne/final/severity/test/stage_2/acne04_000702.jpg,aec9a5a954cbbe9935b6451edddffc87c897e25373e53fe785df6cfffffb00dd
datasets/skin/acne/final/severity/test/stage_2/acne04_000703.jpg,b92176bac47db05109da9380892b3f936f26e37f5a4e83816ab2892602b4a9d7
datasets/skin/acne/final/severity/test/stage_2/acne04_000704.jpg,e6394ab7499d876e1912a7442fab6781395c9cb2d3e3cee156f0534350416d88
datasets/skin/acne/final/severity/test/stage_2/acne04_000705.jpg,a9e4622ec4eca6ef5f5c5ce550054ebb80d1cb8f557cf8f45bf86493da56f9b0
datasets/skin/acne/final/severity/test/stage_2/acne04_000706.jpg,1f6e1e32313ffe41ddff87d5e0f40fe4352465775db21d511fdc521fb83f1f11
datasets/skin/acne/final/severity/test/stage_2/acne04_000707.jpg,d6712524a5310a732e2567bf0d3211fc234f4805808e06918f30231de2ea21ef
datasets/skin/acne/final/severity/test/stage_2/acne04_000708.jpg,e7c2288430b6bfc5841cfca7e9c53f18556df21bc3edc61442a8ee605f870523
datasets/skin/acne/final/severity/test/stage_2/acne04_000709.jpg,dac5ea6a3f27785d0c826905da089720dd187d418fc2b65f96e02f58cd4be284
datasets/skin/acne/final/severity/test/stage_2/acne04_000710.jpg,912b69a8aa8928e66aa74efbc9a20cbd5ea0a0fc450144582308ff51323fc308
datasets/skin/acne/final/severity/test/stage_2/acne04_000711.jpg,5977b02a835ba99c37d7ff752925c7356476a7b5180789cbeed505ef5714c670
datasets/skin/acne/final/severity/test/stage_2/acne04_000712.jpg,ccff0c1d1b34ca75b855975ea4531620dfc856a80ed50589a4489e7d10897ee4
datasets/skin/acne/final/severity/test/stage_2/acne04_000713.jpg,5c3d215908a9eac68edeb09997ad756ee4b5cc5c1352aca6d8e2872aa4cbff98
datasets/skin/acne/final/severity/test/stage_2/acne04_000714.jpg,0428c3ce4b838e79e66387389057e404dd4b06c45db0b91aaa246add7d8deb0d
datasets/skin/acne/final/severity/test/stage_2/acne04_000715.jpg,f6c97fbf29fb6b45c1243f2a6ed5a310c03dbb526fb962676c003b8626c8174d
datasets/skin/acne/final/severity/test/stage_2/acne04_000716.jpg,127832820b174609e18e10c717c21479b25172e2b47537f088fd25365fb5af0c
datasets/skin/acne/final/severity/test/stage_2/acne04_000717.jpg,2ceadcdb93da3bf5f02989177873d57232f7e4fe3176d3ac5610a12130c6b84f
datasets/skin/acne/final/severity/test/stage_2/acne04_000718.jpg,5b35b0cfe21d4136220a6c47b28416f8922fc674185c326dbfd531aef5a16783
datasets/skin/acne/final/severity/test/stage_2/acne04_000719.jpg,02f1f5dec3c19bcc69837bbf463e669df8bb901ad6db44d2922103a62595d2a3
datasets/skin/acne/final/severity/test/stage_2/acne04_000720.jpg,874ab4d3dbea1f28821aa2255975ccf3803f701cfadc54355c3f6538d900f940
datasets/skin/acne/final/severity/test/stage_2/acne04_000721.jpg,93afca22aefcf263ca79d9581845160df5e51cdf66fe2d461bae69a44d7b14f9
datasets/skin/acne/final/severity/test/stage_2/acne04_000722.jpg,a6591fa7ddcb5036f9834d9f7100c437369d676aef6886c0bc7811477501143c
datasets/skin/acne/final/severity/test/stage_2/acne04_000723.jpg,375e8be2170ad37bf62f5b85007dbf49a092570414946fa88747111ec704d140
datasets/skin/acne/final/severity/test/stage_2/acne04_000724.jpg,be175534634baf40c7bd6d9fc55dedbbd3696ada4bf2b4d021366f663a142f1f
datasets/skin/acne/final/severity/test/stage_2/acne04_000725.jpg,0a940ff416be4459cd3cd627f1441dcfb552e4c8c40c51e7d11471addb41bb5f
datasets/skin/acne/final/severity/test/stage_2/acne04_000726.jpg,aea8b2e791e25d4fff7081ba360b19925410180d1a325f96fbbefeaa5ec7d064
datasets/skin/acne/final/severity/test/stage_2/acne04_000727.jpg,5d739037cece052a393c04b7689591951cfd8b406e97b89825c0e71c2f8a63f3
datasets/skin/acne/final/severity/test/stage_2/acne04_000728.jpg,04ea325a22be60e2707dcc4986099b34a292b73751f1438295a45ae0b3bd99e7
datasets/skin/acne/final/severity/test/stage_2/acne04_000729.jpg,3234820e3660c4499da484cee782896926d9ccf550f154ecfdd38e24903eaed6
datasets/skin/acne/final/severity/test/stage_2/acne04_000730.jpg,2f81615fbcdf8c544ef5c5cf625548b11c371b6d259319e8efa743313bec251f
datasets/skin/acne/final/severity/test/stage_3/acne04_000731.jpg,68090acd875423460899fa51957615447589c618edc5d858ceddfeb306a338b5
datasets/skin/acne/final/severity/test/stage_3/acne04_000732.jpg,89557a27385cca724381818e23cf1e09435ceab4562d5cf8778bc7e12838592f
datasets/skin/acne/final/severity/test/stage_3/acne04_000733.jpg,65e59df26f9421df0fa2a0dbd1f6ff86ed861375e02f43b000a98e45b647bcb4
datasets/skin/acne/final/severity/test/stage_3/acne04_000734.jpg,cb2f7196af32b79874f2683312affb2cad4a3ec3cbc2de9f872b72ddb3ac2f3c
datasets/skin/acne/final/severity/test/stage_3/acne04_000735.jpg,b2c25441c89d11ee960654e325f8be019c03b18a289b31198a7310b935a14721
datasets/skin/acne/final/severity/test/stage_3/acne04_000736.jpg,c12a1a8b12f17e0c43f91609fbb5c338248a48399083f788b907948866771a65
datasets/skin/acne/final/severity/test/stage_3/acne04_000737.jpg,40544df6ff9bab58c0e35de4e86c237aab880564f091b9e972759391837a83b4
datasets/skin/acne/final/severity/test/stage_3/acne04_000738.jpg,e7c93b8f05adfdcf66e029388d2a65ef1e4d1c3454944f1b4dd0bc8217830c13
datasets/skin/acne/final/severity/test/stage_3/acne04_000739.jpg,8472d799510e7b60581ab8ce8784a3dfbd7b560868db5e64186c4e2ccd0fd16d
datasets/skin/acne/final/severity/test/stage_3/acne04_000740.jpg,6e3130ccece84b881b7c99cb38921ee39c0748d3ffc9da4f1a989b04f5fb730f
datasets/skin/acne/final/severity/test/stage_3/acne04_000741.jpg,7814998eef0f5976dea5f3c6da09d3d30723bf861ed01398bc91394059d8fc25
datasets/skin/acne/final/severity/test/stage_3/acne04_000742.jpg,a989e935a6a8613e95b34997ff71db91ed75cfdfe2d0d5909c96ab859184fea4
datasets/skin/acne/final/severity/test/stage_3/acne04_000743.jpg,75854eb095f0080a1656e0244fc8475c59e8f982af91e9f3191adc01840f17f7
datasets/skin/acne/final/severity/test/stage_3/acne04_000744.jpg,564eec9fe2b85f5510dcaff276e6129b604b01c743a23dbc3d286620b3752026
datasets/skin/acne/final/severity/test/stage_4/acne04_000745.jpg,5f7f4294b643501a36fe5a56d0a70e3f8d0cb9be1b140830484da4a5692cbbb1
datasets/skin/acne/final/severity/test/stage_4/acne04_000746.jpg,fa8e2c90bb121f9633caf9426309e6ffdb3f93aacc80410558fc590a69360736
datasets/skin/acne/final/severity/test/stage_4/acne04_000747.jpg,bb098b099214479454c24c88f2666f7c3c7074e5936f45ec8eb2f3476c90311c
datasets/skin/acne/final/severity/test/stage_4/acne04_000748.jpg,7252ec29242b49e4749648d4802803d32fabaa977828749e176836984dedab2f
datasets/skin/acne/final/severity/test/stage_4/acne04_000749.jpg,221e91ee29cc984c328a92fe495591189d19791b82b76b797e738f9781fb7142
datasets/skin/acne/final/severity/test/stage_4/acne04_000750.jpg,2219e2d3246388d711cf071b05565fbfa47d4988677a6174eff9da544e70ff94
datasets/skin/acne/final/severity/test/stage_4/acne04_000751.jpg,29f8d0373c3968cb7055a33909194f3231e455000989408d69cde62ba5baea8f
datasets/skin/acne/final/severity/test/stage_4/acne04_000752.jpg,2b1656922ab0a17752ec10d4ca7adb741120fdf65c6597866c71aa76d93ff450
datasets/skin/acne/final/severity/train/stage_1/acne04_000001.jpg,a107903ba5b14f0a6ca8a1bbc8ded067645d3d17f9a5debd6aca307f8930f897
datasets/skin/acne/final/severity/train/stage_1/acne04_000002.jpg,172e7c0c588f9c96a4655fc48b661b9f186a86362b1b1323c8824510bd6d8682
datasets/skin/acne/final/severity/train/stage_1/acne04_000003.jpg,2e0bb5e64344260c7cb6c75336356d498a5977bff6738a2c253add71c9ae970e
datasets/skin/acne/final/severity/train/stage_1/acne04_000004.jpg,4bd8b104febae6b05c7674ce5d02d79e26bafb98f42f6d0b3f9632f94385cd64
datasets/skin/acne/final/severity/train/stage_1/acne04_000005.jpg,7efaf61fc1ab4e4cf5dd4eee7ac464a65ab4595c1b6889e78d9f1844bd64d95b
datasets/skin/acne/final/severity/train/stage_1/acne04_000006.jpg,52e118c9dc71f1721d86660815b07509d7d2081f70c807ee24e342937ecb5bf0
datasets/skin/acne/final/severity/train/stage_1/acne04_000007.jpg,fdf1b7009cc2e330cdb57759b3cb13d414118092e97276439b09347aeb6dd38b
datasets/skin/acne/final/severity/train/stage_1/acne04_000008.jpg,46766245ad3c26bd90951128c5a518f0687c477f39839ab770bba765fdd4dc40
datasets/skin/acne/final/severity/train/stage_1/acne04_000009.jpg,dea9bf556462fe430301c12d5dafb82edbd7415094451d9b956f65a9801d4f36
datasets/skin/acne/final/severity/train/stage_1/acne04_000010.jpg,b6d3919dbd68775f583aaf1a379a3dbf232863ef69bd53e582795476fff5eb76
datasets/skin/acne/final/severity/train/stage_1/acne04_000011.jpg,ea48684c8c94084454c5d6967d9e8bcc126318ffaa8ba23458ca6625a02cce5f
datasets/skin/acne/final/severity/train/stage_1/acne04_000012.jpg,45f3be66c7177d4f5842edaf101f391db404dafafcff676e241023183dced86f
datasets/skin/acne/final/severity/train/stage_1/acne04_000013.jpg,231cff7eeea77aca9ac9a578fe3bf9a7f45896c6623924d3a3e1576f5d5f5295
datasets/skin/acne/final/severity/train/stage_1/acne04_000014.jpg,61be19b2ddc15a7724b8092f18945de1c635406e461a49e4197da76f838319ea
datasets/skin/acne/final/severity/train/stage_1/acne04_000015.jpg,a031fcd216708254d43f623d786ad65a459c6166f6c89b59206660b8d75733aa
datasets/skin/acne/final/severity/train/stage_1/acne04_000016.jpg,eabf742cc826f0a0f2d51993dd0a91ab2e51b0a48c7405a379c5fc62c84a0018
datasets/skin/acne/final/severity/train/stage_1/acne04_000017.jpg,fd613210d5f237e72737d27528014b0f4a87f862eb08a74f8d0f8d2f9cae9ddb
datasets/skin/acne/final/severity/train/stage_1/acne04_000018.jpg,8423967b627c7f8ac78085393d1cf864cd84b3116ad09151633d8b1588242cfa
datasets/skin/acne/final/severity/train/stage_1/acne04_000019.jpg,82f92c3488fcbd019d261d193db5a53fe7519aabd403353514c92c5dc056227a
datasets/skin/acne/final/severity/train/stage_1/acne04_000020.jpg,f5fba7edc4f50dbb00de8b8aa6a15623d666d11d6c6aefe8e7ba3f967525ff7a
datasets/skin/acne/final/severity/train/stage_1/acne04_000021.jpg,9f47dcc2710d79cf3deb425f6eab2e81d48affaffb1a50d6f5bd0d5d87b732b1
datasets/skin/acne/final/severity/train/stage_1/acne04_000022.jpg,03431acb661dcd412ee3ebb7572c3f56f47c646ebfbfc0d4b0e3f22320c0bf41
datasets/skin/acne/final/severity/train/stage_1/acne04_000023.jpg,32dbeb9e98765d4444e68223188b5bb48977586f6d0da8bb348f8b65923913f7
datasets/skin/acne/final/severity/train/stage_1/acne04_000024.jpg,3b82febad0ab12939cef3509ae616ed600a5a0b3792bdfc8317d9ac5ae330627
datasets/skin/acne/final/severity/train/stage_1/acne04_000025.jpg,0252970ab43a9cf786fe1e29ce4a71a30a02cc726d5e703b22bd1fdc3cff3db5
datasets/skin/acne/final/severity/train/stage_1/acne04_000026.jpg,cfcb4ed570f4f5fb16bc4bd2f8ca9b9bb3f6a936a24423ddc02a114469c1be2d
datasets/skin/acne/final/severity/train/stage_1/acne04_000027.jpg,722d5e753639974f6dbd9c6debf56a76b59a2fac0c7089d2b3d6ad797f24d3b7
datasets/skin/acne/final/severity/train/stage_1/acne04_000028.jpg,5fc2578773c8f28d0efba560b2d6d81c17c66407fac793a7dcaa969a8ea39bf5
datasets/skin/acne/final/severity/train/stage_1/acne04_000029.jpg,b692d2237beaaaa38515cf799a975371c856418132288fcbafa77bcef56cdf7b
datasets/skin/acne/final/severity/train/stage_1/acne04_000030.jpg,4286a86db3eb6be4f3246135315219dac5ebeb5c4a28f729ed6a6f44059deae4
datasets/skin/acne/final/severity/train/stage_1/acne04_000031.jpg,55882c1eafa8f9026bc28275655f3c6ea9757ed65fdc6ef41699c25f0dc7d62f
datasets/skin/acne/final/severity/train/stage_1/acne04_000032.jpg,e0cdb1a23751284cec472dfc35976d04759167b2e1e3d8b779bd1acf8ffeb03d
datasets/skin/acne/final/severity/train/stage_1/acne04_000033.jpg,06077f4dc1b04f9263f9e272f8f1e47f8d5d59fafe94dd005affa0f840bf9929
datasets/skin/acne/final/severity/train/stage_1/acne04_000034.jpg,f97718cf36e846d270cda17afd6c9f5b4d146c2d32d78b7deeba1d44882ba45b
datasets/skin/acne/final/severity/train/stage_1/acne04_000035.jpg,18bc2fb2acc8a251bcaf04d4164904719f56ff418072a6217a496df446e3071c
datasets/skin/acne/final/severity/train/stage_1/acne04_000036.jpg,addf06659b9c3319a33eaa8557114e6eb9d7df47dd8e026738cbdf2e6e480c94
datasets/skin/acne/final/severity/train/stage_1/acne04_000037.jpg,a755446dc15b2eb0ba0c08b92f383ef4b74e17248a2f61156fa27314cf08d77d
datasets/skin/acne/final/severity/train/stage_1/acne04_000038.jpg,504594315e24bed4f83c5b3f0a14b4aaeed01b866dd027834b32c6a9079d7229
datasets/skin/acne/final/severity/train/stage_1/acne04_000039.jpg,48c78d79640c492b929fee3feeed5d35b6f1cbe4d17ee4b303c780a63d6acd60
datasets/skin/acne/final/severity/train/stage_1/acne04_000040.jpg,94a31e1dbd236cfc6064cbdd16ca660886b467f5a20924552025491171599242
datasets/skin/acne/final/severity/train/stage_1/acne04_000041.jpg,e161eab122ff8da3e08cf1c66479e084cdbd0c80fceb6a872e175978429481f1
datasets/skin/acne/final/severity/train/stage_1/acne04_000042.jpg,333c6c3abe21108c4e78769e9ccca6975935393db56693dbedf63971ef904624
datasets/skin/acne/final/severity/train/stage_1/acne04_000043.jpg,57637556e0a77f584b0d63de9e25da6e75d36cc26d06d3348251d3f04a656e9a
datasets/skin/acne/final/severity/train/stage_1/acne04_000044.jpg,cf61feb3f4b2d1c229ceedeff9dc7903152604e6fb7081013bbc0867c4ce1b6f
datasets/skin/acne/final/severity/train/stage_1/acne04_000045.jpg,736b2268bc58ca15fc7ee16fd530678c824b0628753cfe9561811e8c1bc847e2
datasets/skin/acne/final/severity/train/stage_1/acne04_000046.jpg,0ba3b14c2a6461f63563653f5cd3e7526101f02d24d7520f8ad40e4f700a8047
datasets/skin/acne/final/severity/train/stage_1/acne04_000047.jpg,96b6da593e667a10c44980b9d10de4fb9fb4b1028694cddfc02961d3c17bfba6
datasets/skin/acne/final/severity/train/stage_1/acne04_000048.jpg,af4e7d92e4e7927f4d88ad4e6db6492ddaa2a46be4ab85bce5c66ec8f259d000
datasets/skin/acne/final/severity/train/stage_1/acne04_000049.jpg,79b087de0846efe701ddefb6fabd935d75df127b46a72019712a9cffc1857e51
datasets/skin/acne/final/severity/train/stage_1/acne04_000050.jpg,922bd1823c1fbbc09a45c6dd0701bcdd647ee0bcc34237fe6b9b8783084dbc46
datasets/skin/acne/final/severity/train/stage_1/acne04_000051.jpg,1afa6cfc8d5dc1fe706aa53c8f84de861663b3a6db5e6c7c50c7ef0e1a1090bc
datasets/skin/acne/final/severity/train/stage_1/acne04_000052.jpg,7d6ec4c1446848f008de94d63d8ff12134b50432b16a3a77a0170fc6b0e1fdf1
datasets/skin/acne/final/severity/train/stage_1/acne04_000053.jpg,509a7c4eaa58b4a09c11b630764920c53757121968048a426fa872f6b401a0b6
datasets/skin/acne/final/severity/train/stage_1/acne04_000054.jpg,0419b54ae177b7a549785ab707e689c65fe8aa6b50e64726f3691d66012f6d35
datasets/skin/acne/final/severity/train/stage_1/acne04_000055.jpg,e1dd9d0af6409f17a9d6bf2824433b8856ffca1995fe0d3912db7d8547da4e4d
datasets/skin/acne/final/severity/train/stage_1/acne04_000056.jpg,020773c1fc1a772efd5f5548553b3d0381744824c6327b88cda912ebc7d99128
datasets/skin/acne/final/severity/train/stage_1/acne04_000057.jpg,0baf80a780d372b0223b97794be49b12ff743a3a5c152f29fcc235eb3f7ddec9
datasets/skin/acne/final/severity/train/stage_1/acne04_000058.jpg,297f53cc0ba1d60f772805c29fe12f570f32f2606d0d134f70cdfd192b62a8dc
datasets/skin/acne/final/severity/train/stage_1/acne04_000059.jpg,7b4f1fd161325a786531212c0e3a3df2b8763e702b826989172cb12e11ba3dd8
datasets/skin/acne/final/severity/train/stage_1/acne04_000060.jpg,9121039c37d08524531c4028c393c54881745cccd2352fa0ab37e15ba6bb0e45
datasets/skin/acne/final/severity/train/stage_1/acne04_000061.jpg,4a14fc0800166a8eed72352fdea610de4f946d110496891d6405ac3ba4ad400f
datasets/skin/acne/final/severity/train/stage_1/acne04_000062.jpg,627fc0b701bdb58e91c2238d94ac570c867b3f694d211b929bec24e06c89d777
datasets/skin/acne/final/severity/train/stage_1/acne04_000063.jpg,53a1077b6e0d88216cbd23ec3902faef7298a158f827fa0f4bfe2fd8b3616ceb
datasets/skin/acne/final/severity/train/stage_1/acne04_000064.jpg,cf180effed85dc709175edb16adadd3c3ec73e1824e3c57a078be3a05b8c1b28
datasets/skin/acne/final/severity/train/stage_1/acne04_000065.jpg,4d6f5183ebe04ae37956afb6831f91bfdd9510ce7ace3a77e66844533751c346
datasets/skin/acne/final/severity/train/stage_1/acne04_000066.jpg,b925fbe108641a1e3eb50ddd356c7a1d820e57a7812a047d2c3e945ddc1f8bf5
datasets/skin/acne/final/severity/train/stage_1/acne04_000067.jpg,7be2c4202020cbe637e832a3051405d58826ef0d0a36afd424fd72f1c3d52c7d
datasets/skin/acne/final/severity/train/stage_1/acne04_000068.jpg,8b29771088418579596b33a9f3a5321a5109585572dcb8647e60da0c5a241d0f
datasets/skin/acne/final/severity/train/stage_1/acne04_000069.jpg,b9a55aaf5e86aed417d237efd282f550ae3a4fd644919cd578773ee93d6967d9
datasets/skin/acne/final/severity/train/stage_1/acne04_000070.jpg,cfb8733cb9614900ef4b8bef0ad8657c2e529762bba1a29c9895ad8646f9e11d
datasets/skin/acne/final/severity/train/stage_1/acne04_000071.jpg,77f1d6b3d47287840c6e595e2e05c788be1daa2db59597fe7d338036160c1046
datasets/skin/acne/final/severity/train/stage_1/acne04_000072.jpg,5a4e20a00b0b4eeebf46236d9f3c7a9d8fe35a6a2e8a56c6f8809b4a8fa8372b
datasets/skin/acne/final/severity/train/stage_1/acne04_000073.jpg,c9f4842deb861dc72f19f3a1800a1e9089f3a453573ee8ca1d370ce2604a0ef2
datasets/skin/acne/final/severity/train/stage_1/acne04_000074.jpg,5959466fef52fa15e4b25d42311208f236543ba313c4b64c8259997e53952ca7
datasets/skin/acne/final/severity/train/stage_1/acne04_000075.jpg,ec59b7b1e85b90648a32fa5297501fbf19ba74f80dc81929b3ba05e58ab463ba
datasets/skin/acne/final/severity/train/stage_1/acne04_000076.jpg,1c4839c0d42c49b6327c6161ddba1920de6142af46875e8aa3197c10b8f08eee
datasets/skin/acne/final/severity/train/stage_1/acne04_000077.jpg,14fd7f02fe8007cd2b55b1abaf01cf7bedf067797adf397535cc009024759072
datasets/skin/acne/final/severity/train/stage_1/acne04_000078.jpg,32caa5145e27733d8ca79fe9d5bd61c0334698316f2e7fa21da82d31fced9a2b
datasets/skin/acne/final/severity/train/stage_1/acne04_000079.jpg,89b83a506c7dcf65ee145ecc7f3a2a83a63edba72e525cdc66a18d478ed5c1e1
datasets/skin/acne/final/severity/train/stage_1/acne04_000080.jpg,34d7db8b0bb382fa970eb35b6911d604f6b878ea54814393594485fc6198d3d9
datasets/skin/acne/final/severity/train/stage_1/acne04_000081.jpg,5419520d02e8d95c27f92c10663c998cdd81be179970bf45e82229db402ea2f9
datasets/skin/acne/final/severity/train/stage_1/acne04_000082.jpg,f4054f5731031e59c4449980ea9b48d96b1c4d3def6cd54c3487c27f1c72ed50
datasets/skin/acne/final/severity/train/stage_1/acne04_000083.jpg,ad0b33c541f0108050b66d8f748fdf65049c8329e3d65608dd5bf6f5f004f98c
datasets/skin/acne/final/severity/train/stage_1/acne04_000084.jpg,4957d4f07f7c78adfbf1f23959e17237786eb2b9a6dd8d78e13fa4eb136b0a7a
datasets/skin/acne/final/severity/train/stage_1/acne04_000085.jpg,048bad167634740d0d563419e5ed28d82789042344fe601be91977115ce6461f
datasets/skin/acne/final/severity/train/stage_1/acne04_000086.jpg,92ffc50e1e044f4237b54ae67e617ad4dfdfb60e5978d3881e6bdf80085e350b
datasets/skin/acne/final/severity/train/stage_1/acne04_000087.jpg,95350058ff80729011ac6609df4cb39d676cddafaa75d988d4ad676befc8737d
datasets/skin/acne/final/severity/train/stage_1/acne04_000088.jpg,82f8b880e849780b84bdc988774e742253eb74b89fc61a650cc8f1b9ea7f79ce
datasets/skin/acne/final/severity/train/stage_1/acne04_000089.jpg,6879b988d216f5c05ac80a2272317778b33df08ca413a19ed829814de74af3eb
datasets/skin/acne/final/severity/train/stage_1/acne04_000090.jpg,71598d2006fb02c90730cadb0d0bab81e102cd37f40e54f823f2566a1e599a29
datasets/skin/acne/final/severity/train/stage_1/acne04_000091.jpg,47753eb309064b20ed2c6e23285d7e10ceb14bc600ee9c87929736f653a757b1
datasets/skin/acne/final/severity/train/stage_1/acne04_000092.jpg,69585f12913595126731d3df19b28212b0014b9e54124b75b10c58549a1b1742
datasets/skin/acne/final/severity/train/stage_1/acne04_000093.jpg,673dea7ffa8a6d1d16e0a35c7ceab17fd0bd3cd922cf7ffc069f4883971a336f
datasets/skin/acne/final/severity/train/stage_1/acne04_000094.jpg,b561478986b0d6162dbdb93dd24552db567d12e6661e235169fcecbea5edb77b
datasets/skin/acne/final/severity/train/stage_1/acne04_000095.jpg,058b89c9c320913187b263c71d085088237ed965ac704fac881893155825a01f
datasets/skin/acne/final/severity/train/stage_1/acne04_000096.jpg,a5c1c3d7a54854f62b182cf458bcdcced34e8bdcbab77da758be78c694942ac1
datasets/skin/acne/final/severity/train/stage_1/acne04_000097.jpg,3a8f397b9ab7267b8e5f112206bd21ee35e18a6333313dae51bd8759ab12cec3
datasets/skin/acne/final/severity/train/stage_1/acne04_000098.jpg,3539a5a34317e25c68b96641bd8e50aeb7c27983f6073e8cefe2d30f4004726c
datasets/skin/acne/final/severity/train/stage_1/acne04_000099.jpg,d8072bdac3ecc91d3c3e803b462abbfe78dc49a6462fbb902a7e7c5684f66da4
datasets/skin/acne/final/severity/train/stage_1/acne04_000100.jpg,e17b115f4d04dea48413cc069906804667c76ad1b7cf94b84b944eb11a7c70f4
datasets/skin/acne/final/severity/train/stage_1/acne04_000101.jpg,582706706b90ec4bc8d59a84788420e85d4ba87749d2ecf8db916c36d3fd390d
datasets/skin/acne/final/severity/train/stage_1/acne04_000102.jpg,4ab66da93447ca59048a49bf5072712ed08a204ced4ccebee185f4c0241ddb35
datasets/skin/acne/final/severity/train/stage_1/acne04_000103.jpg,4e433d1cf0d6a9be9aa4a03b379387462a277f07c83ff99ecb561b66bc69cbb2
datasets/skin/acne/final/severity/train/stage_1/acne04_000104.jpg,039e4368f999b83d6d4752e8301a98cdf001da656b3608b43b9e2e387b1d95ce
datasets/skin/acne/final/severity/train/stage_1/acne04_000105.jpg,8a157c8b4c371c3df897abd62cf8d127b3a31fa17bb3494d3d1cfde933621460
datasets/skin/acne/final/severity/train/stage_1/acne04_000106.jpg,aa90be4f7080f54b88748887686f250f06bdcace05d340e145a4c8c6111517d1
datasets/skin/acne/final/severity/train/stage_1/acne04_000107.jpg,5a2e47af7cd05ddccb036a800ca51ab1ea13afb165d73d90492577aa0c7e9551
datasets/skin/acne/final/severity/train/stage_1/acne04_000108.jpg,9f5e1d28ebf4efd2d0c529a41acdfa1d148351cce7895d03d928d91a39b275c1
datasets/skin/acne/final/severity/train/stage_1/acne04_000109.jpg,1462b4d3076b100f286107d97fb7fe85924142ef2d872ca0501d79275e43b1de
datasets/skin/acne/final/severity/train/stage_1/acne04_000110.jpg,a273471884fabd903e3d3f4758e0572dd1a20f1a7b979a5f110fa88791373a1d
datasets/skin/acne/final/severity/train/stage_1/acne04_000111.jpg,0a922c4f8f2ed09aeae737987b39c7c4c4b1b155678df98df386eaf94c85d15e
datasets/skin/acne/final/severity/train/stage_1/acne04_000112.jpg,67eec37a98b0593aa1e7dae0b63c5b33a38d7e5b2e68576c4f06243b76cb2b13
datasets/skin/acne/final/severity/train/stage_1/acne04_000113.jpg,c6629b49b81e1ebea433b43c49a6f94d60113e5729b2218957f1013d7db9ee7b
datasets/skin/acne/final/severity/train/stage_1/acne04_000114.jpg,73c6502de0929df169155fe5b20c96ef24a68213a4c8e96fd07f0d0b83ddd926
datasets/skin/acne/final/severity/train/stage_1/acne04_000115.jpg,eac26f815dca9d24b5938fd235b219e854ba550268ca70e35a5fa72aae4b176c
datasets/skin/acne/final/severity/train/stage_1/acne04_000116.jpg,4c6d8af8ea2479ad92b3704c125a34cb185134459cbd982d7a142d33a710fe9e
datasets/skin/acne/final/severity/train/stage_1/acne04_000117.jpg,e37957eabc6a5593f7fc870501970d6a67e56be66f69b77fdc2ec1d8ccda265d
datasets/skin/acne/final/severity/train/stage_1/acne04_000118.jpg,f2e601c8430e54a616d16bf85b63f8e774e8fd8261961c516074eaa5128930a9
datasets/skin/acne/final/severity/train/stage_1/acne04_000119.jpg,d93a26f97cbe2da56b2dde7433135aafc01fb28398b6818f91ab0c11abef98aa
datasets/skin/acne/final/severity/train/stage_1/acne04_000120.jpg,073978f87ac11974ab7a83f87b277fe5ab80099e2bcbcc3e56a18371735633b2
datasets/skin/acne/final/severity/train/stage_1/acne04_000121.jpg,73f522adc1fca89bd325fcb1ffee4c88a0c083345c0e492ed1a851b4e222ffaf
datasets/skin/acne/final/severity/train/stage_1/acne04_000122.jpg,7430c44d53240e09ac3c5833765cebc8ebe72ee2dd4084f9bdaf45ce08a05c97
datasets/skin/acne/final/severity/train/stage_1/acne04_000123.jpg,53e8c4f27a8d9b2a3404500e01810f408e911645a48a7a6ca21cab20712dbb43
datasets/skin/acne/final/severity/train/stage_1/acne04_000124.jpg,798d9c758e5f5e5551e1a75f8bb581561edec71cde9211a455c3a35a0a06cc83
datasets/skin/acne/final/severity/train/stage_1/acne04_000125.jpg,524751322f892f7c6a9370d533279d841a32c7e3d95136181824f544c8961bc5
datasets/skin/acne/final/severity/train/stage_1/acne04_000126.jpg,00a8f70af0d04a7c3e1bd311d80e5e258e65f33a7dd0de1fed707e78b8c2132f
datasets/skin/acne/final/severity/train/stage_1/acne04_000127.jpg,69bd91d73fb1e3c2d7e0e10225f6bae1a441bcdb70f5c7c6bea08f22d213c792
datasets/skin/acne/final/severity/train/stage_1/acne04_000128.jpg,bb67bc87b279697baa6f3d19609084abafe09fc2f30ef577fc989ef739724c01
datasets/skin/acne/final/severity/train/stage_1/acne04_000129.jpg,a25d6e710bb3a9e60a1ebcc986bc590245f5883ef171733a3fe2c6d2175f219d
datasets/skin/acne/final/severity/train/stage_1/acne04_000130.jpg,0d34398fdc5103a9dd06856d19f988498d429fe1d1c731d26c932799013e2da3
datasets/skin/acne/final/severity/train/stage_1/acne04_000131.jpg,73fa0929898b7fff32af7920038f482e6da325ee64e434b38990cafde0993937
datasets/skin/acne/final/severity/train/stage_1/acne04_000132.jpg,6149c1d21c37e9dc2dd7d56edd3cd6b5ddd86005bf418a555a87b056c3a02615
datasets/skin/acne/final/severity/train/stage_1/acne04_000133.jpg,a56ebb4541452dbb3490338545f9158db704e7ba0a55fd77332e4a85ef3193eb
datasets/skin/acne/final/severity/train/stage_1/acne04_000134.jpg,e49ce1360a2a684556074baa3e95d4ba8d41fc3f3b99310035ea5f99009646b4
datasets/skin/acne/final/severity/train/stage_1/acne04_000135.jpg,64561e20c223679cc83e8ecb2b485bc4a25ebee81a38b0da94e31312d290243c
datasets/skin/acne/final/severity/train/stage_1/acne04_000136.jpg,5fc63f3bda342ddb5143fdf99f82650e00e9da78c107f888f3d2d2e51f888c31
datasets/skin/acne/final/severity/train/stage_1/acne04_000137.jpg,4bcaa554c6e8ec6001944db2609b213c34d3b3aa0fae34fa70e77bcd5f0720dd
datasets/skin/acne/final/severity/train/stage_1/acne04_000138.jpg,0a0b713edc990e02220fe46fd45a13fccf31523838f58fd2e51cf33f0004ea42
datasets/skin/acne/final/severity/train/stage_1/acne04_000139.jpg,9269837ffd656a9c103307b495c4c54579dc7edbaa04a16df212a07cfd4318dd
datasets/skin/acne/final/severity/train/stage_1/acne04_000140.jpg,50fc94c8764d1ca87412466be4b1b6c547f23821e73cc2b548d376704a920ff2
datasets/skin/acne/final/severity/train/stage_1/acne04_000141.jpg,96d17f0d0592029492e41cd07c98a92433d6d2e89afde9a64795cb594ef010a4
datasets/skin/acne/final/severity/train/stage_1/acne04_000142.jpg,25be91f5dea9d5eca5d332df9055a7bf2a490ec685c7f0785de1b388ea844ec4
datasets/skin/acne/final/severity/train/stage_1/acne04_000143.jpg,11a208a9012e46d1c61d147138793922a6fd3aa87f37ef7611e85ac3aef61e8b
datasets/skin/acne/final/severity/train/stage_1/acne04_000144.jpg,ed44d9bca075ffc279256ef2e30adc47de736c31cc7e9cc98cf533c39cce0a09
datasets/skin/acne/final/severity/train/stage_1/acne04_000145.jpg,5aea74214dc3bad4f949095b2964247c928eb084a54dcd52a9dd015e122422a0
datasets/skin/acne/final/severity/train/stage_1/acne04_000146.jpg,a6f36a78e9f19ebd6d4f138ec0e9857162376ca42e5f25c1dd139479b57eb0e5
datasets/skin/acne/final/severity/train/stage_1/acne04_000147.jpg,b869357565c648637e22fbfb5ef7d3c35806bd8e4cf2a28a205300ec3f82b903
datasets/skin/acne/final/severity/train/stage_1/acne04_000148.jpg,1318379e323a250ef5d8e4149b615102587a5b36a91d02b9d3571f877526ddc0
datasets/skin/acne/final/severity/train/stage_1/acne04_000149.jpg,e9c2a6134e8cafcbd398c77e020d752ee6aaec5f98d6a34f9ee068b808c3ed65
datasets/skin/acne/final/severity/train/stage_1/acne04_000150.jpg,30c1c1a446829db7e21f8648e226911666e5d9c793822f9581a0aa8efd88e70b
datasets/skin/acne/final/severity/train/stage_1/acne04_000151.jpg,9428d3dd3c4a9e01b82b585a2750b73e8564a1b71a92cfbd149ef5683ea838fb
datasets/skin/acne/final/severity/train/stage_1/acne04_000152.jpg,757dfe21caf2bfa9eda34254bc0969e0ea074ba5aad7506d2b7cdbb64ee1ae85
datasets/skin/acne/final/severity/train/stage_1/acne04_000153.jpg,7860139929860a9ce7df6b2cf2afc9d7cf06d552b45e02468aa6dce36b663008
datasets/skin/acne/final/severity/train/stage_1/acne04_000154.jpg,66e384c78728e6a7dbb42ece77ded6ed6cd52d641462a62375a4cde10fab8a19
datasets/skin/acne/final/severity/train/stage_1/acne04_000155.jpg,8bcee0123163a23dd50a686f78eb24fd03e7215c30ac920e963a94640c3bb53b
datasets/skin/acne/final/severity/train/stage_1/acne04_000156.jpg,62903cd41e85fb5a96bf3d5b17d64aed256e9318016fd6eb281620b27ee4aba0
datasets/skin/acne/final/severity/train/stage_1/acne04_000157.jpg,67ac6443a25d2fcfb15c42280b62200386c7371a584404ee3bc8248d39351ec9
datasets/skin/acne/final/severity/train/stage_1/acne04_000158.jpg,89cff07de22a9b8eeb9b3720a95444e3a7ce1fe2ded793094bf7ea3a1e9e3fe1
datasets/skin/acne/final/severity/train/stage_1/acne04_000159.jpg,eedbc41c9a0467711a4f6728f12eeba7f4d2b29be081e46dff04bcba21c05f57
datasets/skin/acne/final/severity/train/stage_1/acne04_000160.jpg,45f57dc586a43195e7afcdb949c40b5b5320d401b74237d8e0c23d5e8aae0c8c
datasets/skin/acne/final/severity/train/stage_1/acne04_000161.jpg,8da7d2c466701d415a3efa63e003f9b26be3cbfc8e2bad733629196a10dbe886
datasets/skin/acne/final/severity/train/stage_1/acne04_000162.jpg,44ad04f4283bd403b7b76a73b350565309b32aba50e2da435e546fe4ea40bc24
datasets/skin/acne/final/severity/train/stage_1/acne04_000163.jpg,721a60722ef34cea38caba4e6725ca2eaa953fe81960f89c478cc968ebaa4990
datasets/skin/acne/final/severity/train/stage_1/acne04_000164.jpg,57472c31c38f58d06fb787f281a0a2c9551a4e4adf70135593016dd083171c6b
datasets/skin/acne/final/severity/train/stage_1/acne04_000165.jpg,b7de80729c48f8c5dd7e8f4b69071ca51375afc7cef2d051f8554345260d45d8
datasets/skin/acne/final/severity/train/stage_1/acne04_000166.jpg,c1096e45799fb726cb8d7fd6b7930edb12dc3d1e60e285b280b3377d38c987cc
datasets/skin/acne/final/severity/train/stage_1/acne04_000167.jpg,440973d9c8657244166b4072b960a2a2a9060f03a475c3b79bbf5b519af2232e
datasets/skin/acne/final/severity/train/stage_1/acne04_000168.jpg,7aa65ff507fc285e8f9a8a0289b8f18c264ebe2c06a6e5097a687667f13e768d
datasets/skin/acne/final/severity/train/stage_1/acne04_000169.jpg,8ed32f11a10267969c42a132ce443178916e3d5164b713293d84347510607f07
datasets/skin/acne/final/severity/train/stage_1/acne04_000170.jpg,aa4064c06274e50d7220a6250034a640fe5467baece57f5e42749a9abe17a8d8
datasets/skin/acne/final/severity/train/stage_1/acne04_000171.jpg,43b5a3dc65ac054c42aff35d436754bbb97283a6e86369f57fdd09996aea3ec0
datasets/skin/acne/final/severity/train/stage_1/acne04_000172.jpg,c94b2779e85d27a998f6b17ef725a8f77545a1a3443ab3e8d863409b1ecaf7c5
datasets/skin/acne/final/severity/train/stage_1/acne04_000173.jpg,a91ef46fcad076bd8d88a87d85aa5563a9676a4f3256aceec5a2683ada32e2a2
datasets/skin/acne/final/severity/train/stage_1/acne04_000174.jpg,b6d7e4a6825839b5bd075140f448faefaed389d5272f3c8040642aec9c2dd24c
datasets/skin/acne/final/severity/train/stage_1/acne04_000175.jpg,a52b9cb8f9879c68d61d7c548f4774bee4d0b545f9e065bdb94fc4cec84b0cd1
datasets/skin/acne/final/severity/train/stage_1/acne04_000176.jpg,7629da2db30dd16f04f93acdda3ce2af8c6c9ef0351ea23b8544b29db7e12bc5
datasets/skin/acne/final/severity/train/stage_1/acne04_000177.jpg,e7cab38473ca332cf781ae0608ed301dc48a40b8e6f7865882efc1b71ca2f50b
datasets/skin/acne/final/severity/train/stage_1/acne04_000178.jpg,f58f8f7b5d5f087bc0739ae506108e5391a9259a3ab20b7df644957abe1117bc
datasets/skin/acne/final/severity/train/stage_1/acne04_000179.jpg,bfaa974e65630d6a3a041b152268895e1dd13c4d83f6d602f86a7eebbab1322e
datasets/skin/acne/final/severity/train/stage_1/acne04_000180.jpg,798939b7bb18d0c6668c97f94738494b3cbf63d667c68a847770f5eb1a9bea3a
datasets/skin/acne/final/severity/train/stage_1/acne04_000181.jpg,f34750ff50c251806c2dd8a7ae3b2d009679fbe4c56e2f7216f5e25cac364fe7
datasets/skin/acne/final/severity/train/stage_1/acne04_000182.jpg,578a2ecaaa925b0ece39d15585f15c113165c606073f547fdb4e8caae50e943e
datasets/skin/acne/final/severity/train/stage_1/acne04_000183.jpg,fe061b0a440072e0f236ef0856a6fc01375f40bb283bb2ba190824253078d0da
datasets/skin/acne/final/severity/train/stage_1/acne04_000184.jpg,e0919304b58104e75d74d8b122155901c9f5a72fc7866e6ff5dd64f137098daf
datasets/skin/acne/final/severity/train/stage_1/acne04_000185.jpg,b599c34c8b6627477b5495c98b255657041170ce5977ad17caa0e39990c26a80
datasets/skin/acne/final/severity/train/stage_1/acne04_000186.jpg,1c4124662769ab48861b338639f6bd6c08667b294b066f56703cdc5bd61cf4cd
datasets/skin/acne/final/severity/train/stage_1/acne04_000187.jpg,0ba12babd499eebf6b51be7b8d8f4d6226c6b139a7f12ad709b61765cfde14f4
datasets/skin/acne/final/severity/train/stage_1/acne04_000188.jpg,9e77cd4cb5853671eee7e82be89a047ebe084c9829f66c58c4941e8d914d16c5
datasets/skin/acne/final/severity/train/stage_1/acne04_000189.jpg,137dba4609d2a6a59bfcd4c00af499a18659233a8f1b4ae21840cadbe35c1ca0
datasets/skin/acne/final/severity/train/stage_2/acne04_000190.jpg,0dfa282eb1d06aa79d11ee466015c12e0f11f9454ce682fccb1a9099536909a0
datasets/skin/acne/final/severity/train/stage_2/acne04_000191.jpg,02eb24eac243125e4676baf6912fd2808e161c1ef095525e9750fff06b7a0afd
datasets/skin/acne/final/severity/train/stage_2/acne04_000192.jpg,9f22adb9ef4195d22338c34b9a4c67dfd434418d80831bffcb090b2384b769e6
datasets/skin/acne/final/severity/train/stage_2/acne04_000193.jpg,abd0fb4b1abe7cbaa673395fe51a60134fd410c77c961ff74bc899b212fea604
datasets/skin/acne/final/severity/train/stage_2/acne04_000194.jpg,0a0813c206c41ba3c281e7e92075010e219ae1f2235c22a65ae2286bb6ba1436
datasets/skin/acne/final/severity/train/stage_2/acne04_000195.jpg,cdf268cced75e3404499a5d0ea059eb35d7fcd393462be1b3471b0c1a8d4723e
datasets/skin/acne/final/severity/train/stage_2/acne04_000196.jpg,f9e0abeb459b4aaeeed8c31dddf273ae921045a8d9dfc533797c92214ddc0c55
datasets/skin/acne/final/severity/train/stage_2/acne04_000197.jpg,3fe3cb1d32a8afa8671f4eacd617ece43278daa55760e3679f8195da296d344d
datasets/skin/acne/final/severity/train/stage_2/acne04_000198.jpg,33df6503eef3a84b1bead34c6353880557b19e3a7c29757c65ec0efd8a6861e3
datasets/skin/acne/final/severity/train/stage_2/acne04_000199.jpg,184203fe21dfd28d2065a1c4ec31219e176bb4502b196b513579394ce7466886
datasets/skin/acne/final/severity/train/stage_2/acne04_000200.jpg,4b7b21845c21c2d1890fd1a565f39f748730ab567fcc3c04dc7e90f19ec4375b
datasets/skin/acne/final/severity/train/stage_2/acne04_000201.jpg,2a0ce1fde7aff6d308830f0357a355869526f4b0e0045c2ac1ca76339baeab70
datasets/skin/acne/final/severity/train/stage_2/acne04_000202.jpg,291bc32dc00a519f0a34024e1a2ca9b341c8d2f41b2f09b25176a5630f646d20
datasets/skin/acne/final/severity/train/stage_2/acne04_000203.jpg,5462e1d9f9187de7c649d9845cc0fce2b57645299a5f2d07c11a2284d2ad8e56
datasets/skin/acne/final/severity/train/stage_2/acne04_000204.jpg,b993b979d5fce58ffad1220d174f0db89200db3aa871fb00460fbdad8fe43c67
datasets/skin/acne/final/severity/train/stage_2/acne04_000205.jpg,e6ab608f974b499d1cb15148304af34c647e542cca01a88b2d2ef38901d184d7
datasets/skin/acne/final/severity/train/stage_2/acne04_000206.jpg,b28e4dc4c2af94453c89061d854ab4159bbeb75707321be67e2c656e5aca4b05
datasets/skin/acne/final/severity/train/stage_2/acne04_000207.jpg,d1a0721e9d09ce97cfd0b0d3ecf5ad379393b4438307a8c2d43b62575d763dbd
datasets/skin/acne/final/severity/train/stage_2/acne04_000208.jpg,b7e8fbed034646e4f670243a356418139ee1bf1b6a07c07ce56f4db4f30cce1b
datasets/skin/acne/final/severity/train/stage_2/acne04_000209.jpg,94954b5ac7aa20e82fe7323fef0c95193b9b7b815a7164549413ff4c207ea9c0
datasets/skin/acne/final/severity/train/stage_2/acne04_000210.jpg,366b658665920c7040905348b86349c76cdf6a67bba84c228ace8697b632af99
datasets/skin/acne/final/severity/train/stage_2/acne04_000211.jpg,d47f6116573c6f5fd2dd125f8fa6b6f219e26793c1a2f417fed722310456bd17
datasets/skin/acne/final/severity/train/stage_2/acne04_000212.jpg,7ea7b59a96397d7d91e4f7b55d4b330e0eeada784c8feb6a7be675030ed3eb15
datasets/skin/acne/final/severity/train/stage_2/acne04_000213.jpg,b9e1eb99c7ab70de5318b2436399844bc2e18a9e0905cb182094f46ed6a068cd
datasets/skin/acne/final/severity/train/stage_2/acne04_000214.jpg,92744f1b7990c0f5586025850821e6e42058281ab579f94c52af50ca387c2209
datasets/skin/acne/final/severity/train/stage_2/acne04_000215.jpg,9b5b0898e6818fbe2dd7787450a9c0cfb18c30f78cced33f79307dbc034a3e53
datasets/skin/acne/final/severity/train/stage_2/acne04_000216.jpg,202a814b6c451580793383882bfece34a94acff8fa5e9bb49a770252b38c8c9c
datasets/skin/acne/final/severity/train/stage_2/acne04_000217.jpg,d8b369caed17f155fc549b9785cf721a3a5640a228cb9f999960372756a69564
datasets/skin/acne/final/severity/train/stage_2/acne04_000218.jpg,5f1672c9adfbc68d2fc0fd396b31b125ee79bbaa7390dee64dd6d4a2acc80054
datasets/skin/acne/final/severity/train/stage_2/acne04_000219.jpg,5fc92cdcbbb17146f3306415dcaf2d0e0312ace39eca5c3da2d6419eaa022649
datasets/skin/acne/final/severity/train/stage_2/acne04_000220.jpg,999d4d69fe63c8a8646d8fafbefe2d4ed2136bd40aa6df5e34fed4bc666f9790
datasets/skin/acne/final/severity/train/stage_2/acne04_000221.jpg,959433bb3caf5ecfccd09d98e6245f9dc1203bf48b96de838a1abda8eac9b48b
datasets/skin/acne/final/severity/train/stage_2/acne04_000222.jpg,530db954bfe813de27bd046a61f9d65b97bfd5920bc8ebb716ca9f01e6f67fba
datasets/skin/acne/final/severity/train/stage_2/acne04_000223.jpg,fbafd8a038fae5a84df3497af30cb1b6cf1122e3b395c240be0e1a9448de9b1a
datasets/skin/acne/final/severity/train/stage_2/acne04_000224.jpg,2a51348f4ac9013c77474a93f7395f544532fd8a4f69607468e41ffb0e1ff331
datasets/skin/acne/final/severity/train/stage_2/acne04_000225.jpg,a533322bd61d0163e6ef5a110e351d785ba59c3e0f554aae1a955f3883efc7aa
datasets/skin/acne/final/severity/train/stage_2/acne04_000226.jpg,38985aa7e5d74b4f152704b21033ec014e5f70de1dd73392c72afda2bea47e4f
datasets/skin/acne/final/severity/train/stage_2/acne04_000227.jpg,492c4db1a9783f01eec01d4c4fdee1052aeb6074b2c9ffdb0d630aa294f0770c
datasets/skin/acne/final/severity/train/stage_2/acne04_000228.jpg,4ffeb892b120c0b73508a26f75e540d739de74d18bc1b40e0d94940f59e3bfe7
datasets/skin/acne/final/severity/train/stage_2/acne04_000229.jpg,220f9de8aadbe3a8eb8cd20ea4c8823918ea9834b00768bb2b995065506fbe98
datasets/skin/acne/final/severity/train/stage_2/acne04_000230.jpg,5e6b371c218921653c7ab5bafe7f697f05be58de9aaf2c3323c184955bd79fe0
datasets/skin/acne/final/severity/train/stage_2/acne04_000231.jpg,b85b66e20dec83b32aa764f2cff9ea2d49aee6bb0b0e73d2ca1acaf7b628c4a4
datasets/skin/acne/final/severity/train/stage_2/acne04_000232.jpg,a97e1b4fad872d6bc56a03f2e4636e486998bb203892102977e7b201f34f732c
datasets/skin/acne/final/severity/train/stage_2/acne04_000233.jpg,ae4de728c2a95bcdeb7cb83ba327829bac3689472f65d0a94156a3c2e5f1784a
datasets/skin/acne/final/severity/train/stage_2/acne04_000234.jpg,218a2814dd4a32d35a8096be0e9e57281b53a6fb47f59249dfed39d50f60fcb0
datasets/skin/acne/final/severity/train/stage_2/acne04_000235.jpg,dbc6a39095292c045b407dc97801c23d4ff174b81104e5d36148606a4b719481
datasets/skin/acne/final/severity/train/stage_2/acne04_000236.jpg,fa2388f2d56f8b952c2d8e04f321ee0bdf7173508b779a5912d2a180856cc6d4
datasets/skin/acne/final/severity/train/stage_2/acne04_000237.jpg,dc165282d6fc99cdf51d3f040653bd5d4a21fa65bec626bf5abe33ce8e30817d
datasets/skin/acne/final/severity/train/stage_2/acne04_000238.jpg,ae41625aa18917c059645c340299b40f259d58dc9735b1a5408370a92c060a2d
datasets/skin/acne/final/severity/train/stage_2/acne04_000239.jpg,778a355143f37a9c826d6cd5e9935256b6e49fed5eb68c91d41f23f4caef61eb
datasets/skin/acne/final/severity/train/stage_2/acne04_000240.jpg,b6fa3f8789b039de3a19bf778b3822b7f3a735e723650809fe9d2763cb806bab
datasets/skin/acne/final/severity/train/stage_2/acne04_000241.jpg,d3b8bffe10ccda5126d694a78542cb2fa0edb27542c52116dbccbdd958cb8f3e
datasets/skin/acne/final/severity/train/stage_2/acne04_000242.jpg,ad6ded89179621f747a856c856ffff4ca0aceef515ca29c5183ac0598d7c9311
datasets/skin/acne/final/severity/train/stage_2/acne04_000243.jpg,3f1c28e14dcc3f4f60475fb60c02bce843f6e9dc40b1b0859da67ed53de14c18
datasets/skin/acne/final/severity/train/stage_2/acne04_000244.jpg,2a7a30eccb53ff121f21b022fabd9d6148e314ec202b64e8f4570af49f5116bb
datasets/skin/acne/final/severity/train/stage_2/acne04_000245.jpg,98bb3928a961780c381c9a3bb3d45e4c0d1167b7a83ca3b1dd69bb7bfa99811c
datasets/skin/acne/final/severity/train/stage_2/acne04_000246.jpg,da79d4ec64329ccd9ab115f97ab694c9c1df68af3a0c41e977817cb98673a28b
datasets/skin/acne/final/severity/train/stage_2/acne04_000247.jpg,77f3feb1aec2e3623c7acdacd812dc7b46c129aafa1f71a2512192fd6221454b
datasets/skin/acne/final/severity/train/stage_2/acne04_000248.jpg,ee29c7072c56fb5f381217b851a5a62430ca0bffff82ea1caba8136e4851e321
datasets/skin/acne/final/severity/train/stage_2/acne04_000249.jpg,e7b1b4f1f37cd695d5cc53c561f6135a293ec201260ec7b1d79072fa9ac8ed70
datasets/skin/acne/final/severity/train/stage_2/acne04_000250.jpg,628db21a815e9f38ef94a18b50185bbdfd31d72a51a77b6cdf505f2d8a4ecef7
datasets/skin/acne/final/severity/train/stage_2/acne04_000251.jpg,8fd12dd45753cfd25db92eb01cb3d9763a5efcdbd0cb975725228d5d37ac72c1
datasets/skin/acne/final/severity/train/stage_2/acne04_000252.jpg,3b419dab78591386f0966e44c1480c5ea7cdf2f60a290735b2f7fcd1f91e416d
datasets/skin/acne/final/severity/train/stage_2/acne04_000253.jpg,71a98c131c31d2791ad9b61dd3e9f64455260eec4f3b932a301a3376c2abfea0
datasets/skin/acne/final/severity/train/stage_2/acne04_000254.jpg,79aae6e0c9c2a700dcb49025e8311ef8150fd2bd045fe6a46e9a6d967fca7efa
datasets/skin/acne/final/severity/train/stage_2/acne04_000255.jpg,8c36546d52a8c93f467aecd6e8d21658a9fd87d79cda9913f119040b90474894
datasets/skin/acne/final/severity/train/stage_2/acne04_000256.jpg,10699a325cea75fa83d3d8b16338b13fa9149b2ccfcd901b9749e2940738c8bf
datasets/skin/acne/final/severity/train/stage_2/acne04_000257.jpg,dde86c4543ee67cdacca87b9959044f65c2be90e19b6755fdc6d2d51cca7258c
datasets/skin/acne/final/severity/train/stage_2/acne04_000258.jpg,4aaa73bd1e8e3cceb71023e479bf59429389dbae73d191b9e16e2e368624e707
datasets/skin/acne/final/severity/train/stage_2/acne04_000259.jpg,07e1dcb7a0fb8c6f068e5cf7a314e82de2f057f7cbbd979028ff5bd0ff8ec321
datasets/skin/acne/final/severity/train/stage_2/acne04_000260.jpg,e45bfebb2c216a4a6d6f01fffa6564ee9a831f3b1cbb139f88cc6c0ca7f91219
datasets/skin/acne/final/severity/train/stage_2/acne04_000261.jpg,daf8e89df5610142d741aefb7ef31cb8fe6e19dca9bcbe9567fa8acfe91d8127
datasets/skin/acne/final/severity/train/stage_2/acne04_000262.jpg,14d073e59320b6c65679e68948cfa01e5368ae71fc30befb7243467a38066cb2
datasets/skin/acne/final/severity/train/stage_2/acne04_000263.jpg,775b90321df62d6159fa457ac6aa5dd6bb22c5b4451222b96f8f303cd57ed26b
datasets/skin/acne/final/severity/train/stage_2/acne04_000264.jpg,2918074c3d1a99135bc1603d64a42ba99e3d5c666b52eff8a0c9cc4e97eca42f
datasets/skin/acne/final/severity/train/stage_2/acne04_000265.jpg,8aabf36e611c6ee24e995bfc89ea99ef13e5930e518e507dc33dfa2137f7cb0f
datasets/skin/acne/final/severity/train/stage_2/acne04_000266.jpg,424da71fd4ffd288b7ea77ab7264ec1d65f62007573a5615b5d17ba09fe40352
datasets/skin/acne/final/severity/train/stage_2/acne04_000267.jpg,40bc01a6ed1e09fdb357cb2470407c8acebef2108e73bf07302c3944e0c2c1cc
datasets/skin/acne/final/severity/train/stage_2/acne04_000268.jpg,c4e406945ce53429de1c08b2526ec9b3487d2df710fa28a704529878f088aee3
datasets/skin/acne/final/severity/train/stage_2/acne04_000269.jpg,01a06aba966d1f20fbfdbd47a9b89643f776abdfaf6891a51dbcd4e47f1787f5
datasets/skin/acne/final/severity/train/stage_2/acne04_000270.jpg,b96d2e4af53bd97d1c655c0b01d729092da5749d9e1b3a8a161bd3e8a6537ab7
datasets/skin/acne/final/severity/train/stage_2/acne04_000271.jpg,0ec4079c9e378464c96ef2ed5d1d4813315b801157f8e5a315fd4040882be117
datasets/skin/acne/final/severity/train/stage_2/acne04_000272.jpg,dd9dcd39ee40eeb32ea208efac8d703c298def21844e96877a224b355a2ee09b
datasets/skin/acne/final/severity/train/stage_2/acne04_000273.jpg,e0bcc85b1310c40a60ca6af556735cf5a95f24e2eaaa4ab559ff92f3ef1d382a
datasets/skin/acne/final/severity/train/stage_2/acne04_000274.jpg,013c0c0cf25c5f69a3a0bc888b0587ba6681f98b6482ce0f6e670112c63ad2e2
datasets/skin/acne/final/severity/train/stage_2/acne04_000275.jpg,86cdaa5859321f1c4c6a10fdbd9cb153b5ca32f2709ca3ad1a9a9c39cd0a9f03
datasets/skin/acne/final/severity/train/stage_2/acne04_000276.jpg,0f7c85ad0232b7353b7412d24f84b6b5de5b583a658b5d1e4ab9663e776ac806
datasets/skin/acne/final/severity/train/stage_2/acne04_000277.jpg,90fbb3b83747ca86c55447e46982aee0ff1f366004310ffee571833ae8185caf
datasets/skin/acne/final/severity/train/stage_2/acne04_000278.jpg,3805e73343c47392f09c6dfae93ae135cd04201b85a241387e99e2e6f12b343d
datasets/skin/acne/final/severity/train/stage_2/acne04_000279.jpg,c706b3990072bf9e9bf6aa2762a3c2a2b7e401fe77be1f7d67617ff29fa6204b
datasets/skin/acne/final/severity/train/stage_2/acne04_000280.jpg,f27e0ad58655093d081ee48de53685dff4c059ca85ab63d9e3354ed487a52468
datasets/skin/acne/final/severity/train/stage_2/acne04_000281.jpg,55684efcc8269c0a059494d848a307673eaa35d2f25f207f7d59db2bc24e8c29
datasets/skin/acne/final/severity/train/stage_2/acne04_000282.jpg,252cba622675c91f850924873c006f4eee67922d7cbb8bfde6c6844ecdaf99f8
datasets/skin/acne/final/severity/train/stage_2/acne04_000283.jpg,9a2585ab32e36e26eb73af71a0e94bfa14fcd84188ab260e07ffbeb8e7760d80
datasets/skin/acne/final/severity/train/stage_2/acne04_000284.jpg,01593186a840c7b864b9259ebdd6a7d0b9c09b2c1469505dd6ab9809f72d49a9
datasets/skin/acne/final/severity/train/stage_2/acne04_000285.jpg,1b234f29630bdfb81c58aeed31fc6fc90e1ac339ef3264aa843ea9e718a6d8bb
datasets/skin/acne/final/severity/train/stage_2/acne04_000286.jpg,8b933648dd01db737ceeb51facbe8056d836c3939557a120b474da786c2314cb
datasets/skin/acne/final/severity/train/stage_2/acne04_000287.jpg,94c45db584fcd30de0f22b46724151d59ed7f349e5680a43cc458b8c3b917311
datasets/skin/acne/final/severity/train/stage_2/acne04_000288.jpg,be76c701e4ccb8fc7bd450b4fe712252f2085a5b65b1809079560bbecf48f377
datasets/skin/acne/final/severity/train/stage_2/acne04_000289.jpg,64fa44d63ebff02c21c58420f53b14a8bae268e338de12494b43bb3227a94f0c
datasets/skin/acne/final/severity/train/stage_2/acne04_000290.jpg,45a18e7141584abfa7e2fe6aaf92fede3df3b36992f34cb0c164bc728f0b2758
datasets/skin/acne/final/severity/train/stage_2/acne04_000291.jpg,52f5b69af037a1c5307eb10650451dae0fe3265356a5b01e5bd6ce0a78848568
datasets/skin/acne/final/severity/train/stage_2/acne04_000292.jpg,4368bf2cab6003382355fd58daff78517a8534b05efbe758864b9632b3828345
datasets/skin/acne/final/severity/train/stage_2/acne04_000293.jpg,e3aeb94f310ac0d91c6bb40c05a5904aea76f4cbad06563c964eee3690f9e79a
datasets/skin/acne/final/severity/train/stage_2/acne04_000294.jpg,3abe95de112211bb15e4a87c0a014db386f139a77403f2635d311be426e89057
datasets/skin/acne/final/severity/train/stage_2/acne04_000295.jpg,e78262e9fff002e56c925e21993528fac2b50065519ae259aa4301b8f43e69d2
datasets/skin/acne/final/severity/train/stage_2/acne04_000296.jpg,38939a305cb71b82105509011166657b88614621ada6b4165c58a2f2285f6725
datasets/skin/acne/final/severity/train/stage_2/acne04_000297.jpg,9b9134a0dd2ef192462a9dc71788cdaeaf80cd54715cbefbfef171072a7ecf46
datasets/skin/acne/final/severity/train/stage_2/acne04_000298.jpg,f7613f686ea3f377a49fb0b24932f01c301c47569be65198139173fa15284a88
datasets/skin/acne/final/severity/train/stage_2/acne04_000299.jpg,ca967c5f272a0a8dcbf754d59de74b1d906d46ee4cfa0e2f79d419272ee0cf6e
datasets/skin/acne/final/severity/train/stage_2/acne04_000300.jpg,df34041e160271b45af6b9d32de3af875e2f08b6cbdf8773be1f3eaeaeb93a08
datasets/skin/acne/final/severity/train/stage_2/acne04_000301.jpg,967f89521b396f7b5c925486949aea4243792edab60c691a82e56f2eecb8cc2d
datasets/skin/acne/final/severity/train/stage_2/acne04_000302.jpg,d177f5060f8e8fe295fc45dbd3816418409195fa34b8442dc4dc28d580395f28
datasets/skin/acne/final/severity/train/stage_2/acne04_000303.jpg,294001f549919dac02fa86a170275a6f85fea77e77125dbdeb8d34e140222c46
datasets/skin/acne/final/severity/train/stage_2/acne04_000304.jpg,5e1ed6919ae3eda2e3169d264a32acc821a20d942857fbbca2ef1d08fd1136b3
datasets/skin/acne/final/severity/train/stage_2/acne04_000305.jpg,c51614fdc381230b9243059259c753e6cbf2cfb07b0f2e84ccedd04f70476930
datasets/skin/acne/final/severity/train/stage_2/acne04_000306.jpg,5edf96b38811f9f8c89e61de4d580aadf47c3b02c3ab233147f5ccbe74cdb6a5
datasets/skin/acne/final/severity/train/stage_2/acne04_000307.jpg,6407ad958ff435a7965f79ba05e67fc46fd0de5d4cf745a666566c27f590b53e
datasets/skin/acne/final/severity/train/stage_2/acne04_000308.jpg,b6553b3bf1c2bd73c6b2d7ab5d761a1001b47a43381726dac935202f1cec36c9
datasets/skin/acne/final/severity/train/stage_2/acne04_000309.jpg,d450e70a3ecf4489bd236d13a6abb4a071a5878065e59ee064dce219aa0f4e66
datasets/skin/acne/final/severity/train/stage_2/acne04_000310.jpg,877427c70d809c2f9188168978de0750d9ac4f92ad752e86868b11cfb7137027
datasets/skin/acne/final/severity/train/stage_2/acne04_000311.jpg,0067611da7945fe46ba9392779114ed70c1a62ca5a65b39dbd9322d01ae385f6
datasets/skin/acne/final/severity/train/stage_2/acne04_000312.jpg,cdc86e881b77aa8c1fd0eb5ef6d53dea564814795f4bc32baf6e44efb8aff959
datasets/skin/acne/final/severity/train/stage_2/acne04_000313.jpg,7f1abe5c3433035b353b743daf4f2852dfddf6b51a2d13ae59f42c2c4395619e
datasets/skin/acne/final/severity/train/stage_2/acne04_000314.jpg,2d0ea94d6da0e85c3909e6a3ae75146aa667b055e89acc3e56048d22e28c5ba7
datasets/skin/acne/final/severity/train/stage_2/acne04_000315.jpg,1380f32118b76c8c07432ce9717f8a88746f9dce3faabbbad3841b92afe176cc
datasets/skin/acne/final/severity/train/stage_2/acne04_000316.jpg,fb4337e2aa9d2a720b4ee82a1f12878d469f61ca983119d2c3ea8532a35c43ec
datasets/skin/acne/final/severity/train/stage_2/acne04_000317.jpg,8cb73a6070ac76e5910f916c9204dfd6e30c9b4345f94c793463f6f5dece69f3
datasets/skin/acne/final/severity/train/stage_2/acne04_000318.jpg,90068115edfb081740572f6ee29a0ff7d65918da2a88b0c2dec153ab204e12fc
datasets/skin/acne/final/severity/train/stage_2/acne04_000319.jpg,1fef088712b9fc62a2432ebe0e4fa436eb4945083eba6cfdde858de899ecf5af
datasets/skin/acne/final/severity/train/stage_2/acne04_000320.jpg,7100f478b72e45e1528e65137e16b8d175fae5b59bc295445bcfe6d5bef426a5
datasets/skin/acne/final/severity/train/stage_2/acne04_000321.jpg,e1ba56992dce32e2dc6a6550edff9509379b981f331527a59fb2c56089ce4329
datasets/skin/acne/final/severity/train/stage_2/acne04_000322.jpg,54afa3ca0167f0eea209af543ec75a7630c1f8bc82c4f4704c3115e063d40d03
datasets/skin/acne/final/severity/train/stage_2/acne04_000323.jpg,8b39c1e4febb36f0eeda2b2b468b5cbbe1c114785a5f635f2d28e9c3d3900afb
datasets/skin/acne/final/severity/train/stage_2/acne04_000324.jpg,16b2005da6edfde180ab473df5e08662d5824ecf5634265500946d4fcecdf420
datasets/skin/acne/final/severity/train/stage_2/acne04_000325.jpg,d356850b977fa7f9c8d2c287ca2271153fa8e400c41a0767fcead8343ffb60a0
datasets/skin/acne/final/severity/train/stage_2/acne04_000326.jpg,4788ae77e6d7c635c2834f83371936b9c4df2640336667d71e7e72fb08402d0a
datasets/skin/acne/final/severity/train/stage_2/acne04_000327.jpg,76073ce3f382a093a5332c9529a63a0f16dd5d6f2e19ddf49855a32301795b52
datasets/skin/acne/final/severity/train/stage_2/acne04_000328.jpg,24f0b1b9a2bccf34ba4519ecbf54b729553266414e165f4b176895c7fe84d2d0
datasets/skin/acne/final/severity/train/stage_2/acne04_000329.jpg,2a2d531982c3386afcd8b00700dc1e8ba9299c2bad1f6485df73c242d153a954
datasets/skin/acne/final/severity/train/stage_2/acne04_000330.jpg,fc36dc933eea2438ceb1c2c6d01e9f180e0fdc4428a67f3a60c1b28e97601e5c
datasets/skin/acne/final/severity/train/stage_2/acne04_000331.jpg,1ef1e9f3f9d1e54c7b6942b964d4b34c3cf227c6524afb2fb6a58426623da43c
datasets/skin/acne/final/severity/train/stage_2/acne04_000332.jpg,56f7c762916927155346c726f82670f9c3a25acaa75da820191261ee6a2c6e91
datasets/skin/acne/final/severity/train/stage_2/acne04_000333.jpg,da708cc7a03a2810ca5cd69840820602f6f3d5d911a12d4ca6312cf39cd448bc
datasets/skin/acne/final/severity/train/stage_2/acne04_000334.jpg,bca4f4d44e2d169d9a193d12539ba41d91c6de61d2e46f98c969c3e537ecbd0c
datasets/skin/acne/final/severity/train/stage_2/acne04_000335.jpg,2e323c7310332573b178bf656f3fec4d68561671084ab93eaf46afea69da6047
datasets/skin/acne/final/severity/train/stage_2/acne04_000336.jpg,9e7dee5744f9227467c29c113ade3b60ee4bcb4898dd70f645c7fe27a7471e57
datasets/skin/acne/final/severity/train/stage_2/acne04_000337.jpg,a0e2cf2ee9473c9c85fff05d495a4e52f515280a41b11fd4be44503798038286
datasets/skin/acne/final/severity/train/stage_2/acne04_000338.jpg,e67eb2092f54308038f72a8a931c23f52c1d62086cab1b441ae35f874aef635b
datasets/skin/acne/final/severity/train/stage_2/acne04_000339.jpg,47cefc673578ef720406bb745684f6e9eff9d71a024735930646b64e3e025eb0
datasets/skin/acne/final/severity/train/stage_2/acne04_000340.jpg,9a31ab88017fa7c08f8157db16065d409562a3727c165771769060a1e0ebc1ae
datasets/skin/acne/final/severity/train/stage_2/acne04_000341.jpg,90afb83df389dea42a5235763328b6e3e05d2386be46a3626f3421b2ac1d03fd
datasets/skin/acne/final/severity/train/stage_2/acne04_000342.jpg,f9e4a5db25adf56d3649ea413b79750ac836662ea7aa73f5d060bd17929a4894
datasets/skin/acne/final/severity/train/stage_2/acne04_000343.jpg,2dd1cd183d87304a13aeb58eab8f52e535c7821d80159c1f73ca9ca6c6083cf4
datasets/skin/acne/final/severity/train/stage_2/acne04_000344.jpg,df31f7e70ceb12d06a0e02018f6bd7e7bc23c1cd5f2a905cfe49f1734889d609
datasets/skin/acne/final/severity/train/stage_2/acne04_000345.jpg,05dc27f5a8abd40cc9cbd377fea8f7e75b3015c7a625f2fb10fe57534736b6ec
datasets/skin/acne/final/severity/train/stage_2/acne04_000346.jpg,1c6fa19162a8b3631dbe8593b1ed2b2dbfd407686361e90464fbd64cf41f755c
datasets/skin/acne/final/severity/train/stage_2/acne04_000347.jpg,e5af6a0de951ec42825f79b05747fcdbd915d561c0a516c53a0b81294f1995e7
datasets/skin/acne/final/severity/train/stage_2/acne04_000348.jpg,ad030f6e022f3c92262744ac89cfd5783a512c1ad342ef244e49c9a90897fbfe
datasets/skin/acne/final/severity/train/stage_2/acne04_000349.jpg,62f822f7a5208b7d054ef147bb2f378649b2e82996fc0833bfeefef8d3d2b60d
datasets/skin/acne/final/severity/train/stage_2/acne04_000350.jpg,d7981db78107e33fc832b752effaa7845b9de1c44fb49ebea3802e3e0e5e89d7
datasets/skin/acne/final/severity/train/stage_2/acne04_000351.jpg,0a6c0bee7a4dbcd426fa3a023c80e620bfac53152c89ae875c3fe4087d1d35fd
datasets/skin/acne/final/severity/train/stage_2/acne04_000352.jpg,2c0181adda3b0f39cea10d6322d7c08032a6f94f597b6513c14d74e32034436f
datasets/skin/acne/final/severity/train/stage_2/acne04_000353.jpg,ce0bd309e8d678d63df1a47e72ca6b9b30a6b5f784d605f6247df297ba095e0d
datasets/skin/acne/final/severity/train/stage_2/acne04_000354.jpg,3ac747134117748bdb3e2c66517f13085cfab9abc5cc104eb24d8053524be9f4
datasets/skin/acne/final/severity/train/stage_2/acne04_000355.jpg,dc3d2ae4ca6a00d243e2600b9443c62677af170dfce05c6a93dc9d49ffdaca6b
datasets/skin/acne/final/severity/train/stage_2/acne04_000356.jpg,526a834631a2c7d06a833de5bcff27bd92f7a64dfd9d520c55e9e864c0856232
datasets/skin/acne/final/severity/train/stage_2/acne04_000357.jpg,c3a96d14116cea8257924bfe3c2364ebc8b0d3eb241aace6a67e86411502a2aa
datasets/skin/acne/final/severity/train/stage_2/acne04_000358.jpg,2b48a1d1d7fc501f30c2928cfb37f4f7fa7df65857c2185dbb240f99980a0646
datasets/skin/acne/final/severity/train/stage_2/acne04_000359.jpg,5d4fd4a1ee9d02510fbad0c5dccd068d4a0a139acfa4d0ca84a33a55342bf3f5
datasets/skin/acne/final/severity/train/stage_2/acne04_000360.jpg,f55ceb08faec2b5fd19708054263d6fadcb7888162cac73d7c30814b46f1d6a8
datasets/skin/acne/final/severity/train/stage_2/acne04_000361.jpg,ae51948dacb755051a002436b638ba53d2695f3aee6f54dcae3758842c695c81
datasets/skin/acne/final/severity/train/stage_2/acne04_000362.jpg,cf5b9f204304bb2be02404a0daf82df643eed32c19aeb5c57ff7dfb91ce41fc1
datasets/skin/acne/final/severity/train/stage_2/acne04_000363.jpg,e57c6e8eb5f4d3439758967de18ce2281f149395e4d58b68dbc47aa7e0c96b31
datasets/skin/acne/final/severity/train/stage_2/acne04_000364.jpg,f534bc157916d474ef05ed536932664fdd399ea79fe6c7ff3af180203f0f2700
datasets/skin/acne/final/severity/train/stage_2/acne04_000365.jpg,863a6b6315eda0744f64a281eb224530482e81471aef5ed0758d136b4c295e3d
datasets/skin/acne/final/severity/train/stage_2/acne04_000366.jpg,4b0507ac796d913c2266efafc700579cfcc44f7553c6939e6952b7570e142601
datasets/skin/acne/final/severity/train/stage_2/acne04_000367.jpg,c040be8b27595f4b10920c30ad3549c77ef13b36d83565aeb490f62ecb4e11e6
datasets/skin/acne/final/severity/train/stage_2/acne04_000368.jpg,16f3cac5ac0255cb85164ad0ec158a51fa5adc047aee2ab382d63217876905b0
datasets/skin/acne/final/severity/train/stage_2/acne04_000369.jpg,4b05d558e37916298fb7a4f9d45bb62dd93bdc3e07fb4ba61720424cea1f6135
datasets/skin/acne/final/severity/train/stage_2/acne04_000370.jpg,4080e39628ac82c3cb029a346f2dc2c1c6668f5b3ba173a74c6cd7955b976db4
datasets/skin/acne/final/severity/train/stage_2/acne04_000371.jpg,8b20aed2952b74b9fdcd4936fc21981cde6fadf28a1614c4223313fcc5847963
datasets/skin/acne/final/severity/train/stage_2/acne04_000372.jpg,8cd77f09feb93269d96de5c69e38b1021193c69b29ea67be482ab2bb610768ca
datasets/skin/acne/final/severity/train/stage_2/acne04_000373.jpg,21f1fd0e48216d5c9228271575737c6319ff8179c3d32ad36d7c54a43ce0395f
datasets/skin/acne/final/severity/train/stage_2/acne04_000374.jpg,7d259cb7deef37df6faa8882cec29760a271dd307fa6d9e74b21f39ec7492ce4
datasets/skin/acne/final/severity/train/stage_2/acne04_000375.jpg,7f2b8e8702fdf8d3b1eb1af48797abd4494f09868975105337f34c9c165af949
datasets/skin/acne/final/severity/train/stage_2/acne04_000376.jpg,7f0e0da4e94a087d76d37612c3f728df694c291bafda9906d45d562410702fcc
datasets/skin/acne/final/severity/train/stage_2/acne04_000377.jpg,ae8b57317752c9b141260c45304cbce2ce8dc8893b705d8a3db3f957e4167909
datasets/skin/acne/final/severity/train/stage_2/acne04_000378.jpg,b9025c83581575de7324ce7c2d59de5420649ada2b3233f67cb001639326bf8f
datasets/skin/acne/final/severity/train/stage_2/acne04_000379.jpg,134690a1aea4982c8a222a04b745e107c34bf0ed5c31cb06f368687aa0526d0f
datasets/skin/acne/final/severity/train/stage_2/acne04_000380.jpg,2a44266e0fa03f8b612370936c2a18f5000cc4517ee2c4d4daf9a3df94713324
datasets/skin/acne/final/severity/train/stage_2/acne04_000381.jpg,0fcda36d043cadfc28582e3abdfc4796a8c5f2297f948e02ad8f2979fcf86098
datasets/skin/acne/final/severity/train/stage_2/acne04_000382.jpg,24d92b4e8c190861c91d88f06f4f880b20944f39097f867502642810663e84b6
datasets/skin/acne/final/severity/train/stage_2/acne04_000383.jpg,34257ac2f859b9053bdc5f1a644153c250cb3f21ba20c7cd8c4ff572322ce305
datasets/skin/acne/final/severity/train/stage_2/acne04_000384.jpg,707d4bef83a13544d679959b0913ffaae9b9b09c356fe15254d9434176b01850
datasets/skin/acne/final/severity/train/stage_2/acne04_000385.jpg,f42cea45f855111e62e3a64ba82a088304688b125226024b316b6bf29de305bc
datasets/skin/acne/final/severity/train/stage_2/acne04_000386.jpg,49aaa3220a8f7a4dc38945012e3eb3df565db92369eafccbbc2afd8837d07760
datasets/skin/acne/final/severity/train/stage_2/acne04_000387.jpg,0e096359796d853ef753cf4c88a83653da4bd35a4dd59a2b2730c5aaad36caf2
datasets/skin/acne/final/severity/train/stage_2/acne04_000388.jpg,508703277483df42a08eac4891eeb79fea2b21c14a05b5649522dae89afc9b0b
datasets/skin/acne/final/severity/train/stage_2/acne04_000389.jpg,acbd9c89b20130ba2b71cb2fa189dedebac65a6cd848d9a3c7733818937dbef1
datasets/skin/acne/final/severity/train/stage_2/acne04_000390.jpg,1be118ba6709c85cfe6062afa59528483e0ef91216fad4aad3a20634876a1ed4
datasets/skin/acne/final/severity/train/stage_2/acne04_000391.jpg,3ff1acc27b88e5c32657a8f01e47f4e5ef229f8c0a408c93fe97ff040b61738f
datasets/skin/acne/final/severity/train/stage_2/acne04_000392.jpg,9055051e36723c83207a456cc631f9a46377fc9b67d8e84c40f5c96502e1e1d0
datasets/skin/acne/final/severity/train/stage_2/acne04_000393.jpg,d7f4d88616ceca0109bf70d709f0fb54d1fc7a5081fee2fe3f560aba6582d016
datasets/skin/acne/final/severity/train/stage_2/acne04_000394.jpg,ede5f42c71fa09faf30b71b238501af5beaee67e110bdbf6e6acf62ddc6b1535
datasets/skin/acne/final/severity/train/stage_2/acne04_000395.jpg,79c85e76d59f800f9e092048aaca0d3cdf71c436e236f79c7b247cd952279c9d
datasets/skin/acne/final/severity/train/stage_2/acne04_000396.jpg,20c40866124e30268ee81068d0eb8d6ee2744b911698c84a3f313479c9200cff
datasets/skin/acne/final/severity/train/stage_2/acne04_000397.jpg,56f7dac82831e01f193f4edbe1e91ac4fe31aa01bab3be7943209cf62f854957
datasets/skin/acne/final/severity/train/stage_2/acne04_000398.jpg,e169846b00f8976982f890999f991d6728eaed5ca9f4e39c4010ad451b50aeee
datasets/skin/acne/final/severity/train/stage_2/acne04_000399.jpg,3766973f9a38620bca7800a98bb0796baea40f16f161829e78d76af85b8248d6
datasets/skin/acne/final/severity/train/stage_2/acne04_000400.jpg,4c01f4eacced61d915fe2c2ad76c7e2ac937eecd281feeb09f005f49e13156e5
datasets/skin/acne/final/severity/train/stage_2/acne04_000401.jpg,1fa59e1671e8b1a5b03c2991d15089da401c33f3a26bc8a60ef32d7dcf27424c
datasets/skin/acne/final/severity/train/stage_2/acne04_000402.jpg,876cd46f1b7b72472b42242ec4ab47a8fd9ce0a28d5ee77ee7d4d63945133479
datasets/skin/acne/final/severity/train/stage_2/acne04_000403.jpg,a54d27227cbaa6d9c0a98a6615d327b455ee55e051099810f3d598cb4d1054c5
datasets/skin/acne/final/severity/train/stage_2/acne04_000404.jpg,bfc6db34c2d703b0fa8eec4bfd35580e5d00d88ff4acf1dfaa866cf9e52f5f16
datasets/skin/acne/final/severity/train/stage_2/acne04_000405.jpg,2d2c64986eac917d4ea4702563989cc5171329c32cb8ffddd28aabd3e56be828
datasets/skin/acne/final/severity/train/stage_2/acne04_000406.jpg,8b287c33ccd33ad0baf9ca619fc397a2b0eaf79ffe58db8f312f2c36197ec567
datasets/skin/acne/final/severity/train/stage_2/acne04_000407.jpg,29618167dbc5e23d184d70e4f15391dbfd1510daa8335845ffaf7b42faadcd98
datasets/skin/acne/final/severity/train/stage_2/acne04_000408.jpg,0d87f73780f8c106677edbfa5cd44affb38bbe587eebe0833f2a3e32e1b2ad68
datasets/skin/acne/final/severity/train/stage_2/acne04_000409.jpg,467870bdf89673ed44907105a5483f0c1b671451537b8f70360c0ed38440091a
datasets/skin/acne/final/severity/train/stage_2/acne04_000410.jpg,5137e9efd7248ae85544259d59d2923060cc86866966c7ab0f5e9561572271eb
datasets/skin/acne/final/severity/train/stage_2/acne04_000411.jpg,5faa90a8ca9116f08818b81f78e5d115d5d191f1168e60a6190fc67fac6cc984
datasets/skin/acne/final/severity/train/stage_2/acne04_000412.jpg,07a446fd4fa53c8ee7a360ecd5fd2c92c88ccab2f909ed24551d6fe30459f50a
datasets/skin/acne/final/severity/train/stage_2/acne04_000413.jpg,6ea0e3a837b99bfc2d9e1b24401cd7a71884251b7f498e9e6ff64e83ce839c89
datasets/skin/acne/final/severity/train/stage_2/acne04_000414.jpg,0a0cab1568331712d654eb760d52cb754001a15faea9345d89f94b53a00574b2
datasets/skin/acne/final/severity/train/stage_2/acne04_000415.jpg,786ebc52fd1688de9e37837405dc9320030af1fbad919f1f88a2797c9d86545c
datasets/skin/acne/final/severity/train/stage_2/acne04_000416.jpg,bc727d7a46293b60d5a19098b66f6d400dd694fcd06bb1e511f9189fb39a8935
datasets/skin/acne/final/severity/train/stage_2/acne04_000417.jpg,d8ac600afc242b4ddead0d06caf81f970cd314fc7003d2343447e61b8573ce3d
datasets/skin/acne/final/severity/train/stage_2/acne04_000418.jpg,2763a8fcff87f874cd827f091b5268c9246cdb54caeeb24c6b8114f87434a7c6
datasets/skin/acne/final/severity/train/stage_2/acne04_000419.jpg,3d291b0e7785ca1171800ff9c39012c30fbdc32d34e9bc0005d152a3e650aeb0
datasets/skin/acne/final/severity/train/stage_2/acne04_000420.jpg,ba1d5b842567580236b6e4d5614d6445e5d206ad5b36337d8202caaf8f4312c9
datasets/skin/acne/final/severity/train/stage_2/acne04_000421.jpg,36de8f28d8ab0b0fed100b7ed8004a83d91dcf19b609293d50207a054746fcc6
datasets/skin/acne/final/severity/train/stage_2/acne04_000422.jpg,11980358f3dbc9c48bcd2577e653fd1433567b27bcacf892ad7315e229365a56
datasets/skin/acne/final/severity/train/stage_2/acne04_000423.jpg,364cafb82dab2193ea887f441274cfd8bedf21fef817898117d170ac2ea35c21
datasets/skin/acne/final/severity/train/stage_2/acne04_000424.jpg,0e1bdb87cb0474a737502cbea8629b8a68b7a1cd722c7c0f760980d7e3b0a89b
datasets/skin/acne/final/severity/train/stage_2/acne04_000425.jpg,7128ee64c2d02661699c643989ce72637326cd26f3dafe606635ffc88677e315
datasets/skin/acne/final/severity/train/stage_2/acne04_000426.jpg,8cf21c5cdb191a620e298af4a08901e0a05dcd74d4e7d191176c260dc51f04e2
datasets/skin/acne/final/severity/train/stage_3/acne04_000427.jpg,7b95a37aa0665b4f398a19111a3c14e5207e9196f1087006d42276b0a435d0a2
datasets/skin/acne/final/severity/train/stage_3/acne04_000428.jpg,af8dcd338e7c3a9c2e2507980f0d0930d7ea1081c6b86777e40a2ae793d5c0b7
datasets/skin/acne/final/severity/train/stage_3/acne04_000429.jpg,c6ba0e2f876dfb1aa14a2e639a7a9ceecf7a8710e7c987b8bbe1d6c0643cd22b
datasets/skin/acne/final/severity/train/stage_3/acne04_000430.jpg,a22c1c3977d2f469acb7c272e86b94baaa851a2951b390f311627ebfc88ce043
datasets/skin/acne/final/severity/train/stage_3/acne04_000431.jpg,f26fb5df2088809a886bfef9f8c9e7309d5525bf95fdd3cb09aedf209e90daca
datasets/skin/acne/final/severity/train/stage_3/acne04_000432.jpg,a6838135348e6d7f58ea27ec59ad98983f58a40a95c803377c7bb67cc58910c4
datasets/skin/acne/final/severity/train/stage_3/acne04_000433.jpg,b4e42ac9d9210d52867199e4ddbf3fda83cc34f21e6353df453c7cf6a721bb8c
datasets/skin/acne/final/severity/train/stage_3/acne04_000434.jpg,3fd8fc9b0197c05dbc636269a43e9fbd601159cbf4e07516b2da843e4f113dbf
datasets/skin/acne/final/severity/train/stage_3/acne04_000435.jpg,f894e9ab53540007d149d3ff8a58b783b45329076e92935150d2783099e037ab
datasets/skin/acne/final/severity/train/stage_3/acne04_000436.jpg,62ebd2ef2ac5c71dc416a4c643c0eba371984b8e25909a82cf22234547164bd6
datasets/skin/acne/final/severity/train/stage_3/acne04_000437.jpg,492db64e432d77fead8e7d5ef0662e2511acd4ca5d1c7edf90758fe3674b0aca
datasets/skin/acne/final/severity/train/stage_3/acne04_000438.jpg,11e37536af13efec26f94aefa422540e12e72169143e3b47cbb1f8c6004bd5ab
datasets/skin/acne/final/severity/train/stage_3/acne04_000439.jpg,3293797a4fd99dc27daa30859fcd897eb856a65b1baa723db92cf35830c27d98
datasets/skin/acne/final/severity/train/stage_3/acne04_000440.jpg,d4625bb87f6c834d3e038b25b80bd1992e3e4bf63bf81b1a2fa558f829fe325c
datasets/skin/acne/final/severity/train/stage_3/acne04_000441.jpg,218c490b92f7c31452288dfde11a3fa55a2585ab2d614bd1e4cff66502ab052b
datasets/skin/acne/final/severity/train/stage_3/acne04_000442.jpg,02441d8d8734e766dec90cb2e04954ae8d0c4b736f5df43bf00f3ad64df77287
datasets/skin/acne/final/severity/train/stage_3/acne04_000443.jpg,544141bae9b578c393ddb3dac7153fb20ed976a82472bb6bef086af51433ec30
datasets/skin/acne/final/severity/train/stage_3/acne04_000444.jpg,7b533d0973c8885e4bd74bf03d35aca1d2e5176bafd9e038441a3122a33343b7
datasets/skin/acne/final/severity/train/stage_3/acne04_000445.jpg,de5dea7c5c01d5dd327cc66ce98449ca29ff150cf0306bc112d4cb43ef997030
datasets/skin/acne/final/severity/train/stage_3/acne04_000446.jpg,e124eb64b6f599bce92b06ac6df77d24216391036fa69f0f141c5b69d77505a4
datasets/skin/acne/final/severity/train/stage_3/acne04_000447.jpg,500de48e1749a01618b858270f77615a095420b0ea1e3cc4af36c0e386a87ffe
datasets/skin/acne/final/severity/train/stage_3/acne04_000448.jpg,7658729933835eb51af12f26169f63752c7345e5de48d152e75a2f018dbb5c7e
datasets/skin/acne/final/severity/train/stage_3/acne04_000449.jpg,f405d1747343998f3bb4f8d900c4a6bf74b9ecd41d9a7c1c07b6bd5f7fc679f2
datasets/skin/acne/final/severity/train/stage_3/acne04_000450.jpg,4801afed97d2bd17307f881fc39e58a4072cefe750467cfa36025086f8d01e85
datasets/skin/acne/final/severity/train/stage_3/acne04_000451.jpg,95ccb54c5226b7ba9bbca58f74afe8d00847e5d06db9e2789b3a5ffe2bb4e7c5
datasets/skin/acne/final/severity/train/stage_3/acne04_000452.jpg,29b0c1b704dcf8774233df7f67dabf2349630bc5a8c7f261445bdb2306598e9f
datasets/skin/acne/final/severity/train/stage_3/acne04_000453.jpg,ac507a9f9a037bc88bf27cf8844b9237e2a2c68d2be037847a79455a7bec7387
datasets/skin/acne/final/severity/train/stage_3/acne04_000454.jpg,ef3347346058d10b8d4e155b0240ee14dc146d33084b0a9b38e456840a487c43
datasets/skin/acne/final/severity/train/stage_3/acne04_000455.jpg,3e9d258a92f6c2cc97c11524f4447de800935085e974a7ace65def74d139d8e7
datasets/skin/acne/final/severity/train/stage_3/acne04_000456.jpg,12fce09ba1055b62ad650c303c77064235cc0749e55fa09721c3c4c171b9650b
datasets/skin/acne/final/severity/train/stage_3/acne04_000457.jpg,4d225f4a432d735b1de793209b02f9e8d02f86c6d72dee3908bf3a860c0f4909
datasets/skin/acne/final/severity/train/stage_3/acne04_000458.jpg,afe8482da2c39f97f2280035335824b329eb7aa4e48b57bab80aab72abd8920f
datasets/skin/acne/final/severity/train/stage_3/acne04_000459.jpg,b9ab39a4e1d4c3227b1d0d0ccd24a802349fa7c396fe288486504bfa1a4bf541
datasets/skin/acne/final/severity/train/stage_3/acne04_000460.jpg,6517b3b3327e7965919ce2ef9234177de03d9d31f39bc2304f199809617b643e
datasets/skin/acne/final/severity/train/stage_3/acne04_000461.jpg,2d0fde3dc594e4765815c82df95e2acd083c6d95df27fb85e03fac1a7cbd03f0
datasets/skin/acne/final/severity/train/stage_3/acne04_000462.jpg,ac743749dbc8cc1e940d78d59c89a2571d7122b2b410a1e0d9e64b70340f9932
datasets/skin/acne/final/severity/train/stage_3/acne04_000463.jpg,3feda75c40a8e252ff0154a3bc902aa5b5184a53199efd7b69870a0117110a1c
datasets/skin/acne/final/severity/train/stage_3/acne04_000464.jpg,f046c78069fc211d718ed55f7a2f0671d69f96672aba262bf370f89bac5a240d
datasets/skin/acne/final/severity/train/stage_3/acne04_000465.jpg,5bc75a9a27bc33c783c63aeeb75c2833fb545d314edfbcbeed85599345660a35
datasets/skin/acne/final/severity/train/stage_3/acne04_000466.jpg,c5ca13f4934eb5a9a5e1893d517817dc3ec9d391b2eb2b89bf6e1540d58c32cb
datasets/skin/acne/final/severity/train/stage_3/acne04_000467.jpg,4b21eabf292f6e0d0ad742664d895ce4e505a1e4a5c8f8d5bf862ee8f9af8ccc
datasets/skin/acne/final/severity/train/stage_3/acne04_000468.jpg,e90d42d24db84f7c3a261b7623347eaf606c4ed3397b52526272e59c45f9474d
datasets/skin/acne/final/severity/train/stage_3/acne04_000469.jpg,18ba2b260cd5541c9b096b41a1dcf6075a98f604ab90c5b05faebc7a16fe2c76
datasets/skin/acne/final/severity/train/stage_3/acne04_000470.jpg,0a765619ac409c927f76c2569ec203d095d5ebceb9940262370579c056630039
datasets/skin/acne/final/severity/train/stage_3/acne04_000471.jpg,d557f9528fdbae93336519fc1ed5493cbe4ec31aabae9af8cff2c8e46a2c08b1
datasets/skin/acne/final/severity/train/stage_3/acne04_000472.jpg,3c3d6debce0ab4704a547d042026919f98179fec42ccde35f6c32f6a39004570
datasets/skin/acne/final/severity/train/stage_3/acne04_000473.jpg,2817c42a3fe7dcd6f79ad5ea8d22fbe970bb95200dd69d8ea4aa4bc1e0f04935
datasets/skin/acne/final/severity/train/stage_3/acne04_000474.jpg,f00364c0f0d16a93d838e17a31e4dc8963612e0e226fce19baf0912ab1c0288f
datasets/skin/acne/final/severity/train/stage_3/acne04_000475.jpg,3eea0e875eed36d65e652ae9db7340e5f396e11ec22fe75210dfca6b581fdfd8
datasets/skin/acne/final/severity/train/stage_3/acne04_000476.jpg,c26f945afaa43ef9f38bfe89f71ead7eb77f01281352f8e835f5430a934e68e7
datasets/skin/acne/final/severity/train/stage_3/acne04_000477.jpg,712bd1e0fb81bf23c247a8c2cde0d7b19c5b0354eb479b693edb7edf9add9194
datasets/skin/acne/final/severity/train/stage_3/acne04_000478.jpg,bf5262fcbaa90cd8f6e769cbc89ef238a7c5045a088bfc980b16470bade68f33
datasets/skin/acne/final/severity/train/stage_3/acne04_000479.jpg,a872ac0e50efb2c670cfa9587650b6ea3803a38e4c8c2075f79c81a0f95194e9
datasets/skin/acne/final/severity/train/stage_3/acne04_000480.jpg,db6311e646defa05febc6c8f11f8776666136d8897b252c2b80555d2d2d6cbda
datasets/skin/acne/final/severity/train/stage_3/acne04_000481.jpg,ddfd126596232647213e653750291d8eebaffcdc5e6e4eee2f3fd58d19a8a743
datasets/skin/acne/final/severity/train/stage_3/acne04_000482.jpg,bf1f922d3e4dca278238891849bfbe9287205a38a192162758b79f55e67b3002
datasets/skin/acne/final/severity/train/stage_3/acne04_000483.jpg,092dab4794a1624903d4ca5d1bdc832e2cb31481654f5dd8bfab8b7202cf2e20
datasets/skin/acne/final/severity/train/stage_3/acne04_000484.jpg,12b4d65c828371f26728d483f0df493b7dd489f73b407b3f13a6765bbfa25fbc
datasets/skin/acne/final/severity/train/stage_3/acne04_000485.jpg,fdfd6eddae29664892fb7ab536627b46c9f948a858325c8b776408bf2e75d12b
datasets/skin/acne/final/severity/train/stage_3/acne04_000486.jpg,5ca1b431915f41664ead925db9465115485bd09a83b3fa597320d87c0c09b580
datasets/skin/acne/final/severity/train/stage_3/acne04_000487.jpg,ca6e2489365601180bdaf983542e111876e25d0e099d17cfbfba5db771d38387
datasets/skin/acne/final/severity/train/stage_3/acne04_000488.jpg,86a9e1cffe9eb4037763589f4fa0224faf2609168f9bfbaab10e31e91d9d7d11
datasets/skin/acne/final/severity/train/stage_4/acne04_000489.jpg,d909a35db132c4b67b3653411bd554e6b3acf59c6a9bac59cb70bc123b730022
datasets/skin/acne/final/severity/train/stage_4/acne04_000490.jpg,8cf706a12fd87cde2caaa9e42142a358b64a9ef57f8c0239b7fcd74fcda6d47e
datasets/skin/acne/final/severity/train/stage_4/acne04_000491.jpg,60a7f59f92bbd21de67035d5b4697af466b369bae8a8f06ce40c96ccc5102a54
datasets/skin/acne/final/severity/train/stage_4/acne04_000492.jpg,6b08c832334a9f5adb328407d2fb2a64dc0467fc374c23ef4c4c8b30ed835732
datasets/skin/acne/final/severity/train/stage_4/acne04_000493.jpg,b084d32c4bdd18b22b5fa50d82dc8295f829f077ddbf3e7342c70b16dfc08757
datasets/skin/acne/final/severity/train/stage_4/acne04_000494.jpg,dd56a2024ea6c6ff079cc90010ed9a1e4a964832457a26346f1a32c522c2b6d7
datasets/skin/acne/final/severity/train/stage_4/acne04_000495.jpg,06f5ebabf167a3f0dd0b4ecb769b7b59a21788012d64f3e5911aa043de4ea15b
datasets/skin/acne/final/severity/train/stage_4/acne04_000496.jpg,caaf9d63dfd481719856da1fc7d3cd3ac5d252420878da50f0bacea9e7d6d0eb
datasets/skin/acne/final/severity/train/stage_4/acne04_000497.jpg,8416dc958b13f4ca41cfe5ad7eed91981b96da96931b96c72385b6bf8fbf6bcb
datasets/skin/acne/final/severity/train/stage_4/acne04_000498.jpg,228ec3e227ec3df87e20fdbe00679861fc395da23348dab6d0ac76d2f08000ac
datasets/skin/acne/final/severity/train/stage_4/acne04_000499.jpg,9f69147d9913ade22cc0a2f9de21a6f8adc3d4bbc5296e60ffed8f21979194fd
datasets/skin/acne/final/severity/train/stage_4/acne04_000500.jpg,f9f63c300233fd561e1f91730ae5362ddc99c48b450c62cef126e998397c238c
datasets/skin/acne/final/severity/train/stage_4/acne04_000501.jpg,8f28cce9993098f1170e1af4a2c64d7c47f7bfb6c99a05cc40af6fdd8cfab9bc
datasets/skin/acne/final/severity/train/stage_4/acne04_000502.jpg,3ec3e692498019d72b00e03ff0e41259b018dd9961a8be7343c66b26dd966ece
datasets/skin/acne/final/severity/train/stage_4/acne04_000503.jpg,4d053f58c5daf8166368fa916983945db608593372e5f888b1157a7254193f68
datasets/skin/acne/final/severity/train/stage_4/acne04_000504.jpg,33a69226ef90c4f41803fc1a4fff8ba77e556e09ebae605ff24ea7f2e0c9922d
datasets/skin/acne/final/severity/train/stage_4/acne04_000505.jpg,0273473390499e9b2b31dda4fa5bee0b48924e559351905cc45dcfd355355bd7
datasets/skin/acne/final/severity/train/stage_4/acne04_000506.jpg,9bbf09d987f410b72a67721d9c7d791397ed18bc074c209aa8e97c6f4c904538
datasets/skin/acne/final/severity/train/stage_4/acne04_000507.jpg,e56c32627eaea7087f31e0bba650719f2db08aed0eb97b361f033bac6889ca5e
datasets/skin/acne/final/severity/train/stage_4/acne04_000508.jpg,5e735a80af14aa0499ca03a76e65bc6f5c0f45013e881058e5890dcf1fff1d07
datasets/skin/acne/final/severity/train/stage_4/acne04_000509.jpg,e0ebea4f7df442b353e8de8645565655a1870f468f1cc6ce2fa16b92897b063a
datasets/skin/acne/final/severity/train/stage_4/acne04_000510.jpg,75e6e017f57fcb90f1e80dbb2dd8e063cfcdd8ac16189dcc7b9a955cc6d79b0d
datasets/skin/acne/final/severity/train/stage_4/acne04_000511.jpg,3c76d9c7732bc690a0525b7ab1c18ba1bd90e222f0c3aac3755ad21a4b40ba7d
datasets/skin/acne/final/severity/train/stage_4/acne04_000512.jpg,ab8df0370fbc1b056ddaad9c6e5779596e5e6e82a5573477e17110eabcae2667
datasets/skin/acne/final/severity/train/stage_4/acne04_000513.jpg,bcbf96da4a44242a18485f76715b79b751d1c4bf7b6b8d082441dda5331757a6
datasets/skin/acne/final/severity/train/stage_4/acne04_000514.jpg,7b807628b967b0a499690b55d4dd599302e3e7bfbf1eccb8543bee6bb32aa57c
datasets/skin/acne/final/severity/train/stage_4/acne04_000515.jpg,45654c88bfa806d4d151b6ada180594c0e19ceb09433341de73995dcbfad7233
datasets/skin/acne/final/severity/train/stage_4/acne04_000516.jpg,6b5b721e52d1cba8472235b64e6dbc5c0473a2122143c04cfc224e90da3e2a1a
datasets/skin/acne/final/severity/train/stage_4/acne04_000517.jpg,3b29dbb8826da9d6685162ae9274da5edea829e68c5675cc5a118b90b82ce385
datasets/skin/acne/final/severity/train/stage_4/acne04_000518.jpg,0627f96a6303c06102661a618b79f8e90ea61c908e01ce5d96bb357afe0e8b5d
datasets/skin/acne/final/severity/train/stage_4/acne04_000519.jpg,e59bbcc22216b051fa2cbdc3c42db0ac8264146776c5b44c7be3a531a6073aa0
datasets/skin/acne/final/severity/train/stage_4/acne04_000520.jpg,56d1a3f4cba8658831a1ab956c6114ffce78ba4c9849221018485f41aef87602
datasets/skin/acne/final/severity/train/stage_4/acne04_000521.jpg,059ee9bfa5a7f8a26b3e88cd71ae373c6c569fc179da3501cd8dc62d843c13d8
datasets/skin/acne/final/severity/train/stage_4/acne04_000522.jpg,e743ad34104d077672e4944fefc1873dc05f9762cacdd96094ebab6ec1763e13
datasets/skin/acne/final/severity/train/stage_4/acne04_000523.jpg,000a2ab08aacae90a0d6c65f4854cf36421d79d71bc6a38721d1755902e9f15e
datasets/skin/acne/final/severity/train/stage_4/acne04_000524.jpg,e549cd4de4efd7dbddb92eb06ab7b082ef74cd47647ede9f877006b7a31ed237
datasets/skin/acne/final/severity/valid/stage_1/acne04_000525.jpg,d1211b54462aabb61e610c81722bd032c1351f9aa35204cb54f3b57be1b4bd24
datasets/skin/acne/final/severity/valid/stage_1/acne04_000526.jpg,e7f27ab2e8f4d977c91290f3bae2cfcfc9e584c2d80093191319e0c2554b2e78
datasets/skin/acne/final/severity/valid/stage_1/acne04_000527.jpg,df013f7a5d58bc00dfbf7403ddd58fe6c47947fbbee673d85f2712b3dfabc03f
datasets/skin/acne/final/severity/valid/stage_1/acne04_000528.jpg,b93c51ac852431204a1ad23cbcfffd9f45b60bbf2c206e600b859bc171048f94
datasets/skin/acne/final/severity/valid/stage_1/acne04_000529.jpg,e91eeff54cab8eae4fa919d0768b61572d8c1b80be7f5452c32dbc1b383b701a
datasets/skin/acne/final/severity/valid/stage_1/acne04_000530.jpg,6c1493dc2503f64ac66a98be3e8dd320d449e7156442fa97a8a6389ee8af7ec4
datasets/skin/acne/final/severity/valid/stage_1/acne04_000531.jpg,ec442ed98edc060d49071d9fa7dfe015a9af365fb6731eba9303e4629bbf7150
datasets/skin/acne/final/severity/valid/stage_1/acne04_000532.jpg,f8194a4ed5816eea3aacba1948f110da8d2d396d87e266e7ed470e1a3391e658
datasets/skin/acne/final/severity/valid/stage_1/acne04_000533.jpg,941fac0f5327136aca3c85c214496f0f95beb10c27d9b00a96dd575906048804
datasets/skin/acne/final/severity/valid/stage_1/acne04_000534.jpg,a72f027c365ad09692065d18e2756f2671cbfce51f32957041814ef9b2813736
datasets/skin/acne/final/severity/valid/stage_1/acne04_000535.jpg,9e999e560ab524bc0bffb78256cd854902baf0deceff490c8bf79d3fb3d23bfb
datasets/skin/acne/final/severity/valid/stage_1/acne04_000536.jpg,b79ed71d78c9ae4afcb8a3fa2795f06d018bf2386143ac7e0692d5cd3fe4dfd1
datasets/skin/acne/final/severity/valid/stage_1/acne04_000537.jpg,d0998d8b8cbdefc9e7f736764512caf9a3275206528feca12d4bee029a792e8e
datasets/skin/acne/final/severity/valid/stage_1/acne04_000538.jpg,17ab4a82461af2e580802967915a2892ba996a6f579705b7ba2e012bdc2d327b
datasets/skin/acne/final/severity/valid/stage_1/acne04_000539.jpg,64f23e8e11f816f7c6a1944e27a0970f5a608f0912a20346211012e18d682bfb
datasets/skin/acne/final/severity/valid/stage_1/acne04_000540.jpg,bc161e71baa6396c384150e9070c15192d464b319d10693c6f6b9fcde9bca03d
datasets/skin/acne/final/severity/valid/stage_1/acne04_000541.jpg,5bb141f157d4de1bc32acd8fe7a9b75147ba9e32556d253fc34693e3380bd4df
datasets/skin/acne/final/severity/valid/stage_1/acne04_000542.jpg,ed756d0fa83dc5b304d56bc5a3b09eaa6f2f38bce576a8b775df4c1639fbf5cb
datasets/skin/acne/final/severity/valid/stage_1/acne04_000543.jpg,c1a32cf4cdfc9aa12151cfd8b59b885d86af615a95051372473a8276dbe430fb
datasets/skin/acne/final/severity/valid/stage_1/acne04_000544.jpg,3e825e6b8dec02dfaf6f39ca79e4a6dea385bd75f21236f973a08ffdc9b88c84
datasets/skin/acne/final/severity/valid/stage_1/acne04_000545.jpg,7c08796b87ea91f1b08537037fcf87ba6af75ccfb522ba1e92da3d358f987863
datasets/skin/acne/final/severity/valid/stage_1/acne04_000546.jpg,e6c87552d48158902dcb5fc0f3cfc0e7969508fc7144eb69406b60180b635821
datasets/skin/acne/final/severity/valid/stage_1/acne04_000547.jpg,ecaa3273ad8bc7a7fff7afbd19b549a9b07de91788f63a4497169bec1cddabb6
datasets/skin/acne/final/severity/valid/stage_1/acne04_000548.jpg,8a7de5bbccb1f1de71dd1414a070fbf33062e3ee45e6db8d8f091647c89cb0ed
datasets/skin/acne/final/severity/valid/stage_1/acne04_000549.jpg,db6ff2bdac4fe1185e95aa311ff0fed02a54f85d53cf2fdf58146e764e1e20df
datasets/skin/acne/final/severity/valid/stage_1/acne04_000550.jpg,48db808faee9405f6b7222900a2d6cda7a445b7a08b49948d1962bacd1f97050
datasets/skin/acne/final/severity/valid/stage_1/acne04_000551.jpg,78adcd3c1e9464aafe729d85cac3ca23214aecc1015612c9009cecc1c4b2b25a
datasets/skin/acne/final/severity/valid/stage_1/acne04_000552.jpg,364526446ee2ba6038c5f54e0de2b638405d1af824c0fc7b90922bb2efd6c4ed
datasets/skin/acne/final/severity/valid/stage_1/acne04_000553.jpg,39f756089d8d646eb8d22a271f23d9168b65d978132cad0b06b1e10d7fbf5208
datasets/skin/acne/final/severity/valid/stage_1/acne04_000554.jpg,c62826ba0257cb35281b7ad727d05392d156eb1a252a44035d01c5fe213483d5
datasets/skin/acne/final/severity/valid/stage_1/acne04_000555.jpg,7601a2efb60fd2293af075b608dbb0d92b236e59f1c01b3b402e5ec8c58d8d19
datasets/skin/acne/final/severity/valid/stage_1/acne04_000556.jpg,4d7721ac652453ef45eb8836896a1f590874ec8f9cee398fa6dc97d5cc21cef2
datasets/skin/acne/final/severity/valid/stage_1/acne04_000557.jpg,4b4d014d3aeb172a0cad5210b5166714848482455bcd781df5989af1853f4d86
datasets/skin/acne/final/severity/valid/stage_1/acne04_000558.jpg,e2aed5379cd8e5dd4554c6495deb99b037126456fbb551aa6bc3bb57264c5c6c
datasets/skin/acne/final/severity/valid/stage_1/acne04_000559.jpg,2e1743c4bb9eed327e47770a4f56f4c3ef344282aa8cce086bf22255b71155fd
datasets/skin/acne/final/severity/valid/stage_1/acne04_000560.jpg,46bd10eee99b506ae781e1fc5169838074920700b73f1ba6b35c997660ed093f
datasets/skin/acne/final/severity/valid/stage_1/acne04_000561.jpg,e3ad2495ecb977a041767dbfe5cf6bab7caaa8905e97a0321c6a8cddf5c69c09
datasets/skin/acne/final/severity/valid/stage_1/acne04_000562.jpg,6a2f1380202a47a68a9a8c435bf4a9db3e16c0ccf54be2ca9464510cc5719e28
datasets/skin/acne/final/severity/valid/stage_1/acne04_000563.jpg,2cc77eaf9e87f9c5fbdca3a1060592088505f8ae87230349725bf4df70690b92
datasets/skin/acne/final/severity/valid/stage_1/acne04_000564.jpg,e8c1e38002aa8d24c1cca8b183c2a4e64a145aadd42ec8a404ff20b3340a1092
datasets/skin/acne/final/severity/valid/stage_1/acne04_000565.jpg,de7044139c32309c6825af4ddd273bc8b979e2ece83266325eaf0daac3e8e71b
datasets/skin/acne/final/severity/valid/stage_2/acne04_000566.jpg,3b9aad46ca9550031bbe046faff43a3a92f253a5554a5cd9fd2739899c8028e8
datasets/skin/acne/final/severity/valid/stage_2/acne04_000567.jpg,d652630eef8ae88da448a94a4eb148742d9d3a9e301e346942e185392605daf2
datasets/skin/acne/final/severity/valid/stage_2/acne04_000568.jpg,b4904093b1745b8e24c4b5ef6d824515661216f9654a71f7a057e60d62cb688f
datasets/skin/acne/final/severity/valid/stage_2/acne04_000569.jpg,37d9d955f0aaa3db67c6fe6652916b44a4da28bdd6a34bc8b7944e3ee3c7760b
datasets/skin/acne/final/severity/valid/stage_2/acne04_000570.jpg,889efc24cb1a136b26d8325c7fcc4eb0b71a7d7e26ae0cffeae97fed87a1d144
datasets/skin/acne/final/severity/valid/stage_2/acne04_000571.jpg,1237ac1e9256eed0de19e19ce62ad56d6c90020fabe785af2e00a69aba4b1da0
datasets/skin/acne/final/severity/valid/stage_2/acne04_000572.jpg,47332bb115e74ac2ea866a6b87983cbe2932fd2a4e800cd6733bb3fb98556440
datasets/skin/acne/final/severity/valid/stage_2/acne04_000573.jpg,a8e852b485e7121f095116af106ced3e45f7a24bad2eb795342019505ba62d3f
datasets/skin/acne/final/severity/valid/stage_2/acne04_000574.jpg,b7e26c79868f3e425a9a4447420afdc450b87347acba557a5f90920ae46f94af
datasets/skin/acne/final/severity/valid/stage_2/acne04_000575.jpg,6203640f6b105d883793ffcd42953a0f48e6adaa1216c379fe2fc5dda2139e52
datasets/skin/acne/final/severity/valid/stage_2/acne04_000576.jpg,216707888ea3858e2c978cc0db9b9f6f7c80907f5950dfa66a527b6268ba6ba9
datasets/skin/acne/final/severity/valid/stage_2/acne04_000577.jpg,56fed7ac0a9495a44ebbd9bda4dc69e1133aec8555bbb5fd1695d70259ca0f55
datasets/skin/acne/final/severity/valid/stage_2/acne04_000578.jpg,60792cdba9bdbec4a3285d3da046aa427f2c0c3886167ff9cfa026ad7ff1baa8
datasets/skin/acne/final/severity/valid/stage_2/acne04_000579.jpg,e29542f261f5f96f264d3d98adfb69aa465cbd77150fe948bc10bfb9af16bc6a
datasets/skin/acne/final/severity/valid/stage_2/acne04_000580.jpg,0e63c7eac6ef72ca7bd9d0f6cd9ab61bc8388eec97787b0dcd780b544e192001
datasets/skin/acne/final/severity/valid/stage_2/acne04_000581.jpg,ff8fcd5c0935c2f78e29a2def81d9acea22a3b71c0452d6d64551f515cd9ccb6
datasets/skin/acne/final/severity/valid/stage_2/acne04_000582.jpg,fc933b37ed8c4296443160a955eb8127741a41f616ee6fbe0ce0a0ef8b736def
datasets/skin/acne/final/severity/valid/stage_2/acne04_000583.jpg,5c14a1f7ae668e4769611b8badb47daf28c4ceabb1d5f4c02136ec039f834731
datasets/skin/acne/final/severity/valid/stage_2/acne04_000584.jpg,496eb36aae9aaa59886325056b2e4977323e9ce7956708ac2fe44b8dd6c6e2a6
datasets/skin/acne/final/severity/valid/stage_2/acne04_000585.jpg,e541b55c6f332b59e2b1daa15c601929c2fafc3bb7319c94efe3d3047d550e5b
datasets/skin/acne/final/severity/valid/stage_2/acne04_000586.jpg,f1e757e2815c705f01bccfdaec77ce8b006011d81b0e87a7c4be26bc89f84a40
datasets/skin/acne/final/severity/valid/stage_2/acne04_000587.jpg,45c8526718420cd7d332f56865e8db11b595f155ec52e59e1505192cbf057b85
datasets/skin/acne/final/severity/valid/stage_2/acne04_000588.jpg,4f909f475cd47beb38b2d38c3c8ad6b39e92e3529779b4e66168f88aef3e1c17
datasets/skin/acne/final/severity/valid/stage_2/acne04_000589.jpg,d69a42b8d1c7b4287b0ebcd6ce652a40617590c129f0e605ec194987f08da96c
datasets/skin/acne/final/severity/valid/stage_2/acne04_000590.jpg,7c0bb60ab7c216f51b976b82feabf5bdd037d10d857bf8d280f09f0d43879045
datasets/skin/acne/final/severity/valid/stage_2/acne04_000591.jpg,91fb6d0211411a65bf086a7609c53aacd4fb6b10e5ce96166bf649924cd65965
datasets/skin/acne/final/severity/valid/stage_2/acne04_000592.jpg,f7725404add2a767d028aa4eeb644ba65c681812fe310365ee7108e14057cf4d
datasets/skin/acne/final/severity/valid/stage_2/acne04_000593.jpg,4a025acf5db6cd0d81c2a1dd509aa62f6fbee32c182004693e762614d31edcfb
datasets/skin/acne/final/severity/valid/stage_2/acne04_000594.jpg,b9a1a3bec466e1303c1e5bd87df4a795f278a78d293686ffd300973a7c000195
datasets/skin/acne/final/severity/valid/stage_2/acne04_000595.jpg,af55ae9c5354b4980a8a702a21dced62c4c20be6d525a1dcaa86d3ba27b36e3d
datasets/skin/acne/final/severity/valid/stage_2/acne04_000596.jpg,e3025fa2d4caf47314493c8129201acce7045984d2193058bb95983c1c72f4ef
datasets/skin/acne/final/severity/valid/stage_2/acne04_000597.jpg,ede5504bbe0e5a70407c84463e2dec474b74658c24ce774337fe5ffa9a2dc1ba
datasets/skin/acne/final/severity/valid/stage_2/acne04_000598.jpg,469e4e4adf51778c802778b269ef140e8990a710d400a956f46cd0c3f6059f7e
datasets/skin/acne/final/severity/valid/stage_2/acne04_000599.jpg,9eb61b9dd149d4680567b41955c1b8d6fe5492c83e44fa92990f473165ca0347
datasets/skin/acne/final/severity/valid/stage_2/acne04_000600.jpg,c39d1bc0a2751afd274491ec5f008351d4be470c2643da18e92bab6c0b64fa2b
datasets/skin/acne/final/severity/valid/stage_2/acne04_000601.jpg,d298ac1deaa61cbc1d724c0f6c7a2083801837d7717117c14f302d18f2d2ebf3
datasets/skin/acne/final/severity/valid/stage_2/acne04_000602.jpg,fc277d3995866019f469129e67bcf4aae955e5593d7194c826298a56bd031f2e
datasets/skin/acne/final/severity/valid/stage_2/acne04_000603.jpg,b85551a57bd1206b87fa312f17c79bf65c9ec59a6ce8b963e0a4d6a292372af6
datasets/skin/acne/final/severity/valid/stage_2/acne04_000604.jpg,284d88f00e58f3cb6e29130cc1863739e7e8bc002049d40a2164afe333956e8e
datasets/skin/acne/final/severity/valid/stage_2/acne04_000605.jpg,0c718459ba3b1e1f3a07b1429356c868e68de040d5e171df22cde20296247346
datasets/skin/acne/final/severity/valid/stage_2/acne04_000606.jpg,33815b1aba7f1eacf576a4a65ffe76d8146c519216504e5f9330f60eba0529a6
datasets/skin/acne/final/severity/valid/stage_2/acne04_000607.jpg,dbd606b3e29f2cddca60dc504561c1a198f149193c2a2e300da91c3726a008f1
datasets/skin/acne/final/severity/valid/stage_2/acne04_000608.jpg,449ea2959c935c4ea7128311edd22abbda96f1cbe9f461f6198af21edfa76767
datasets/skin/acne/final/severity/valid/stage_2/acne04_000609.jpg,e9cfef28cafc4d2d9fb806dd4c23ce3b997079c63856d88ad87f6e231c245331
datasets/skin/acne/final/severity/valid/stage_2/acne04_000610.jpg,ed674796333a5bb3fa6d99b29749c1a5bbb02f5816095a2ab267b6d23d61be6c
datasets/skin/acne/final/severity/valid/stage_2/acne04_000611.jpg,0b0c1eafb7e1985a1215223fb1a9f75461a1a2f4c63c67cd9e4ec8d9f8cb96b3
datasets/skin/acne/final/severity/valid/stage_2/acne04_000612.jpg,0bae8c893bcf81daabbfc82334e886948e9b1a7c0bae7aafc7e79e1fa8eb267c
datasets/skin/acne/final/severity/valid/stage_2/acne04_000613.jpg,f61a2c6389d1a0dd304e835fcb0541cdb137ea9d3122741347cf1dd6eb09db58
datasets/skin/acne/final/severity/valid/stage_2/acne04_000614.jpg,afe10c5100e81eabe3081f0c5af1873d48fffc31b571adece4212aa43b3a6caa
datasets/skin/acne/final/severity/valid/stage_2/acne04_000615.jpg,b774aa5ad65b3decd3e8e72a9e164a68ab71d7d563b8bd78f9cbae9b5cff2f09
datasets/skin/acne/final/severity/valid/stage_2/acne04_000616.jpg,8a6dfe105236af0ca9365559b88dc89345a7deb18795f0c4f5c755ad2cfcd5ce
datasets/skin/acne/final/severity/valid/stage_2/acne04_000617.jpg,1f541236ac22bf30d2f44a94854a645a4547a1655708ed5dffd0e563040b2a1d
datasets/skin/acne/final/severity/valid/stage_3/acne04_000618.jpg,894d17164af6eb5de3aef05c08ca30a82550440609677610a59bc4d71aed87d8
datasets/skin/acne/final/severity/valid/stage_3/acne04_000619.jpg,0af0ba118f254a8889f462b93e4890063b531c17cc96c57ff1e04c318425ec3b
datasets/skin/acne/final/severity/valid/stage_3/acne04_000620.jpg,e0b5ba668c7ccd8309b92ceb6c92b6d54e6fe3b977193dc0ec977817fa229946
datasets/skin/acne/final/severity/valid/stage_3/acne04_000621.jpg,0285960e792a40cdb5ca22a3dffb4ff07ec970854252dcce743a5d58ec41ced9
datasets/skin/acne/final/severity/valid/stage_3/acne04_000622.jpg,561fc77bfefe5732700147cb5e2667d5ecf62213077610bb481973b4862d6666
datasets/skin/acne/final/severity/valid/stage_3/acne04_000623.jpg,899d12857d483f40fc1856c5c3159f188775a914d0ecc0c991b5df87db648799
datasets/skin/acne/final/severity/valid/stage_3/acne04_000624.jpg,c4cf7b357e0d28e0dd82e94d7cd91e319e5a9d3953bff9b53f10f528d5d7623c
datasets/skin/acne/final/severity/valid/stage_3/acne04_000625.jpg,f783015bfa10e42bed9e7605038a5c62245771f5c96c8a998e4d643965d394c3
datasets/skin/acne/final/severity/valid/stage_3/acne04_000626.jpg,e33e232111fe9f6f3c77385500e62c69d476aec4fe49865a20d1255c93475e9a
datasets/skin/acne/final/severity/valid/stage_3/acne04_000627.jpg,fa2d3db55f5998dcfc2e6d5a7aaa0f315f122d350b86e70f46ed081e541f1735
datasets/skin/acne/final/severity/valid/stage_3/acne04_000628.jpg,9c7f112ee5204f43f854b27935fb91bf7e897c19f73d62316f809175cb3fa0f2
datasets/skin/acne/final/severity/valid/stage_3/acne04_000629.jpg,15e76ad3c611f2a38f7c00509e884a30bb2d4505243d0f2c7c212b5a078a39d9
datasets/skin/acne/final/severity/valid/stage_3/acne04_000630.jpg,d2f5f40b3f672297e21655d553232253aa8d8df9ce6c2e9a3477ba70cfd9fd56
datasets/skin/acne/final/severity/valid/stage_4/acne04_000631.jpg,153c214fdd0bf8fed3da1dac52089783d331f75f5e6269adae959307954d5d5b
datasets/skin/acne/final/severity/valid/stage_4/acne04_000632.jpg,8daa953a61541f76891d46be13259e815f1ad91ba4a174aab38d78cd0d03fadc
datasets/skin/acne/final/severity/valid/stage_4/acne04_000633.jpg,f265db2928737e8188c617bbdd5e3abc97e5ae48fe63af046d968bf0e64fcbc0
datasets/skin/acne/final/severity/valid/stage_4/acne04_000634.jpg,9f72e46b19ffb10053e495e6c95d47ce4b60fa70581e522e0ff9c8d2c33c8e92
datasets/skin/acne/final/severity/valid/stage_4/acne04_000635.jpg,ea4f7d8ab1d41da293d29757799fa16afca99a372b9801d1d1f09e2db1ca3758
datasets/skin/acne/final/severity/valid/stage_4/acne04_000636.jpg,f6e2ed5167bbd98de10d4262d92f7d25292e50eaffb14625f3d283dda1636a29
datasets/skin/acne/final/severity/valid/stage_4/acne04_000637.jpg,de20f91ae59d2ea9bdf33856e9790ab08cf5d10d8c0b41134ce1749ef3c54a70
datasets/skin/acne/final/severity/valid/stage_4/acne04_000638.jpg,e049bd8a98b0198816eb22a8ad3cb45e8ecc792c3c50e0daa044391907345d79
datasets/skin/acne/final/subtype_classification/test/closed_comedo/dermnet_000270.jpg,f14fff54efb2a2778d91b60631249810a1b72e76158329ba29c892cfdb3ad8ae
datasets/skin/acne/final/subtype_classification/test/closed_comedo/dermnet_000271.jpg,375d925054922468c9ae28dbb002c07e3f35c6ef456fb663729bf783036d27fe
datasets/skin/acne/final/subtype_classification/test/closed_comedo/dermnet_000272.jpg,6cddf980d68238e8227517889574b12711f87c955a1c12d845522cae38c81638
datasets/skin/acne/final/subtype_classification/test/closed_comedo/dermnet_000273.jpg,b974e96adc39d9eee805630fe375d2a4608d2806f94c6a72c920b1f7bb63509d
datasets/skin/acne/final/subtype_classification/test/closed_comedo/dermnet_000274.jpg,1ad062a1c7e7cb0d6f9824be29d4aba272210866b5ad68dccb63e776bc460881
datasets/skin/acne/final/subtype_classification/test/closed_comedo/dermnet_000275.jpg,7dcef3ef074fffa6c74c4e9ded9a768a28d5d3d803bcf389a9cfbc2c6508a60a
datasets/skin/acne/final/subtype_classification/test/closed_comedo/tiswan_002612.jpg,891875311d0daddb3561ca30a2fe9c022dd849e47803d6414488265944904289
datasets/skin/acne/final/subtype_classification/test/closed_comedo/tiswan_002613.jpg,2e84d9518ce71fec7f4fb3e995d7b6c148d1d14eb49834e9094ab3d96dac8c03
datasets/skin/acne/final/subtype_classification/test/closed_comedo/tiswan_002614.jpg,1ba41914ddfe70389858bb59e65c236966c2c503f4e223a249b89dfa94568b18
datasets/skin/acne/final/subtype_classification/test/closed_comedo/tiswan_002615.jpg,3c4f7a63bfad87efa83651bf93bebed663736b82365e2addd38e93033964d6c5
datasets/skin/acne/final/subtype_classification/test/closed_comedo/tiswan_002616.jpg,eb1939fb02a6715d6a825792c924c4a9c07bea67a0fb9cc6147d66e166127fc9
datasets/skin/acne/final/subtype_classification/test/closed_comedo/tiswan_002617.jpg,592c2ed3686f54c1664ede7ca68b0ff3b965982d42786c353579b00ffa68a3b3
datasets/skin/acne/final/subtype_classification/test/closed_comedo/tiswan_002618.jpg,877e460a1af8320f0a167cd2a5a74ff0d1a2ff90b6097105ffc1c9187ae65000
datasets/skin/acne/final/subtype_classification/test/closed_comedo/tiswan_002619.jpg,d90641c67f01652e60683de7f6ad6468e7bdc28fbf77f5eb1056cae28a7882ad
datasets/skin/acne/final/subtype_classification/test/closed_comedo/tiswan_002620.jpg,85cdb142980808bbbf42c2470c293b22d749372ef4e64305d50f2bbf92c4660c
datasets/skin/acne/final/subtype_classification/test/closed_comedo/tiswan_002621.jpg,e503b74b1e695049db9dc94849a4742655be485530b5892ff5c548886d48e5cc
datasets/skin/acne/final/subtype_classification/test/closed_comedo/tiswan_002622.jpg,8766ac7b194483f4462a8e59981b6c221df3491570db200206c5c6aaff3416c9
datasets/skin/acne/final/subtype_classification/test/closed_comedo/tiswan_002623.jpg,e30b3452813a0ebfb342c25901779dfa9e7221ab3c947cde3495fcab15a04189
datasets/skin/acne/final/subtype_classification/test/closed_comedo/tiswan_002624.jpg,9ed95e976ee670b1a18a3464759a88566cffcf1e8a132892af3022ae2cf5cf12
datasets/skin/acne/final/subtype_classification/test/closed_comedo/tiswan_002625.jpg,a55961effb3202f8649986e1c522699ac1bf3f39d8f419e2c5147f8b7c26117f
datasets/skin/acne/final/subtype_classification/test/closed_comedo/tiswan_002626.jpg,0b7f207a6e0e0d62890ac05c5382c21f32f9ba6df2f219697fa623edf3757290
datasets/skin/acne/final/subtype_classification/test/closed_comedo/tiswan_002627.jpg,3db3b5912b40a22f5557f7c29f61bae3596129b565f368248c162b9d30f6bba8
datasets/skin/acne/final/subtype_classification/test/closed_comedo/tiswan_002628.jpg,5474c232a38feae450744fbfee21a085780e12c977b7fdba1a987e7c1be6da40
datasets/skin/acne/final/subtype_classification/test/closed_comedo/tiswan_002629.jpg,93a7ab2430a605fe11cd96fcc35033267d58fdfda5416881b55e2461a696940c
datasets/skin/acne/final/subtype_classification/test/closed_comedo/tiswan_002630.jpg,1ea91670c5dbd4097bdf9bb303e90af80e705a616dec6e76b56ecaf24b5413c2
datasets/skin/acne/final/subtype_classification/test/closed_comedo/tiswan_002631.jpg,69ae7c60736e7e3baa8dff46e1f3b13e60e3dbf981d06d18bef9dc44635a6f26
datasets/skin/acne/final/subtype_classification/test/closed_comedo/tiswan_002632.jpg,4f964b98911568357e3d62188a6beab1ce2b2aa4eacc901a78ca6bef65fb827c
datasets/skin/acne/final/subtype_classification/test/cystic/dermnet_000276.jpg,547e28836a1494a1afd37b0ae08f971f3a23e69a8fc88a0513561eca80d0b5ff
datasets/skin/acne/final/subtype_classification/test/cystic/dermnet_000277.jpg,112665423db09177cc832ba5990eae0816959153b4174909ce72f14b4a39534e
datasets/skin/acne/final/subtype_classification/test/cystic/dermnet_000278.jpg,270de2f1352152f3b5535ebc675f1c95824ce9a96e3212f409518f71ca3637f9
datasets/skin/acne/final/subtype_classification/test/cystic/dermnet_000279.jpg,9902cd3ec7b07f58d1247d9bbae968c7b446b01b05358d90fe36971fe98ace44
datasets/skin/acne/final/subtype_classification/test/cystic/dermnet_000280.jpg,8a2f92896a63c5f40634677e6f3e29c0c9166ba6962167f442682c9fbc25dc55
datasets/skin/acne/final/subtype_classification/test/cystic/dermnet_000281.jpg,a56114a1ea264f6c8c2f42159520012a786e1771feb22d00ffa213d0dbdfa676
datasets/skin/acne/final/subtype_classification/test/cystic/dermnet_000282.jpg,21c163ac58417875ce750cd24e2663cdc67b8562f1edeec97097f3c704a6547a
datasets/skin/acne/final/subtype_classification/test/cystic/dermnet_000283.jpg,a5824490175d2e0a0313ada452e27f71d58bed099ad91384dd4db80000eb1f5e
datasets/skin/acne/final/subtype_classification/test/cystic/dermnet_000284.jpg,ffabd4299ec055fce50b71cff52cca58f2820615b3eb8d1da744daf4121d4e66
datasets/skin/acne/final/subtype_classification/test/cystic/dermnet_000285.jpg,9fa6e0d6f3c3ec2345eb176cff52b518bb53c3e33d7ce43fd25f2dbc03a24cb7
datasets/skin/acne/final/subtype_classification/test/cystic/dermnet_000286.jpg,b3bec6c57e9a95cc172940570129fff9030c27cf5312964314d063685ab47709
datasets/skin/acne/final/subtype_classification/test/cystic/dermnet_000287.jpg,fe8727f4a4d4b4689d8b66261d9156aa414f18c49ab7b944e3d020d61185a1e1
datasets/skin/acne/final/subtype_classification/test/cystic/dermnet_000288.jpg,89a4d5ce9ccf51598fa494babca40b690c68b039175a3386ff380898ab15edb2
datasets/skin/acne/final/subtype_classification/test/cystic/dermnet_000289.jpg,12a747063d8ffb019d33edcd622fa3aea2e56f8dd17c824d39b608206a265a25
datasets/skin/acne/final/subtype_classification/test/cystic/dermnet_000290.jpg,a5db6f54858f4dcd6adee5bee5ed6fe8d2bef2ad6649b80515466dcea562c52c
datasets/skin/acne/final/subtype_classification/test/cystic/dermnet_000291.jpg,2be380e15163f6ba8756e7134eef68f5ee6bb483ab8157de8cf7738112bb0653
datasets/skin/acne/final/subtype_classification/test/cystic/dermnet_000292.jpg,67ab640d95b2fccce0af2ed03b214dbc5d0864d6d3739e414e3636ad454be422
datasets/skin/acne/final/subtype_classification/test/cystic/tiswan_002339.jpg,6f98b6509c60c14e5f90fcca27e89180b6e991dfd7c980da7ca34b63d72628a8
datasets/skin/acne/final/subtype_classification/test/cystic/tiswan_002340.jpg,3b2b0537eaec5324a9235c4b680a980790d1fa3fea0db10199dac40fa67ae291
datasets/skin/acne/final/subtype_classification/test/cystic/tiswan_002341.jpg,3d353e73e9ed6426589a2c42df6104a6b51ba00df9c8c2820836bf1c580319b8
datasets/skin/acne/final/subtype_classification/test/cystic/tiswan_002342.jpg,c544a57b06a0b837fb8271e49c09932f744a7ed36eca212e523d030f11fa8c79
datasets/skin/acne/final/subtype_classification/test/cystic/tiswan_002343.jpg,6cec3380629181abc8a00441bde38134f936653b3340234852d8062424b21729
datasets/skin/acne/final/subtype_classification/test/cystic/tiswan_002344.jpg,787186a2c7a88de71d0b340d4cbc56f52bc84fa887b27c2584b9689d05ba3175
datasets/skin/acne/final/subtype_classification/test/cystic/tiswan_002345.jpg,9b049321a7e78052c8a552dc6b55ac7dffdd450f843e04cb4e480cbe0dcb3f2c
datasets/skin/acne/final/subtype_classification/test/cystic/tiswan_002346.jpg,032cdc749e27381f616ed3422767b47b9b7f6aabd8f724e9f775e2dde42dcf93
datasets/skin/acne/final/subtype_classification/test/cystic/tiswan_002347.jpg,754002a75ec296fa8579c46b03f733e9fd3f65d6b7035d4d051162652c2941e1
datasets/skin/acne/final/subtype_classification/test/cystic/tiswan_002348.jpg,15cf53e00d64a856e035166a617b89b37c86230c275501117b8b8f76c92c87a8
datasets/skin/acne/final/subtype_classification/test/cystic/tiswan_002349.jpg,3a199087e7e0a2ec5d66440aceb57220b6ee5a1f94b16af551d604000de1a486
datasets/skin/acne/final/subtype_classification/test/cystic/tiswan_002350.jpg,e342e21aa1004a1e0275c9f0e7cb5626097aba8a8c4e6d586a5cafaeaac6173d
datasets/skin/acne/final/subtype_classification/test/cystic/tiswan_002351.jpg,e0e0607d0b28dd5ce12a2760a50880e73572f6ffb9bee173eef9b70031da34ea
datasets/skin/acne/final/subtype_classification/test/cystic/tiswan_002352.jpg,3447d55450cc65fe48d55c69fe172eb521b9ee0c812d502fe9cb2d7ec6b54e30
datasets/skin/acne/final/subtype_classification/test/cystic/tiswan_002353.jpg,8d8fe06ec8be3cd3482b18d9fa66be2c70efd7215f08511277119035b8133c7c
datasets/skin/acne/final/subtype_classification/test/cystic/tiswan_002354.jpg,f4c54554a80143b8a397ce9cf05336edcb38168a6e1b98c2c69429ba9f8341d0
datasets/skin/acne/final/subtype_classification/test/cystic/tiswan_002355.jpg,6b601ca6d2640bcea270f0c92d68a86eb445d0f772bcc7283ca72c28a3d8664d
datasets/skin/acne/final/subtype_classification/test/cystic/tiswan_002356.jpg,495fa03a0caa096fe6e29f7a2271d7c442e32b81d29e0646ed481d9b59dc0f3d
datasets/skin/acne/final/subtype_classification/test/cystic/tiswan_002357.jpg,558fd6bd2f381a91acce2041ca9004e5960cac4931a7ec5c5e96b4fb3e819d45
datasets/skin/acne/final/subtype_classification/test/cystic/tiswan_002358.jpg,ce4d6731c2bb24006b5db8cdf880f8adc42b7de4504ec14400fe917d9c1f6798
datasets/skin/acne/final/subtype_classification/test/cystic/tiswan_002359.jpg,b2ab886d4fea9d00fd7a037dbd2d4a7d6612d66b98a69eeaa59b3550a84cc332
datasets/skin/acne/final/subtype_classification/test/cystic/tiswan_002360.jpg,714c533d99b41772c7ce43f2e11d194faf35cbce4d3a01b86db0646a89b09ab3
datasets/skin/acne/final/subtype_classification/test/cystic/tiswan_002361.jpg,940bd33c0ab15f4bcce3f483df66ce052db5467efb1a1c4bccd4a256a74d9071
datasets/skin/acne/final/subtype_classification/test/cystic/tiswan_002362.jpg,ea85317abea9a88e58115a9b507024556a9c51f9b9d8bc3b84e108f88ee23ca6
datasets/skin/acne/final/subtype_classification/test/cystic/tiswan_002363.jpg,05bcf26da276562588e63829204510747c64efde4ede3e066852075eb6252fb1
datasets/skin/acne/final/subtype_classification/test/cystic/tiswan_002364.jpg,a79e3a1993bc43302c4a675aba446a50a00d4d615a3cb6929afe2a8e52ec69bf
datasets/skin/acne/final/subtype_classification/test/cystic/tiswan_002365.jpg,f7d9106d6b67fb6ef8152bac2ac941e95c473e211dddf596681451e934cccee4
datasets/skin/acne/final/subtype_classification/test/cystic/tiswan_002366.jpg,a677f161b5f320aecaaff4fcb7d7c8f1b4c9b65756fa9c6a0efa1f53e1468d38
datasets/skin/acne/final/subtype_classification/test/cystic/tiswan_002367.jpg,9be260bb87949938d74a8c0370f3077028c11a42b0c44e2c0d6220cb8f424d61
datasets/skin/acne/final/subtype_classification/test/cystic/tiswan_002368.jpg,63ea7f8b72a56b4fea9de6662374f10040d6af816ff8fc6e2e7c809a84356c7e
datasets/skin/acne/final/subtype_classification/test/cystic/tiswan_002369.jpg,e67eac3d560539e5c4cb16198cdd04023281582731535ec74e8e0ddb3f0796d5
datasets/skin/acne/final/subtype_classification/test/cystic/tiswan_002370.jpg,57fec63041b84b7fef073adf083dc71b4a4e031c3d05da0c8bbdb8cabc9b7012
datasets/skin/acne/final/subtype_classification/test/cystic/tiswan_002371.jpg,2a5944fa58cd1333bd976bf94edf597f11064fded46cdc92a079607c35c6b373
datasets/skin/acne/final/subtype_classification/test/cystic/tiswan_002372.jpg,3540ff0e2352463364bb2e84c89fc9168172a635fc6045205e3f042268b3b752
datasets/skin/acne/final/subtype_classification/test/cystic/tiswan_002373.jpg,534966e42ea91b1335e68d2fe30d7e9fb69366d5872a227310f5e688f1759ecd
datasets/skin/acne/final/subtype_classification/test/cystic/tiswan_002374.jpg,bdcb65822864fc87882b89798b7221af53e4fcd643d1e74cf3598ddf769135fb
datasets/skin/acne/final/subtype_classification/test/cystic/tiswan_002375.jpg,c62707368f32ae1ec41d987c16f41fb5ddde8e0e07a7f2a8f3f48c59d416d96b
datasets/skin/acne/final/subtype_classification/test/cystic/tiswan_002376.jpg,ce81d20903d6369f8a8e31ebc886bd059b4e35ab9a4793d74af1d845c4d95a75
datasets/skin/acne/final/subtype_classification/test/cystic/tiswan_002377.jpg,4cbb759e7d7a9f0b4d937525734dec6796aa01552e0f98003b3d739d2dae598f
datasets/skin/acne/final/subtype_classification/test/cystic/tiswan_002378.jpg,a4d96c327e4eaf15a737f82a0ee8eb00178b52369620605acea7863ebaf21355
datasets/skin/acne/final/subtype_classification/test/cystic/tiswan_002379.jpg,385fa5b7fb1c58178d8d32c9fda294916eaccc4e72e6f3d29a806ef908948f6d
datasets/skin/acne/final/subtype_classification/test/cystic/tiswan_002380.jpg,a253852ee420188a30fd453e4f087ca8aa61096d0a5077dca963ab0f40f7f5be
datasets/skin/acne/final/subtype_classification/test/cystic/tiswan_002381.jpg,af7967d2b05e83a4b4d758b9f68d57f9c95c1ba5998c71ed809b8d79a65ba867
datasets/skin/acne/final/subtype_classification/test/cystic/tiswan_002382.jpg,ea5c2d1af1987186bf662f1e6b5685c50bd0502155d1233cbe56d51a2ed8b39d
datasets/skin/acne/final/subtype_classification/test/cystic/tiswan_002383.jpg,91f1cdd18227408e254db35f51f0ca767bfb08d3a8d30777393411c78a8208d2
datasets/skin/acne/final/subtype_classification/test/cystic/tiswan_002384.jpg,0b7cfb5238e2865ee94ce7cb303518db3c29e623483b7bc8ac7d226c0e235bf9
datasets/skin/acne/final/subtype_classification/test/cystic/tiswan_002385.jpg,a97749664eeb1d32eac97291cf72efa7317d333b74898aa2b40cdfd9374dc612
datasets/skin/acne/final/subtype_classification/test/cystic/tiswan_002386.jpg,82182242234ca9a6be82c119a366931ca5ddcb4c543cdb22ca856649bd04a2f3
datasets/skin/acne/final/subtype_classification/test/cystic/tiswan_002387.jpg,f410e7b6a1563f563052f882ec23cdba159365f26ee6960d39726fc48064db78
datasets/skin/acne/final/subtype_classification/test/cystic/tiswan_002388.jpg,0f6700ebfb3585eac4cd85d1eb5db05a75b8aef78274cf0a7fdc45ed54224d17
datasets/skin/acne/final/subtype_classification/test/cystic/tiswan_002389.jpg,dc526bcf24f71bc1dcf6b6185bf13dddfefb870fd7a8525809ce8a62f69af21d
datasets/skin/acne/final/subtype_classification/test/cystic/tiswan_002390.jpg,66c523edd09c89db773d7fa37c4228776a5245cb452116f2503c3eb38bf0587a
datasets/skin/acne/final/subtype_classification/test/cystic/tiswan_002391.jpg,950026b434464b5f22a362e11489c778bf1bfb3e59724253607a37edbe42588f
datasets/skin/acne/final/subtype_classification/test/cystic/tiswan_002392.jpg,b758f81e23cb3c4cb26a115939375a45fe766a5f91d7dd089274941a8cd29e5a
datasets/skin/acne/final/subtype_classification/test/cystic/tiswan_002393.jpg,e81ca9c8108db8bb6ba611a88dacaf92304fc56338478611f1e5c2fb65585feb
datasets/skin/acne/final/subtype_classification/test/cystic/tiswan_002394.jpg,08450badbeb805143ff76d904dd70690544e3d177377f375b8535cb2454498f4
datasets/skin/acne/final/subtype_classification/test/cystic/tiswan_002395.jpg,7267548f27d69e59c4d1332fd5e3174831adb3914d7686102a9b45b4a6a1581c
datasets/skin/acne/final/subtype_classification/test/cystic/tiswan_002396.jpg,0f013fe89dd38caa1fbc38ca4ba9703b277f8247efd56458c988ff2a836fbc3a
datasets/skin/acne/final/subtype_classification/test/cystic/tiswan_002397.jpg,153f463c1cf61499c2d3951a6ce4c6f2b42106c0f888ebd1dd87fc941ae9486b
datasets/skin/acne/final/subtype_classification/test/cystic/tiswan_002398.jpg,6807a96199a0c413c4827bb8bad1ea0d33b72ef91ac66c29ec1e40c88fec34aa
datasets/skin/acne/final/subtype_classification/test/cystic/tiswan_002399.jpg,7affc14e33109c8c52af4eb2e4c1441a31076c323035acfc7560fdcd80651fe1
datasets/skin/acne/final/subtype_classification/test/cystic/tiswan_002400.jpg,dbff0453a2317bff89c94ec6f460409cdfce0ae9e04e10540fe3536340cc8e49
datasets/skin/acne/final/subtype_classification/test/cystic/tiswan_002401.jpg,5fad6f4e71f4aa3971b4623b456e9bc5e73546a6e995f876996e3ba5f9144638
datasets/skin/acne/final/subtype_classification/test/cystic/tiswan_002402.jpg,22ab61cefeeebd2963fc32184f2299336376238c7f1bff99d42bbcd3b4e7d045
datasets/skin/acne/final/subtype_classification/test/cystic/tiswan_002403.jpg,3f193d98718e45650acd29ad56f6a76d8d01661ba6bb3d64740f13cb89cdb03a
datasets/skin/acne/final/subtype_classification/test/cystic/tiswan_002404.jpg,12f68cb574f6cf1bcd57c40dd9a0e034ef47fee16c7dfbc214ce19fbb2df9dee
datasets/skin/acne/final/subtype_classification/test/cystic/tiswan_002405.jpg,b06e9ea8e10eda38661132ad0b83f6afe845fb071fecb6af384b11bc919b5443
datasets/skin/acne/final/subtype_classification/test/cystic/tiswan_002406.jpg,fad2767c7da82895441442b09280fe35be49f9c11ff707d38f475a72cabdeffd
datasets/skin/acne/final/subtype_classification/test/cystic/tiswan_002407.jpg,9d81d1ab9573e477d883a74e0b49cc3036381775b43b7b517920724c9a2c61b6
datasets/skin/acne/final/subtype_classification/test/cystic/tiswan_002408.jpg,286cae7b83bb0c29c00898800767f654e9b2388f0a1abace9f885fbfa5038ca6
datasets/skin/acne/final/subtype_classification/test/cystic/tiswan_002409.jpg,6fcd055c3148a0d99374646eba7b8361240df65f1b0e7db78aecb30c6cc2dfbc
datasets/skin/acne/final/subtype_classification/test/cystic/tiswan_002410.jpg,ba131afbbd43c515616fc2ab140ea8e1de549fcc9e05347fa3604fa1348c0fc9
datasets/skin/acne/final/subtype_classification/test/cystic/tiswan_002411.jpg,14ed0a902bccae7408c1228c8a07a952cab90e276a93bb32bafe800fe0771850
datasets/skin/acne/final/subtype_classification/test/cystic/tiswan_002412.jpg,d9a7566e0e076e433d52c87b3995c4356f34b3a31a17b74da1a4ea1d147fdecb
datasets/skin/acne/final/subtype_classification/test/cystic/tiswan_002413.jpg,0ddbb5999ec6964f42dc47c9c6edc45cb4f2000eef3f59ee2360e10cfdcb9fd8
datasets/skin/acne/final/subtype_classification/test/cystic/tiswan_002414.jpg,6216a857223b31e12c54254fb86c719b36a384c3d7a6c4cd2820030dd38b102d
datasets/skin/acne/final/subtype_classification/test/cystic/tiswan_002415.jpg,50a79cce791561b79fff02aa696b2d4891a4537de91713c042553132eacc2330
datasets/skin/acne/final/subtype_classification/test/cystic/tiswan_002416.jpg,b791a3067ee5a3216e4a1a5292ff670ba81fcd542d2ace24cbe8524e38581d9f
datasets/skin/acne/final/subtype_classification/test/cystic/tiswan_002417.jpg,941cbcf6ce3054c9b715e1d67bfa596a3e06313b35a43d972b279a0b8243f49b
datasets/skin/acne/final/subtype_classification/test/cystic/tiswan_002418.jpg,453b6f7a4357e6fec732e28f63fadef54a9e1b9204f3d3aa944a655ce7dda29d
datasets/skin/acne/final/subtype_classification/test/cystic/tiswan_002419.jpg,97fa427154c34c005fd091c3a7a6f01b185c31c4da4ae144686ae989237864ea
datasets/skin/acne/final/subtype_classification/test/cystic/tiswan_002420.jpg,a1b36ca8f1fd2208bf0b4df6a554a8b82af794cbbd158e6012fac50bac3d8f22
datasets/skin/acne/final/subtype_classification/test/cystic/tiswan_002421.jpg,db62976e8e4d314a3a150030c228b28ab2b5c0d6180dd9a068a7c7ec2ad00bd2
datasets/skin/acne/final/subtype_classification/test/cystic/tiswan_002422.jpg,5e86699714e35cfe20de648a2be75d354aea54430d4385b086541509a7b17de8
datasets/skin/acne/final/subtype_classification/test/cystic/tiswan_002423.jpg,7b3b8c2c481423d81e05f9256e690fd9704f4bde47fdb8fa66915795f0c1a9b7
datasets/skin/acne/final/subtype_classification/test/cystic/tiswan_002424.jpg,0b1a6240ce8d715c4d37ba0249977f64e7e56327b048c4cebdd959a586546728
datasets/skin/acne/final/subtype_classification/test/cystic/tiswan_002425.jpg,e7a89be1ec8e5219c139b7bcdbd0f2f34938f1d006bd0af938b11b16f9de315e
datasets/skin/acne/final/subtype_classification/test/cystic/tiswan_002426.jpg,bd7cfe8fe144bdd0636e54082466bf6b0182e8d4743b314d5a965d6f13a45155
datasets/skin/acne/final/subtype_classification/test/cystic/tiswan_002427.jpg,2216e7b244aff3696c57ee82b5723d3db72181332a0ce2a0c221134c64009c1d
datasets/skin/acne/final/subtype_classification/test/cystic/tiswan_002428.jpg,8e823a6da76605e037bbf74ce1d52e60fd0455060eb780fdd52ef01c726b45a5
datasets/skin/acne/final/subtype_classification/test/cystic/tiswan_002429.jpg,ea7fbcf4f9c9cd9ec8d636b7e89ff54f526f5ab7e3e676e502513b71556c2c2a
datasets/skin/acne/final/subtype_classification/test/cystic/tiswan_002430.jpg,fb5cfe8da8db5831a41082f6d6a8b2559d90932e2f13d0b27ca006ac63700040
datasets/skin/acne/final/subtype_classification/test/cystic/tiswan_002431.jpg,a1fce66d537071e140c528ae6e2b01192baaf6841e936ae970a0ae7508cc373a
datasets/skin/acne/final/subtype_classification/test/cystic/tiswan_002432.jpg,29c0faaeb1e661b56a3929706e0ae310eace8e49d3735d283c1f13be62bb78fd
datasets/skin/acne/final/subtype_classification/test/cystic/tiswan_002433.jpg,a03c4c33bb5accaa82ef412d2a42b5e9fb3bc9b364a6f15afbea32e9dd6e72f7
datasets/skin/acne/final/subtype_classification/test/cystic/tiswan_002434.jpg,a16dfaa23c8b6732c409c42c4fa99cdd31cbf7a91dbe026353af213503b9b577
datasets/skin/acne/final/subtype_classification/test/infantile/dermnet_000298.jpg,301c9915a2c4aa4cead60297493deb25f19a683a1fda6790cc511a8f07697293
datasets/skin/acne/final/subtype_classification/test/infantile/dermnet_000299.jpg,faf3211e084a194d34ee3941f970e64695e782941d09e04919707c241d1684c2
datasets/skin/acne/final/subtype_classification/test/infantile/dermnet_000300.jpg,92796197ed1b55ce540fdf4299a67582df6753f1efebcc31c8d0d07d92de71e4
datasets/skin/acne/final/subtype_classification/test/mechanica/dermnet_000301.jpg,c99ae7fcf0e651ea28209adb0040cd168dcc1a24373b0eb758a11517bcbf2dad
datasets/skin/acne/final/subtype_classification/test/open_comedo/dermnet_000302.jpg,05295f51c8bb053587f1e95f8434f7d5d618ce6601b8f6c3c91634f2c3b92961
datasets/skin/acne/final/subtype_classification/test/open_comedo/dermnet_000303.jpg,a506e55886629a90756b0ab92474c14534eed2810e3968e1718ffbe312aadc96
datasets/skin/acne/final/subtype_classification/test/open_comedo/dermnet_000304.jpg,84a3b53fef9ee702a86ba1740c9870d64375348f6a1916a55ee2b7d7504507f7
datasets/skin/acne/final/subtype_classification/test/open_comedo/dermnet_000305.jpg,3ff047479111f5428648406e48eabc83845e96de8cfd5678581f1eb9ce5ee3ef
datasets/skin/acne/final/subtype_classification/test/open_comedo/dermnet_000306.jpg,4d1be0d8fd171883160431381095fd111708cf079c97e81edd767ca203644493
datasets/skin/acne/final/subtype_classification/test/open_comedo/dermnet_000307.jpg,5322b59eeec93b5aedb9fcd8f3cb8d27185d3681f80186280a7689410c0b1c4e
datasets/skin/acne/final/subtype_classification/test/open_comedo/dermnet_000308.jpg,922043c84498f36fcf9b617e1aceaf1d6f9d407f3fae7ce017f84d287eea26fc
datasets/skin/acne/final/subtype_classification/test/open_comedo/dermnet_000309.jpg,f8a25afb360386079c4e8fa91ce5936d4c3a47a839bb8bf6990cff6672e04b94
datasets/skin/acne/final/subtype_classification/test/open_comedo/dermnet_000310.jpg,d3822c9b15fb2fde31dbf9ff544c0d4462e3e57d78657a481fe5dd21d10e4cff
datasets/skin/acne/final/subtype_classification/test/open_comedo/dermnet_000311.jpg,cf7843c584ab84c9e82a17f9c27c7728e062fb167665c06846424f9d4c5f03d0
datasets/skin/acne/final/subtype_classification/test/open_comedo/dermnet_000312.jpg,77a256f26123f54d3c194f55d53a66ef82077c3d60e84cc0e846f6b119fdbf6c
datasets/skin/acne/final/subtype_classification/test/open_comedo/tiswan_002236.jpg,d4601dcf3277ac2c0ae985b5bd1bc6378713e7e36ca2dd33b09d366d913a1fca
datasets/skin/acne/final/subtype_classification/test/open_comedo/tiswan_002237.jpg,709518333ea0935118fb739bae9a1047a2df37d026db65107075a3b33ba445d2
datasets/skin/acne/final/subtype_classification/test/open_comedo/tiswan_002238.jpg,a87d58d84e2694dd24274fe322cbc32c76f60ae0b0e6d83ab8d986ee17b8fe56
datasets/skin/acne/final/subtype_classification/test/open_comedo/tiswan_002239.jpg,08715cd74830384ced299c73fb59d2033303d4180e725f37c8ab0aef01c2346a
datasets/skin/acne/final/subtype_classification/test/open_comedo/tiswan_002240.jpg,4a385dbfc3045527925bc7d74bd305cd73763a6acfa4291a79f7c67cc9cccf7d
datasets/skin/acne/final/subtype_classification/test/open_comedo/tiswan_002241.jpg,1cc98b7240fcc578d4e37c8cb3f29c891ad7688ecdbcb4f14a16543babf76d0b
datasets/skin/acne/final/subtype_classification/test/open_comedo/tiswan_002242.jpg,990a4b439378511ec113f5d7d4ef5ae75c25285e7145902765a0c80586f88f04
datasets/skin/acne/final/subtype_classification/test/open_comedo/tiswan_002243.jpg,46d4d189a566b3307d6af6d96de5e0fd8d039eee358fdb185b668fce6a971dcb
datasets/skin/acne/final/subtype_classification/test/open_comedo/tiswan_002244.jpg,7f192c5b33ecdb2be08c06f28e82c9829ea0499d52f67286c8c5494e56270fd5
datasets/skin/acne/final/subtype_classification/test/open_comedo/tiswan_002245.jpg,ae4a11979070fa97213f54960d75d439776ac4980a0f427e5c62787db7285f24
datasets/skin/acne/final/subtype_classification/test/open_comedo/tiswan_002246.jpg,3b4161aae975f938b9c39f46cc07e6c612c03a58148c8537ba209667ad59886e
datasets/skin/acne/final/subtype_classification/test/open_comedo/tiswan_002247.jpg,286acae01ca50e080d56481f630da01d8ff74257d6bf192e8c9d1f32de94b909
datasets/skin/acne/final/subtype_classification/test/open_comedo/tiswan_002248.jpg,83d4b7f77ecf3f60b088dffce55e8d68e7fa9fc948fc380feadf97637d3704a7
datasets/skin/acne/final/subtype_classification/test/open_comedo/tiswan_002249.jpg,dad9d5a42616119d79d0d25dbd28949300b94805af5b1586f0ddc7e0882e3cb3
datasets/skin/acne/final/subtype_classification/test/open_comedo/tiswan_002250.jpg,0a0bd2263c6f3fa9fdfdc31093a489590c61d72b117feee883caf3e81c09f3d7
datasets/skin/acne/final/subtype_classification/test/open_comedo/tiswan_002251.jpg,d2c74a2cc8da79874a56371426c65657ef2db7d71b7960601b43341de23cc935
datasets/skin/acne/final/subtype_classification/test/open_comedo/tiswan_002252.jpg,f41a6fb294f5cb9146d8b8b8340f0ca95f004fe50757f0b04c3e00bbdc651cd1
datasets/skin/acne/final/subtype_classification/test/open_comedo/tiswan_002253.jpg,90cf7b1015a88cd61b1adf828bcd36e024cc1674fdeb9ae19c6346b2b869a808
datasets/skin/acne/final/subtype_classification/test/open_comedo/tiswan_002254.jpg,ff3c0714f504ba4fc8e22cc7ff3a98732aab96cee4845f726deb1e03f016c405
datasets/skin/acne/final/subtype_classification/test/open_comedo/tiswan_002255.jpg,f2da991973dfe2ad114abe494cffa9ac1d2f815d556aba14969a8a58210f313b
datasets/skin/acne/final/subtype_classification/test/open_comedo/tiswan_002256.jpg,26ff4df1ad388097099caebf361471d6e0cb7e46012f54e88d517a2806c8fd72
datasets/skin/acne/final/subtype_classification/test/open_comedo/tiswan_002257.jpg,04043de3ec1ab1d0af63e221350ba32052d4aecde650b2d30f613f05e5962ac2
datasets/skin/acne/final/subtype_classification/test/open_comedo/tiswan_002258.jpg,c3eda1a76cd806fd08a5f92c35cd945424ae5fa8b3fc398dcc2e89fe7bb4460a
datasets/skin/acne/final/subtype_classification/test/open_comedo/tiswan_002259.jpg,a4a1870238a03c0a338149ed92bb4f465ab58f473e91a95eb5a0b5f0a3d3bd41
datasets/skin/acne/final/subtype_classification/test/open_comedo/tiswan_002260.jpg,e1482fbbdc6d8a166629aac46d79214a82889530be994de7cabab9eb7ace6e7e
datasets/skin/acne/final/subtype_classification/test/open_comedo/tiswan_002261.jpg,377b8f0ad93d72035667eaf7b788866695e2157ece75205dbb7337847392464c
datasets/skin/acne/final/subtype_classification/test/open_comedo/tiswan_002262.jpg,d0502bdface6d3c816fa2b2691c55f2769dd84b6ce05fd2a8ce6a63c903a1ba7
datasets/skin/acne/final/subtype_classification/test/open_comedo/tiswan_002263.jpg,2ccdc3e2e106bd0160cc3628f13899535bc04283a9f39e8b7ce0fcac267c815b
datasets/skin/acne/final/subtype_classification/test/open_comedo/tiswan_002264.jpg,b54fb72cea1ee07db3c9193e92a589a9439b9670971261ad01ff74b0ad179e6f
datasets/skin/acne/final/subtype_classification/test/open_comedo/tiswan_002265.jpg,a0d42ba6951341080a1ab1f99ee83ab5dbb58a163bf219e937768a2d96afcee6
datasets/skin/acne/final/subtype_classification/test/open_comedo/tiswan_002266.jpg,cd6bc54297f619eb1b4f73dbf2a88ff9947540f20abfc8f9df65c00817b83fc2
datasets/skin/acne/final/subtype_classification/test/open_comedo/tiswan_002267.jpg,047c6c9b83eaafbc218d9d485c737b4ee5624856734a45b861042e560393aca5
datasets/skin/acne/final/subtype_classification/test/open_comedo/tiswan_002268.jpg,58638e2b43d3a513633277fd6a776a78c018467bea5c2298ad8d58bc5f928dff
datasets/skin/acne/final/subtype_classification/test/open_comedo/tiswan_002269.jpg,02d0dde17fb5a73bab519cfcfb32a2d247a7b7fcf7f66ef8ec52a0e87ed3a4b8
datasets/skin/acne/final/subtype_classification/test/open_comedo/tiswan_002270.jpg,1c412167911f1087cfd02e99687bcd837242cfcf9e70dc74bab5708abeb71a27
datasets/skin/acne/final/subtype_classification/test/open_comedo/tiswan_002271.jpg,1d422ba951d388bc87009e4b062729da177cd92e4b9708681a304027d780e705
datasets/skin/acne/final/subtype_classification/test/open_comedo/tiswan_002272.jpg,2105d6bb156aafc59eda3dcf4289f44412d92b7be25312e2a2e4ae2e3af3b588
datasets/skin/acne/final/subtype_classification/test/open_comedo/tiswan_002273.jpg,10837e91ace9068deab1b7e26894f6cb90351128f2d583c22aaab68372005d7f
datasets/skin/acne/final/subtype_classification/test/open_comedo/tiswan_002274.jpg,0b542d676f6b0e2f9581d015ca696c69458e7a74aed3a81854ca96650c953831
datasets/skin/acne/final/subtype_classification/test/open_comedo/tiswan_002275.jpg,9b65a94565fac0cb0330b2c9a5bd62ec5d02de8c80ac8ca5f23cbed9ad97ba4b
datasets/skin/acne/final/subtype_classification/test/open_comedo/tiswan_002276.jpg,336b924fe82feffbbd6afad96aa78a943d59ee27b1d9a623e791946960101004
datasets/skin/acne/final/subtype_classification/test/open_comedo/tiswan_002277.jpg,9e7256b23cc15be0ee661ea4426fa5643552d2dbe6e77b14a30c8df6bc5d1c51
datasets/skin/acne/final/subtype_classification/test/open_comedo/tiswan_002278.jpg,bd07a39f1b6e8419a2f44d6a37ee1f839fe38ece6573794096b3d553f6ae1e0e
datasets/skin/acne/final/subtype_classification/test/open_comedo/tiswan_002279.jpg,159b1227eff1b643d70a73420093314ef65c358984c930d3b097d341f0156dce
datasets/skin/acne/final/subtype_classification/test/open_comedo/tiswan_002280.jpg,687306cc3c280bfd94e69b5748912ec58b31d17b8d9ad50b1db3593af3210899
datasets/skin/acne/final/subtype_classification/test/open_comedo/tiswan_002281.jpg,cf7bf811acd0e8ce89803d2948337a5bc4a2110e44ac66070d932dd55092be72
datasets/skin/acne/final/subtype_classification/test/open_comedo/tiswan_002282.jpg,d173ce16db9912db3baa823948ae35c33f815e83e327a7f9d5b69fbbecf94d7c
datasets/skin/acne/final/subtype_classification/test/open_comedo/tiswan_002283.jpg,1af1cfc94d17c9eb443ce808ecd07a5782babba02b2d7742d23debf30e29eda0
datasets/skin/acne/final/subtype_classification/test/open_comedo/tiswan_002284.jpg,8014fe51d982cac4fb91ef2790d3093f293a00518dc3f7fa53316dc6254758b3
datasets/skin/acne/final/subtype_classification/test/open_comedo/tiswan_002285.jpg,946a0531b953bb13bbbe26b29a61d22859a10ab35d9da71950d8c14bcb1db12e
datasets/skin/acne/final/subtype_classification/test/open_comedo/tiswan_002286.jpg,49a3494449c8800e93b7735e7eaaadbb50f6683975dd3be1eaa7079a7d54c954
datasets/skin/acne/final/subtype_classification/test/open_comedo/tiswan_002287.jpg,1dd05d8fb46ab8b1e19cac7d28c4b5d00407e1dd2d26d251dc84ec1d318ba66a
datasets/skin/acne/final/subtype_classification/test/open_comedo/tiswan_002288.jpg,e1cb8b696400667d5424e303383304361adc4bdd1dc520137df14c010bdba971
datasets/skin/acne/final/subtype_classification/test/open_comedo/tiswan_002289.jpg,457c14955a4795a9b6726e8aaaff75aa5db3e2e224167a34b334911eaef414b3
datasets/skin/acne/final/subtype_classification/test/open_comedo/tiswan_002290.jpg,6c247e5dc766ba7274385053efa4efddf706db358b8b303e8cc8141df1707ba4
datasets/skin/acne/final/subtype_classification/test/open_comedo/tiswan_002291.jpg,815f6fad7c3e72b3b3d7fcb45ddc7c6448ca40ef0dd0586fe8f8cfab87b11393
datasets/skin/acne/final/subtype_classification/test/open_comedo/tiswan_002292.jpg,612fa03c48c94ffd2547a65ad85c6c93926ad8b41176a1172740d2d12bb00001
datasets/skin/acne/final/subtype_classification/test/open_comedo/tiswan_002293.jpg,7c0d9469787e5483952997f8bdc2e59ad81f51220337febc3d3d3d4734e33906
datasets/skin/acne/final/subtype_classification/test/open_comedo/tiswan_002294.jpg,07b9a259493d9dda27f8edfd68489fa27cc82f66cfb1a371a85f8ec25de24b51
datasets/skin/acne/final/subtype_classification/test/open_comedo/tiswan_002295.jpg,d49dd82dbdec8bcff17b8f2244516a5c858135426214d621e2d0ead68677772c
datasets/skin/acne/final/subtype_classification/test/open_comedo/tiswan_002296.jpg,c05e2cae40ce1054920a74e41c66483e3a9e69e1bc8c2010bb6ccebb40663000
datasets/skin/acne/final/subtype_classification/test/open_comedo/tiswan_002297.jpg,09c5c3d6ff445a53dfeafd313a4b6584261f4a3bbbd3f9c0b138f0222b91992c
datasets/skin/acne/final/subtype_classification/test/open_comedo/tiswan_002298.jpg,5eabae3b07826ce9282f73ebea274b3f5cec81f09165859f85ccee9a7b1637a0
datasets/skin/acne/final/subtype_classification/test/open_comedo/tiswan_002299.jpg,ffa67909e16491567b2647935036447562fa474d1bd01ce0b94154bd5f634828
datasets/skin/acne/final/subtype_classification/test/open_comedo/tiswan_002300.jpg,8edded17e175ade1503b8c6ac0d554234e1803d996b0526afb62bd45762858af
datasets/skin/acne/final/subtype_classification/test/open_comedo/tiswan_002301.jpg,174341d4977107125563350b94d8e8c35f2de4b2e0d64ce5e7cbe1b6ee2d88c6
datasets/skin/acne/final/subtype_classification/test/open_comedo/tiswan_002302.jpg,ad6049a0ca1424e7b3028944a38cda2712ad2c501824fa8ab06df4179317dfb3
datasets/skin/acne/final/subtype_classification/test/open_comedo/tiswan_002303.jpg,8c290a56dc8b19ee092fce085bb5fd4f17385737173b38c2baa4d1b85af406d7
datasets/skin/acne/final/subtype_classification/test/open_comedo/tiswan_002304.jpg,386cbbff2504658053abdb3346221f3377388395957301141a0183216d75fbd5
datasets/skin/acne/final/subtype_classification/test/open_comedo/tiswan_002305.jpg,132a1197b3b5293619f68944ee859724c8ba0ba4af889864e4b0ff365281e160
datasets/skin/acne/final/subtype_classification/test/open_comedo/tiswan_002306.jpg,2f2ece46d14f56490e1642e674ee10421478c6571e7101da9de9f1adcff22319
datasets/skin/acne/final/subtype_classification/test/open_comedo/tiswan_002307.jpg,97c5dc26ae09f2dfd110bdf863a27de6e92b2bb68a2054f874980d398941ed07
datasets/skin/acne/final/subtype_classification/test/open_comedo/tiswan_002308.jpg,594ea0d89aa9e32addb2ddfeaab050420759e49fda3c56ee95297aff817f9547
datasets/skin/acne/final/subtype_classification/test/open_comedo/tiswan_002309.jpg,3e1f28ca673f950b7edb379147e1dc06f6a3167eb9c769befe5d6a95cadf22ed
datasets/skin/acne/final/subtype_classification/test/open_comedo/tiswan_002310.jpg,8892ab3161ace0e436df62b5b41a0d36c3e0479a8a9dd6ef00c02920d84f08a8
datasets/skin/acne/final/subtype_classification/test/open_comedo/tiswan_002311.jpg,8d45b41c9d6a8572af9c4da92deb2c799fbb7a13a3ca90cf4db08e8203f699a4
datasets/skin/acne/final/subtype_classification/test/open_comedo/tiswan_002312.jpg,05db56845a057ba4be531d0c7c154180fbdebabea0b28abd2a9663e54f908e6c
datasets/skin/acne/final/subtype_classification/test/open_comedo/tiswan_002313.jpg,cb25f0662cf19a2074b8f9f5d9a0fb57155791afc8758556bbde3c5866ef80f8
datasets/skin/acne/final/subtype_classification/test/open_comedo/tiswan_002314.jpg,099710ebc0c272643215bfe9aeb3ac28f887f55c30f9b52caeb2f20f8ded1fb1
datasets/skin/acne/final/subtype_classification/test/open_comedo/tiswan_002315.jpg,eda22d7eabb3f88392dcd4c27a331d8f6e5ce9b38ddf6dcb8dc8ead2abf33be3
datasets/skin/acne/final/subtype_classification/test/open_comedo/tiswan_002316.jpg,e29a29dd6332d1851b9c3d04cd1a3d357f8f11299202da7053dbdc7d490bea9b
datasets/skin/acne/final/subtype_classification/test/open_comedo/tiswan_002317.jpg,053e026c1b83d7c196a0b74c542929bddfb234308fae36deeba76427a0e492c6
datasets/skin/acne/final/subtype_classification/test/open_comedo/tiswan_002318.jpg,bce69ab910188437bb3f374867d0dae110012f5dcb76ec39799e9ec753d2df7f
datasets/skin/acne/final/subtype_classification/test/open_comedo/tiswan_002319.jpg,d3f0fbc920ebf0b9d2d15ecc809c029130576ec38bba8fc2f1e9d3f32e6337c5
datasets/skin/acne/final/subtype_classification/test/open_comedo/tiswan_002320.jpg,5f6efee5b8ac6406c915831487b9d53dc2a3d45a80ea17cc9e40da91d8f8b24a
datasets/skin/acne/final/subtype_classification/test/open_comedo/tiswan_002321.jpg,a0beb6ec2a106d1d7d0672c9d0b4099efab7381501224efdfcd7b4b92f24b6db
datasets/skin/acne/final/subtype_classification/test/open_comedo/tiswan_002322.jpg,7ea4f6271dcb8ad290cc3b58ad660af673dec2708d9971f89459557a9272959b
datasets/skin/acne/final/subtype_classification/test/open_comedo/tiswan_002323.jpg,926459d8adebf43b387e990db66d3698afaa707870930ecae844eb93a35b1a52
datasets/skin/acne/final/subtype_classification/test/open_comedo/tiswan_002324.jpg,1ce6bf4ea515d62234a58f1fc5ff558c00de05b85db6baaae37529ad68258256
datasets/skin/acne/final/subtype_classification/test/open_comedo/tiswan_002325.jpg,d249086aefe9e3ce628ae18539516ee158e6f67ee18d0e3bb96ea7b50ed0be3b
datasets/skin/acne/final/subtype_classification/test/open_comedo/tiswan_002326.jpg,a5465b100fa7e7b4ff0e74c50c7f8705660f47656993f100615304190adb1103
datasets/skin/acne/final/subtype_classification/test/open_comedo/tiswan_002327.jpg,0da308fe4027c1aea9a3300ee77dde51777a9d42467a424e4e2cc6125ecf72bc
datasets/skin/acne/final/subtype_classification/test/open_comedo/tiswan_002328.jpg,1064fa320ac22d5ffdf0f66e40798068271b5e3f4f63471748d941423eab0ad4
datasets/skin/acne/final/subtype_classification/test/open_comedo/tiswan_002329.jpg,810d02232d6ec4df603ca9d0cbc69e9b90ff418fcb5ed71e495caed160c71437
datasets/skin/acne/final/subtype_classification/test/open_comedo/tiswan_002330.jpg,12bd8fbcc6a9e0bfd70649549dbbea151ca5364428016f11678a7be327676a35
datasets/skin/acne/final/subtype_classification/test/open_comedo/tiswan_002331.jpg,79ebee74e8ef31f611c185cf853f8d0cdbd99466fee856146df4a338fd0eb483
datasets/skin/acne/final/subtype_classification/test/open_comedo/tiswan_002332.jpg,91843a956a92ad625b54a9f089f6529cf21657c63e8923e34eccd7555815a6d7
datasets/skin/acne/final/subtype_classification/test/open_comedo/tiswan_002333.jpg,b9a3b0578d3d1e26f67d8688b27cb44f305ed9be7aaa9c60b68f079f344232ad
datasets/skin/acne/final/subtype_classification/test/open_comedo/tiswan_002334.jpg,8acc76dab26494c5f47f1e5ec3886d93e9f284e9da5781421bbca900348d39ec
datasets/skin/acne/final/subtype_classification/test/open_comedo/tiswan_002335.jpg,c2bb6b6615ce805e99f5c8b6c7cfc574c71d53b8f4e0be40775fd5f876e6e6ac
datasets/skin/acne/final/subtype_classification/test/open_comedo/tiswan_002336.jpg,e64a7ddf9c9004490f4fca4e1f2b0670bd14fb0dcec4c558c4bcc7b1b1279838
datasets/skin/acne/final/subtype_classification/test/open_comedo/tiswan_002337.jpg,b6c281f9be3330527bcf0c85a5f0453d9c47384d350c0df3343875d9593dcf89
datasets/skin/acne/final/subtype_classification/test/open_comedo/tiswan_002338.jpg,1c48346f43d678505e89ea8b4ec0fc46f7e649634ae9ac7bbf574404a75052fe
datasets/skin/acne/final/subtype_classification/test/papular/dermnet_000293.jpg,25d7827075d6f573ef966150d58507964403c049c2b83be864d62eab28c0d949
datasets/skin/acne/final/subtype_classification/test/papular/dermnet_000294.jpg,2314a983e9aefaff8d5ac861ca8205251c1ab42bd63b95703a9d346d416b3871
datasets/skin/acne/final/subtype_classification/test/papular/dermnet_000295.jpg,f2e77a5da496e2f86f03ce926ec3fe34e89790b2615648c51b5270ec317742d0
datasets/skin/acne/final/subtype_classification/test/papular/dermnet_000296.jpg,abd9390e7c9008fcd3269fa781ca07c6f3e2121df96651307fd353d9732166d0
datasets/skin/acne/final/subtype_classification/test/papular/dermnet_000297.jpg,7ff179df01d8b5d3b585a7cc0a504f0c9edbd48fb3d506264d197b9553214f2e
datasets/skin/acne/final/subtype_classification/test/papular/tiswan_002435.jpg,a5512d2d42cefd91e5f9406a78d8199ff4f74d038df16dfab21df511baeec054
datasets/skin/acne/final/subtype_classification/test/papular/tiswan_002436.jpg,fa21c01e9d8dc601d8f0738687f638341b8134672103e3c0bb135aef32e9e0f2
datasets/skin/acne/final/subtype_classification/test/papular/tiswan_002437.jpg,da2c5cb3421a16db29ff96e49ba55c1ac8a441969b4c9d70dbfa8488d6f6e600
datasets/skin/acne/final/subtype_classification/test/papular/tiswan_002438.jpg,b16960ed50164a5e8a24818ae114af9ae87b9e59476f0ca1685780747310c0aa
datasets/skin/acne/final/subtype_classification/test/papular/tiswan_002439.jpg,bdf8fa00d1da92db70b8d63aec135c53ebac598090393033e736b94a6cd3aa99
datasets/skin/acne/final/subtype_classification/test/papular/tiswan_002440.jpg,17622bf0ce29a909fb94445fc5f35a5dd5998bcaa47788a7bb603655a428cd8d
datasets/skin/acne/final/subtype_classification/test/papular/tiswan_002441.jpg,a5e2804cac6e6adc2977fd3a7b74629932033aa2c313cfaeb278df6278692c30
datasets/skin/acne/final/subtype_classification/test/papular/tiswan_002442.jpg,d410bf3f17811a6ef46eb3ef75e36d0b3fd012cdc461bc25034a1d8289f9205e
datasets/skin/acne/final/subtype_classification/test/papular/tiswan_002443.jpg,7585b52214ebfde182fac9e52af4d47a66e2b11afd7f6f298b6c82a57ae32665
datasets/skin/acne/final/subtype_classification/test/papular/tiswan_002444.jpg,804f30e4b69836242cd7d968280e949d065e87a969ea7789e1c53760a8e3f7fc
datasets/skin/acne/final/subtype_classification/test/papular/tiswan_002445.jpg,cdbe1a5a8d07bf17acbbf6c378f02d5e8264d89b56a933dacae5adff114219c0
datasets/skin/acne/final/subtype_classification/test/papular/tiswan_002446.jpg,42b809244f0bdb40553a161269ec3f79a678e0cb367a568cfd8c2513f76e1c7e
datasets/skin/acne/final/subtype_classification/test/papular/tiswan_002447.jpg,467309e60c91dc04c9fea3c0e7f08b5e8f3a6b28c87dc5a37f6e57fd70bd615f
datasets/skin/acne/final/subtype_classification/test/papular/tiswan_002448.jpg,dc0ba05dcdd4086222359dd64883452fa3ed1c1814e000bdac1819f4f1befa11
datasets/skin/acne/final/subtype_classification/test/papular/tiswan_002449.jpg,d36856ead05b21eb5d6d940e39ad9fda22fa7e73693c10da0849eed7c007a1d0
datasets/skin/acne/final/subtype_classification/test/papular/tiswan_002450.jpg,89201d0667fe8b3f1e0e746d7db2cddb2efd493e169ce70d6392fd802cefb90c
datasets/skin/acne/final/subtype_classification/test/papular/tiswan_002451.jpg,7c22c442063d12eb9ccf70d76ff82d4a8811986709e85cb98c581160703e1779
datasets/skin/acne/final/subtype_classification/test/papular/tiswan_002452.jpg,d1ea7c3df3c180e6a441b9b139f516dc0ad2b89ef2c1dcdff9e10bc0e6f8da42
datasets/skin/acne/final/subtype_classification/test/papular/tiswan_002453.jpg,456397b6e839dec92220bf4b19eac3918eb399767b47573420f7a7616d64b616
datasets/skin/acne/final/subtype_classification/test/papular/tiswan_002454.jpg,9189bbdceec74e1efac4f95ffdb021caf5761227bdc543264848ca7297b43f79
datasets/skin/acne/final/subtype_classification/test/papular/tiswan_002455.jpg,01599faa560e459e644d18ffbd8f3284c032a7ce35705f834e884f5fd204b355
datasets/skin/acne/final/subtype_classification/test/papular/tiswan_002456.jpg,34e0e6e49e26f7201d4c71393d794573c2bbdf9a8d3df4485133ddd758288c58
datasets/skin/acne/final/subtype_classification/test/papular/tiswan_002457.jpg,112c34d95f57e55da69eeb8017a151fbf34ad6495b6c195b36322708973645ff
datasets/skin/acne/final/subtype_classification/test/papular/tiswan_002458.jpg,ecbf80d7f371d89734a5f4b97d984540cbb93cb98354245c67250f73ebc9b698
datasets/skin/acne/final/subtype_classification/test/papular/tiswan_002459.jpg,55cfefdd4630e9ece8b422dd7007534b257040b22fc37f0a5d5732a151deb934
datasets/skin/acne/final/subtype_classification/test/papular/tiswan_002460.jpg,0fb2f799fe70f8b789da688efa81716ec8be82463ac962720cf0c8805f679266
datasets/skin/acne/final/subtype_classification/test/papular/tiswan_002461.jpg,dd46c30e7e219e864af44b435e812d3b38bbf7b5fb55c31afaa84cf97a991367
datasets/skin/acne/final/subtype_classification/test/papular/tiswan_002462.jpg,8319f436a14357d00523f5a0ffcdfc5cc2a1f033ab56e2acb8285a9bb78b660e
datasets/skin/acne/final/subtype_classification/test/papular/tiswan_002463.jpg,8ea72f32663a6219e32bd37c6897138d7253fc19a6c6e34371783d46a720140b
datasets/skin/acne/final/subtype_classification/test/papular/tiswan_002464.jpg,6fa3e813effe6ea0c0f46b27417611c7065a1532903e2257b151e2f0da914ece
datasets/skin/acne/final/subtype_classification/test/papular/tiswan_002465.jpg,8e52a03680b95888df22b9708df2512e45b564a28696748cff0e1cf4d057342e
datasets/skin/acne/final/subtype_classification/test/papular/tiswan_002466.jpg,f8c24accb8655c68aade5703588512b13239a2b3575daad657ea94f3e79da52c
datasets/skin/acne/final/subtype_classification/test/papular/tiswan_002467.jpg,680ea6c1e8239142167f6c71249baa347cdd34ee7ee8e9d7ad6d9ac4a7a696a2
datasets/skin/acne/final/subtype_classification/test/papular/tiswan_002468.jpg,30c64c6450cd9963eaa8bd1c066d6fead72221ba3d60a6a6ac7b6fee1c7c7ec3
datasets/skin/acne/final/subtype_classification/test/papular/tiswan_002469.jpg,7789b18d76bb285bc8466c1475d11094a55b4b3ac59b775c297a9faf175e839c
datasets/skin/acne/final/subtype_classification/test/papular/tiswan_002470.jpg,5f2143296a00f944f3dbad3f47e32ff30b5e66d98b1cf6ce132c8cb8f677d448
datasets/skin/acne/final/subtype_classification/test/papular/tiswan_002471.jpg,6c70d2aff9f84dde901a0a02fcdbe5bee9dff56823be29306141ae9a0e0fa754
datasets/skin/acne/final/subtype_classification/test/papular/tiswan_002472.jpg,1e272c4219895ab9d0aea3d64eee2cb053b86e7767ae76c7519efa2695413fa0
datasets/skin/acne/final/subtype_classification/test/papular/tiswan_002473.jpg,8df262c5e79684f19557a6ce06205423dce6c04b2d10b3935931d71f3f4e6449
datasets/skin/acne/final/subtype_classification/test/papular/tiswan_002474.jpg,b829316bdedbc6bd24961f391b8aa73ded4446909d71ac72f26316865dbad44b
datasets/skin/acne/final/subtype_classification/test/papular/tiswan_002475.jpg,b22439d50a4ae4ccec0752846f3c9be377ca3bf0181fe2370655062ebd3f5e9e
datasets/skin/acne/final/subtype_classification/test/papular/tiswan_002476.jpg,5999a2455824d07e9307d4dc09791c2a6750b9faf1a07ae286deb86a2a624d04
datasets/skin/acne/final/subtype_classification/test/papular/tiswan_002477.jpg,5dfe9c9e328bec48542f8e6cdecc98d6756888d06fed2b64409d3d058b512717
datasets/skin/acne/final/subtype_classification/test/papular/tiswan_002478.jpg,407ee32bcd8037ea6ce9261791647a7416952b1f70c174c504a9aafec940ee66
datasets/skin/acne/final/subtype_classification/test/papular/tiswan_002479.jpg,6d7376f9688bd1c6f21c133a752158cf2750c93b8335898eb12cd708cf9a1ebf
datasets/skin/acne/final/subtype_classification/test/papular/tiswan_002480.jpg,17a4a34bfcfa3c6fca46059f989d04fba512274fd3268bc3ef72fcdcb54423e5
datasets/skin/acne/final/subtype_classification/test/papular/tiswan_002481.jpg,551213555dff6ff6e606b49e94948f7948ec562c3556badf5bcb767ec6deaae4
datasets/skin/acne/final/subtype_classification/test/papular/tiswan_002482.jpg,52f5e51a7b72448235e8a58f320629e7e5fcf16eb437432c67e3e84f86bdb7a8
datasets/skin/acne/final/subtype_classification/test/papular/tiswan_002483.jpg,ccac385c7885253d168f386eda22a00716b692f7f7975429254aa50a6e4a82a9
datasets/skin/acne/final/subtype_classification/test/papular/tiswan_002484.jpg,3392601cc5f26f6acf36c5ba66637d0a900533c22f0537e085a6b5f70aa5ff7e
datasets/skin/acne/final/subtype_classification/test/papular/tiswan_002485.jpg,f0ccdbb6117276d54ba7288bac9eeca9e1ac08cd7f8d9b39af13377db049445f
datasets/skin/acne/final/subtype_classification/test/papular/tiswan_002486.jpg,f7af01b6c8b261eb0c45682d958e774f6af739051d9350b6b0f7395c8e73f2a4
datasets/skin/acne/final/subtype_classification/test/papular/tiswan_002487.jpg,040172238fa5bddf8268163c9b2bd50badaafe1635448b45727507871e710b6d
datasets/skin/acne/final/subtype_classification/test/papular/tiswan_002488.jpg,e5482566beace5fa6727bb3abba54013e360f399f2f15c9f47178012f036bb02
datasets/skin/acne/final/subtype_classification/test/papular/tiswan_002489.jpg,b9a89d4d1da249128a9d457fe4e1b964169e313edff9d7f2751becb31afa1bf0
datasets/skin/acne/final/subtype_classification/test/papular/tiswan_002490.jpg,1874bbc59042b5ea2ac09619d69978f1be7a166c8e7085af84befd3cb02fc419
datasets/skin/acne/final/subtype_classification/test/papular/tiswan_002491.jpg,e2c47ecc9232a1eed3dc8df08b6ffd0c608f572e80efe4e662dc2a665d20ee47
datasets/skin/acne/final/subtype_classification/test/papular/tiswan_002492.jpg,2418589c53a429b2dfbf82bfe01e8b0ced38f389c00f0de81d25177253d01e17
datasets/skin/acne/final/subtype_classification/test/papular/tiswan_002493.jpg,ad433926a6cc4b66b3bab504a3907cdd03d04d179583ed9561958535f4d4bce4
datasets/skin/acne/final/subtype_classification/test/papular/tiswan_002494.jpg,96893dc2ab624e8e285cc5f55ac307c1eb70160d80c916d3043d5f8eb0786ac8
datasets/skin/acne/final/subtype_classification/test/papular/tiswan_002495.jpg,f03697dc7e290f6bda0ca1252e492330bcc3f0ff511937eb2a6957b562bf5473
datasets/skin/acne/final/subtype_classification/test/papular/tiswan_002496.jpg,e2c9849651d063e1328037ba679d9bd9463c4a1b21bfc10c7c173081e92ce731
datasets/skin/acne/final/subtype_classification/test/papular/tiswan_002497.jpg,5d03f171a08a61c4fb59fb6d633b2c2644b96c049a2bd8d89255fa8f1521fb94
datasets/skin/acne/final/subtype_classification/test/papular/tiswan_002498.jpg,58c969c36858b545e0f85843a4ffb527c2d543e15187b73c02f9095739302983
datasets/skin/acne/final/subtype_classification/test/papular/tiswan_002499.jpg,a4675c722a745f19a4d070662241321c2c0e82eb511e4a6a48ce48e62684c19f
datasets/skin/acne/final/subtype_classification/test/papular/tiswan_002500.jpg,366b8156163dc5388317f750208c1f6e38c39ef6e4d7a237af2a2213561a4f7d
datasets/skin/acne/final/subtype_classification/test/papular/tiswan_002501.jpg,fb1e40754cbd28555fb57a385bef1bfa8f6284a931ed5d93eed59a69c7150901
datasets/skin/acne/final/subtype_classification/test/papular/tiswan_002502.jpg,eb8149769e0a8439a4de9f567a994f4d60e559d680a36711da81634aab274796
datasets/skin/acne/final/subtype_classification/test/papular/tiswan_002503.jpg,7195f800e40fe246e7a36a7f0c201b9c858f55368eb4f2df39cd87713a15648d
datasets/skin/acne/final/subtype_classification/test/papular/tiswan_002504.jpg,aa056885ac1fc6fb6e51f7c9227194080a19e6068e2df4d893a75a0101b35d91
datasets/skin/acne/final/subtype_classification/test/papular/tiswan_002505.jpg,da234de255f80b0e64ed90e0230860a6e32cf872b1e6a1876164ad9aa69ec661
datasets/skin/acne/final/subtype_classification/test/papular/tiswan_002506.jpg,f485c4107a48695160da83651c360f6ba67904de3d0f982e4a46ea06d11af122
datasets/skin/acne/final/subtype_classification/test/papular/tiswan_002507.jpg,eef718f6fc5e3864c4f8fc041c51759394dbad5674f3ced58e59393cdd2beb12
datasets/skin/acne/final/subtype_classification/test/papular/tiswan_002508.jpg,b19b6c2ae0fb31b6dc8e4bd83687f15acc42f7d30d44824b8aab03daa31fbfbe
datasets/skin/acne/final/subtype_classification/test/papular/tiswan_002509.jpg,c7575b4d1a960a0795c4091a40b416e925c29c54662aa09adfad51404e300a35
datasets/skin/acne/final/subtype_classification/test/papular/tiswan_002510.jpg,a6e83dfba3a56d7e125a5b1b4e52ca5104cb33ddb57f40994681465c6c8bfbf8
datasets/skin/acne/final/subtype_classification/test/papular/tiswan_002511.jpg,b15e18d3c1f1fed9202ce928e6858f7b0b90812df860030b7b90df3a624cacd0
datasets/skin/acne/final/subtype_classification/test/papular/tiswan_002512.jpg,823f0111cb289845910a11dcd2de746c44172ec0dfb5d3e345a154d667067c75
datasets/skin/acne/final/subtype_classification/test/papular/tiswan_002513.jpg,51785adb1cc60c115448adae2e945f61d99465cf4c76c2e4f0ec55c1df65cb90
datasets/skin/acne/final/subtype_classification/test/papular/tiswan_002514.jpg,a7627aa0a7233c494e8416bb2e5668e79a178475dae61dd28a5ea33364f34559
datasets/skin/acne/final/subtype_classification/test/papular/tiswan_002515.jpg,61298827a65d7b8674390e3ad0697914d9702bcdf89877e1a5e6da4cab4fc26b
datasets/skin/acne/final/subtype_classification/test/papular/tiswan_002516.jpg,f3289efcf42c48001244787c14fbf29deee887ae6d4b57edf3b3b3582f71d674
datasets/skin/acne/final/subtype_classification/test/papular/tiswan_002517.jpg,fd4951df6ed211e1e2e8cc689d4e0c508699f688ab41d0463e4b9511175b8921
datasets/skin/acne/final/subtype_classification/test/papular/tiswan_002518.jpg,5071817e6b15a88417382f25068266236d9eee6a5173bfa6d91ad2672c92300e
datasets/skin/acne/final/subtype_classification/test/papular/tiswan_002519.jpg,958d01f08a7af3e8e41fd7f1b149fa82ec9d75dd2458a905f34d452ed1591b6d
datasets/skin/acne/final/subtype_classification/test/papular/tiswan_002520.jpg,98ea7b77b482c817634041fad1331bd1720c044570e4819c8ce860fd87d22c7c
datasets/skin/acne/final/subtype_classification/test/papular/tiswan_002521.jpg,004c9bd46839c783d7ffd3d05b359599087b882ea88f141425c0eb3efa617cb7
datasets/skin/acne/final/subtype_classification/test/papular/tiswan_002522.jpg,451d7e30ca6c6e7b36f1f8ac4ea01cff0f6a3403e08fb379159ebbd4208b2f84
datasets/skin/acne/final/subtype_classification/test/papular/tiswan_002523.jpg,91d506791d6584a08b5316e20a83484ae051e412145d513a59ea00e8cfaac8b9
datasets/skin/acne/final/subtype_classification/test/papular/tiswan_002524.jpg,83797f142916783c2f86ca0bb09e0411ad6d75c8bda3829f59a47f52f5457a3c
datasets/skin/acne/final/subtype_classification/test/papular/tiswan_002525.jpg,cfb6ca7d4761feca889f5d39cee9498f86ef4737020c3b2902d4297be27df172
datasets/skin/acne/final/subtype_classification/test/papular/tiswan_002526.jpg,3557103ca7a737497ffd745edcbfadf7285a9ae267cd4c5c861ba6c6f6504c56
datasets/skin/acne/final/subtype_classification/test/pustular/dermnet_000315.jpg,76f802df9b8075a0ebbe67fad8b45c0714d048c3e31dccc575811b903a98dd98
datasets/skin/acne/final/subtype_classification/test/pustular/dermnet_000316.jpg,c6b23a167d0aa1c40feb5052f5957eb65004910822830321541e2a2775f4d267
datasets/skin/acne/final/subtype_classification/test/pustular/dermnet_000317.jpg,db3b3b24feca2df43c469cdca7d43e5969d0ec063acf15e239c6b94536341d53
datasets/skin/acne/final/subtype_classification/test/pustular/dermnet_000318.jpg,c2d76fad13e4e97a6d815b1fe4f46885e49ed20e34df4594fa866ab2e7d38c8a
datasets/skin/acne/final/subtype_classification/test/pustular/dermnet_000319.jpg,4a585270da47bf5744ccb26b058a6d74e5add5928b3fc2914b9f0156e82769a5
datasets/skin/acne/final/subtype_classification/test/pustular/dermnet_000320.jpg,1244fe434cf285995647d3fb7ea1e95f6df2596d0f47af2ced07dfc6ab915cb1
datasets/skin/acne/final/subtype_classification/test/pustular/dermnet_000321.jpg,5ef8091cd48835f5d79f02476d8d793528da0b5f02983ba39205451780dc46ee
datasets/skin/acne/final/subtype_classification/test/pustular/dermnet_000322.jpg,ef39baa9fedc14f4bc7695a77219486f6450971d657506ceaec136c107aeb725
datasets/skin/acne/final/subtype_classification/test/pustular/dermnet_000323.jpg,1914959cfc80b0e32c234025273e719444de817f6dd9aa4eaf414aa8da2103eb
datasets/skin/acne/final/subtype_classification/test/pustular/dermnet_000324.jpg,4b7ff664412fd0bf8bd1aaf83206e77bdbaed76b0b65273c95eb80c3aa160315
datasets/skin/acne/final/subtype_classification/test/pustular/tiswan_002527.jpg,32974be22d06ec7d5af4dbb86c26d7590cb2a922a20e35affeb878b39f223f77
datasets/skin/acne/final/subtype_classification/test/pustular/tiswan_002528.jpg,97720ddfd85fd4b577bb2655d95e1117624ab769bcdefdef00a8a3c22e2a4094
datasets/skin/acne/final/subtype_classification/test/pustular/tiswan_002529.jpg,61e1ec37017dfa372eea4bde73fba11f1a730c6bde29066d6930c756095358d0
datasets/skin/acne/final/subtype_classification/test/pustular/tiswan_002530.jpg,b553a88704449ad4921a44f06386d9034020ccbfe17d8a98d99a98c8a295ffe0
datasets/skin/acne/final/subtype_classification/test/pustular/tiswan_002531.jpg,38959193d3a641034de9673baafc192c9c900b464e1f7d0d1e85e415a9de0372
datasets/skin/acne/final/subtype_classification/test/pustular/tiswan_002532.jpg,e5cddc172ed7deadce122008dc106756063108c8c69dbe561b2fcf3bdd0d48db
datasets/skin/acne/final/subtype_classification/test/pustular/tiswan_002533.jpg,e4ded7fb2ec5e8c25d3b063cdd76abc63b1b328a0a77864ad71715179e7198d2
datasets/skin/acne/final/subtype_classification/test/pustular/tiswan_002534.jpg,46b9a5fc96b22954b33de8d07027b1f80c9ec4111facc3eeea14dec07429bf6e
datasets/skin/acne/final/subtype_classification/test/pustular/tiswan_002535.jpg,3472cbafccbb12b9df3352ad61c737e70e8ae3f74aba5b39587dc7f70510f2c3
datasets/skin/acne/final/subtype_classification/test/pustular/tiswan_002536.jpg,ef2c16b68eb1a9db341b1ca9287739cbfa8e29f3d89694ce2edbe1ea9e2a658d
datasets/skin/acne/final/subtype_classification/test/pustular/tiswan_002537.jpg,72030d7ca49fa1a6a31ea3d99c80c9db088a53bb4db593e3e6d4e794d55e92ed
datasets/skin/acne/final/subtype_classification/test/pustular/tiswan_002538.jpg,c9baaa4d6415b3ac9dbd81a780286e8d7ba881417f83bebf47f944accb21e648
datasets/skin/acne/final/subtype_classification/test/pustular/tiswan_002539.jpg,5f474bd2a0eeee42212fd5c2791aab72762f30d95e37e7e53d7669c548b99f81
datasets/skin/acne/final/subtype_classification/test/pustular/tiswan_002540.jpg,ac273d5fd5d14f685261e779f57359f56abd9152b97334bc0cb6fc1596cead97
datasets/skin/acne/final/subtype_classification/test/pustular/tiswan_002541.jpg,86e57fa4e754b9eb766cbf57dfcf47db2cc118890d86303c23a3d4761e2214f0
datasets/skin/acne/final/subtype_classification/test/pustular/tiswan_002542.jpg,81e98902c85f157b4ac3a0662c55df95ff26f6069252047af924e30a5e0897ff
datasets/skin/acne/final/subtype_classification/test/pustular/tiswan_002543.jpg,ede1ba2b522f112f64c6067100de419e35c7a88fcf5a9c80c55527df6514ceab
datasets/skin/acne/final/subtype_classification/test/pustular/tiswan_002544.jpg,eda52371f4684ccb8c590a0ba1f9a2f1babe2167e72dd290ebd6fc2f91d974b7
datasets/skin/acne/final/subtype_classification/test/pustular/tiswan_002545.jpg,cdc32be270795c45c3c7b85faddbb168b833ab78e2c739866668d5846577c5c0
datasets/skin/acne/final/subtype_classification/test/pustular/tiswan_002546.jpg,d7eda5e9fa15399368c57a6565ac3de6b2ab247b25e24e534ec06004edb13984
datasets/skin/acne/final/subtype_classification/test/pustular/tiswan_002547.jpg,0d88a1836e4a1b64f6a7a6d6adfe5326eb18453c3c1939f8d279c42edfd0f779
datasets/skin/acne/final/subtype_classification/test/pustular/tiswan_002548.jpg,487c09ff175ec3626515437f9bed3b614ff17b6ec6db41748825621f44f9a7ed
datasets/skin/acne/final/subtype_classification/test/pustular/tiswan_002549.jpg,a02e340feb9e822724b90d55f275189c921ca819da3d308e0c7426efc6d2df73
datasets/skin/acne/final/subtype_classification/test/pustular/tiswan_002550.jpg,690b9508bdd80347e758630014f0b5c085b05d8082d060ba8b7143c0293608ad
datasets/skin/acne/final/subtype_classification/test/pustular/tiswan_002551.jpg,34ad7704ea79b7e29819f286c5fac8d2f59095025362a4a6e35cbb9bdec97d90
datasets/skin/acne/final/subtype_classification/test/pustular/tiswan_002552.jpg,727a9109011d1a88f539fbe2dd65c649b13b3d3e28fb345fe2c4a5e6b2474d43
datasets/skin/acne/final/subtype_classification/test/pustular/tiswan_002553.jpg,c6742a4c63f3ce74c150a3864e17f1eeaab8ba192cfda57175c8bb7e90c156f7
datasets/skin/acne/final/subtype_classification/test/pustular/tiswan_002554.jpg,50791083b2585b68a9c126a3be1a2eaef616c79da6904c607f83ccad6213cfd3
datasets/skin/acne/final/subtype_classification/test/pustular/tiswan_002555.jpg,3c72bc920762a2a2d5b492e627b95e269359a49b0003eec02af093b7370b951c
datasets/skin/acne/final/subtype_classification/test/pustular/tiswan_002556.jpg,158eb11af82e4ec4bab00934a10fee82f1400021ef97e26b835a66dbc586e17a
datasets/skin/acne/final/subtype_classification/test/pustular/tiswan_002557.jpg,caf0cddd0efaff9f432d73b6080985618e9cf0f473f1770f19cb1fcf65df5ceb
datasets/skin/acne/final/subtype_classification/test/pustular/tiswan_002558.jpg,7f246755377cd49ba522d12cd199aba4f9cf2ca24c95f01270c3cf82eb23b4de
datasets/skin/acne/final/subtype_classification/test/pustular/tiswan_002559.jpg,439d82c80c47218c26facbfbef1fd77272f58b6ea9774e286ad5a1a3f2671171
datasets/skin/acne/final/subtype_classification/test/pustular/tiswan_002560.jpg,21c84a79993354c210c5a62bbd96207c7f159681bfbe9d0498647a6ae0ab2100
datasets/skin/acne/final/subtype_classification/test/pustular/tiswan_002561.jpg,96ff05442ac0d75ded916801225757c4eb59d1fd4caa05932e42a7e0ae62a9c1
datasets/skin/acne/final/subtype_classification/test/pustular/tiswan_002562.jpg,93b16d743ac946b37395462437ad0fc632a3fddc54e5f0a52b1a50934b621c59
datasets/skin/acne/final/subtype_classification/test/pustular/tiswan_002563.jpg,0ea613aa83e9b8b3a9cbf81843c465a5b2f80279e0e46082dbb4ef7669d95472
datasets/skin/acne/final/subtype_classification/test/pustular/tiswan_002564.jpg,b623f259db2278fc1342a6d138ca20b887cbcb70a27c826a039ca8d78a83c965
datasets/skin/acne/final/subtype_classification/test/pustular/tiswan_002565.jpg,85645e4e5d0846f415fd1d8dd97dc650449d5863a6493d6935102760a8a3de6b
datasets/skin/acne/final/subtype_classification/test/pustular/tiswan_002566.jpg,091c1de3b8eac684b537a4aa62b7571dee1e86b4f57e26d8d3a20f20fb8d269c
datasets/skin/acne/final/subtype_classification/test/pustular/tiswan_002567.jpg,4858ad51b5d761ce5507ff9d07976f6910ee68e8d6a3a497381304a6f218d16e
datasets/skin/acne/final/subtype_classification/test/pustular/tiswan_002568.jpg,cec7942c211726534f9899caf54854a2fd61988c6dc776a0e9e4af5f1ae856a8
datasets/skin/acne/final/subtype_classification/test/pustular/tiswan_002569.jpg,6d5eba4ab2d99e6cdb07d1661b7b79562da25a3272896acce18da61b4c334105
datasets/skin/acne/final/subtype_classification/test/pustular/tiswan_002570.jpg,699f4941b0ff6dcdceaeb94761562eb0506ae36d36e12e3cf1f0c1be12bf5d83
datasets/skin/acne/final/subtype_classification/test/pustular/tiswan_002571.jpg,4c91ac25e582c5a81168431060def119c3487e3faddd2d3ac17d1725c11c992b
datasets/skin/acne/final/subtype_classification/test/pustular/tiswan_002572.jpg,023face5df4a67bd56eccc990cd873aa97aa4c85b87bf06b5bb00db540948906
datasets/skin/acne/final/subtype_classification/test/pustular/tiswan_002573.jpg,490c622e240322b6d6e835bcb3a8e41e0777d5929199338816e1890c7751f1a7
datasets/skin/acne/final/subtype_classification/test/pustular/tiswan_002574.jpg,27e0d9b727fa13e023b86f15bd241ecdc5847fc7bffedb8cf023352609d86569
datasets/skin/acne/final/subtype_classification/test/pustular/tiswan_002575.jpg,ea4865feb0f9a90ce730e9068d4d145ad6588cc51b9a00bde52be70c6bb69e58
datasets/skin/acne/final/subtype_classification/test/pustular/tiswan_002576.jpg,98f26600e59e4d6403680fb41a77a8b56c2dbb6592165ba0d687790fb8c3b780
datasets/skin/acne/final/subtype_classification/test/pustular/tiswan_002577.jpg,87cc2daef8f2bb8b032180de2e63c7f2c1ef07b2178387add85e5a76c963d921
datasets/skin/acne/final/subtype_classification/test/pustular/tiswan_002578.jpg,a9c3a70edcdee981cd7be3ccbb0b7acfc574d27907f14997fc58f5bc7a955391
datasets/skin/acne/final/subtype_classification/test/pustular/tiswan_002579.jpg,41b6d3de6cc9be2e99effba0978b16a6fcb90f6aa85950f6d13f4ecfc6805c0a
datasets/skin/acne/final/subtype_classification/test/pustular/tiswan_002580.jpg,5b3d8d8bd322d37767b568ba4c062faff688298d81acdd2e009da693e53d25a0
datasets/skin/acne/final/subtype_classification/test/pustular/tiswan_002581.jpg,facbe6376e6a5296dae2a2b37f9f4cd1c48c6c87de44d776246e896bb880d2b0
datasets/skin/acne/final/subtype_classification/test/pustular/tiswan_002582.jpg,f7df1046c98a018a6dde97e0b47d3666927c101ab043cd393346fe4cf54c9659
datasets/skin/acne/final/subtype_classification/test/pustular/tiswan_002583.jpg,782664265572326cca7f41a6d51dccb63e61db0364ed0ac6721e024997d2f5f8
datasets/skin/acne/final/subtype_classification/test/pustular/tiswan_002584.jpg,9d6e61fcb562f9e6b23a1cb1a5266e6dec70363c3bd98bb0c7a26c2003c1d522
datasets/skin/acne/final/subtype_classification/test/pustular/tiswan_002585.jpg,e624e0c782a16929659cc85752ea8b0f27cdb2ebd4637c824cd764b0ad2d29ee
datasets/skin/acne/final/subtype_classification/test/pustular/tiswan_002586.jpg,9fc9fb03f02bedd4baca81063b6567ae056965279a081a2bd74efacd6637056a
datasets/skin/acne/final/subtype_classification/test/pustular/tiswan_002587.jpg,52eb760a2f238654809923d668f809bec4fc882cfad09af124469d58a1c31154
datasets/skin/acne/final/subtype_classification/test/pustular/tiswan_002588.jpg,f7e080726726d82c71062dc2b51a0d2587c1216676604985ae274eb072c87104
datasets/skin/acne/final/subtype_classification/test/pustular/tiswan_002589.jpg,3f2be75c7562c88b71b787ff79e7288f8988e6d5d7751511711ef56c137b349a
datasets/skin/acne/final/subtype_classification/test/pustular/tiswan_002590.jpg,7b655762333e64a7f89b2c04ce01827e76b386348e08b3b4d85c8f58917e855f
datasets/skin/acne/final/subtype_classification/test/pustular/tiswan_002591.jpg,7ebb3602ea8de541f9f5fbf36860176b03796863909bd67b9660046ea75ae54e
datasets/skin/acne/final/subtype_classification/test/pustular/tiswan_002592.jpg,18df31787bca0a8e292c2ef4915a3aaf52b6deb7a068653a4bd641484a30eabf
datasets/skin/acne/final/subtype_classification/test/pustular/tiswan_002593.jpg,8f7c63019a15f4915a5e22644e1e28367b1f476484009f7d428f6c8543337425
datasets/skin/acne/final/subtype_classification/test/pustular/tiswan_002594.jpg,6d71844af756f4189ad59f6147bfbd4e1d6bb6e84e06e565bb8abe065d425cbb
datasets/skin/acne/final/subtype_classification/test/pustular/tiswan_002595.jpg,434b147712818c60c9be19fcf771a5acaac3db2c025259c0488903a42800abac
datasets/skin/acne/final/subtype_classification/test/pustular/tiswan_002596.jpg,dc0ca6c529423ca6645b20dc0472665efafcb88408bb62e36f0d8696d3e59193
datasets/skin/acne/final/subtype_classification/test/pustular/tiswan_002597.jpg,4e14293911bcec2d95b6db1d4f0356cd279ab0ab084ee371a6f540f24e40403c
datasets/skin/acne/final/subtype_classification/test/pustular/tiswan_002598.jpg,b870df23143417102adcc0ae8e2b14efbb8f8a46156b2fd099c4023d87225dfc
datasets/skin/acne/final/subtype_classification/test/pustular/tiswan_002599.jpg,1a8aeb79928cf1746864a5f6689d044014cdcb79b0879689b4201a8cf9905e2e
datasets/skin/acne/final/subtype_classification/test/pustular/tiswan_002600.jpg,0d935cde18b34e40e69ab7d06fccbd343adb0ee0a2a04bea1e4a01c9e22dce93
datasets/skin/acne/final/subtype_classification/test/pustular/tiswan_002601.jpg,aa722a7fbfd3c7e37e47367f381d38d40162de8fea29fab869155904ba9cddd8
datasets/skin/acne/final/subtype_classification/test/pustular/tiswan_002602.jpg,7311d5b15561c98313d2b02ffe4ccc759a8d3e1176b6d95c1e16f96f2daf1fa9
datasets/skin/acne/final/subtype_classification/test/pustular/tiswan_002603.jpg,8bac21a173aceb9a75ffb56cd9c991aa02554a88723af31faf5a5742c89d2585
datasets/skin/acne/final/subtype_classification/test/pustular/tiswan_002604.jpg,a04b858173c454eb5148842c9be880fd6b7c5bacf43a832af6ef7cf4b90e5de4
datasets/skin/acne/final/subtype_classification/test/pustular/tiswan_002605.jpg,fb1671eed17f1ac37beb9b3cc945fbc45271cb1d7b77f21ada57fbfa1e45a7b1
datasets/skin/acne/final/subtype_classification/test/pustular/tiswan_002606.jpg,bd4743a7f47b5f74ab28e2eb08d24240906e07b41b3a92fec338541fe502714e
datasets/skin/acne/final/subtype_classification/test/pustular/tiswan_002607.jpg,8d5f6a40100dc60bc88073342c0fe77a46b6361be46aacabe4d834c1941a2d1a
datasets/skin/acne/final/subtype_classification/test/pustular/tiswan_002608.jpg,e4f19fc73c4df48f173333f8950347b05c9c506a2c647eb66cfbc7c7009e0f40
datasets/skin/acne/final/subtype_classification/test/pustular/tiswan_002609.jpg,94fba81396b2b23e9ceb73453d745cfd9d32989c10bbc73581221de7a3fc1419
datasets/skin/acne/final/subtype_classification/test/pustular/tiswan_002610.jpg,0251a9c0876918bea751284c4419549d651ebae6df1734ec80d3e01e43204d35
datasets/skin/acne/final/subtype_classification/test/pustular/tiswan_002611.jpg,273126709a3114067382c8d9a113dd324795abff4279df14de6d164fc79400d7
datasets/skin/acne/final/subtype_classification/test/scar/dermnet_000268.jpg,09e6947639cbec370d53d768e080925ab297a780ffc851d5395c8cbc8a0f1aca
datasets/skin/acne/final/subtype_classification/test/scar/dermnet_000269.jpg,b6d7b57d853394c2014a3747cbb2f912e49830947041a0bb9714e7eea1b3619a
datasets/skin/acne/final/subtype_classification/test/scar/dermnet_000325.jpg,ad325ff7dbb5f5809c8127dca7053750daaf505e3ce67d70eee65572cbca6f26
datasets/skin/acne/final/subtype_classification/train/closed_comedo/dermnet_000001.jpg,d95c49f044328c21f1c88ce03682dc7eb24a48f883d11ca9254a7998a1ff0716
datasets/skin/acne/final/subtype_classification/train/closed_comedo/dermnet_000002.jpg,7d4fe7c238cacb6e19687af137b666e48b4681d94271fbc3cd69eb5ad80af987
datasets/skin/acne/final/subtype_classification/train/closed_comedo/dermnet_000003.jpg,817dc2d7714a9120df69c2cd35a1f15d07e5c751dbc94bea0a6b66f386890ba0
datasets/skin/acne/final/subtype_classification/train/closed_comedo/dermnet_000004.jpg,1727a6ed82817cb8fa951903c1e1c3938fe2603c2cbd262120d232922a22ed5f
datasets/skin/acne/final/subtype_classification/train/closed_comedo/dermnet_000005.jpg,dbbcf0d785e13c0f05a2a834fcd8db4eebaf7b2980fe533f7b0969020d9db454
datasets/skin/acne/final/subtype_classification/train/closed_comedo/dermnet_000006.jpg,5169c7c0ad61d1ab8639bb853d1296e8fcf1fe8720e56284028913bd476f9525
datasets/skin/acne/final/subtype_classification/train/closed_comedo/dermnet_000007.jpg,1b18bf42af4101b877c40abaa518d6459a56d424c6c66610087907648cd7b1d1
datasets/skin/acne/final/subtype_classification/train/closed_comedo/dermnet_000008.jpg,80601c6aff8a9971bf49b06e9c30cd1386c7447a69ae2daa807b64c2508eb40f
datasets/skin/acne/final/subtype_classification/train/closed_comedo/dermnet_000009.jpg,769bd7cefdb979d8c46566843f9b9e50daf53a32ae08f5ebb1c387649969bda3
datasets/skin/acne/final/subtype_classification/train/closed_comedo/dermnet_000010.jpg,c700edc6db5f64187cea9765bddb4339c594892fbb9df78757347404c43ebe09
datasets/skin/acne/final/subtype_classification/train/closed_comedo/dermnet_000011.jpg,72a39b2a4f778a92a7067968638720da008fd81818eaa9ea91b7b2987bca7ab9
datasets/skin/acne/final/subtype_classification/train/closed_comedo/dermnet_000012.jpg,65b44f20cbcf197ed84d47ac225c687961336aa2269bffea663def8284f7ee75
datasets/skin/acne/final/subtype_classification/train/closed_comedo/dermnet_000013.jpg,33d607b149e23c70a1859d3b97264edb44a9f53ef5a2b16507b8e6020c88272a
datasets/skin/acne/final/subtype_classification/train/closed_comedo/dermnet_000014.jpg,924ebf0ac37a26d0b02e5827b4afb28bd4b5bc090583e58657dfe2d0636c0c5c
datasets/skin/acne/final/subtype_classification/train/closed_comedo/dermnet_000015.jpg,e63f6cca337d04616495ff5635b4341ee9d9abc6cb02ef0525b5f3a3cf0a418b
datasets/skin/acne/final/subtype_classification/train/closed_comedo/dermnet_000016.jpg,db826a23b7facad10fabe7b4107561ca507c09047775ad02ca845b6234b3c17a
datasets/skin/acne/final/subtype_classification/train/closed_comedo/dermnet_000017.jpg,14c26bf162b8a2e310043fa65192c218137a1376ab98892ec45fd45a17fd4891
datasets/skin/acne/final/subtype_classification/train/closed_comedo/dermnet_000018.jpg,a5171074b1f7b17e104a5fc48d48c1a7717ae85e9d75b32fcb20d641c5b9f6c0
datasets/skin/acne/final/subtype_classification/train/closed_comedo/dermnet_000019.jpg,b2cd6eadf74656d085c64f513c8ed19684f0d20de534681a919060c58565eafd
datasets/skin/acne/final/subtype_classification/train/closed_comedo/dermnet_000020.jpg,202bf4434d0b9bb61c185a7ecf9604033f8f0ca8688555ea1d0c66764c514d77
datasets/skin/acne/final/subtype_classification/train/closed_comedo/dermnet_000021.jpg,02a0f56ee764a2630507b28e0571bbd59d7436330f63db9733a6e456ec9c851a
datasets/skin/acne/final/subtype_classification/train/closed_comedo/dermnet_000022.jpg,8000be908fc24e2ad11504a1c46fac3ae206f2b56e7fc0bc94c91886c84a2889
datasets/skin/acne/final/subtype_classification/train/closed_comedo/dermnet_000023.jpg,77f685852af9593a8b52a31e4bfb53a65771aaf543ebd1b43b99a60858772f6e
datasets/skin/acne/final/subtype_classification/train/closed_comedo/tiswan_001748.jpg,aea40b73169925fccfbc3be275d5111ef35896a7d17c8d4b7c187275548c0601
datasets/skin/acne/final/subtype_classification/train/closed_comedo/tiswan_001749.jpg,16fc81d6f1e3faaa4963715608ae0db710fc51f535328283e75dd76e91c57523
datasets/skin/acne/final/subtype_classification/train/closed_comedo/tiswan_001750.jpg,64a11a1d9db11a0b209ce6f109714f06deb60da068c4a95ac0fa4b705faf45de
datasets/skin/acne/final/subtype_classification/train/closed_comedo/tiswan_001751.jpg,d2a7b62c7055aa4e940439409435ebe2a7d08288b5df6b155e2cfb4f7b76b59e
datasets/skin/acne/final/subtype_classification/train/closed_comedo/tiswan_001752.jpg,83f7568f78c99fd61f4b969ec0b97f0f0d25aeac0695f4a793fc8395c234bd27
datasets/skin/acne/final/subtype_classification/train/closed_comedo/tiswan_001753.jpg,49ffdda6ba4c283efdb7cae0e24a9e7639359a1c3d7a36f3b8caf5dc1af6cc2f
datasets/skin/acne/final/subtype_classification/train/closed_comedo/tiswan_001754.jpg,03c130eaf4679095756dd705ad2dd7b92661cf5b4949acafd07afa8d0367be6f
datasets/skin/acne/final/subtype_classification/train/closed_comedo/tiswan_001755.jpg,0345bb054b096507728d7a60d63724af2e1f9615f7ea417c845c8f2b26e2333e
datasets/skin/acne/final/subtype_classification/train/closed_comedo/tiswan_001756.jpg,2f55738d1b45315fb79ab20a2d2ffb9d3863e2549a55f0b91a505835e8b7c0b8
datasets/skin/acne/final/subtype_classification/train/closed_comedo/tiswan_001757.jpg,17e5b7cc65d7fa6fde40e7b7a01933817ccceb558c9e6cd8fd0a4752b59f78fb
datasets/skin/acne/final/subtype_classification/train/closed_comedo/tiswan_001758.jpg,7a308450277955a736dbe9a26a39efb9bd14d92e93bd955e7bb3c843b09d1360
datasets/skin/acne/final/subtype_classification/train/closed_comedo/tiswan_001759.jpg,5d6a874ca6fbcfc4478d60ec5d0b08511e0b472c3068c834c31b37f0a4f8968d
datasets/skin/acne/final/subtype_classification/train/closed_comedo/tiswan_001760.jpg,610817c8470638bff232fd0fc621d6aff4ec0e6419d75ac06486a534df238f7b
datasets/skin/acne/final/subtype_classification/train/closed_comedo/tiswan_001761.jpg,57e8bd7e6fb0ef605acc4cb5373bf23f0016b27d0fe7b0edc225c98ffdb3dd58
datasets/skin/acne/final/subtype_classification/train/closed_comedo/tiswan_001762.jpg,e1c2c87066d0eaefeea7e436951004d74b4de5a4d90ec0b74c40f4037bc2256b
datasets/skin/acne/final/subtype_classification/train/closed_comedo/tiswan_001763.jpg,c0f1d17acae8fe3684aab870f699b3071d8a87a606c626a1489beba448f04c7f
datasets/skin/acne/final/subtype_classification/train/closed_comedo/tiswan_001764.jpg,1b1fe4cad8d4568d299ce0ce787448a2e7f3d0f49f9dae63bfe25966bdc16dc1
datasets/skin/acne/final/subtype_classification/train/closed_comedo/tiswan_001765.jpg,531641cee1650b8a53dcc33708c398004bfb9ae1aa149092db39d2b0d859df04
datasets/skin/acne/final/subtype_classification/train/closed_comedo/tiswan_001766.jpg,f5ddd3973f4c3ebd5609209a24749a3450db153cb5e724420dfe181009cfeb15
datasets/skin/acne/final/subtype_classification/train/closed_comedo/tiswan_001767.jpg,f2469cd5cd0bf5fb263792210340db6e79a171cbfeadb484377ced3ddfe59bfd
datasets/skin/acne/final/subtype_classification/train/closed_comedo/tiswan_001768.jpg,5f40b563ccfac5dd855638116b39a466d020a16dd99c12b456d7c756b26cacac
datasets/skin/acne/final/subtype_classification/train/closed_comedo/tiswan_001769.jpg,6a56dbcc6816ed918fb4d975811242232b55f495bf9e463132857126f902380e
datasets/skin/acne/final/subtype_classification/train/closed_comedo/tiswan_001770.jpg,ba639928471f984ff12ca98c6be54c2e431a4403de9a06a233a0f0e1615129e0
datasets/skin/acne/final/subtype_classification/train/closed_comedo/tiswan_001771.jpg,b8a3ca05e94f2e80b24c2c0605feb57936f5efe947643b95e4945305427e89b7
datasets/skin/acne/final/subtype_classification/train/closed_comedo/tiswan_001772.jpg,b4ecf99ac9fe3cd337e1aced9a33c9c9011e5b111364fa72b2dc3f6d8dd03475
datasets/skin/acne/final/subtype_classification/train/closed_comedo/tiswan_001773.jpg,2b4f3921fda5ac1f46ac0b6840ca8e430fad0af211aae681e3150e15a7ba7767
datasets/skin/acne/final/subtype_classification/train/closed_comedo/tiswan_001774.jpg,cd376bcced538e72365046cdbaeb9bc73cf223270045408d669e9261ad47567c
datasets/skin/acne/final/subtype_classification/train/closed_comedo/tiswan_001775.jpg,49ebb2c655e496f55c98a1234e5aab598824b1b59ab3bd0e13a82d57b93d9bd7
datasets/skin/acne/final/subtype_classification/train/closed_comedo/tiswan_001776.jpg,c7094eda96573179ff4438eea5681b982e11a077bb62884685d184060ddb55e9
datasets/skin/acne/final/subtype_classification/train/closed_comedo/tiswan_001777.jpg,27d07fdb940948b4363ebdeccde9c54b1f867d731590f13d9a71c41637bab0eb
datasets/skin/acne/final/subtype_classification/train/closed_comedo/tiswan_001778.jpg,87a0c5e6460e083834690e0a6c7cf7d14e47322847593238bd6972c69b64a1f1
datasets/skin/acne/final/subtype_classification/train/closed_comedo/tiswan_001779.jpg,edd84e525fbc053d54922ce67a2c59ed56645d0c405c8ee9dcd46c98089aad6e
datasets/skin/acne/final/subtype_classification/train/closed_comedo/tiswan_001780.jpg,04e557dd9433e8519c128af80cdebb0901ba737ce96b334c2239d298a38ad972
datasets/skin/acne/final/subtype_classification/train/closed_comedo/tiswan_001781.jpg,01882bc4bf4dd09797ea66af3a5a339cc6806e09855b93c31df43fc702f00113
datasets/skin/acne/final/subtype_classification/train/closed_comedo/tiswan_001782.jpg,22fc6b18e1b1c3213fd9accc04084dca0846cd088e455fa3e388c58f0756f6fb
datasets/skin/acne/final/subtype_classification/train/closed_comedo/tiswan_001783.jpg,41df0528014513dba22a2edd459b30bdb6b7e81772704e0cd2288dbf3f9cd6cf
datasets/skin/acne/final/subtype_classification/train/closed_comedo/tiswan_001784.jpg,61a6361283ff3800560744f74268a5dd8edb8178026d7feb8ac6a18390b97b42
datasets/skin/acne/final/subtype_classification/train/closed_comedo/tiswan_001785.jpg,76c88d815eb507df7f4377d2e5cb56af37c0586fdc966ed314930060dba4f796
datasets/skin/acne/final/subtype_classification/train/closed_comedo/tiswan_001786.jpg,52334a36db72dadb5c4de26af558711098f85b737539d7737dfc1c4bbc40ebef
datasets/skin/acne/final/subtype_classification/train/closed_comedo/tiswan_001787.jpg,5401e8cb545b6523ca8514a8b2d4e00c9fbe33c4b1a7ed1f11443b945da9d9f0
datasets/skin/acne/final/subtype_classification/train/closed_comedo/tiswan_001788.jpg,3bd756b8174a353702cfb7a1e30348d94285159885ed39467f6f6c9c614a0b76
datasets/skin/acne/final/subtype_classification/train/closed_comedo/tiswan_001789.jpg,59a284708c05be7f5098327b9fa486001fc92ece6b5dc7979fe3d694d956ae37
datasets/skin/acne/final/subtype_classification/train/closed_comedo/tiswan_001790.jpg,dd0bdd73e08bf8a598028376be40badf44926a15bf5c2eadfc4a61e9f90e8692
datasets/skin/acne/final/subtype_classification/train/closed_comedo/tiswan_001791.jpg,55bed693f11e4832bb83510ccf53f6c29ed8015c7954ee33c313568418830383
datasets/skin/acne/final/subtype_classification/train/closed_comedo/tiswan_001792.jpg,85bf798a0cba2f341ed44740b294a134399ac383e098c0c44fb398686886703d
datasets/skin/acne/final/subtype_classification/train/closed_comedo/tiswan_001793.jpg,749ac6e8e5a7f286d781b4c7681467ec330f4d4cf1b45e869ae7a20b6a35e232
datasets/skin/acne/final/subtype_classification/train/closed_comedo/tiswan_001794.jpg,5c63e7a75defad8ad7fb0334295a10b91f986e76d098a5335e11c4fd8795c2fd
datasets/skin/acne/final/subtype_classification/train/closed_comedo/tiswan_001795.jpg,d4d86a7bad5555f472063ff80b4226384cd518c9e5fae2bbf9373fd48b7be33c
datasets/skin/acne/final/subtype_classification/train/closed_comedo/tiswan_001796.jpg,b3ae8fc12f2ddf9f12f90e00c6e508c1b8f207397bdd92254866f4d4de08c471
datasets/skin/acne/final/subtype_classification/train/closed_comedo/tiswan_001797.jpg,41719af53a5c3aa2dfdd1e1f520786f7ab53b04264bbc5da979edf4062d73317
datasets/skin/acne/final/subtype_classification/train/closed_comedo/tiswan_001798.jpg,2ca2312efafe3149485e4428b0d40a172a9c35f494160c10489faad0d41b11c9
datasets/skin/acne/final/subtype_classification/train/closed_comedo/tiswan_001799.jpg,7f92434900df00f41b15e56c18790ed92e49f40d55e6b7a2df03a9f473daaec2
datasets/skin/acne/final/subtype_classification/train/closed_comedo/tiswan_001800.jpg,cee8957b2597ef9ce2ce225ad2559810909017f551ecbc65643f185f3b95f137
datasets/skin/acne/final/subtype_classification/train/closed_comedo/tiswan_001801.jpg,f6be3d223901527eaad42f842ce0926dfbcc8613763ba71a9bc1d4753642b398
datasets/skin/acne/final/subtype_classification/train/closed_comedo/tiswan_001802.jpg,b823df7d3e5fee2e302b5fbe5f57063be0bb89ffd71b2b6ecf667784db9b16fc
datasets/skin/acne/final/subtype_classification/train/closed_comedo/tiswan_001803.jpg,758bf316262edc499639e09150015a509fd45dbf71f5dc1979281c3a6f487da2
datasets/skin/acne/final/subtype_classification/train/closed_comedo/tiswan_001804.jpg,4b3365b5be6f1c5dca3892968e9d81486c9d5f7e87fbdd8955b8f656eb68a23d
datasets/skin/acne/final/subtype_classification/train/closed_comedo/tiswan_001805.jpg,fe12c372814497f3998174cd782bbec58a194f2aaa4e9b72719296e61bc89295
datasets/skin/acne/final/subtype_classification/train/closed_comedo/tiswan_001806.jpg,aee1df3202c7d7e213dbb81ca1ec92c2a42858d5fe2dfec4672f4a41137e8a89
datasets/skin/acne/final/subtype_classification/train/closed_comedo/tiswan_001807.jpg,210eff3498e48fcbaa0a378f4dcef5d783a63ed2c542433aee455fbf4839c6d9
datasets/skin/acne/final/subtype_classification/train/closed_comedo/tiswan_001808.jpg,227b70283be2425502427630692c9658532c574edc2ddda28a1de85727f7b110
datasets/skin/acne/final/subtype_classification/train/closed_comedo/tiswan_001809.jpg,9a7dcc1edc4ed1a4a2637a46901ddecd6acbfeec01184158de6702b70270ba5e
datasets/skin/acne/final/subtype_classification/train/closed_comedo/tiswan_001810.jpg,f2701ff9112931c387256433be042ff8f1dbb2121e0d7571fd65bab4d8589c8f
datasets/skin/acne/final/subtype_classification/train/closed_comedo/tiswan_001811.jpg,6df84b5cab10eb7977a7bf9f05167d9d2599c80cea5957ce6e944781f3d2512b
datasets/skin/acne/final/subtype_classification/train/closed_comedo/tiswan_001812.jpg,9989a0bca073c33cd671d3c0446372371cfe563f5438c264eafa6f949f2a8a9e
datasets/skin/acne/final/subtype_classification/train/closed_comedo/tiswan_001813.jpg,1fc0c9751dbab8130001def0bc82c3cb645776a795a93e035d9ffb5b6e888a54
datasets/skin/acne/final/subtype_classification/train/closed_comedo/tiswan_001814.jpg,39e96ff78cc70c2e61677670e3c8183cf4844e665a18206a6b833147a3dc159d
datasets/skin/acne/final/subtype_classification/train/closed_comedo/tiswan_001815.jpg,4759fa3e8870607674322376863a36988aa6d8e6b37bba5dc7e0ae6192c631ec
datasets/skin/acne/final/subtype_classification/train/closed_comedo/tiswan_001816.jpg,12b11db3490f0a5cec56229424cd8a9f94037f2f66f6582ab38e059272831722
datasets/skin/acne/final/subtype_classification/train/closed_comedo/tiswan_001817.jpg,bf33c30ebe9b9deddfc6cf9375843104652c058235be6da9e84123ffc0c4a554
datasets/skin/acne/final/subtype_classification/train/closed_comedo/tiswan_001818.jpg,2a2e7b4d11e09960d9de835360cb8a82b01649576b31f79affc02c99298ce49d
datasets/skin/acne/final/subtype_classification/train/closed_comedo/tiswan_001819.jpg,c56c30d65a6f05b5393f4c00a1fe358687df6d23751f7891802f0d1ad9340b28
datasets/skin/acne/final/subtype_classification/train/closed_comedo/tiswan_001820.jpg,cf13fa19cfd8ad77f0f118e91436c31f8bb87373ad08c458cefe6ec1429bcca0
datasets/skin/acne/final/subtype_classification/train/closed_comedo/tiswan_001821.jpg,88ca95003d6e9c5f11b7092da544b984efc2f2a19cf09607f9d2063f4367854e
datasets/skin/acne/final/subtype_classification/train/closed_comedo/tiswan_001822.jpg,27a47772dc8dc3a62fbe82c86efef4900f56b581ab76683ba1540a878b7ddec2
datasets/skin/acne/final/subtype_classification/train/closed_comedo/tiswan_001823.jpg,98fae9e03721afa9ae1f892e0280e17e1d8b62544c497d0945946927bf3f3a4b
datasets/skin/acne/final/subtype_classification/train/closed_comedo/tiswan_001824.jpg,54d4103ed8d64b593a3e660283bf46ff3815724a7b519b9e9b600709526ec6db
datasets/skin/acne/final/subtype_classification/train/closed_comedo/tiswan_001825.jpg,42da0e4128697f082d90cb04b7783c9935de8dc8d7f06d5210b82e6dfe1ae763
datasets/skin/acne/final/subtype_classification/train/closed_comedo/tiswan_001826.jpg,165ab7afc1c9b876557659b85eb3805c08c432bd83b48204f8becc16b0de7f29
datasets/skin/acne/final/subtype_classification/train/closed_comedo/tiswan_001827.jpg,a95f091debe5263900a85cc13fd48d136b4412885e36ab715d4c33897bdcaea7
datasets/skin/acne/final/subtype_classification/train/closed_comedo/tiswan_001828.jpg,263818b1c16dee9d866c33ceb6c176c5e11dd6b86b9ee024c57f2a9706d67389
datasets/skin/acne/final/subtype_classification/train/closed_comedo/tiswan_001829.jpg,4321b5079ba8c3944baa6e500b1571dd98a8220d986f6244794ebf087f898bf7
datasets/skin/acne/final/subtype_classification/train/closed_comedo/tiswan_001830.jpg,0a2938ef8a6f78c4d1f4e7bccf616fed2a30047494fd54183415d54d5648af20
datasets/skin/acne/final/subtype_classification/train/closed_comedo/tiswan_001831.jpg,95c31d63108d345741cd4d0df844a948439754657cb32aad2907a249263843c9
datasets/skin/acne/final/subtype_classification/train/closed_comedo/tiswan_001832.jpg,8bd3f8f7a7f823cb5ab8ae0f2ab8f89c3a3cbbbd0369f44dc6812ad9d21dfe32
datasets/skin/acne/final/subtype_classification/train/closed_comedo/tiswan_001833.jpg,9064b49e455f94e7ed99251966f083db114af98fdd9ba22fad8bfa5516500401
datasets/skin/acne/final/subtype_classification/train/closed_comedo/tiswan_001834.jpg,0bae9ed1d7b7b4466704c2e0bbd93913ae6143e88e18551f077a6f97defc487a
datasets/skin/acne/final/subtype_classification/train/closed_comedo/tiswan_001835.jpg,ec48fe29a4a6b39cd57af0f3578e7db65786c1456b1cb2cb10200de0eb1fe24c
datasets/skin/acne/final/subtype_classification/train/closed_comedo/tiswan_001836.jpg,bfdf8840e88e2ae9fe2534ae2d9549920b19f40ea79c6d0b92e7026aa989fb4f
datasets/skin/acne/final/subtype_classification/train/closed_comedo/tiswan_001837.jpg,a18494ef68a15249ea9fc2fa10ae62101c848c87f5dddb2b9a064dac412e0b1b
datasets/skin/acne/final/subtype_classification/train/closed_comedo/tiswan_001838.jpg,42a66242e63149d3278e40f72188b1e5a8fc9865043513a0d8c2120b24f326ef
datasets/skin/acne/final/subtype_classification/train/closed_comedo/tiswan_001839.jpg,02e98fb43ec1425f754a08f1155304c08c0d10d9170182fca4dc67f6c4c4a8e5
datasets/skin/acne/final/subtype_classification/train/closed_comedo/tiswan_001840.jpg,52e57a4d6601b98999635c0d217b2c6253af477556ba4e8c1d92849d5945af8b
datasets/skin/acne/final/subtype_classification/train/cystic/dermnet_000024.jpg,9bdf0f4694adb1b8691800ac288e42741338f868141c4ea9db16a2cd96aa304a
datasets/skin/acne/final/subtype_classification/train/cystic/dermnet_000025.jpg,c3ed07e3833126cc6a5dde9ba11958e250607712f6ef74553827ee0fb60220fd
datasets/skin/acne/final/subtype_classification/train/cystic/dermnet_000026.jpg,0fb4471fa58957cf6055ddf512717e2abf22daaf786ded346edeb051bcb97062
datasets/skin/acne/final/subtype_classification/train/cystic/dermnet_000027.jpg,212fea22a661b2cf99d0faeb70629efe8d8801efb9ee505a8392b47f29fd9ddc
datasets/skin/acne/final/subtype_classification/train/cystic/dermnet_000028.jpg,6a77b454fbc43b04508a9b3df030852cf45caadb381eaf6454e05a75a21208cc
datasets/skin/acne/final/subtype_classification/train/cystic/dermnet_000029.jpg,31dc7d4c7f693938c81eb671cd1619b6479ac6ba9841a1f5b4e1eb7f8a30e6e7
datasets/skin/acne/final/subtype_classification/train/cystic/dermnet_000030.jpg,c90d4aa51b9387bd28617153f58fe1e3026b1e4cb93130c2a29b985ee605c20a
datasets/skin/acne/final/subtype_classification/train/cystic/dermnet_000031.jpg,599c7b176e8c484e9ba1afb758a3cf67d295d93b3955c0d8f88cc9b9ab63847e
datasets/skin/acne/final/subtype_classification/train/cystic/dermnet_000032.jpg,587d8f52ccc744f7b3d0644b390ae01444ef22eef94f8c961ee8d1d89d673c82
datasets/skin/acne/final/subtype_classification/train/cystic/dermnet_000033.jpg,07b066fd2ea3fe67a33ed1a8f745e60aafd8a35c7d618f3c30e418d9b2004a98
datasets/skin/acne/final/subtype_classification/train/cystic/dermnet_000034.jpg,a81583c849c59f4c0ab2f55ec9c5d524067dc3b4264899cc970c6f789597be81
datasets/skin/acne/final/subtype_classification/train/cystic/dermnet_000035.jpg,59b7d00045df3c54b5b2c2fa49dd96cb28275968e3c0fbcac1f3c3ad949c2794
datasets/skin/acne/final/subtype_classification/train/cystic/dermnet_000036.jpg,737abe82976704f6446dd426c20ef3f9fb8305912cd65de07044d86c3f370edd
datasets/skin/acne/final/subtype_classification/train/cystic/dermnet_000037.jpg,50d87208b682d4876be0c247155e1dcea419158553cb40f1b449a147c8b74768
datasets/skin/acne/final/subtype_classification/train/cystic/dermnet_000038.jpg,9e3b6bcbc2593d8929497621849de7223ab6e7a77b8a353a6375f82233cef02a
datasets/skin/acne/final/subtype_classification/train/cystic/dermnet_000039.jpg,f3b42bdc5ab9ba3ff98f2116af5d66fd784a915265ad9459d8dac1bb3968d3a7
datasets/skin/acne/final/subtype_classification/train/cystic/dermnet_000040.jpg,955d2305f67b9a4a39776b49b1113da2b61f68ee41cdbb25babb5fd30e110785
datasets/skin/acne/final/subtype_classification/train/cystic/dermnet_000041.jpg,72b70e6d7be39fbf32e51173995d8f907b71c8ef38ced0faa1f152e7756e9d7b
datasets/skin/acne/final/subtype_classification/train/cystic/dermnet_000042.jpg,4c8d6a1a5081dd01497b22a94740bf3d4acdceec9d5240f2f683da7d26b153be
datasets/skin/acne/final/subtype_classification/train/cystic/dermnet_000043.jpg,cf10bc239265928b6e142b883ab9b48c05ffe4a23a1e0deb92d2cdd02ad53696
datasets/skin/acne/final/subtype_classification/train/cystic/dermnet_000044.jpg,ead4661a116215f40329bc4a7a0b32d7e04b8d731c89b011fa3358c5b11f5beb
datasets/skin/acne/final/subtype_classification/train/cystic/dermnet_000045.jpg,e1fd4fb5f7bd02b2d33496ee2fe61e09c573f2147c3af253a72d82ffb0fe7d17
datasets/skin/acne/final/subtype_classification/train/cystic/dermnet_000046.jpg,6884a6d089507fb5c890491f921f70daa4830b8367ebd9d82ee7770407ac9b13
datasets/skin/acne/final/subtype_classification/train/cystic/dermnet_000047.jpg,69c98380157ff8bbb54f30681e673dfd2b3648ad584284727026f030e2eb1bac
datasets/skin/acne/final/subtype_classification/train/cystic/dermnet_000048.jpg,b18d1b40e55ccef03e7d450824248635e80596ba4fdc5f2c37a89c5a2cf80f8b
datasets/skin/acne/final/subtype_classification/train/cystic/dermnet_000049.jpg,789d88337be3f8409865ed5f2148e75471c79e00c90e5cb35bb28e497087ca8c
datasets/skin/acne/final/subtype_classification/train/cystic/dermnet_000050.jpg,21b957a8e9b18f74486a96328080204a1de8dc68c6927f3f7a99a4e0fead7a51
datasets/skin/acne/final/subtype_classification/train/cystic/dermnet_000051.jpg,4a9ae332ba2af62a6cd7bd42945db078a8a7af65f610fe944a7f70bdd965032e
datasets/skin/acne/final/subtype_classification/train/cystic/dermnet_000052.jpg,c13bb592f573589f1e8cddb349a84e336e5ce4ee5fc4f5729333b52af30c3c3e
datasets/skin/acne/final/subtype_classification/train/cystic/dermnet_000053.jpg,33a20f88f4a4057a47869e33b1b6f2ba6f8f9c8edac01d4ebc159296e95305ec
datasets/skin/acne/final/subtype_classification/train/cystic/dermnet_000054.jpg,7ab00a96c8094eb0139a10aee82ecb14af9bb8cbcfcbf1e76cda6cbecceb4a7f
datasets/skin/acne/final/subtype_classification/train/cystic/dermnet_000055.jpg,e35901c1c3d255a3254c22d600c02fd4c81310c668349f7103b7363ea2714948
datasets/skin/acne/final/subtype_classification/train/cystic/dermnet_000056.jpg,25a44b80461404d4decedd5dd72b63e00446733a800bd93e62fefa054347c918
datasets/skin/acne/final/subtype_classification/train/cystic/dermnet_000057.jpg,09eed89d0a761071375679a13e2d0d62a111a43491000c203352f63a0aa28b24
datasets/skin/acne/final/subtype_classification/train/cystic/dermnet_000058.jpg,df4dbb2979642b1a6d0aafe2db1b1802c1ba956e5fef827d204e67c03f99285e
datasets/skin/acne/final/subtype_classification/train/cystic/dermnet_000059.jpg,48bcea410d0b4f912034729a12689673108fbafb143c9c98087ec8b645faa73c
datasets/skin/acne/final/subtype_classification/train/cystic/dermnet_000060.jpg,cda6e9cf885c4a5f878817942260330f0c05c9c062f40a685255a2ffbcf65388
datasets/skin/acne/final/subtype_classification/train/cystic/dermnet_000061.jpg,7884e03c044e64b09553a22e703ebfd0d0068531db23b8be330e271af1b6ed04
datasets/skin/acne/final/subtype_classification/train/cystic/dermnet_000062.jpg,f0f8784561506d3ef0615cf987569e38c4370d675af14745e6dd3784c66cccb6
datasets/skin/acne/final/subtype_classification/train/cystic/dermnet_000063.jpg,7251dc230b028260eda10f9c80d0490d59b22ecf63b3f8de4d5d3c277fb1a4d3
datasets/skin/acne/final/subtype_classification/train/cystic/dermnet_000064.jpg,82f5ba8bf8980681e29e1c9f71970471998a1b077546c5bd19b31ee0c4edadc7
datasets/skin/acne/final/subtype_classification/train/cystic/dermnet_000065.jpg,d25cb3c4fce4831dd7045e90ba2107b11d848523a1e13b63da72fe153dc52ab3
datasets/skin/acne/final/subtype_classification/train/cystic/dermnet_000066.jpg,c8d2791da05bd1646c23c24cd94faebc3b03e97fbbf8882e56fddf93fc6f0ac4
datasets/skin/acne/final/subtype_classification/train/cystic/dermnet_000067.jpg,5d4643d6787ae1411187cafb535e672b374939e2d395b715d66dd7f8170bbdb9
datasets/skin/acne/final/subtype_classification/train/cystic/dermnet_000068.jpg,222a505eb7e4edb030a7f6e9e2017462973174fe54ecbd09eadbd79f399f9e9a
datasets/skin/acne/final/subtype_classification/train/cystic/dermnet_000069.jpg,850415d081a398dde98bc5b617117b4f65252dab1fe11780ddbe7a23115697a7
datasets/skin/acne/final/subtype_classification/train/cystic/dermnet_000070.jpg,07ad29b3c00e5bc3809e3500263ac1f6cefee841f8ce276760f79c82a567478c
datasets/skin/acne/final/subtype_classification/train/cystic/dermnet_000071.jpg,1677e006fb57a15154ce2de0586ee3293e73183a5c956612876d14eb342fa43c
datasets/skin/acne/final/subtype_classification/train/cystic/dermnet_000072.jpg,b93413c727aa07dd30a7ff3da94e2823a5ed9351408df1507bc33628bde15722
datasets/skin/acne/final/subtype_classification/train/cystic/dermnet_000073.jpg,fdd7c6dc5b419d63319299ed430c533eb79d052d6ba40f264abb24ae5e6ff41e
datasets/skin/acne/final/subtype_classification/train/cystic/dermnet_000074.jpg,d7024095ea5c4bb0756a4e7b77a0a9aa134a4006edb8662517a91306ca223977
datasets/skin/acne/final/subtype_classification/train/cystic/dermnet_000075.jpg,a608842b563588dbe41ca9aed7242ca633da405cd40dac293960a65a983c7063
datasets/skin/acne/final/subtype_classification/train/cystic/dermnet_000076.jpg,619854476d0b736ea84ef21d07749e735bc4b9ad65b72a4c4a16724209b15e0f
datasets/skin/acne/final/subtype_classification/train/cystic/dermnet_000077.jpg,b59793a67f2f579e692d973383acc9006264d67aa04db68219edb6d6a07c4e8b
datasets/skin/acne/final/subtype_classification/train/cystic/dermnet_000078.jpg,34ae7365cf2d9938b793d35a6da67a236dcd4ead270f8b1814a9b9011d6022a1
datasets/skin/acne/final/subtype_classification/train/cystic/dermnet_000079.jpg,97a9b12aea592b11d7b52e87024a9b9aa5b77e9d9623833242f6d9143e0e6d99
datasets/skin/acne/final/subtype_classification/train/cystic/dermnet_000080.jpg,328e6f561ab076bed3a8211a1661d6debdde55fad7ba64d33369ea03496e07fb
datasets/skin/acne/final/subtype_classification/train/cystic/dermnet_000081.jpg,3b1080fda4e322228c2e11c805af2d4806125f4fc2e865d77586b39ab27f064f
datasets/skin/acne/final/subtype_classification/train/cystic/dermnet_000082.jpg,b702f870524cfc7d58a699f96a4f08973c29f9706928593d17bc2f157e2eb841
datasets/skin/acne/final/subtype_classification/train/cystic/dermnet_000083.jpg,5b9c8b0df0fa884d33d0b8f69a2686a7fb8a63f359279876404aa69eabc30f06
datasets/skin/acne/final/subtype_classification/train/cystic/dermnet_000084.jpg,54b03489c6d511b7c2322e8105cab7ec65b8a72806ed6a718cc748406355bea8
datasets/skin/acne/final/subtype_classification/train/cystic/dermnet_000085.jpg,6cfa38edcf9e15afe1e39e30d12ad7c772d6749d1e97c7273a442da594e5bced
datasets/skin/acne/final/subtype_classification/train/cystic/dermnet_000086.jpg,ec3aff807a4ab0c7c676375355b3abd0a9cf2f16e9b2c2418582c3cfcc6e9c7d
datasets/skin/acne/final/subtype_classification/train/cystic/dermnet_000087.jpg,1f6f4bd333d4f7515272063359e21760628ccea52b9d058aeb68b41252cc60a2
datasets/skin/acne/final/subtype_classification/train/cystic/dermnet_000088.jpg,bd00b0d2f3dea004bb074380c88fa73f2060fc0209b8e4de7bb7ef62ba502f32
datasets/skin/acne/final/subtype_classification/train/cystic/dermnet_000089.jpg,2f302caa935af9c67dc3d077319938d8a2e6a9805189171f7e6032327373d0f8
datasets/skin/acne/final/subtype_classification/train/cystic/dermnet_000090.jpg,fce4b7b82213ec5507a325137c3c5220bbf3d6ef9459515a4b902de2ae67ee11
datasets/skin/acne/final/subtype_classification/train/cystic/dermnet_000091.jpg,34087920ad71e57a409a6c52b06521638b3e67ab1291572e9acf829f150cfdfa
datasets/skin/acne/final/subtype_classification/train/cystic/dermnet_000092.jpg,00b3df52c43149dd2168bc83f75173edb5d0f8bfa776499f4f36000c5dd4ca34
datasets/skin/acne/final/subtype_classification/train/cystic/dermnet_000093.jpg,86b2727a58219106157683f02cdca47eef8cc4d79e9ea20fc01537f3ea47fa8c
datasets/skin/acne/final/subtype_classification/train/cystic/dermnet_000094.jpg,955b5fa19ceabf226084ef2d27597f4bfe6bacd8c5ae2fe633dfa2e0f4dd06fd
datasets/skin/acne/final/subtype_classification/train/cystic/dermnet_000095.jpg,6c6176b6e804d8e3ddd8a7db83c32647ca88409c449b467225aae9a04e4874b4
datasets/skin/acne/final/subtype_classification/train/cystic/tiswan_000480.jpg,d84123f4f0631050231fd8777f953c84c7a44545083c3a2bf38b1cf1cbb75105
datasets/skin/acne/final/subtype_classification/train/cystic/tiswan_000481.jpg,7458821fbf8e1c5ec50a0fcca80716a03b5d14ebb7adab5a3aee89ea94ad3089
datasets/skin/acne/final/subtype_classification/train/cystic/tiswan_000482.jpg,b74caf94d7788671f9d676f1cf2dca7c4e7f032b8035eb2c65f2d845c368278c
datasets/skin/acne/final/subtype_classification/train/cystic/tiswan_000483.jpg,469f0febc5ee8b663ea38850faab10cc35a63bbee53d4aa9b93c063e64902c2b
datasets/skin/acne/final/subtype_classification/train/cystic/tiswan_000484.jpg,bf919ac7259370b6f2501b236f1bd4ae677151e8f95e08e674ae748f80d392cf
datasets/skin/acne/final/subtype_classification/train/cystic/tiswan_000485.jpg,3dce06536011040e622d9f42206e35dea99e6b31f548b1ea63ba145936254641
datasets/skin/acne/final/subtype_classification/train/cystic/tiswan_000486.jpg,50b371928e74396bffe3c5de94d7d774a9a126007806ec7cde9e365bd84e0b64
datasets/skin/acne/final/subtype_classification/train/cystic/tiswan_000487.jpg,3ca9ef6990a3cecd40d2d3b2c783c3f9429dbbc2bf148e8c95eccf22b3fb630b
datasets/skin/acne/final/subtype_classification/train/cystic/tiswan_000488.jpg,315ec64027697a4089d2837b841128466996248d321b8477557f1033dfb0d4fc
datasets/skin/acne/final/subtype_classification/train/cystic/tiswan_000489.jpg,43131e2f2e235beea0a27fc318d893fdd05ae4c9223c5373606cf7f2c33858eb
datasets/skin/acne/final/subtype_classification/train/cystic/tiswan_000490.jpg,3d5eaaad1ab294e2d18ffb8ab63235be8f5af864554a76df4166e28cb732f9e3
datasets/skin/acne/final/subtype_classification/train/cystic/tiswan_000491.jpg,09b13d52d9623cbd6c972ef5fa8e1e6db07438340d2fbd6537c4b350ced69421
datasets/skin/acne/final/subtype_classification/train/cystic/tiswan_000492.jpg,9c67cc0ee825a15c8b0741a9aea59ed1f9f95e5e4af2c63b636b54fd58f9b123
datasets/skin/acne/final/subtype_classification/train/cystic/tiswan_000493.jpg,d8f17e0bf3ce52699c7fb756e548c7ba436544b6f2dcddae1177b1272323bb55
datasets/skin/acne/final/subtype_classification/train/cystic/tiswan_000494.jpg,accd15dc718a5915273e3dda43513a4154bd8ddf9b4b93cd44cb08b326571b08
datasets/skin/acne/final/subtype_classification/train/cystic/tiswan_000495.jpg,082b9e59336d1f7c46b1f8d08b31175d5726f2018d5cfe7386c5ed1a7cc6f1db
datasets/skin/acne/final/subtype_classification/train/cystic/tiswan_000496.jpg,0c09509d79407a73301e9568fa0b3f63a5ba26dc336490dcacda19a7a5fed25f
datasets/skin/acne/final/subtype_classification/train/cystic/tiswan_000497.jpg,26f1e1cf8e66e7095c2ed566aa68fc6127197be6b4c09624db8c5c2e2c3d475a
datasets/skin/acne/final/subtype_classification/train/cystic/tiswan_000498.jpg,00ffd4271cb38c102a008f23ebfdbd9b3d28ab4861f5e2f5f4a07fba1246e981
datasets/skin/acne/final/subtype_classification/train/cystic/tiswan_000499.jpg,9a65451b917f70e58263eb3a0d752e5b80a52c472e472235d2c395aecf1b009c
datasets/skin/acne/final/subtype_classification/train/cystic/tiswan_000500.jpg,50cb82edf906b6ddd0dabdf71413538fafe30ce05839c08ac0c7aac87d11f76a
datasets/skin/acne/final/subtype_classification/train/cystic/tiswan_000501.jpg,a7b735ae9c4fa3d30376a629ecf18fa70168de7447532aa17b4f24914e1adafa
datasets/skin/acne/final/subtype_classification/train/cystic/tiswan_000502.jpg,577c1e74da8842f19f658b70f7d758cbde866332bc41b77e3e3b62fed501067f
datasets/skin/acne/final/subtype_classification/train/cystic/tiswan_000503.jpg,94ca7b9df455c920b14f023bab14dd24f7c1d31a14a68b3dd56b4741106a31af
datasets/skin/acne/final/subtype_classification/train/cystic/tiswan_000504.jpg,8e5b767656c216b76023ff5cea970ea9e5eb8175543f50a91f387c6bc81ae229
datasets/skin/acne/final/subtype_classification/train/cystic/tiswan_000505.jpg,7b151347e5ac397a0a0c77e18a14fa7513c2c4a1e2e012fa626a0db624bfd157
datasets/skin/acne/final/subtype_classification/train/cystic/tiswan_000506.jpg,2618ffa8e0be3ab66d0fe9a168c2838170e532c95694f90af7f7aa2c07c430d2
datasets/skin/acne/final/subtype_classification/train/cystic/tiswan_000507.jpg,65df764de88605cc3286eee8a583e3a724fa3aa851ff84cb0eef6407885aa49e
datasets/skin/acne/final/subtype_classification/train/cystic/tiswan_000508.jpg,61ba22a64ca3603f87d2ac61170cbccb8024104daff74dd81557a38f5e688d89
datasets/skin/acne/final/subtype_classification/train/cystic/tiswan_000509.jpg,1152cfa4a05242acc55fa04c179fc89091cd3ad78d277d5260b7b9a970aff02b
datasets/skin/acne/final/subtype_classification/train/cystic/tiswan_000510.jpg,0ed8a68ecb9cb71d3e0b31ef402723ce19d0ae8dfa61c32f79b38108bfaada5d
datasets/skin/acne/final/subtype_classification/train/cystic/tiswan_000511.jpg,d7c03257ce71168cdc1c60200fabcaade47d543f128bd892491f0f33ec732d96
datasets/skin/acne/final/subtype_classification/train/cystic/tiswan_000512.jpg,e9481774a6b57117b831c3e2fbae1a060d00747ae4b8bd0ff585005d5aa6e048
datasets/skin/acne/final/subtype_classification/train/cystic/tiswan_000513.jpg,61bbc2bc6fec9829a8249ea1172f65c38cb796f52f0a7ccf3f852f7c0184a44f
datasets/skin/acne/final/subtype_classification/train/cystic/tiswan_000514.jpg,167ea98ab7b2ca68a8d71634de633235625972f0bbc2e2ef3f9defcd8f2bd78f
datasets/skin/acne/final/subtype_classification/train/cystic/tiswan_000515.jpg,295d8a733283d95fe720a947083478643753c57c0971dbd8280c683a59080dc2
datasets/skin/acne/final/subtype_classification/train/cystic/tiswan_000516.jpg,5897deb072929bcaa6608a650aff1a348e647c500f7ec89860cefeaf003c9fb9
datasets/skin/acne/final/subtype_classification/train/cystic/tiswan_000517.jpg,321d9a992bd960d4cd54acb4800bfa630e901da5d543ce9eb9cb9362302f9467
datasets/skin/acne/final/subtype_classification/train/cystic/tiswan_000518.jpg,96716fcbd920a434450d4af6be8dcc49dc749322d43f409a546f14d041925b50
datasets/skin/acne/final/subtype_classification/train/cystic/tiswan_000519.jpg,b7213397045834425b19b2de804dad7e0ffb1d379b9f2d10168d21e07fde9717
datasets/skin/acne/final/subtype_classification/train/cystic/tiswan_000520.jpg,4d46f110d445f27a98324d80c72e194a68741a37efad042f09489f13bf46bb73
datasets/skin/acne/final/subtype_classification/train/cystic/tiswan_000521.jpg,db0e5b9915aef710b2d0d9cae4712ac57bf6e67bef63a2dbc346dfdb823dacb2
datasets/skin/acne/final/subtype_classification/train/cystic/tiswan_000522.jpg,c73f0fb1ed1905dc6dcb783964589e00309ceb50237ece3e318831abcd8b1b8e
datasets/skin/acne/final/subtype_classification/train/cystic/tiswan_000523.jpg,b1881e61410439ed18abc7cd85323baadea6e3ab0878a3a196156832a121f806
datasets/skin/acne/final/subtype_classification/train/cystic/tiswan_000524.jpg,9a843f648f05e6b5bd8f033ed698a6e406a352f0f58511a313942223618281dd
datasets/skin/acne/final/subtype_classification/train/cystic/tiswan_000525.jpg,e553c9cc27562346db57d51344c68b35785a9e2d8c91a5b3f27d42cfb56c95c0
datasets/skin/acne/final/subtype_classification/train/cystic/tiswan_000526.jpg,4a5edf52b3f2b1d340afaecfe39980c04d4b6d7c52eaf90abb67bea7763aa19d
datasets/skin/acne/final/subtype_classification/train/cystic/tiswan_000527.jpg,e2e4999375bedee682cd0e194ed952cfc24b01514f728951535eeceeed875d32
datasets/skin/acne/final/subtype_classification/train/cystic/tiswan_000528.jpg,0cfc92907d4c1fd953b7bd6de57642c90c5b3454503cdc071734c1a04c642890
datasets/skin/acne/final/subtype_classification/train/cystic/tiswan_000529.jpg,a31ff2be467302fc587eab6e4e1f3bcd2d1bc8708debf155f4ce9db5738c888d
datasets/skin/acne/final/subtype_classification/train/cystic/tiswan_000530.jpg,a123fd839b5af3e02934ce1011b7239f51579012115db4c8df6315fccdaef097
datasets/skin/acne/final/subtype_classification/train/cystic/tiswan_000531.jpg,3a5797bb2c824cd0fa16a2fa954a123fdb044dff94f4865c6865247cbd9dc64c
datasets/skin/acne/final/subtype_classification/train/cystic/tiswan_000532.jpg,457a789f06c37e523fb93d34a0f8397c56101567425d31817e3e1fc5b4534d05
datasets/skin/acne/final/subtype_classification/train/cystic/tiswan_000533.jpg,a1dd122543084a56523e87260f31e8342300ee9374941c3bdcb05790fe912050
datasets/skin/acne/final/subtype_classification/train/cystic/tiswan_000534.jpg,82202b5fbd95c571772c3b7999fd7206adf690743d47ffa219dbb81ccc73a0cf
datasets/skin/acne/final/subtype_classification/train/cystic/tiswan_000535.jpg,03ce678d01802dde327ca1b87ee4c80008d8e4a33c82734cf030f82f00b40735
datasets/skin/acne/final/subtype_classification/train/cystic/tiswan_000536.jpg,021609bfa1b0e24ebd74dc744ffe483c1b40431baf2b14d65529e618d514c47e
datasets/skin/acne/final/subtype_classification/train/cystic/tiswan_000537.jpg,111e7705bbd4a687703e419d5079ede6b8307493a651e980b947122029a2bb23
datasets/skin/acne/final/subtype_classification/train/cystic/tiswan_000538.jpg,df42095577e942046fe06b12f563dea73a5b01522572989611fe3554b00807be
datasets/skin/acne/final/subtype_classification/train/cystic/tiswan_000539.jpg,f467c23b952fc7e6e1a5033f4fa3310309a1e8f13051dffeea82ba63cddbbc3f
datasets/skin/acne/final/subtype_classification/train/cystic/tiswan_000540.jpg,022625a7965f160b324e3ad60658dce0872504927024beec3b5e29206b730398
datasets/skin/acne/final/subtype_classification/train/cystic/tiswan_000541.jpg,89ea2c0b46483391b5aca2627e9489b4165ac2268a9ede65dfb29f7235ba75a5
datasets/skin/acne/final/subtype_classification/train/cystic/tiswan_000542.jpg,32501a3abdb24bf771ffce07f81724948a41b1cd6aab506e1c5c319188681f27
datasets/skin/acne/final/subtype_classification/train/cystic/tiswan_000543.jpg,1295d3f848c519ac29f5bc84e28601f478d750e248763aa11315dce50ae02014
datasets/skin/acne/final/subtype_classification/train/cystic/tiswan_000544.jpg,1cc4647d010dc77ad8b1f71849e9f7cd375b9ee84d862001e8e6e18017a023d0
datasets/skin/acne/final/subtype_classification/train/cystic/tiswan_000545.jpg,0087d2a58b14c4ef28c165371f7e21135a94e176adb127395e5342e625ddddfd
datasets/skin/acne/final/subtype_classification/train/cystic/tiswan_000546.jpg,ae64986c3de153b906a92d89ab7a6317c7e208bf1375c22fe64e3108925c183a
datasets/skin/acne/final/subtype_classification/train/cystic/tiswan_000547.jpg,529ef0b1370ee9b227751478ace99b7d10b0ff722b13245961711c88c41a9b0c
datasets/skin/acne/final/subtype_classification/train/cystic/tiswan_000548.jpg,e68cdb080f4885d4efb22ce62f461143b9556ed8d3023bf30ddc6e45905b77e3
datasets/skin/acne/final/subtype_classification/train/cystic/tiswan_000549.jpg,64dfa61fe2de68f130e9b84094c71cd7f3ff4c45c88640a0557f0c6028cbd754
datasets/skin/acne/final/subtype_classification/train/cystic/tiswan_000550.jpg,9df81864b57d03b76ad2c7d75187172064a9bc0b83d4415d5081577d1dc2a29f
datasets/skin/acne/final/subtype_classification/train/cystic/tiswan_000551.jpg,251ab1472ebd3691ba5c494b13bf9795c4a001f0a14c74ab95cf251c7ced71c2
datasets/skin/acne/final/subtype_classification/train/cystic/tiswan_000552.jpg,5c021dad07e593e887526cc4050fa8da8de5f31ae7663059aa26e78858cdf58c
datasets/skin/acne/final/subtype_classification/train/cystic/tiswan_000553.jpg,e6260c91739f998db68eb2a14c3ece05eeadfed85e74cfa78a083ad0198af480
datasets/skin/acne/final/subtype_classification/train/cystic/tiswan_000554.jpg,e792d3fe6c41f7a907f38c78c15a0a8f00a6a9b47d8672eed8a46831e38e019b
datasets/skin/acne/final/subtype_classification/train/cystic/tiswan_000555.jpg,b1f24a9b96e13dc70512140e8e526d43fae3dcbf4c449b89eeabef8bcafdfe30
datasets/skin/acne/final/subtype_classification/train/cystic/tiswan_000556.jpg,a5b246f1d07858ae9a8f31eba8254628821d5471591a0a28126a7273dd096213
datasets/skin/acne/final/subtype_classification/train/cystic/tiswan_000557.jpg,e53b46c0558d37df0a9fd4f142f0c38613dc78613986dbf4a2142682de843143
datasets/skin/acne/final/subtype_classification/train/cystic/tiswan_000558.jpg,3fa0867a8c3499adbd106290d10c00df54d59a945786730f34b2f7d94447d9e9
datasets/skin/acne/final/subtype_classification/train/cystic/tiswan_000559.jpg,e03b99f1cb2428d2b1840bc3e1c36017dc6791d3791e119807b160355edfa306
datasets/skin/acne/final/subtype_classification/train/cystic/tiswan_000560.jpg,759d1f2c3d857646cfeb7167d06d64c70bf564a2e31d145092bbd042f5e50617
datasets/skin/acne/final/subtype_classification/train/cystic/tiswan_000561.jpg,651c75992b765b44886c80511a320fa7f81b7381cbd9579c7b1eff22bc1e14fc
datasets/skin/acne/final/subtype_classification/train/cystic/tiswan_000562.jpg,decf1fb36284cc90a6bef9457f4434724102dd78df75fb7b9cc2bba27d43f7bf
datasets/skin/acne/final/subtype_classification/train/cystic/tiswan_000563.jpg,cda7465a55c578653e2c7c3239fb506a4ceef3cc290f03632582e0d12ef9f40a
datasets/skin/acne/final/subtype_classification/train/cystic/tiswan_000564.jpg,a72fdc1872047d76fba24fe3fb4e2dfb859bb6847aefd15ea41d1806aa3d277d
datasets/skin/acne/final/subtype_classification/train/cystic/tiswan_000565.jpg,371855a64b3ae5422bb6dfc7f79a1ecb68590e2442644b8f780ae96a125813ab
datasets/skin/acne/final/subtype_classification/train/cystic/tiswan_000566.jpg,064c7c97241a24343ad0d2daa2a9a1560882cf7e33399777d3035f79dad54a06
datasets/skin/acne/final/subtype_classification/train/cystic/tiswan_000567.jpg,cd1a0d76cf831d3818bf3d9f42d0dd70350894ae2008eed8bd4ffd20b66bf289
datasets/skin/acne/final/subtype_classification/train/cystic/tiswan_000568.jpg,5d625fedb5c5f494a18d3024e6df70e06dba75eefa2df86420df062b7c18b9fc
datasets/skin/acne/final/subtype_classification/train/cystic/tiswan_000569.jpg,3449ada8bf8b435db4c49440fb34dd61c21e1da0746700f3fc29a2bf70be1ef3
datasets/skin/acne/final/subtype_classification/train/cystic/tiswan_000570.jpg,4c519d0fe1735d2db1f7d19671c0f90a612add2c57886efe32b1856c99b8930a
datasets/skin/acne/final/subtype_classification/train/cystic/tiswan_000571.jpg,22ccb4a4c024ce8549014b05bfc59aecad83f5d359d655d2091fba5fe2caf90a
datasets/skin/acne/final/subtype_classification/train/cystic/tiswan_000572.jpg,815a8750e831a990138ca41cf4a79f9ddba2c44314a7218273db54cb5d3bd4ee
datasets/skin/acne/final/subtype_classification/train/cystic/tiswan_000573.jpg,1ccafc89faa0156a2943cc4fc9bb13100f3dcf85087a3d766b0476062fbe94ef
datasets/skin/acne/final/subtype_classification/train/cystic/tiswan_000574.jpg,1b90a469fa48ecbbbea021e6630183d5b3570b1d78034090bdf9d9e8e909ee36
datasets/skin/acne/final/subtype_classification/train/cystic/tiswan_000575.jpg,4eb6e64702f6c1a0daac021d0d0e4aa27a117545a178d51984df0a2ea8dc7588
datasets/skin/acne/final/subtype_classification/train/cystic/tiswan_000576.jpg,ce22623ff10e875833d491545e052f9753bd3b933f5a12ce61b479a32c29e580
datasets/skin/acne/final/subtype_classification/train/cystic/tiswan_000577.jpg,7f4a4178cd24b276501931c6e85acfb3fc133facc49ed7512967fc5438b4ed93
datasets/skin/acne/final/subtype_classification/train/cystic/tiswan_000578.jpg,73d13af0f1b8552c992e85ea991d0ef4efd7524c643eae2afd9c3cccbb52b409
datasets/skin/acne/final/subtype_classification/train/cystic/tiswan_000579.jpg,3a9bdb1d921c9d04f54bcf04bb96be71535abfcdafe8018a0485b19321e0efd2
datasets/skin/acne/final/subtype_classification/train/cystic/tiswan_000580.jpg,7a8dab92f00ebec8f82d77c295f09d99f47562083c79ff42e60f5237db41b2ee
datasets/skin/acne/final/subtype_classification/train/cystic/tiswan_000581.jpg,5153b9f6378e496072759751593129c976fc39132440f075612ef094b48ef45e
datasets/skin/acne/final/subtype_classification/train/cystic/tiswan_000582.jpg,c6c943add0f30ca126698cf01b983f91931f703b98e9c556d8f6a395fb20e9a4
datasets/skin/acne/final/subtype_classification/train/cystic/tiswan_000583.jpg,cb4cb383053037210c44c3a910cfafc83cc09d97cfb8fad4336a3ac0b6cdaa63
datasets/skin/acne/final/subtype_classification/train/cystic/tiswan_000584.jpg,1d671e8dc0ffd578646e9ef8a2e986f67267f58738f5c91e134512c0986cbfb0
datasets/skin/acne/final/subtype_classification/train/cystic/tiswan_000585.jpg,df17ee061bedd1f6af880cddfdb89ec266a56e4caf299fd059afc36b1433a091
datasets/skin/acne/final/subtype_classification/train/cystic/tiswan_000586.jpg,fb58ff702f3be2b84add523cf1beeecf059e9bff57cb1b744fdf48729fe49130
datasets/skin/acne/final/subtype_classification/train/cystic/tiswan_000587.jpg,01e0aa9a5b00f8df07454f04aa38c92f6518645af0edbcbc683f26f301ab1c4e
datasets/skin/acne/final/subtype_classification/train/cystic/tiswan_000588.jpg,94f084c5e69f7f2fe2ce3742ae5e3843ac012f5b30c8c2fcf024c274312c1457
datasets/skin/acne/final/subtype_classification/train/cystic/tiswan_000589.jpg,12576bd2bdc9d7e2b7802de9cfc5ef3859c912045a5bf01da04fcb90d7a10f8e
datasets/skin/acne/final/subtype_classification/train/cystic/tiswan_000590.jpg,5dfb206d08db6c65ba254fd26deb68d7824f68cbed89d01bacd9f61987965e96
datasets/skin/acne/final/subtype_classification/train/cystic/tiswan_000591.jpg,ef9408eca307005f32f7f4202e27dc143f47a9771ed1da34b5ca121a4c30b146
datasets/skin/acne/final/subtype_classification/train/cystic/tiswan_000592.jpg,843543160de4e45b36eaf8befdb9c750f2322f4121e432e488d63d0cb0660fc2
datasets/skin/acne/final/subtype_classification/train/cystic/tiswan_000593.jpg,02db314c0b9b03260668b4bd17e37ab61602f9f464592108ab848805439b1fd2
datasets/skin/acne/final/subtype_classification/train/cystic/tiswan_000594.jpg,a3df8e2271d370c41ceb3364959b2420cf9b0a0871ff1cd4bbdb5b5a68e05ac0
datasets/skin/acne/final/subtype_classification/train/cystic/tiswan_000595.jpg,cc06228abf26bec0cc2f006907baa771f60651604d7bcfc4c4842d35ba7d00e9
datasets/skin/acne/final/subtype_classification/train/cystic/tiswan_000596.jpg,04b14eb872744b9f37c38b884be4c8ee70ca965e1587f19021e97167dc7e8842
datasets/skin/acne/final/subtype_classification/train/cystic/tiswan_000597.jpg,576d735121b12a96fc20227e7206152db0c39322585d3e75730e10c90bb9191d
datasets/skin/acne/final/subtype_classification/train/cystic/tiswan_000598.jpg,0628f8cc598087948d93d7fb5140a8ed1c53a51dc3644feff44b7ea64213fac4
datasets/skin/acne/final/subtype_classification/train/cystic/tiswan_000599.jpg,41a04ebbc20f8af65cf6982ee491f12460bb0b0c9769291c59d9e061c9b79225
datasets/skin/acne/final/subtype_classification/train/cystic/tiswan_000600.jpg,ffcb2936fb19bf736974f7730db381a1cf20d6d6ec6909b5dcf532e3dcb200dc
datasets/skin/acne/final/subtype_classification/train/cystic/tiswan_000601.jpg,ff1e0915b479e08b0ab7f0089b9d7d93b64c367672a7bbf7e04933b2c6bef271
datasets/skin/acne/final/subtype_classification/train/cystic/tiswan_000602.jpg,f4fd4a9412da0c43acee2bae5b42fc50ce87b8de0ec286f38a8e997b8d8d4021
datasets/skin/acne/final/subtype_classification/train/cystic/tiswan_000603.jpg,40b6b3a1fe7e7bb25bacd004ea5e6cdd96b635bd1889b7e56189a1c850360284
datasets/skin/acne/final/subtype_classification/train/cystic/tiswan_000604.jpg,243838ae5ae6c580644e91c7dc6411fe84a498d45e308ef47e0d063d6c273a02
datasets/skin/acne/final/subtype_classification/train/cystic/tiswan_000605.jpg,62e654c04fbff6ba886a31bd2ed72fdf10fa35a9fae71123cbf3c552ed7692e0
datasets/skin/acne/final/subtype_classification/train/cystic/tiswan_000606.jpg,a1f9d68d3fdab3bac6de6b6158d1b1d99acb2e6a68ab191e53af0174e0f7cade
datasets/skin/acne/final/subtype_classification/train/cystic/tiswan_000607.jpg,b6b3e03af43a521ac972be817f5558f95d59871e8cb01c6d599cf0ebbb52f8fc
datasets/skin/acne/final/subtype_classification/train/cystic/tiswan_000608.jpg,94a26f84e06de4d230acb801cb4c9836163e140d962010a63a47e5983b593e4c
datasets/skin/acne/final/subtype_classification/train/cystic/tiswan_000609.jpg,ff686e7a6f71f62ae36d80f6c4614f6315dad5d9c77aa953b18db55d97a482e5
datasets/skin/acne/final/subtype_classification/train/cystic/tiswan_000610.jpg,a42ecc10ee10f9c5608aea3a8088c2ed91222abdb671e53864ad392fb36b2d05
datasets/skin/acne/final/subtype_classification/train/cystic/tiswan_000611.jpg,483bec8581e46229e2c6fa4cb977306ab908ed924a9676f2bddaf90b864d5218
datasets/skin/acne/final/subtype_classification/train/cystic/tiswan_000612.jpg,57b767963dd8583c24f21f74f8487291014de3e3cb4548c8afcd636e522c9616
datasets/skin/acne/final/subtype_classification/train/cystic/tiswan_000613.jpg,43c3dc00096dc317a44420388ef0809dba6b6ece8bab465fc7e6752b7665ad7e
datasets/skin/acne/final/subtype_classification/train/cystic/tiswan_000614.jpg,30565a73a75a5e5ec8fa0803645e38e4b4b9cda9db4dab791770c405e668607c
datasets/skin/acne/final/subtype_classification/train/cystic/tiswan_000615.jpg,c2c4759e566ce1c43e8e76f1347942f1c086eee7a57967f18e77d62babae3623
datasets/skin/acne/final/subtype_classification/train/cystic/tiswan_000616.jpg,9cf70cb5aa6e76b0f48f530dbc90d47adb9047e0c8c4fa6701de036d8ac7804b
datasets/skin/acne/final/subtype_classification/train/cystic/tiswan_000617.jpg,3bea2ea52e5d654db39ed7c36edfbd6694bde303732b938125dd3db7755f6301
datasets/skin/acne/final/subtype_classification/train/cystic/tiswan_000618.jpg,df919065502f030ffa7ff3fcb6c7c7b2cda0b29647d7619c717b991612eb28b0
datasets/skin/acne/final/subtype_classification/train/cystic/tiswan_000619.jpg,08ee6985d6768d5db054f3650faa768679ac687a05f671e3b53ecb0b9f3716d5
datasets/skin/acne/final/subtype_classification/train/cystic/tiswan_000620.jpg,a9a2007441a7e20a44fc3399d41fd90b034aacacc87aefda96a1811d40b8f018
datasets/skin/acne/final/subtype_classification/train/cystic/tiswan_000621.jpg,cf731a35d6f5179b4538db147cb9f04e0d385c07fa09ea5c454be926776f592f
datasets/skin/acne/final/subtype_classification/train/cystic/tiswan_000622.jpg,8fb0e78dc562519078e324b1c2660d0a5feab49dff4d9ae366c00ed5e7219d21
datasets/skin/acne/final/subtype_classification/train/cystic/tiswan_000623.jpg,6732e54c172ec20974d0d5c8245e08f989d1980129a87723a2e02e76e16db4ce
datasets/skin/acne/final/subtype_classification/train/cystic/tiswan_000624.jpg,c7e322fcc405d1de0cc2a0e4942076f0852a9e1fbcf652beaa670cf3651b73b2
datasets/skin/acne/final/subtype_classification/train/cystic/tiswan_000625.jpg,d93c3086e005fcee90f469b3012a61bcbf98572887c5cb4e30e4cce124bbb855
datasets/skin/acne/final/subtype_classification/train/cystic/tiswan_000626.jpg,e2d3d68b354b3fa57b075622fcecfa471d86c283952725e7d1d3dfc59b38abb8
datasets/skin/acne/final/subtype_classification/train/cystic/tiswan_000627.jpg,2c7c2f8a08801835dad52b1a138166407e50e883daf8c09ae9120a1fb5c32bbb
datasets/skin/acne/final/subtype_classification/train/cystic/tiswan_000628.jpg,237f14d9bb066fdc7ad1d2eb6c02f87c6680aa85b75dcc4bace321f5e6a19317
datasets/skin/acne/final/subtype_classification/train/cystic/tiswan_000629.jpg,d5d447bb423e0434cebd4a9a6043c954c50f794b268248e9ac49edcae54bbb00
datasets/skin/acne/final/subtype_classification/train/cystic/tiswan_000630.jpg,48be5dd083adff6e52e44114738feeea7c9a3112b594d57b45bafb38ec933729
datasets/skin/acne/final/subtype_classification/train/cystic/tiswan_000631.jpg,ae624765977bdb95cac82147a0f247c6ca4d97fc1cf8ff710594f2659ba83a3d
datasets/skin/acne/final/subtype_classification/train/cystic/tiswan_000632.jpg,4debfa03eb0987111baec6f9cb0422aa340564068ddd59359a4f599466c75743
datasets/skin/acne/final/subtype_classification/train/cystic/tiswan_000633.jpg,6a7724b4dda03b63802a223585a9350b16b94f85121069f638621c7e9ac8103d
datasets/skin/acne/final/subtype_classification/train/cystic/tiswan_000634.jpg,af0988884e91d830f1db4901aeff142384b85e440f94a3283af64e3a899b9a62
datasets/skin/acne/final/subtype_classification/train/cystic/tiswan_000635.jpg,7ddedc57034d33a4750da881e2f7f3701c86959cda55554eb315996c24fc3aa6
datasets/skin/acne/final/subtype_classification/train/cystic/tiswan_000636.jpg,032c3730d840032a5325dfd754e079d4b747a95b2bf435a706527da7ad90d6a3
datasets/skin/acne/final/subtype_classification/train/cystic/tiswan_000637.jpg,bd13ac9f9c2aff61dce72706ab6613292bab7b692e6683c5d87bece39f8547e0
datasets/skin/acne/final/subtype_classification/train/cystic/tiswan_000638.jpg,e0e83102a25f681b559a6b302137ae9f5b6d360365a613ed93a0a18e85a166f5
datasets/skin/acne/final/subtype_classification/train/cystic/tiswan_000639.jpg,f20ea5f3c3e56d14b93131ab20a4d37f0e7b8ba056a74993a580512ec52c88b4
datasets/skin/acne/final/subtype_classification/train/cystic/tiswan_000640.jpg,4fd211bb5096e65fc01906179780e7416ffbbbdd7d22e7e8b1f1701840b0f654
datasets/skin/acne/final/subtype_classification/train/cystic/tiswan_000641.jpg,ca6e5d4445c3e7bd28471a149b19acdde261797061e23e3587b8febf166b04f9
datasets/skin/acne/final/subtype_classification/train/cystic/tiswan_000642.jpg,fa9030acf983207e46d6c5959831866f154204984a23126ebe69f6ea37e1113f
datasets/skin/acne/final/subtype_classification/train/cystic/tiswan_000643.jpg,892ed271692f28865ad93ebcaf56148389901f163096360c0b05c576d9d17807
datasets/skin/acne/final/subtype_classification/train/cystic/tiswan_000644.jpg,9bfbe2691d176c88f85035fbf6e99573af29bd1d6c72679a6812c7168ebe5f76
datasets/skin/acne/final/subtype_classification/train/cystic/tiswan_000645.jpg,c7588260d7533240ab0507c5c22adae32587a09b4d5a2b8b755a10c69d4069c9
datasets/skin/acne/final/subtype_classification/train/cystic/tiswan_000646.jpg,2e63d2414cff99974b2d33b6b57dcfe90a1f2a5f302f4c73d469a08625f55dd2
datasets/skin/acne/final/subtype_classification/train/cystic/tiswan_000647.jpg,906c6679bbff00655fb937eeef2d8ef5a497c3cc1afcb4fe869e251910355135
datasets/skin/acne/final/subtype_classification/train/cystic/tiswan_000648.jpg,d4f751632462efc9fcf7b21adff51159ddebae2ffc6175e9231685113658f8ef
datasets/skin/acne/final/subtype_classification/train/cystic/tiswan_000649.jpg,518a07eab73cd2ba6e6140ecc7a00a1e97d0ebd7622037cc3fc1eefb12f11b0c
datasets/skin/acne/final/subtype_classification/train/cystic/tiswan_000650.jpg,5983786de48b9753481fb70e442c4481698bc1fd74ac73cdfa8f120810dbd2f2
datasets/skin/acne/final/subtype_classification/train/cystic/tiswan_000651.jpg,6ba5096c60df7756b7216854300f037f2a03dc8b385439a7695e7a834ce93519
datasets/skin/acne/final/subtype_classification/train/cystic/tiswan_000652.jpg,3c66ece9174d4f224055c1292c3c39fa8e36550eb64648039f913ef22fedc222
datasets/skin/acne/final/subtype_classification/train/cystic/tiswan_000653.jpg,871430577f66d12648527c3bc4f24cc95952b948184bc132715e690d135e94a9
datasets/skin/acne/final/subtype_classification/train/cystic/tiswan_000654.jpg,44d8029668677b120eb820180eb815047bc8f3e1f30559f786f5c8292d46a9c2
datasets/skin/acne/final/subtype_classification/train/cystic/tiswan_000655.jpg,8b9ba905b38c6d8e1c5e60f3d9f3729221a38389e2c25160e3bb5611a9bfbbf1
datasets/skin/acne/final/subtype_classification/train/cystic/tiswan_000656.jpg,bb722285579c023286e08dbfd8f1423438a26109964b96224b40ba5d3dbbbbbe
datasets/skin/acne/final/subtype_classification/train/cystic/tiswan_000657.jpg,7aa2dd7f6d924be64d624245a9a7ab9b8f79e53084fdab62c2339e5c559a7e80
datasets/skin/acne/final/subtype_classification/train/cystic/tiswan_000658.jpg,c8ef62dcc11217ca430fe29a0bd322653e664d6e8244dcd6582b2d8e234cf790
datasets/skin/acne/final/subtype_classification/train/cystic/tiswan_000659.jpg,7aa7d4c2a365debc7556a14a23cf56a24c655d4c9bb4e94a07bcd220d25dc37b
datasets/skin/acne/final/subtype_classification/train/cystic/tiswan_000660.jpg,4ceb3e83c293a1679ae185f1a01ccabfbc0bc54758373182a1d51f46c68072c1
datasets/skin/acne/final/subtype_classification/train/cystic/tiswan_000661.jpg,4a24fc962969b189403764fdc7950ce4b8b2a3ce4ece7a5ffa567bddee3410d2
datasets/skin/acne/final/subtype_classification/train/cystic/tiswan_000662.jpg,be644ecec0680a51b9b798ded23f5a789e0fcea62ac4a4c45480cc5cdb87e08f
datasets/skin/acne/final/subtype_classification/train/cystic/tiswan_000663.jpg,239ae4ab567897fd18e1c230ec34824716f78f0321fdcd334cfcc67e266a531f
datasets/skin/acne/final/subtype_classification/train/cystic/tiswan_000664.jpg,456b400457ae49fc172ab15d02d0c38d1bedcf1c98901cb16785e533411242d5
datasets/skin/acne/final/subtype_classification/train/cystic/tiswan_000665.jpg,f50cd4ee71f124648f5b1ddd918ad29934e96d4b6689345e4b9b6a04f43af8c9
datasets/skin/acne/final/subtype_classification/train/cystic/tiswan_000666.jpg,d7a5516a71d89e019c7bc129b7e69b9b36c9cfcda923c4cd78d2302014297304
datasets/skin/acne/final/subtype_classification/train/cystic/tiswan_000667.jpg,ed9e2b3915016e65cf65f6f6f11d6ea69ead2b2d5d36cb2f4dedcaed19036c9d
datasets/skin/acne/final/subtype_classification/train/cystic/tiswan_000668.jpg,c62cdaa5d11b31d045a9be19c0bdc6474fbcb8a18f460c6a731421914432809b
datasets/skin/acne/final/subtype_classification/train/cystic/tiswan_000669.jpg,32cd3291e99d734af882c475b798a1c01ab02d678e6a85b064913f35069c3670
datasets/skin/acne/final/subtype_classification/train/cystic/tiswan_000670.jpg,6c752bf37bd13dea3bc770150dcc7c8fe9b9ceaab8bdc9cfb0755e3c970dea2c
datasets/skin/acne/final/subtype_classification/train/cystic/tiswan_000671.jpg,fd5c9233ef5a06ebddfd4d0cf425be10634244ce90914e3950c462e2238f2292
datasets/skin/acne/final/subtype_classification/train/cystic/tiswan_000672.jpg,943b46fade40f95fd937195a1036c8c48209141e9c34ebcc6408b92e36e03337
datasets/skin/acne/final/subtype_classification/train/cystic/tiswan_000673.jpg,e0e474ce63d43e9ba3cb4a58685dee48e020f7eab05940161fc359ea98404b39
datasets/skin/acne/final/subtype_classification/train/cystic/tiswan_000674.jpg,222113c11939d706826b0679ea2f049379195fd0a1c65726dfec34b5cc3f6962
datasets/skin/acne/final/subtype_classification/train/cystic/tiswan_000675.jpg,b9e93ddb5a17523b05467df472e40a2614edb9f70bc37fa301a087f8a5d031f8
datasets/skin/acne/final/subtype_classification/train/cystic/tiswan_000676.jpg,5bc97747c54bcc45c89b889c39174e8a6bd483c3f801c84d4c1f52852abefb43
datasets/skin/acne/final/subtype_classification/train/cystic/tiswan_000677.jpg,e6724efdf8994ed568c7618dccd8be42691e706baac707e869db7ca9fba56487
datasets/skin/acne/final/subtype_classification/train/cystic/tiswan_000678.jpg,ec572f44bb40763b6a719f90b9dd9de5d3f93d4e500c8aeaabf2128e958ce475
datasets/skin/acne/final/subtype_classification/train/cystic/tiswan_000679.jpg,a11b3d3813ffd1103318fc50ca1d330d75952dff916d626868446310de2c8a48
datasets/skin/acne/final/subtype_classification/train/cystic/tiswan_000680.jpg,046f3c021a090e312e23e4a958868bc544276456e71735dc15beb6618693c590
datasets/skin/acne/final/subtype_classification/train/cystic/tiswan_000681.jpg,91a4033d7cc1bb6e80cd26cb8ea5e488edd9f02a957ef853f43ad036149068c8
datasets/skin/acne/final/subtype_classification/train/cystic/tiswan_000682.jpg,451abec1c7da546342454080579179e446e2bcc5f8730fcd06c377236922314e
datasets/skin/acne/final/subtype_classification/train/cystic/tiswan_000683.jpg,57aa7b83204be0253fdad16d68ad404c2b05031e1f7500a71d36b2c296c08249
datasets/skin/acne/final/subtype_classification/train/cystic/tiswan_000684.jpg,850a5f424f5fc594747265c5cf05e9463c8c8aba61acf4ff9bd42979f93d4c4d
datasets/skin/acne/final/subtype_classification/train/cystic/tiswan_000685.jpg,65cb808e05b5ff1cffebb395039f8a278f725c85d762395f774e8080d7e7a97d
datasets/skin/acne/final/subtype_classification/train/cystic/tiswan_000686.jpg,b6211c3a2ba8ac071be3d985c8c4b855b22937a4357d9df4d298c7400f16dc5c
datasets/skin/acne/final/subtype_classification/train/cystic/tiswan_000687.jpg,655806898b11aee10f4082016c8134124460f12c3b27da1ed42efc1e251d2439
datasets/skin/acne/final/subtype_classification/train/cystic/tiswan_000688.jpg,2ce87f0ce28883bb515bdae8d9cbc5b2ea1bb23b724c905e2fd3cd2b52eb050b
datasets/skin/acne/final/subtype_classification/train/cystic/tiswan_000689.jpg,ad9ee099c2d18e1dd90915bfcc65e13393487806ce8b5ae3c4d846013ff3b416
datasets/skin/acne/final/subtype_classification/train/cystic/tiswan_000690.jpg,be1fb7328e1c98c6b59dd93367a11976d2727c2915698f3f188d5daf63e7f996
datasets/skin/acne/final/subtype_classification/train/cystic/tiswan_000691.jpg,cec6237b4116458facfedde2e023fe4b21887837632524c4ffae0706f29f567b
datasets/skin/acne/final/subtype_classification/train/cystic/tiswan_000692.jpg,68d09e03a7d61f35d9a8a181ec51a511901a566449e4faa5d5116753748c637c
datasets/skin/acne/final/subtype_classification/train/cystic/tiswan_000693.jpg,858e54fab4ed35eb7b10e898cd8e0ada263016dde0667f1e8b3fe7c445cb2e09
datasets/skin/acne/final/subtype_classification/train/cystic/tiswan_000694.jpg,69e649730b1e67a5ef6d10c8c0c64ac16f3487495014539c8cc0ed4b8b803ab5
datasets/skin/acne/final/subtype_classification/train/cystic/tiswan_000695.jpg,25394b41cd9df3496af6c8b423f42bd4fc44aa3b528b53e0d4c5a7b3033390c2
datasets/skin/acne/final/subtype_classification/train/cystic/tiswan_000696.jpg,9228fecc05f1f740921bb0f68c96586a7b5c9aa9591c5a0d117f6c08d0507ee0
datasets/skin/acne/final/subtype_classification/train/cystic/tiswan_000697.jpg,6d973939b052a1bd88529fac1d50b8259add84913fe4a5aab1fd010a04f7f384
datasets/skin/acne/final/subtype_classification/train/cystic/tiswan_000698.jpg,f930a1818fbecaec348a8c4e9d586eba1219fbb61ce6d0d8c514587698a31201
datasets/skin/acne/final/subtype_classification/train/cystic/tiswan_000699.jpg,2de68cb8a97bddb5cf942115af41be483cdcbd3f68fa7ec84aae1159f8e91b55
datasets/skin/acne/final/subtype_classification/train/cystic/tiswan_000700.jpg,0792e1867b93473e23b24316cbeef15b94514f36992597036b80f1f6980795f3
datasets/skin/acne/final/subtype_classification/train/cystic/tiswan_000701.jpg,ecbbdd207aad7eb038a6d69cc4e6634057070866c64f4dbaac08ae54e888f439
datasets/skin/acne/final/subtype_classification/train/cystic/tiswan_000702.jpg,99a1043b4f91473016951fd3b8b600e3762e014435118238edb878e9a63d932d
datasets/skin/acne/final/subtype_classification/train/cystic/tiswan_000703.jpg,3711b38d07330d9c2dd187b8dca836f8d3ce27bc19da0343734bdb6f1784bfaa
datasets/skin/acne/final/subtype_classification/train/cystic/tiswan_000704.jpg,d0e4a5812d1cb6aa4611ce258dd05cbc4e96429f5b0d4e65794b0039d303c3e7
datasets/skin/acne/final/subtype_classification/train/cystic/tiswan_000705.jpg,593b1fb22fa8ac2864ea83777600a3fd96b762a7beff129f710c05aa0c07a519
datasets/skin/acne/final/subtype_classification/train/cystic/tiswan_000706.jpg,7ce703add4865a14cd90c76efe9859687bb55fef93ce7c3a5db390e7741be9df
datasets/skin/acne/final/subtype_classification/train/cystic/tiswan_000707.jpg,5cab1d1e4fad0b80809d722bab728ead23e21bcb3fd9016fa33144d9ccf2d715
datasets/skin/acne/final/subtype_classification/train/cystic/tiswan_000708.jpg,85902bd69b664566bba41dfafdc67354243166dd971bdcb08b8eb7ad2031b09e
datasets/skin/acne/final/subtype_classification/train/cystic/tiswan_000709.jpg,f0b6e8983746478fdbde381689d280f31861cf3b64606e485a17e59f397a8321
datasets/skin/acne/final/subtype_classification/train/cystic/tiswan_000710.jpg,f79d9f3d5cc8589da705b50feac901717e351df1d8533df356d916e3c6dfa6bf
datasets/skin/acne/final/subtype_classification/train/cystic/tiswan_000711.jpg,ba48ba744039bb38f192ae7e9531becbc23b474665d034914806f7692d2c234f
datasets/skin/acne/final/subtype_classification/train/cystic/tiswan_000712.jpg,d09f739da331fcd90614fcbd64394d04b2db869cf06a220c4140ec6590db9201
datasets/skin/acne/final/subtype_classification/train/cystic/tiswan_000713.jpg,ea650b2ff9d611c906c0deee3f7b6628ce858d41c98e3b2b6205c0000238d4b5
datasets/skin/acne/final/subtype_classification/train/cystic/tiswan_000714.jpg,65b8e985efbe1e5b7051443dd263355ca570991dbd8baf470f3596564f0dcd5e
datasets/skin/acne/final/subtype_classification/train/cystic/tiswan_000715.jpg,2258eed6a83343acb7a5b9813e9a7f96e0b60c204503ba5bfdc24e8069e67b08
datasets/skin/acne/final/subtype_classification/train/cystic/tiswan_000716.jpg,9d1b05c00faf4f925bcff4db2fdb5ba2c877fb53582c14e588859c7312a0759e
datasets/skin/acne/final/subtype_classification/train/cystic/tiswan_000717.jpg,2b8f2e114295f97bed2b934a0a2d22ce49c8ea000da8d371448efbecd8639db7
datasets/skin/acne/final/subtype_classification/train/cystic/tiswan_000718.jpg,5db31546f3ac560b3832b193f8bafbce84ae5f68dc20e4b79227aa5fc29665d2
datasets/skin/acne/final/subtype_classification/train/cystic/tiswan_000719.jpg,24911f4b420cd95f2140941fc39c4351319966d6e4be363c357b11167aa34f64
datasets/skin/acne/final/subtype_classification/train/cystic/tiswan_000720.jpg,9ff3455fdad24abdf1eeaf3a198ef2a3e6c2fa995c12c543afcf4cd60ccc18fb
datasets/skin/acne/final/subtype_classification/train/cystic/tiswan_000721.jpg,3e4423ad2e2980decbe0209c72c34b4cedf9debb61059d9c6235d48b8553974c
datasets/skin/acne/final/subtype_classification/train/cystic/tiswan_000722.jpg,4f479acc036c62429c7a1afba9ed04ece005903a9cae134f0f1dbabae4c4b437
datasets/skin/acne/final/subtype_classification/train/cystic/tiswan_000723.jpg,5e9383b0a18bb2ae21e5b3ec472b5d8a8c386f8fc792bb4402d376d039fb4eff
datasets/skin/acne/final/subtype_classification/train/cystic/tiswan_000724.jpg,1f1941d6733081c3727047a1933d2d3ab795cb1a212fddba1f322fcecd848cd0
datasets/skin/acne/final/subtype_classification/train/cystic/tiswan_000725.jpg,d6638cee1820087977b18867983263bdc20c0e52d4b158a1760da0fad47ca101
datasets/skin/acne/final/subtype_classification/train/cystic/tiswan_000726.jpg,50b6bf419d878025ede24237d965f5abee2b414e39df1a62b2a2810cdf8a100a
datasets/skin/acne/final/subtype_classification/train/cystic/tiswan_000727.jpg,98a629cc94ea8c7d5b951c010e96529d28a5c2cf357f712921575c47580d3014
datasets/skin/acne/final/subtype_classification/train/cystic/tiswan_000728.jpg,d86d1097a5c72c7705da299db224a8916a396494c1ff88647f2c3fcca32da1a2
datasets/skin/acne/final/subtype_classification/train/cystic/tiswan_000729.jpg,1fef5082b5dc8451ae899e1013fba3c11d0c40b0668c6b7ec32d794c8ac92926
datasets/skin/acne/final/subtype_classification/train/cystic/tiswan_000730.jpg,7f14ed74927e688d64ede9d503cf6066056b256c3a0ccb587f03f4569f6fa169
datasets/skin/acne/final/subtype_classification/train/cystic/tiswan_000731.jpg,21d99c11b21e2a74219910a02709df8954b16d14943f225996bcd746a46cd529
datasets/skin/acne/final/subtype_classification/train/cystic/tiswan_000732.jpg,7f9010ab61b89723f552615bfdd982a9def4bb1c77fa4081c451f061057d15f9
datasets/skin/acne/final/subtype_classification/train/cystic/tiswan_000733.jpg,e470702d76607beb09ae99756f57784c302cc3049ead71fa95d5126bd96bf8be
datasets/skin/acne/final/subtype_classification/train/cystic/tiswan_000734.jpg,bd351f6c445634f31198d4e013b2a9e0d04c09a2995979c21e896a15fddf7184
datasets/skin/acne/final/subtype_classification/train/cystic/tiswan_000735.jpg,79f625843bb257c9f0679ec81666cfb198b07b5011bd3715bce5df2f7a5ec421
datasets/skin/acne/final/subtype_classification/train/cystic/tiswan_000736.jpg,f879a9557344a72978365397931bd992944e9d04de279467e0a474fb94e706b9
datasets/skin/acne/final/subtype_classification/train/cystic/tiswan_000737.jpg,de9f0f25982d9de3a4cb6953aeb49900d991f0ad0f99a4cd35f8765d33dc926b
datasets/skin/acne/final/subtype_classification/train/cystic/tiswan_000738.jpg,102fa67d3aa162d3559a723d6a915f078d8300ce9f240e4949e4ae31e0a0583a
datasets/skin/acne/final/subtype_classification/train/cystic/tiswan_000739.jpg,ad797d105b3d2e8e8d24b7faa9bb20a57169bfb76a62f27ca2158bf7b6aaa205
datasets/skin/acne/final/subtype_classification/train/cystic/tiswan_000740.jpg,047b86ef29f600dea83ff965c8af932af7f71e01b7fe6e351cfd17f57b05e43a
datasets/skin/acne/final/subtype_classification/train/cystic/tiswan_000741.jpg,4ec488efff6c5b3d6d0b91aa6264bac278a02a180b6f132453e0c6c2489e7af5
datasets/skin/acne/final/subtype_classification/train/cystic/tiswan_000742.jpg,2594d0642d1db6f58b2bec34bd0420b29a25b8b3c26241650ec3ffccfad8a3ef
datasets/skin/acne/final/subtype_classification/train/cystic/tiswan_000743.jpg,17a40ffaad5508e1ca570a10234ba612e1ba8ec603a06eb745f38fbd611c21aa
datasets/skin/acne/final/subtype_classification/train/cystic/tiswan_000744.jpg,0bc0c378662821c66d44a9a1929beaa70bc1ce8740947fca259ba3f2d1795ddf
datasets/skin/acne/final/subtype_classification/train/cystic/tiswan_000745.jpg,960dff0f759ba71345ee3e1e66dd9712e9ea02447f3b718afca1a0006af496f3
datasets/skin/acne/final/subtype_classification/train/cystic/tiswan_000746.jpg,d588054f23cd4cd137e2f82e240d64c2a29cd6469116cb1ae93a0f2762c21a19
datasets/skin/acne/final/subtype_classification/train/cystic/tiswan_000747.jpg,1b79240ad8905214a0b88b522be7ddf3569ba1ee6cbe5c19fb07604728f5f179
datasets/skin/acne/final/subtype_classification/train/cystic/tiswan_000748.jpg,7b40213031f63eb1b4a3722bbf94c099a45a6a0d1e0c8f0253fcb97decc0fa79
datasets/skin/acne/final/subtype_classification/train/cystic/tiswan_000749.jpg,f4c3e2e10bb5fbaee9a072af495716820b7950feaece34c1246b8527d3aeaf65
datasets/skin/acne/final/subtype_classification/train/cystic/tiswan_000750.jpg,46dc5c21aa219924671629e65d0454fd42d49c7dec20aae9780099dcc399d698
datasets/skin/acne/final/subtype_classification/train/cystic/tiswan_000751.jpg,32dc3f19f216be023d610bbac82598a440b5852964b53e756ec8f6f2f4fde70f
datasets/skin/acne/final/subtype_classification/train/cystic/tiswan_000752.jpg,26a51776dd11f2fd3b9a5a32c4648781bd1a7bb42b97b49b0f9c2bddcd5cd894
datasets/skin/acne/final/subtype_classification/train/cystic/tiswan_000753.jpg,1d9ba49f315cadf88437e47fd301de02774e7d5e7f1e4c4faf29e004979369f7
datasets/skin/acne/final/subtype_classification/train/cystic/tiswan_000754.jpg,afe6529e0f24b0f8462b5750c09388b1ed540b347805f0a0d76feb68cf0040cf
datasets/skin/acne/final/subtype_classification/train/cystic/tiswan_000755.jpg,06f9bcaf1bf0733f00b0dfd38d57d37103eb77ebc222bc104fdc08503d6060c8
datasets/skin/acne/final/subtype_classification/train/cystic/tiswan_000756.jpg,c58025968a9904dfcc0e1b007a01ff6c72e588de231201957365cf10eeb78ad6
datasets/skin/acne/final/subtype_classification/train/cystic/tiswan_000757.jpg,eb67904e3f57f650fa02e1fc00af878a8fb81b106c611f4fca58ddef953dc5c1
datasets/skin/acne/final/subtype_classification/train/cystic/tiswan_000758.jpg,33258b9d8d86daa01e6bee93f8a1ea57a7db603b5df9cfe17d5ab85d002d2c48
datasets/skin/acne/final/subtype_classification/train/cystic/tiswan_000759.jpg,520b72dce7953b22a6dcfff29ecad3ff62e6af936b50e03da71b398421111a21
datasets/skin/acne/final/subtype_classification/train/cystic/tiswan_000760.jpg,685fafc1035ded5e4befe5ba7377b151ad38b0b1773f486f1aa864313180efb2
datasets/skin/acne/final/subtype_classification/train/cystic/tiswan_000761.jpg,5e27bf64320c76ec33d2903abea3a4f1f7415fb0895f90b00c898ea4a0536512
datasets/skin/acne/final/subtype_classification/train/cystic/tiswan_000762.jpg,04fe109bf2081746415753c704a420010c31a1b896a9de32f52b63cf73fa6dd1
datasets/skin/acne/final/subtype_classification/train/cystic/tiswan_000763.jpg,39732fc1bfdd0769f369d2d9d97b3ad2537af36ce1a0dd9af15e426c8b6fddab
datasets/skin/acne/final/subtype_classification/train/cystic/tiswan_000764.jpg,4c34db33df6f0750f38ec9e7086d095cefb28bc8a44ca445a392c664b0786d11
datasets/skin/acne/final/subtype_classification/train/cystic/tiswan_000765.jpg,75c6cb3f20f5b1dc72e9fa08cc4e3a0225e2663e02c64e13293f830fdcd5b00a
datasets/skin/acne/final/subtype_classification/train/cystic/tiswan_000766.jpg,b75c5ef85512d537a6c436173be7ab79d72af690a7aa40ffdfd889af3fd614f0
datasets/skin/acne/final/subtype_classification/train/cystic/tiswan_000767.jpg,48e6440e81e725aab6186dd7d712692c1b37ffb0ee90b84eb98b3886f1e15aa6
datasets/skin/acne/final/subtype_classification/train/cystic/tiswan_000768.jpg,c46a0008f5c2d3c106a2103ced85a3b5513ca795f0ac6285e723c1ccc5fe5af1
datasets/skin/acne/final/subtype_classification/train/cystic/tiswan_000769.jpg,8d32620837d6db87fa5e5ff1efd65dad7e8e79a3454b7431208e2f0c35628096
datasets/skin/acne/final/subtype_classification/train/cystic/tiswan_000770.jpg,a3ea9d534386483d4554efa9d6e4500f9f392528632bd4842763b949685d9451
datasets/skin/acne/final/subtype_classification/train/cystic/tiswan_000771.jpg,788fc1a8e5c0919c6264a417b0bba3084fb6eaeaf3aa62ca67b6be09227f7f2c
datasets/skin/acne/final/subtype_classification/train/cystic/tiswan_000772.jpg,90c95a11ad82b3fa61a24281e4c9b93e9adb65926066da3405cfcefbda2d73f6
datasets/skin/acne/final/subtype_classification/train/cystic/tiswan_000773.jpg,92f82267f2263c2fbcebb66531008c7a4d66b702023da1cd2b7c4d3d78b84627
datasets/skin/acne/final/subtype_classification/train/cystic/tiswan_000774.jpg,22ff651c5d93f84bdd88d45d4e792b0d53801f1ee4284a2b2b00649cf73582f6
datasets/skin/acne/final/subtype_classification/train/cystic/tiswan_000775.jpg,f1c6085435ba536a28638706b876089967688274da2c4a518fcb1a30b923e111
datasets/skin/acne/final/subtype_classification/train/cystic/tiswan_000776.jpg,8b1b153e1fa73ef8ac83e131e33831ad966db312ba6eff8d9597c98d7db65eec
datasets/skin/acne/final/subtype_classification/train/cystic/tiswan_000777.jpg,11df81ef75e1db7f4a1330f8adc8f00cb95d0505a87bcb91c95f603e6861f3dc
datasets/skin/acne/final/subtype_classification/train/cystic/tiswan_000778.jpg,f6f14a98ebce5cf85c5597253cbee90a835215aa786afb672972eded0ca53c7c
datasets/skin/acne/final/subtype_classification/train/cystic/tiswan_000779.jpg,bd55d6d82276f0d9ab50075cda29d79a8dfea705cd51a552b029e274f39c2c06
datasets/skin/acne/final/subtype_classification/train/cystic/tiswan_000780.jpg,d8236b08cad3b1429f5437658ea0f57aefe85ad235e459a7704a83e6b4090e76
datasets/skin/acne/final/subtype_classification/train/cystic/tiswan_000781.jpg,f2ffd011b8c871d35cadc41f319836924a0f35ab22a23633e6ef67d85c137ecb
datasets/skin/acne/final/subtype_classification/train/cystic/tiswan_000782.jpg,5306cb10504b158f2b194f5caaf3fae795c2a71b8b9bc0a239627fe47b8eadb0
datasets/skin/acne/final/subtype_classification/train/cystic/tiswan_000783.jpg,02f60e916fee0b1a05334d31d0571344e23b6545d51ce57ae4859ee9678af9d7
datasets/skin/acne/final/subtype_classification/train/cystic/tiswan_000784.jpg,75ae1128ac8a9a3fd4293ae13196db5519233af9fd19098fbec25133297fa069
datasets/skin/acne/final/subtype_classification/train/cystic/tiswan_000785.jpg,d98fce294305f4d7c422e3c5c25c67dc4f62ac65faff89ce592dedaef51edc40
datasets/skin/acne/final/subtype_classification/train/cystic/tiswan_000786.jpg,840bbd998ff67c11c79a014a81b62a2c6ad4d4deb4250de6836cf50a5697703f
datasets/skin/acne/final/subtype_classification/train/cystic/tiswan_000787.jpg,c839dfb4aa1ff201cb6df2ca837306542f10d0a154969441c8ee0d989ce242b2
datasets/skin/acne/final/subtype_classification/train/cystic/tiswan_000788.jpg,35637858687a487f5447f29a2f24e7fe8c2db50bfee60d1a0ed9ae3ff2707927
datasets/skin/acne/final/subtype_classification/train/cystic/tiswan_000789.jpg,b958ad7e9ccbb774adce1c9c234902547a3bc1c28f4211e0677dec86e2c30bee
datasets/skin/acne/final/subtype_classification/train/cystic/tiswan_000790.jpg,5fbcce30b2e429f00ab1a96fe7e73ccbbe93d77001123b986c3e046881fe892a
datasets/skin/acne/final/subtype_classification/train/cystic/tiswan_000791.jpg,72b01d560988983d1b596d205e12ad81235c2f3742da6734c4d4227bbdb2ea49
datasets/skin/acne/final/subtype_classification/train/cystic/tiswan_000792.jpg,e35bdf9b744813348b1da97d9eff8b6e4319bad5e13f30f9937086e556c4c962
datasets/skin/acne/final/subtype_classification/train/cystic/tiswan_000793.jpg,09e33701d6b786495651ce075b8175c4e3f6ba2efe9c57967f4087917c55dc1b
datasets/skin/acne/final/subtype_classification/train/cystic/tiswan_000794.jpg,87e75b25daabb287380cdaaeff8835bc316088b1d4876571a5338728e82b3a64
datasets/skin/acne/final/subtype_classification/train/cystic/tiswan_000795.jpg,5e0876d15346d4974c233f6208d483827bfa76026395668ed4296bd2ee88846c
datasets/skin/acne/final/subtype_classification/train/cystic/tiswan_000796.jpg,2a58fc9c5b78b1bcd7f118971413a3d7d1a7967498b9d58bab1f216860d80e0b
datasets/skin/acne/final/subtype_classification/train/cystic/tiswan_000797.jpg,8a21490c8de853aeb01be4af096e2c6d6a07ac080d2131b3b57ee19e1db65459
datasets/skin/acne/final/subtype_classification/train/cystic/tiswan_000798.jpg,8cc8da7b00c45660762b6259e59d53ca1b0ef591976217ee6514d96eb8f5ed56
datasets/skin/acne/final/subtype_classification/train/cystic/tiswan_000799.jpg,9ff8b9be43aea9035a5dcc0d517633b78f4b95c9ed86c7f92dc16b6d713f9493
datasets/skin/acne/final/subtype_classification/train/cystic/tiswan_000800.jpg,c438714c53586f89bbb1e7204748e6b061f5995247f02e062e379eca812bca3b
datasets/skin/acne/final/subtype_classification/train/cystic/tiswan_000801.jpg,1747f423e982a51d5434f2c9b251422e7ec0e0e69feded3b897af318fbcc2372
datasets/skin/acne/final/subtype_classification/train/cystic/tiswan_000802.jpg,456013457f6eba4048a3db5584bd3068d799e7ad577c64301246a117c30ed303
datasets/skin/acne/final/subtype_classification/train/cystic/tiswan_000803.jpg,59f129421a04a2fd8fa876646c31d0ce049c57fbbd94608a62ee4b1ad4549738
datasets/skin/acne/final/subtype_classification/train/cystic/tiswan_000804.jpg,9a9882904cbc7fd1d2abe5dc4e0c40e4c02f5ddba3af135435acd72b9b6573cd
datasets/skin/acne/final/subtype_classification/train/cystic/tiswan_000805.jpg,b26e3d93700476565ad8ea5c909dd978779fe4a87e2a24d826bd5f82c4bfda6e
datasets/skin/acne/final/subtype_classification/train/cystic/tiswan_000806.jpg,86e1b9d0c0698efe0fb2d7f1920ea2bcf4b5672f8dbfa51f7da133fcbe323517
datasets/skin/acne/final/subtype_classification/train/cystic/tiswan_000807.jpg,84fda96ff269a10a18ad046805cb050da52d034fb21c9361730bb23e51d4e61c
datasets/skin/acne/final/subtype_classification/train/cystic/tiswan_000808.jpg,c0ca83a2ced86c65e1162fbad687e1e4a3f3741515af068aced3b612defb9908
datasets/skin/acne/final/subtype_classification/train/cystic/tiswan_000809.jpg,b56477238dac054dd52738fff7cba48788aa975db07131009c4694dcbb164bd9
datasets/skin/acne/final/subtype_classification/train/cystic/tiswan_000810.jpg,3b3f1d60a1de1f0d0905bb6e1eb6198a6a14146cae9fc5f7d656fc595ff92568
datasets/skin/acne/final/subtype_classification/train/cystic/tiswan_000811.jpg,607759a57ae1546b78bf501f7e3f6f10632be665f91b82f7a646d8019a168682
datasets/skin/acne/final/subtype_classification/train/cystic/tiswan_000812.jpg,b6f6a2fc8bfe6405aa1cf3c816b6ca77cdb142b3e98df594973e4d6a37495b8f
datasets/skin/acne/final/subtype_classification/train/cystic/tiswan_000813.jpg,a050007ca1a5f64d5d1137c10e5f107938f82c90f6f4b66f660a7f24757e159c
datasets/skin/acne/final/subtype_classification/train/cystic/tiswan_000814.jpg,cb0cc726b3978e0cedb0f96856e665f13e8fc014ce8ba9ac8f284f518b10f2e0
datasets/skin/acne/final/subtype_classification/train/cystic/tiswan_000815.jpg,d225d938679db049cd38a80ed89c55e04d644c65ed0f4901ce687e06dac8b62d
datasets/skin/acne/final/subtype_classification/train/cystic/tiswan_000816.jpg,7be1a74e42241948783a479ad307532497b14a262311a42fb484fa92bc46bb93
datasets/skin/acne/final/subtype_classification/train/cystic/tiswan_000817.jpg,b28e026f9f9708118cb935a1b35ee991dfd46eab5e721a237b8e3b113b1bf7cd
datasets/skin/acne/final/subtype_classification/train/cystic/tiswan_000818.jpg,fad4da7ced752bb6ba6e6e5001818101234124e793513b438698ed95b7e56d03
datasets/skin/acne/final/subtype_classification/train/cystic/tiswan_000819.jpg,912a400dcb2064de3d600bfdd17213609c0505483f42ca2f7a021d6a844b5611
datasets/skin/acne/final/subtype_classification/train/cystic/tiswan_000820.jpg,08696ffc4395fc151e3ff02b07e27cb5220cd8cc66d6b22542dfaab3fb2e7685
datasets/skin/acne/final/subtype_classification/train/cystic/tiswan_000821.jpg,51dba8aa4e63d126694bd56cc443569e27f0db1bd9b2ea0851336d235f2f2b80
datasets/skin/acne/final/subtype_classification/train/cystic/tiswan_000822.jpg,7a5f0765748199538b8a4bbc3b9e6d2798cd9943a6bd89f7925067be491d8ebf
datasets/skin/acne/final/subtype_classification/train/cystic/tiswan_000823.jpg,d143e50673be794ddfd058962eb875ad5a7334d0a10e3be6f29709ec9ff29cdb
datasets/skin/acne/final/subtype_classification/train/cystic/tiswan_000824.jpg,188ea6484b42eb4bd5060337ddc951cb8b5ecbf794f469bb74bccb3603f8d62c
datasets/skin/acne/final/subtype_classification/train/cystic/tiswan_000825.jpg,74d9c6a5e80d1ee82b46fcfe0298f99064ffadc59f76c6b385cbc8069aebb2d9
datasets/skin/acne/final/subtype_classification/train/cystic/tiswan_000826.jpg,e594d6863bd79c9b045adc46bfd53a434652e76d7a927e923e79e785b7ceb473
datasets/skin/acne/final/subtype_classification/train/cystic/tiswan_000827.jpg,e9052f509979b14a869d935b83a1edbd4dec9050966a61358d2d07fa6a21c146
datasets/skin/acne/final/subtype_classification/train/cystic/tiswan_000828.jpg,e552b91a6a8bfd1cb0d13392de00cd38c26dcd182310dbd9ded3a2ae37e09682
datasets/skin/acne/final/subtype_classification/train/cystic/tiswan_000829.jpg,55a10aff9f495cc8bb0bc82a4cfbbcea6d1be90f9b02cf49dc979e0d265aa6d2
datasets/skin/acne/final/subtype_classification/train/cystic/tiswan_000830.jpg,6b1ceb4637b278a2486757e450fb1eedf9c41093165e490036989deddd8c7993
datasets/skin/acne/final/subtype_classification/train/cystic/tiswan_000831.jpg,1d4f14f4b3bc68546aa755d06204fd689f38afda969dede05c7894d735a64278
datasets/skin/acne/final/subtype_classification/train/cystic/tiswan_000832.jpg,0b0eb9faaa0e7e97ba97fed2b2430936e6c0f71714231fe7a8a02ed065ba3d73
datasets/skin/acne/final/subtype_classification/train/cystic/tiswan_000833.jpg,61ea59bd8faea9061b5d60133185b4a491626acf1ab2aecdf5a95123cd33b1f5
datasets/skin/acne/final/subtype_classification/train/cystic/tiswan_000834.jpg,af42d6962fb7e85f909ccfadada8049c3558fa2d318fa1a780b2ef641523e516
datasets/skin/acne/final/subtype_classification/train/cystic/tiswan_000835.jpg,a153405e875250ac9a41e6041845eb2a288ffbc6f403cc81372a5a5d0fa7292b
datasets/skin/acne/final/subtype_classification/train/cystic/tiswan_000836.jpg,de830c66792056d6500f357098f15430e5993577381f57c11a4aa9ad1b4efa01
datasets/skin/acne/final/subtype_classification/train/cystic/tiswan_000837.jpg,ff05392540887be40b073a9de1b5f809c628fd356598a8cae8640428b77d82b7
datasets/skin/acne/final/subtype_classification/train/cystic/tiswan_000838.jpg,ce9fe0c2aa7d6d10356f53e3171f4be86607161ef2fd15925b387364d5838248
datasets/skin/acne/final/subtype_classification/train/cystic/tiswan_000839.jpg,7c5f5717c038137c97a30f2447010042fa8ac05a188b765a5024d41ee6939143
datasets/skin/acne/final/subtype_classification/train/cystic/tiswan_000840.jpg,e47372072ce7ada42f9bf24fb3902b05114a6bb54db37696ae358ee3f3c29f60
datasets/skin/acne/final/subtype_classification/train/cystic/tiswan_000841.jpg,3b348f824763d1e50045d20ea7aa777cfec104e6cbbd26523a2040660122171f
datasets/skin/acne/final/subtype_classification/train/cystic/tiswan_000842.jpg,d266a8b6f4537dfb0f6c24e15c3df9064a320e57480d9efd2cb69b9770dd91ac
datasets/skin/acne/final/subtype_classification/train/cystic/tiswan_000843.jpg,62e2168716d57a624f6e41d5a757ebcfa0f10be7aa1519e19fef18c6ecd34a8f
datasets/skin/acne/final/subtype_classification/train/cystic/tiswan_000844.jpg,0729f2690addcbdf94e37b48a152b8e6ad1fbda83d8bbcdd79489b12c8766a93
datasets/skin/acne/final/subtype_classification/train/cystic/tiswan_000845.jpg,28b4c442409c749b372d18b825aea446a9284c6d5c3c64b4040c63d3de1ff362
datasets/skin/acne/final/subtype_classification/train/cystic/tiswan_000846.jpg,e6e0beceffe3a59c2e88867f11489f6d0bf222d82b60b7dd59866d20d16285a5
datasets/skin/acne/final/subtype_classification/train/cystic/tiswan_000847.jpg,b68dcbdb42ff61284f8d911466fbe0be8f63495776381c44ff3ce79d9828304e
datasets/skin/acne/final/subtype_classification/train/cystic/tiswan_000848.jpg,41ee1cea82a083117319a5d38a8e144079714d89bfba0ac76beff3322adbad1a
datasets/skin/acne/final/subtype_classification/train/cystic/tiswan_000849.jpg,a93cf41debbaaf8b80fe208fa8e50568b5b4712c8c8e1477276e35037e91308c
datasets/skin/acne/final/subtype_classification/train/cystic/tiswan_000850.jpg,683b00065f852f2064a827354b4db354116fb918da6c249165880f1262402090
datasets/skin/acne/final/subtype_classification/train/cystic/tiswan_000851.jpg,4f5bd4badd51cbc5eeb1eea0f304ad563e675b498342c37c8bcdad03e81d6c88
datasets/skin/acne/final/subtype_classification/train/cystic/tiswan_000852.jpg,22e754f3e535e8a1b04fa2f2577983bf50ef75f985f9c82538c88e1d4fb34420
datasets/skin/acne/final/subtype_classification/train/cystic/tiswan_000853.jpg,7007973e5cd279427fb2ddb36cf6f75ab10c2328d5b505f6ffaec9343b6380e2
datasets/skin/acne/final/subtype_classification/train/cystic/tiswan_000854.jpg,8815853f4f6b63ea16bd6705c7e4695c69111421a3aab98bb0ef66cb5eb2bcfb
datasets/skin/acne/final/subtype_classification/train/cystic/tiswan_000855.jpg,3774b87cceee87da12b3ba521e746a6d00dec160b80648a2e2d4337be9a6d62e
datasets/skin/acne/final/subtype_classification/train/cystic/tiswan_000856.jpg,519443207fe5e3e4ddcf550dc6f12ed982785e5e3c856a68ed1e74b96591b3b9
datasets/skin/acne/final/subtype_classification/train/cystic/tiswan_000857.jpg,fb22feeae0381666c83f04f1db6a2bccf850627038115e71f25741cc5225471e
datasets/skin/acne/final/subtype_classification/train/cystic/tiswan_000858.jpg,544af0e3483c9c985e055b34b422afe954e8f87c0e67c8710676bbba12ad9c16
datasets/skin/acne/final/subtype_classification/train/cystic/tiswan_000859.jpg,49df72a87d254dff3cb74b812d2657a0e03a31066f09836079685197f0dec44f
datasets/skin/acne/final/subtype_classification/train/cystic/tiswan_000860.jpg,8fb805f26e93317b7691862655168e33e3d720555d397fc2efc70e9c7e131855
datasets/skin/acne/final/subtype_classification/train/cystic/tiswan_000861.jpg,a76ec72551a60f324ff981d2cf5e96404540e95d2c0029012ed9b6f42a4babb3
datasets/skin/acne/final/subtype_classification/train/cystic/tiswan_000862.jpg,8199dde3ff80d66ea89e92b228441f45a535690e4a89388cdb973d23f3489936
datasets/skin/acne/final/subtype_classification/train/cystic/tiswan_000863.jpg,0eac5bafde1fc9858bd164ba765ee78b32a57e396e4cc696cbede4542e1a3235
datasets/skin/acne/final/subtype_classification/train/cystic/tiswan_000864.jpg,333b55375eda20c430c3361d78ccba634454452bc2482f84eebf9f5b0c015254
datasets/skin/acne/final/subtype_classification/train/cystic/tiswan_000865.jpg,528dcba27752cc8c2576fca348f9d0d25fab41b3c4747df82788abc904be2732
datasets/skin/acne/final/subtype_classification/train/cystic/tiswan_000866.jpg,6b0938ccb6965750516c36ecfaae7b4c7a8459b4dbfb362b5a9bca6625eb7474
datasets/skin/acne/final/subtype_classification/train/cystic/tiswan_000867.jpg,d085478bdbc85b2cd221f4b67cb0184727bc48ee3dd868fad69480d5c97e5687
datasets/skin/acne/final/subtype_classification/train/cystic/tiswan_000868.jpg,d9f45ccd3cdaf29677228c002e715aed47832e2bdf98f872ae4dd9ddbffe9f78
datasets/skin/acne/final/subtype_classification/train/cystic/tiswan_000869.jpg,e81a7090cb627996204583cfb3fa9c4c9d69eb2cda49cf2d98de682ee9d0cb9a
datasets/skin/acne/final/subtype_classification/train/cystic/tiswan_000870.jpg,5939617911a64706e29bb3f4935b903247ebf0fe5e73d3973849d6e6e05d522a
datasets/skin/acne/final/subtype_classification/train/cystic/tiswan_000871.jpg,d8d3413368a5b75e435e3ea71d3a29529b8647641546ee2483f023665ce01628
datasets/skin/acne/final/subtype_classification/train/cystic/tiswan_000872.jpg,700f9cd62b6655dea3d82af2728d21bb81072a33daeeda63c799bbfda78b84d3
datasets/skin/acne/final/subtype_classification/train/cystic/tiswan_000873.jpg,bbcb6769c138a5f547c4806fdab2c5847105c4b95b6d7e0c6d537d7db823c126
datasets/skin/acne/final/subtype_classification/train/cystic/tiswan_000874.jpg,2056c4cb61d86c50c0860e824ec0cf568c686b68cfe30ffd84099529fb6ec05b
datasets/skin/acne/final/subtype_classification/train/cystic/tiswan_000875.jpg,7e841c224304cc738a3c9cb7db5829689f1db6a71a807e0ca6ac21c199e7f48d
datasets/skin/acne/final/subtype_classification/train/cystic/tiswan_000876.jpg,f3cf7e72fc120d4d66ebddeeae2554bffc898f8c7476f13129ebec35c395c810
datasets/skin/acne/final/subtype_classification/train/cystic/tiswan_000877.jpg,47c7e1ef12c69b99368bab950c99453e165c0d9342c99112aa01abbcabcdc857
datasets/skin/acne/final/subtype_classification/train/cystic/tiswan_000878.jpg,f44cee8bf455b5992614f228317c0c3bdeef75f84fdc20381e6cb40294910407
datasets/skin/acne/final/subtype_classification/train/cystic/tiswan_000879.jpg,6cf2cc69a7c37d03eaf215be851bbda9c1ff4d73a744f275a3253732f0b83392
datasets/skin/acne/final/subtype_classification/train/cystic/tiswan_000880.jpg,f89a56cdf3704928154b35a15d5ef6a7f0af45bda0ed81a50a2d13e486b4cc3c
datasets/skin/acne/final/subtype_classification/train/cystic/tiswan_000881.jpg,7c15b17478b5d3c22326b82a9b919726023c0fe9eeb8c2aec0014b0142875834
datasets/skin/acne/final/subtype_classification/train/cystic/tiswan_000882.jpg,3b272f1570db9f2e862bc90c90ab1f2acbbda65c324104fa526747ef52c6c0a2
datasets/skin/acne/final/subtype_classification/train/cystic/tiswan_000883.jpg,caa8d2295e4b66a2f9f0dab64a6bbea7690ebcbde8f803991c745e2a32929059
datasets/skin/acne/final/subtype_classification/train/cystic/tiswan_000884.jpg,bd367c43c6945cfbbf0952251ad2204c2982c59692b958646e7e53f01e7995e1
datasets/skin/acne/final/subtype_classification/train/cystic/tiswan_000885.jpg,cc73d06c0781eab5b1850bea529f396db6bc21dbad7c681499880ea217cd6aaa
datasets/skin/acne/final/subtype_classification/train/cystic/tiswan_000886.jpg,ca6eec6e95460b7e448c97ae6062119b23343b02f0e507aacdbeb45ef6f37ff8
datasets/skin/acne/final/subtype_classification/train/cystic/tiswan_000887.jpg,4f014dd00f1909ddb566fa73bd008b11688327bb302cc136ab030644120899c4
datasets/skin/acne/final/subtype_classification/train/cystic/tiswan_000888.jpg,2255afd389746dc1083a79967a13ce214a81eaea36cd1510be7d77816c3d1710
datasets/skin/acne/final/subtype_classification/train/cystic/tiswan_000889.jpg,568fb65ba702dd93bddab9ae0c01f22b05213e5adb06e01c116e096f55c43c4d
datasets/skin/acne/final/subtype_classification/train/cystic/tiswan_000890.jpg,34dcacd45bb39776b3dbd8d8d654cf11a20cafc52791232241e60a2d66040645
datasets/skin/acne/final/subtype_classification/train/cystic/tiswan_000891.jpg,88a6ffb14b7de6ed6cffc1fd980831d822306cffb49589573620e2ad940b7903
datasets/skin/acne/final/subtype_classification/train/cystic/tiswan_000892.jpg,e9a3e095e91003052e0c9a47a02c86f218201fb5ba91ebcfcca7f49f3d3b9300
datasets/skin/acne/final/subtype_classification/train/cystic/tiswan_000893.jpg,b9dd9bb6236976648b25011350c2b7e946ce2fa66e0562caa4477188d40d8240
datasets/skin/acne/final/subtype_classification/train/cystic/tiswan_000894.jpg,c2b97c7af1ea4ef717d032a90cecce47ffa910c6eab0a0eb6a988fd41aeba6d6
datasets/skin/acne/final/subtype_classification/train/cystic/tiswan_000895.jpg,2664419c5adad6b30df0d43a3669a377ac8e688a941eae8334f416620fa3c3a5
datasets/skin/acne/final/subtype_classification/train/cystic/tiswan_000896.jpg,4bb1b935b4fe93589ad6a30c0aa24ece39d902e4bad2789695bd9a045ec4577b
datasets/skin/acne/final/subtype_classification/train/cystic/tiswan_000897.jpg,537671e55f73320bbcd2ab6baf89670ed0e495223774ef23c5344d77213c9dd7
datasets/skin/acne/final/subtype_classification/train/cystic/tiswan_000898.jpg,ef39385fb666a63111b29576360abbcc96b46c90f147f635aa12491a12ad6582
datasets/skin/acne/final/subtype_classification/train/cystic/tiswan_000899.jpg,ad621d4b7c7a65bc0b9e002c6dae55a0e44540235649f7da3a021b49f73af23c
datasets/skin/acne/final/subtype_classification/train/cystic/tiswan_000900.jpg,35b5de95f3bacb0483e14ffba3ad2ed5a8313feda6323f8ba64aeb1bcb8f6f4f
datasets/skin/acne/final/subtype_classification/train/cystic/tiswan_000901.jpg,83147c12cae77ab44023be2cd934b0c1fb32e7dd899448b01927224c2bcd02c2
datasets/skin/acne/final/subtype_classification/train/cystic/tiswan_000902.jpg,370ed33b200bc26df4c03b76e32158ef6935e5681e2ad6caa75123b134147d4f
datasets/skin/acne/final/subtype_classification/train/cystic/tiswan_000903.jpg,6ca5c554ddc1fd042df09d3a435791c4550194e11cfcc094ea24235ba18a9959
datasets/skin/acne/final/subtype_classification/train/cystic/tiswan_000904.jpg,a88c8ae130f2da4fa61fc4f9ecb833f7f1e843daa37137664bb5cd0ecdd45484
datasets/skin/acne/final/subtype_classification/train/cystic/tiswan_000905.jpg,95dc0fdaf18ba0b6dc45514ed11004cb8a480e8a6d2d8ed3b0ec3f716d64c034
datasets/skin/acne/final/subtype_classification/train/cystic/tiswan_000906.jpg,aca15ba0b5de21c056404ed91f1bca566b05141c715de42d7a5605e7c0790ab6
datasets/skin/acne/final/subtype_classification/train/cystic/tiswan_000907.jpg,417af69e2be39db4efb244d427d432928023a01d4df58d2bb7c2ef19d083d06c
datasets/skin/acne/final/subtype_classification/train/cystic/tiswan_000908.jpg,b0949c1926953b27f108be3f1ae4a9104ef9585dbba82d1e68d0d2aeb7f6b43a
datasets/skin/acne/final/subtype_classification/train/cystic/tiswan_000909.jpg,ecfee72017723536eba95bd6c9fdbd5e7b197321293218e73cc11469b16be027
datasets/skin/acne/final/subtype_classification/train/cystic/tiswan_000910.jpg,9016da061f138ef908ac9463290f28a58d52f8252b4b45a0f79b958edb99e09d
datasets/skin/acne/final/subtype_classification/train/cystic/tiswan_000911.jpg,dbbf63f1f11cb842eeef67d5c34081b02346f2a3f7b4aa9879681373273ca8d2
datasets/skin/acne/final/subtype_classification/train/cystic/tiswan_000912.jpg,28b63d69a7ed5d18a49ae077c436c2af5dd76186ae2b4cd20d7135776465928e
datasets/skin/acne/final/subtype_classification/train/cystic/tiswan_000913.jpg,e64d1c9862eaabdf8b5418455b032b0587244b06160c092d1655f8e4202512b2
datasets/skin/acne/final/subtype_classification/train/cystic/tiswan_000914.jpg,72011bbef9e32d9c1cc6204ceaabf3f047a48575b409cd75e6402a85684bfbd8
datasets/skin/acne/final/subtype_classification/train/cystic/tiswan_000915.jpg,870641f1817129dc0fbbdb8df0853ed3c0a32ba91eddba16b6a1435affcb7ac7
datasets/skin/acne/final/subtype_classification/train/cystic/tiswan_000916.jpg,1e56c77f380c4ac51c06e3f41c70c9eccf67a9b36d796973876daaab3b2bab74
datasets/skin/acne/final/subtype_classification/train/cystic/tiswan_000917.jpg,1a6977c960c206f95ce8e1f8d7b192fce12a894bdf1c1bd95163e5d260b6cf15
datasets/skin/acne/final/subtype_classification/train/cystic/tiswan_000918.jpg,a90899765311ed0950ad6b5191909713f92d851cd5002772393acd3d36275572
datasets/skin/acne/final/subtype_classification/train/cystic/tiswan_000919.jpg,a2e1b9ad47339fcd9878843722c189bda1ce03725b832a66061dddbd9ec09fb4
datasets/skin/acne/final/subtype_classification/train/cystic/tiswan_000920.jpg,ee5ab32971835e3011bf26710882a20f350b6f4cc6113c1ade5d2e827891428c
datasets/skin/acne/final/subtype_classification/train/cystic/tiswan_000921.jpg,2afd844ba5e40c21a061a49720e9f3994db2df7dad4a3d178978753159a3fd12
datasets/skin/acne/final/subtype_classification/train/cystic/tiswan_000922.jpg,bf91bb0ba3917bb66cfea41ccdae7aef04d19afab91dda9ad8487cbbea0bb042
datasets/skin/acne/final/subtype_classification/train/cystic/tiswan_000923.jpg,8ae979363f5385b4f6dda29a37272afb8c190bddedc9e1fe3f2d896339c4da29
datasets/skin/acne/final/subtype_classification/train/cystic/tiswan_000924.jpg,13966ab343fb6ebf6e508f691752104f30d74c7b7d668ef004cf9397dc5f7d09
datasets/skin/acne/final/subtype_classification/train/cystic/tiswan_000925.jpg,1b4c7bd8f2e614cf6e2b6989cfcd03e9836b41333818fe01aa953caf7b86c73b
datasets/skin/acne/final/subtype_classification/train/cystic/tiswan_000926.jpg,27b48d7e260a3217034ec3954099ba97d4c3ec87cdc25a0cb8e3e74c7e6bebcf
datasets/skin/acne/final/subtype_classification/train/infantile/dermnet_000112.jpg,bb5f660c4b5ccfe631a09b6c1a3a32a1c7462616f1585a50b34e7aa3052b80ba
datasets/skin/acne/final/subtype_classification/train/infantile/dermnet_000113.jpg,2921f375a51a7c468149ee3ca5fae7d75cdc2e05198e5aa0fafb948741816738
datasets/skin/acne/final/subtype_classification/train/infantile/dermnet_000114.jpg,e5a2c33fda65b4016226f44500e9f9ec994bbf23f9dd9ffcda8032d587c7fa57
datasets/skin/acne/final/subtype_classification/train/infantile/dermnet_000115.jpg,979c434ff235c54229d9b882a76f21dbfc07f7e639a32a07e50b9e7253256654
datasets/skin/acne/final/subtype_classification/train/infantile/dermnet_000116.jpg,57391b1fa60d03d98400dc4cc610b5586c9bb73f932a8b9a7fa144a273811f6d
datasets/skin/acne/final/subtype_classification/train/infantile/dermnet_000117.jpg,6365c5f8fc27957515c919db9b80a559879d1cc732df223c6d2843f6931c5862
datasets/skin/acne/final/subtype_classification/train/infantile/dermnet_000118.jpg,ffe6a1f72ad2299ffc7c33b2e64111aabe47c694d6c8c90e67fb8a00851d71dc
datasets/skin/acne/final/subtype_classification/train/infantile/dermnet_000119.jpg,d0b560ad5ea71177e320753a2b13fca0c69369c55f5ab46bdf14d71b9d034e31
datasets/skin/acne/final/subtype_classification/train/infantile/dermnet_000120.jpg,c4a8ce69ba77bc9303cb07e8154b295a5e7519857c190fd2a9e889c025dd3ff5
datasets/skin/acne/final/subtype_classification/train/infantile/dermnet_000121.jpg,d3e7c35abaabb08cb0cf701c53395fabb8d96f880b9bba608eea57b33d938fa0
datasets/skin/acne/final/subtype_classification/train/infantile/dermnet_000122.jpg,a44ed8e688707bb6c3c0c8c73e68f4985c80f91ed233609a2f5f79f534459254
datasets/skin/acne/final/subtype_classification/train/open_comedo/dermnet_000123.jpg,9c40a38426fdbc05d01c0747553b1e4eda48cc40f86eb98d4de3bec69dcfccfb
datasets/skin/acne/final/subtype_classification/train/open_comedo/dermnet_000124.jpg,89f727af4f8010ef2143599775c0a63a0e29f2532c72411467c9043359c36b77
datasets/skin/acne/final/subtype_classification/train/open_comedo/dermnet_000125.jpg,bb39f0275228f3606e425fc37b482d4826404c4bea075df602b84539c6ab9be1
datasets/skin/acne/final/subtype_classification/train/open_comedo/dermnet_000126.jpg,ca64516c5da6cf7d03de289e2626c17d74b1b01f0e9385d6b3d6e59546556ca3
datasets/skin/acne/final/subtype_classification/train/open_comedo/dermnet_000127.jpg,c8e91b20333717942a661940064bb319d0c2576da1babddc061cdb307bf033cd
datasets/skin/acne/final/subtype_classification/train/open_comedo/dermnet_000128.jpg,440cf18cea4518e9add7a20090dc03ee4f9fa672c1e00731e86821198c83f558
datasets/skin/acne/final/subtype_classification/train/open_comedo/dermnet_000129.jpg,5155560cda4ff342116fdd5d4b4b1326efb803980e60fa34721296f84ce71fc8
datasets/skin/acne/final/subtype_classification/train/open_comedo/dermnet_000130.jpg,4bea00652482f02b13a1e498cb8810595fcb3d47556a711593573cfe5a441f33
datasets/skin/acne/final/subtype_classification/train/open_comedo/dermnet_000131.jpg,54aa76376f70e784aeb0ea908e8f62376c67d9f913a2f1d8538f705f5929d763
datasets/skin/acne/final/subtype_classification/train/open_comedo/dermnet_000132.jpg,bec59cd1de95c0736dbb0b4349bac946375498343c3e2cef25bf9a12d923f9af
datasets/skin/acne/final/subtype_classification/train/open_comedo/dermnet_000133.jpg,6f75f7ea065a07d7fab6b158ca7493390fa89e65f2878fce00e9679983382836
datasets/skin/acne/final/subtype_classification/train/open_comedo/dermnet_000134.jpg,753633179e9526dd938faf64ac996c536d6bea3da4ed11872859ca25f2ba27e6
datasets/skin/acne/final/subtype_classification/train/open_comedo/dermnet_000135.jpg,60f5c90cb6016edf9b297e7c0b0e0d578494890a2304953b41f9a627099fdf19
datasets/skin/acne/final/subtype_classification/train/open_comedo/dermnet_000136.jpg,ed4fd775f6b30eac62ebdda0ecfccfa1521e877c197b742df39ba50e0254586a
datasets/skin/acne/final/subtype_classification/train/open_comedo/dermnet_000137.jpg,39eeabc3ca3511d13f99dc4261b46a4a226dc2b717f8001c3d2cfcad78674b1b
datasets/skin/acne/final/subtype_classification/train/open_comedo/dermnet_000138.jpg,ea152c2acd4eefe07777faad66ed61b872cdc0f2c205567a91cd11a49829f7cf
datasets/skin/acne/final/subtype_classification/train/open_comedo/dermnet_000139.jpg,7ab7f3e46840160c68256a23605b033e9480ef3fb8f1e33f6e279b041a91c330
datasets/skin/acne/final/subtype_classification/train/open_comedo/dermnet_000140.jpg,808c404ad14ec1eb42530cf3877d54023bc39694605165e95481ef93dc7f5a21
datasets/skin/acne/final/subtype_classification/train/open_comedo/dermnet_000141.jpg,f55d91d444f6b5e2a7eafebea72f0d4ff279eb5704bd50d107d782a6499cf1a9
datasets/skin/acne/final/subtype_classification/train/open_comedo/dermnet_000142.jpg,2e56b1322de2bcf24b09ab05b2c906eace8e876965abb1249080c58101827899
datasets/skin/acne/final/subtype_classification/train/open_comedo/dermnet_000143.jpg,c4898322d1de5273c3d7da2ebb042f6c20b211e21cfc0f67895a9268129b78f1
datasets/skin/acne/final/subtype_classification/train/open_comedo/dermnet_000144.jpg,4bb13b946cb5bdc3960c606155c383141dfce3043f06e51ca1378f96c406f4c1
datasets/skin/acne/final/subtype_classification/train/open_comedo/dermnet_000145.jpg,b490e601e0d680c948c4b3a14f25c6eb8f28cfb0bea5bd9d6cb8d2e2998ea26a
datasets/skin/acne/final/subtype_classification/train/open_comedo/dermnet_000146.jpg,86ebb466e9cddc7917153a19d08fec1bc932990e19406052cf79275eee8cc8f1
datasets/skin/acne/final/subtype_classification/train/open_comedo/dermnet_000147.jpg,eb73e0082ee2e133687a0efd800a88ef2c591ae0398751b8fc4b522009311d30
datasets/skin/acne/final/subtype_classification/train/open_comedo/dermnet_000148.jpg,831329194d39c823f4ebf18ef2417a512d9a0b2dcbe29af507dd93269429eee5
datasets/skin/acne/final/subtype_classification/train/open_comedo/dermnet_000149.jpg,37909da68f3623c51fb6197cf07efa451bf684598976707393c8c23394db9770
datasets/skin/acne/final/subtype_classification/train/open_comedo/dermnet_000150.jpg,1cd213a3c28224faf81224b601b3c5925f031d3ec90d932ef0c5a3c27ef16b7d
datasets/skin/acne/final/subtype_classification/train/open_comedo/dermnet_000151.jpg,5bbaaa2c6d1139493d6d9f9c32b8dabe95c00fd13858e8ebd785f15d0c2eb5ef
datasets/skin/acne/final/subtype_classification/train/open_comedo/dermnet_000152.jpg,6e2e479c123dba344d0dd62f267d55d34d4eae6df41e54ca8fd5816de0969536
datasets/skin/acne/final/subtype_classification/train/open_comedo/dermnet_000153.jpg,9b57e99a560406efdb6b1e41d74e2c8368e9dd3e990917a8c6772fcffcd9d18b
datasets/skin/acne/final/subtype_classification/train/open_comedo/dermnet_000154.jpg,df9fb6f7628fd5bba8674d8d5ee4a65d299305d5abfaaced8ee463bcacdbd3e3
datasets/skin/acne/final/subtype_classification/train/open_comedo/dermnet_000155.jpg,97b201c099145d33f3a632e38ae990f5de428db63778fdbf8b51eface5221d74
datasets/skin/acne/final/subtype_classification/train/open_comedo/dermnet_000156.jpg,9007e1986525ac9091ef5c1267c122b992fba84db19e4656878d0575c09303ef
datasets/skin/acne/final/subtype_classification/train/open_comedo/dermnet_000157.jpg,a699d9e4cb85b46030bdefeb23ec03df27c10fd51fb14fdd771f12f74b1da0b5
datasets/skin/acne/final/subtype_classification/train/open_comedo/dermnet_000158.jpg,f8d97fe41aebf0e850c7578ab815532934936b8780542131d710beeb5de260ac
datasets/skin/acne/final/subtype_classification/train/open_comedo/dermnet_000159.jpg,5e8e8d6decb5f5289913170861eca660b21c058022c5d1947ab8e20af8e7f66a
datasets/skin/acne/final/subtype_classification/train/open_comedo/dermnet_000160.jpg,3019703d491ce60630ed9d0dfbf4726c3b8dbddfcd3f75392fb609a955107cc7
datasets/skin/acne/final/subtype_classification/train/open_comedo/dermnet_000161.jpg,389e9ad42415d545e5e6279e4f28c4ee9e9048d25c5da97b54994ec53bf9847e
datasets/skin/acne/final/subtype_classification/train/open_comedo/dermnet_000162.jpg,65841ea98a00307af72e7104701f7adb3b60d4f194b899cea32c13c7d54a07b1
datasets/skin/acne/final/subtype_classification/train/open_comedo/dermnet_000163.jpg,5d4bb1ffd5bffbc1938904cc798796b49c337bd8c7093f44a548b64cb42b504e
datasets/skin/acne/final/subtype_classification/train/open_comedo/dermnet_000164.jpg,388322f59e91dfe7b5382b6912959cc1da2119c4ea092d85fc98f8931f1d7443
datasets/skin/acne/final/subtype_classification/train/open_comedo/dermnet_000165.jpg,a7d607ac1e115fc4f4722f6f4a01bd155d9bdcb7d866ff65c5ade0445bd5ce5f
datasets/skin/acne/final/subtype_classification/train/open_comedo/dermnet_000166.jpg,0841fa9530287573549d06cdbbc674d1c8bfffafd2e1e144c22f486bd27be5ee
datasets/skin/acne/final/subtype_classification/train/open_comedo/dermnet_000167.jpg,0d4e4167e4d6813d659aa8dee4f49cb0a12fc2aaa14e66f8492aa34f2762abf6
datasets/skin/acne/final/subtype_classification/train/open_comedo/dermnet_000168.jpg,0f8d7d7b76b136fe5e7bf9e200366bce3cf503b45ad89bd6802759bdcbef83d2
datasets/skin/acne/final/subtype_classification/train/open_comedo/tiswan_000001.jpg,30e140f222c9e14e291f5ab9c811f519c5c3e11255941659949a196489843711
datasets/skin/acne/final/subtype_classification/train/open_comedo/tiswan_000002.jpg,2a3d8a8840c9bec76ce7ea7a9fc7b7eb1e987fa6183751850cef93f5dda706e2
datasets/skin/acne/final/subtype_classification/train/open_comedo/tiswan_000003.jpg,27602755c78a19aae13de047f229c1bd5392e7540b16b2f4804eccb85e00250d
datasets/skin/acne/final/subtype_classification/train/open_comedo/tiswan_000004.jpg,36c400db677dd5b2ac77a63713371faa38efbe301b4686426ae0c6cf5b1e9aca
datasets/skin/acne/final/subtype_classification/train/open_comedo/tiswan_000005.jpg,611673666f082d361f8f85665688915731f45ecce15fb5d9a67ebaca58c96103
datasets/skin/acne/final/subtype_classification/train/open_comedo/tiswan_000006.jpg,1c7722718c7194faecee1f385b0ceb9d2bf440070ed64d020a2da0f6629d4bf1
datasets/skin/acne/final/subtype_classification/train/open_comedo/tiswan_000007.jpg,0ead40316af1c01ab966e209eb69b6f9097ad89e5b3a0889d0360ef67d843a8b
datasets/skin/acne/final/subtype_classification/train/open_comedo/tiswan_000008.jpg,033998fb92de768ac58a691c787552c1eca1277f34906545820ae32d67eebaa1
datasets/skin/acne/final/subtype_classification/train/open_comedo/tiswan_000009.jpg,5a2db2abf5d01fce7c3b2e50cb92f99b9aae3563f5883933bc43d6cfc49de0df
datasets/skin/acne/final/subtype_classification/train/open_comedo/tiswan_000010.jpg,14d24877a3d89f596622469386ccfd8533eb5176446a08fa252061bbc0022b3f
datasets/skin/acne/final/subtype_classification/train/open_comedo/tiswan_000011.jpg,8f6911465bf88631bc902fe1c54488d6d130b4d7b349a47ffa61f80c06d0584c
datasets/skin/acne/final/subtype_classification/train/open_comedo/tiswan_000012.jpg,ba47b31b5b7e0c7e0db8d493026b36dcfc9c01d32237fd38ed1c038b4ca9a3e2
datasets/skin/acne/final/subtype_classification/train/open_comedo/tiswan_000013.jpg,9d010bae7455faed48c335f089682c9b71caef2ea9d36997cb47a22d0b217dec
datasets/skin/acne/final/subtype_classification/train/open_comedo/tiswan_000014.jpg,48dc5ee19ec0ac7071da607313043e9b3a42c41ccb3b9eb6c9b204fee42fbbca
datasets/skin/acne/final/subtype_classification/train/open_comedo/tiswan_000015.jpg,534cf7ed400c1e8f62641f16b22ae459c6dcf363b3492f1446b08c14534e4705
datasets/skin/acne/final/subtype_classification/train/open_comedo/tiswan_000016.jpg,30654879bdd26a9088160f3f6493d6f37c9838711ee1023cb99552bd33eda0cd
datasets/skin/acne/final/subtype_classification/train/open_comedo/tiswan_000017.jpg,ef120da51c9dfa0d7ec63d3c56172eb16d1e89cd50fbae33f6ed18954e5ab3f1
datasets/skin/acne/final/subtype_classification/train/open_comedo/tiswan_000018.jpg,6a8107750c7b81901400122093de9f5d33b5bf64bd20f6e48d6703161f2bd096
datasets/skin/acne/final/subtype_classification/train/open_comedo/tiswan_000019.jpg,b02272fd85a79d03b6292fb99448154f2c5c23da3df1d6963727fa9b4a9ca044
datasets/skin/acne/final/subtype_classification/train/open_comedo/tiswan_000020.jpg,3809cbf7954a31988e121ec38abd3e05f301186cffdc99241ccc3f6e989e57db
datasets/skin/acne/final/subtype_classification/train/open_comedo/tiswan_000021.jpg,d045a8304739df67d530ea8a61178a533109045cfbb7aa8c8c5da3c1c1c9df91
datasets/skin/acne/final/subtype_classification/train/open_comedo/tiswan_000022.jpg,638f7c44bfab542688ef078dcd810be65b41c562918e4b5049c8e35e0b4bdea9
datasets/skin/acne/final/subtype_classification/train/open_comedo/tiswan_000023.jpg,dd044a25ce168117b37f98ab1ba1172c2a247cbd29abdc633fcb97518710c748
datasets/skin/acne/final/subtype_classification/train/open_comedo/tiswan_000024.jpg,8ab92532ba678c1986ab6035416b53da386091236c723a2a008d4f93ba8d8859
datasets/skin/acne/final/subtype_classification/train/open_comedo/tiswan_000025.jpg,3689f11a2b78517aabf0b95ced497cfa95fa07cbc16b63122ba6597c2f7a3094
datasets/skin/acne/final/subtype_classification/train/open_comedo/tiswan_000026.jpg,5fbba64d24a8643ebf03fa166bd35045a34ea0dd82301318d05ec2791cfb8fc3
datasets/skin/acne/final/subtype_classification/train/open_comedo/tiswan_000027.jpg,4162769c50bcb576472ea0595e7f47bdbd3304b915bbb4b89f5daaa77ac546f3
datasets/skin/acne/final/subtype_classification/train/open_comedo/tiswan_000028.jpg,0f050fd9154c3d1f192f4fbaf067bb45e9c32e84e5d81cdc6b3fd6e9348749c7
datasets/skin/acne/final/subtype_classification/train/open_comedo/tiswan_000029.jpg,c8693c319752177a1f0feed4f179c7917e645fca95ae9e2b4892ddf262763c0a
datasets/skin/acne/final/subtype_classification/train/open_comedo/tiswan_000030.jpg,540ac14da24bc1a727c94aef1406d1a1b1b0ecb0dfada84892a2e87ef541680c
datasets/skin/acne/final/subtype_classification/train/open_comedo/tiswan_000031.jpg,f346ce38b98853990b84295c7aaaa8f2953f19019aa4e4a0bc8312559c097452
datasets/skin/acne/final/subtype_classification/train/open_comedo/tiswan_000032.jpg,12a73a12549c348286185e609dd1aed2a3b4fe8388684be9395cd125d688bc7e
datasets/skin/acne/final/subtype_classification/train/open_comedo/tiswan_000033.jpg,07d976b4b4e0758738b5a43d5760db38d19c7d4c09e19c12e1963097de59ce1c
datasets/skin/acne/final/subtype_classification/train/open_comedo/tiswan_000034.jpg,91f1bd27584640c8305d050a174a1c7ed447aba73c41452eb4b090e3da2d9190
datasets/skin/acne/final/subtype_classification/train/open_comedo/tiswan_000035.jpg,f9b4512c6750d1638766268360aa36657737d4066afa1d54c1bb81c737649224
datasets/skin/acne/final/subtype_classification/train/open_comedo/tiswan_000036.jpg,cd2c1ab182e714544e6e920558cfa2df7548bc1e7b474bc16be93458eeff0055
datasets/skin/acne/final/subtype_classification/train/open_comedo/tiswan_000037.jpg,1a92361e77b0a2c18f84ecbed3e6f2128c6c33740650f413ace0605ebc4efd69
datasets/skin/acne/final/subtype_classification/train/open_comedo/tiswan_000038.jpg,779292bb4b97a7b0daef005939122972b5233d3a619fe97f8da78be3e0950608
datasets/skin/acne/final/subtype_classification/train/open_comedo/tiswan_000039.jpg,6c1824f1669754f5a382b7463ea55c1ee83348530cee304b0151bd35640a7dd3
datasets/skin/acne/final/subtype_classification/train/open_comedo/tiswan_000040.jpg,e44c49ec41a2d3d0660b013014a5e4c4f16782580be973da9199662393c7f364
datasets/skin/acne/final/subtype_classification/train/open_comedo/tiswan_000041.jpg,c61810ae16d6bd7738d6a805cdb10f3e860e2348615f63ac86b3743620dd5cd7
datasets/skin/acne/final/subtype_classification/train/open_comedo/tiswan_000042.jpg,7506089af6a8d224f403aaa4cbde215b0d9d60a548edc8a03222c7b3933742fc
datasets/skin/acne/final/subtype_classification/train/open_comedo/tiswan_000043.jpg,cd6382ec509fce85f3ab88b0aef8d1568c1d6aba814890768b77e3d992fcbb67
datasets/skin/acne/final/subtype_classification/train/open_comedo/tiswan_000044.jpg,dd3cd562ffe20d3f7640fd94ccd2a8f82792a74d7c4f67ab847c0fb912d93bf3
datasets/skin/acne/final/subtype_classification/train/open_comedo/tiswan_000045.jpg,de96b97a9520be19ff95c4b7204763a096d0267bba166ad9eb1e8f492eb9c040
datasets/skin/acne/final/subtype_classification/train/open_comedo/tiswan_000046.jpg,ce1ca19903e37fc985b4279cb8580293eee296943ee586e13924b67db4003db4
datasets/skin/acne/final/subtype_classification/train/open_comedo/tiswan_000047.jpg,0f0ff74975326a339fbcecd7b3a1643c31f6f48f9748125632c3d9b0c4e6c722
datasets/skin/acne/final/subtype_classification/train/open_comedo/tiswan_000048.jpg,79436d6add0a2b57faaeaf4781d9372b8f7a351da5171e05bbd05234b7abe3e6
datasets/skin/acne/final/subtype_classification/train/open_comedo/tiswan_000049.jpg,23fcfd06ea4e54d0ce88aea4a6187be4d7ae9105e3cb99e022b20152ce568934
datasets/skin/acne/final/subtype_classification/train/open_comedo/tiswan_000050.jpg,e3ed0216d44e1fd8088f7d1abed543dfedd461faa77002385550f083dadda97e
datasets/skin/acne/final/subtype_classification/train/open_comedo/tiswan_000051.jpg,2f83b062a5e8029b5ed22df86a439bf2c6e83c46437f41d845655fef0680abe3
datasets/skin/acne/final/subtype_classification/train/open_comedo/tiswan_000052.jpg,74ebca01cefb9a8a5a14767d2cf186c993a32c218c7ff7eb41b329512863a082
datasets/skin/acne/final/subtype_classification/train/open_comedo/tiswan_000053.jpg,1a01288adc701c4f276d3cfb3b1b2657e15a711c3b796fd36d15fcd7ddea2f1a
datasets/skin/acne/final/subtype_classification/train/open_comedo/tiswan_000054.jpg,2cbaf5decb6fa7e3249c5b4a8bdbff6b78008a3c150b147bbe2a5a5f55860bec
datasets/skin/acne/final/subtype_classification/train/open_comedo/tiswan_000055.jpg,6d7a21f965dfd06771fcc163a05ecac1fbdffddcfd931527d387d53f8417c621
datasets/skin/acne/final/subtype_classification/train/open_comedo/tiswan_000056.jpg,4e7966928aae9bc4d5a2b43194cd85e6cc71043fb5e85df2a3dfc0c5897f4b27
datasets/skin/acne/final/subtype_classification/train/open_comedo/tiswan_000057.jpg,e20cf520a294969f30a3517caf444110dc362af37f12dc37d950d2db21597d6c
datasets/skin/acne/final/subtype_classification/train/open_comedo/tiswan_000058.jpg,8e1548e005506c1faf9871a2f0fb5ae9b3e53bc12fdf35dd0a287bdce45e8075
datasets/skin/acne/final/subtype_classification/train/open_comedo/tiswan_000059.jpg,ff8c0186b25a708e290dd39eb8e3f71d051750587e5f0dcfa2e2b880ca596cd9
datasets/skin/acne/final/subtype_classification/train/open_comedo/tiswan_000060.jpg,abd302e935451a2301dbb97ce31a27726b6878268b96927fdbdb92ca22704f76
datasets/skin/acne/final/subtype_classification/train/open_comedo/tiswan_000061.jpg,7deb66562d4be93a4dae8e938d9eb5f448b65f23a763aff06354a10935ce681f
datasets/skin/acne/final/subtype_classification/train/open_comedo/tiswan_000062.jpg,0a1b6462884423ba97db752592f9114e091b313e681c1cf369e7de88fb8464a1
datasets/skin/acne/final/subtype_classification/train/open_comedo/tiswan_000063.jpg,c15ffca3f94756e45f04855fb87a7c1fa2f3255484e6f18ac5ae8d5154bf7955
datasets/skin/acne/final/subtype_classification/train/open_comedo/tiswan_000064.jpg,b21459dc71008832d5a984ec37b3ae6e0289cd8bec8d2efef84de4f038b50c20
datasets/skin/acne/final/subtype_classification/train/open_comedo/tiswan_000065.jpg,a0318f5180b0c1b7d2b1714c07fb942ae25ccf6c74c183847a8f07abe92d5ce8
datasets/skin/acne/final/subtype_classification/train/open_comedo/tiswan_000066.jpg,4418e45f9f291aef075965db9a4b3550b24e9ecf8cd679140ac832b85480182f
datasets/skin/acne/final/subtype_classification/train/open_comedo/tiswan_000067.jpg,5210d75270a1717336b0c9f2cede91f67d0e7616d9caf5787546e279ee636538
datasets/skin/acne/final/subtype_classification/train/open_comedo/tiswan_000068.jpg,b358828d3199fbc424b53681e4aeda0c369d23f240003d0ded5ae89be8f4a0a3
datasets/skin/acne/final/subtype_classification/train/open_comedo/tiswan_000069.jpg,a11b61a11ec2164a55192152f6c285bfb8d934b7e0496f10766269da0cb57a66
datasets/skin/acne/final/subtype_classification/train/open_comedo/tiswan_000070.jpg,8c774381863a85766df809d32fc022762d54d95720a742750cc4d27f8ed5744e
datasets/skin/acne/final/subtype_classification/train/open_comedo/tiswan_000071.jpg,d1afbafdae79114ef17fee8efee47a5da7577cc111eab4e0caaf14f800b6909f
datasets/skin/acne/final/subtype_classification/train/open_comedo/tiswan_000072.jpg,b5186c221686f0d280348da132f43f6fead0862c0cc2da109842f5ad5a36da2c
datasets/skin/acne/final/subtype_classification/train/open_comedo/tiswan_000073.jpg,afb097d8886c9d3026831df2d91ddb2a2cac7fecfb26e142e31428825577323b
datasets/skin/acne/final/subtype_classification/train/open_comedo/tiswan_000074.jpg,6f63604932dced2ff011bd8ed7b939ff6ff05e217c7de4822e4e169a482bb2c7
datasets/skin/acne/final/subtype_classification/train/open_comedo/tiswan_000075.jpg,cb9bb90b85fa9e40490eef68357f5916b6ba9d7ab8f79f668ec88c22f78c8f2e
datasets/skin/acne/final/subtype_classification/train/open_comedo/tiswan_000076.jpg,4285b76cb1637e2156835b4a7ea753156f2664466dde4854ce3ece046030f141
datasets/skin/acne/final/subtype_classification/train/open_comedo/tiswan_000077.jpg,281aac9230857441171f560153d560988bffaa632d363e3e8307f032775bf852
datasets/skin/acne/final/subtype_classification/train/open_comedo/tiswan_000078.jpg,c9b6a73cbd1f1ec94bb5677b2e7818af5fd64296b46198d06499566b993aa299
datasets/skin/acne/final/subtype_classification/train/open_comedo/tiswan_000079.jpg,221d66f030b613aac3ac33e39c245b5b6cf7379fda55e21e5d84aee3dfc3c6c0
datasets/skin/acne/final/subtype_classification/train/open_comedo/tiswan_000080.jpg,9f894510eb825315cb0287346eb26c37ac4544bac1b353df70c662b2b7a1efc2
datasets/skin/acne/final/subtype_classification/train/open_comedo/tiswan_000081.jpg,6c5108befae49010d2b69094e5ff96a80e3cbd7750abf89c16c43ff96aa434e7
datasets/skin/acne/final/subtype_classification/train/open_comedo/tiswan_000082.jpg,ec7cbd8b2540e6ae9177b3cd9b4ca81e9690b62850044570d372a1675ea1f24a
datasets/skin/acne/final/subtype_classification/train/open_comedo/tiswan_000083.jpg,d083c2f30ea997df205f9be44a641810bb61646a2e1e931d8e9ca3b620eaff44
datasets/skin/acne/final/subtype_classification/train/open_comedo/tiswan_000084.jpg,beaa7f2dad79b1e12d53f03f80e8ece60e9b18f7d12e5d5a4a4c0f9e3106f161
datasets/skin/acne/final/subtype_classification/train/open_comedo/tiswan_000085.jpg,be77008242a4a24877ca84c0f09748f2c83f9d3c8ad4843e8262986ac2c3fc06
datasets/skin/acne/final/subtype_classification/train/open_comedo/tiswan_000086.jpg,a0be866ca9e419d3efb0ec94dbf83c3ce2247dbece89b0ec4f97904111524cc4
datasets/skin/acne/final/subtype_classification/train/open_comedo/tiswan_000087.jpg,77283a8287bd904cb039d697b577466f6697d884b9b920d0f837f92dd7ed2958
datasets/skin/acne/final/subtype_classification/train/open_comedo/tiswan_000088.jpg,40df5ab8860838fafaa8156dedf1855f1df7ff6125ed84cf77127e178955c1bb
datasets/skin/acne/final/subtype_classification/train/open_comedo/tiswan_000089.jpg,6d0e8732278eaeee98fd3e57581cdf5bb7b1302c34d587bf734f9305d8a93e0f
datasets/skin/acne/final/subtype_classification/train/open_comedo/tiswan_000090.jpg,bc298066bb4e996c8b08cc05b22e739bd2ca43716e27664252416fa0d6a94fc8
datasets/skin/acne/final/subtype_classification/train/open_comedo/tiswan_000091.jpg,444fa87afccaeb05104d6d2865dcb01838355c3a85e03e2b5664920e661368f7
datasets/skin/acne/final/subtype_classification/train/open_comedo/tiswan_000092.jpg,7db0ba2c6c6a46659b0e8a53d02a80e11d91aaf531e830309a94fa6aa86fd542
datasets/skin/acne/final/subtype_classification/train/open_comedo/tiswan_000093.jpg,2fdc51092c014c2cb8a5a5aed53d05ba874f883cd5d0e39ecaeccfd617fb9330
datasets/skin/acne/final/subtype_classification/train/open_comedo/tiswan_000094.jpg,791381e1f891e3d7537eb6e4c6632d3f44ab2f78a43be7754fdac64ec4955977
datasets/skin/acne/final/subtype_classification/train/open_comedo/tiswan_000095.jpg,28242eea72eefd0f06cfb5ba0e13457a1de1b64742b84aafe572e629c7fa99b7
datasets/skin/acne/final/subtype_classification/train/open_comedo/tiswan_000096.jpg,37d6d03a216c070334ae436f90bcb24f38e549a62413057e9fdcd02641cad193
datasets/skin/acne/final/subtype_classification/train/open_comedo/tiswan_000097.jpg,479f6aa4c777055b766dc18bac062243fb8aac13b9769b1a828ec2d93f1da363
datasets/skin/acne/final/subtype_classification/train/open_comedo/tiswan_000098.jpg,3376aa39b47bd15cb52fced306d9a201a92945422e5b753fe27ab9b0fd9b64f8
datasets/skin/acne/final/subtype_classification/train/open_comedo/tiswan_000099.jpg,961b034c865b5a29aace5b5709b2f50d887451c6b7d0acef2a9fa2ee732b80ce
datasets/skin/acne/final/subtype_classification/train/open_comedo/tiswan_000100.jpg,5385d49578fbe37b18e981096b3b7e4e7acd3ce1aac20a04438850eb6e4d8d4b
datasets/skin/acne/final/subtype_classification/train/open_comedo/tiswan_000101.jpg,490707b2ee257155c13ea7ce7d4fa7dc0e7ff93d4ba185bd7b04756d6d8e3616
datasets/skin/acne/final/subtype_classification/train/open_comedo/tiswan_000102.jpg,f41ef965980c96053e8aedcdebe1d0a4aea802b8db34c2a232ec12621674abdc
datasets/skin/acne/final/subtype_classification/train/open_comedo/tiswan_000103.jpg,9d4dbff92d2555d75873a9b4ae6c7d4da77d92c4db00154c87b2d344a907624e
datasets/skin/acne/final/subtype_classification/train/open_comedo/tiswan_000104.jpg,5678cc64cc6c365a52a33325677070ada6501254d4f6c07d6ddd11c0d46bdb7d
datasets/skin/acne/final/subtype_classification/train/open_comedo/tiswan_000105.jpg,cb2e01f63990c2783cf1d2b6be60eaeaafc2c8471163a660af5793ef0fdbd78d
datasets/skin/acne/final/subtype_classification/train/open_comedo/tiswan_000106.jpg,ac89d943c5771ef98c02c1cc0315b1ef3159d12a8b424ac5380ee40d54abe64a
datasets/skin/acne/final/subtype_classification/train/open_comedo/tiswan_000107.jpg,5bf72940a40194d90e00034eaf8a77aa3195b9a8d628af129c3ff44c98182a7e
datasets/skin/acne/final/subtype_classification/train/open_comedo/tiswan_000108.jpg,dcb814c2500f31cf2f3c66c270b54d76bbb1087d18837962801231b653f85afc
datasets/skin/acne/final/subtype_classification/train/open_comedo/tiswan_000109.jpg,626609d38e65eff456e611cae8d65412dc431c11638ef61d84dfe3ca8c81ffc7
datasets/skin/acne/final/subtype_classification/train/open_comedo/tiswan_000110.jpg,92801b75f592510bfb36025cf7a584ff3125d3e3e4df6478d654d6962e2f3b88
datasets/skin/acne/final/subtype_classification/train/open_comedo/tiswan_000111.jpg,6a3f2927d80c35090a84d938cfa56ae5d9e0e916fa463c9dc10f225226f62559
datasets/skin/acne/final/subtype_classification/train/open_comedo/tiswan_000112.jpg,1ebd3e8c11353ffdb1d38877e1c5e8b681f1d50b9fe5804eae22e8a5595020ae
datasets/skin/acne/final/subtype_classification/train/open_comedo/tiswan_000113.jpg,38cd675deb9c4b7d9b6ef6e8e508dd90d000e22db39403b2fc79a3c000c0858d
datasets/skin/acne/final/subtype_classification/train/open_comedo/tiswan_000114.jpg,5b4c5152ebb63dfff4df429d24cd47bddf665a8fab50f0fbf007ffcae09ba547
datasets/skin/acne/final/subtype_classification/train/open_comedo/tiswan_000115.jpg,b6521885ca42fd9145f9af5a3d1435b4571b4110d85414be82a5d8885a2de63b
datasets/skin/acne/final/subtype_classification/train/open_comedo/tiswan_000116.jpg,581cb49467639e6897a8e543ac8929d38497a63b2ba5f2430bd94638fd773948
datasets/skin/acne/final/subtype_classification/train/open_comedo/tiswan_000117.jpg,a5b82004652e6862323b49d74c279deea172290ff8f73812fb007336b938f3b4
datasets/skin/acne/final/subtype_classification/train/open_comedo/tiswan_000118.jpg,5f35ad539aa9648a3137bdd635bac7ae977e8b6124cf01b080350bfed684d577
datasets/skin/acne/final/subtype_classification/train/open_comedo/tiswan_000119.jpg,de0daa4236ad6081037c191be2a657b3c2494f1b5e77d599e958e355ae4bc018
datasets/skin/acne/final/subtype_classification/train/open_comedo/tiswan_000120.jpg,b46ae07006d0b8150ab8e9001c8b704bacf92cb5a88c2a1a7447a106fb233fc8
datasets/skin/acne/final/subtype_classification/train/open_comedo/tiswan_000121.jpg,65f369f87a1e502964c3cc975cbf3013da190c0c32a859c12f20a08a05842f52
datasets/skin/acne/final/subtype_classification/train/open_comedo/tiswan_000122.jpg,a96f54478b8fa6456791c63a25f97918660c89ada80e82cced716d8dbdc8d0e9
datasets/skin/acne/final/subtype_classification/train/open_comedo/tiswan_000123.jpg,a3143dd4ce4467366c1e6a2397cbddc1d35b03efcb6c9c8545936125dc23c11c
datasets/skin/acne/final/subtype_classification/train/open_comedo/tiswan_000124.jpg,df0427ee7e41a3603c618e4dce9e5c4816e6bcddbc4df0aabe754c9fff3c116a
datasets/skin/acne/final/subtype_classification/train/open_comedo/tiswan_000125.jpg,90d06b0015e8879cff122d6e02717753493149103a347f2781fd0c33c88b7dd0
datasets/skin/acne/final/subtype_classification/train/open_comedo/tiswan_000126.jpg,e7c8e291c68bf19877558fd8e5114c36254abc08ca79ca926fcf45610c52b726
datasets/skin/acne/final/subtype_classification/train/open_comedo/tiswan_000127.jpg,8d4656b7cd1095c6320d2b8343fb3dc03d78000b8891b760b232b095cf1db687
datasets/skin/acne/final/subtype_classification/train/open_comedo/tiswan_000128.jpg,4afc20dd98f68ec19b27aab0983b1e197ee1f5965808708d194e5982d07436a8
datasets/skin/acne/final/subtype_classification/train/open_comedo/tiswan_000129.jpg,b50f0840233005119c2c879a131fc3bd2e674a5d79a287f95209e4f902c0ec81
datasets/skin/acne/final/subtype_classification/train/open_comedo/tiswan_000130.jpg,fa4e6a50effad0dd79e702545b663088c93e8bc42410672984cb642d757710f3
datasets/skin/acne/final/subtype_classification/train/open_comedo/tiswan_000131.jpg,4062be33c3be6313bb294b60a07f545fd34e02819a7c6ae773a4abafa3deb143
datasets/skin/acne/final/subtype_classification/train/open_comedo/tiswan_000132.jpg,959065fa0915fc68f93410b3b9634d1b6b0ef6eeb894191c46c5cf834453d005
datasets/skin/acne/final/subtype_classification/train/open_comedo/tiswan_000133.jpg,89802b3096d3ac23d83d8cad08ad10f71fe55f8d608a512d6b169b57396ffb5f
datasets/skin/acne/final/subtype_classification/train/open_comedo/tiswan_000134.jpg,0acd322e77a30fc8cc1c7ceef6b1045b921511fc0a1500e54470d3d3b1465d9b
datasets/skin/acne/final/subtype_classification/train/open_comedo/tiswan_000135.jpg,5fcd6a40f2565ae011e0f0271ce144dd09b7a7da753c367bcf70736ff92fc969
datasets/skin/acne/final/subtype_classification/train/open_comedo/tiswan_000136.jpg,3a42441e10fe3d218eb2b0939e1b8fdc4a3c40514549b39839134bc2d9ab65f3
datasets/skin/acne/final/subtype_classification/train/open_comedo/tiswan_000137.jpg,cada023d7c3b066db06fded06b27588ace48d217e5ac1ac1d6aaa4b1ae427020
datasets/skin/acne/final/subtype_classification/train/open_comedo/tiswan_000138.jpg,3e05eaa0da0be5d81ca060f66516c0104625599bbd07540b7eb56d1bf66cce3c
datasets/skin/acne/final/subtype_classification/train/open_comedo/tiswan_000139.jpg,c0c5a5f12781dfe62aafeff60d9ab17830b1d566a9fdc7c430629323fbf6e463
datasets/skin/acne/final/subtype_classification/train/open_comedo/tiswan_000140.jpg,c6b46414d3b6b56f790008e5ac8a8d71e8de3d5eae7581888399f0a6582097b2
datasets/skin/acne/final/subtype_classification/train/open_comedo/tiswan_000141.jpg,583508561c2b4c204c307e22b1412b5c4c7262e9bc32ef927d56ecfbfbf47870
datasets/skin/acne/final/subtype_classification/train/open_comedo/tiswan_000142.jpg,a0ee1fdae2bdd58646eabb9404ea8f0805c5ca4c21e19e064c601f2710da98c0
datasets/skin/acne/final/subtype_classification/train/open_comedo/tiswan_000143.jpg,dfbb140b7085b5cc6fdac48dc2dd6b9e05a1ca544dfe9f64ff3836431787219d
datasets/skin/acne/final/subtype_classification/train/open_comedo/tiswan_000144.jpg,5abda4b1f06ce658f40238171563a33eebba605668b929c01495fff5dab6c5b4
datasets/skin/acne/final/subtype_classification/train/open_comedo/tiswan_000145.jpg,7610d550c340b0afa5318718d822f775e7a51c0507b1e92c7818c482988e7ade
datasets/skin/acne/final/subtype_classification/train/open_comedo/tiswan_000146.jpg,e83fb87b2f3e01e61688a592695032de3ce1493c3156a66acec5179bfc4fa66e
datasets/skin/acne/final/subtype_classification/train/open_comedo/tiswan_000147.jpg,9929a1a105a0537030ece0a42ecb08fd40603476442fe42d5c11632ae905f71a
datasets/skin/acne/final/subtype_classification/train/open_comedo/tiswan_000148.jpg,2ee38c7602111438216ae1118322a059cc626ee85c3339a690fb25f7fc02764e
datasets/skin/acne/final/subtype_classification/train/open_comedo/tiswan_000149.jpg,658a3ce5b45bdca82d6128cb15169ca581eea6041cc8fb8c91fd3570b32c0940
datasets/skin/acne/final/subtype_classification/train/open_comedo/tiswan_000150.jpg,6d39f77f59f32779a411addc87dede292d4ae0bf48c5ae1d5a26139b7b1a3547
datasets/skin/acne/final/subtype_classification/train/open_comedo/tiswan_000151.jpg,97a02f25305aed988183fb5d9ec961bcb1b2be8e1309deceb95b7e0eec3b48c2
datasets/skin/acne/final/subtype_classification/train/open_comedo/tiswan_000152.jpg,1c37018c21802857826bb6ef712eda65897b8373197f46514b9835fc01ee7b67
datasets/skin/acne/final/subtype_classification/train/open_comedo/tiswan_000153.jpg,af6bb4e8e6fe01c57aa8fe8b1b4038058897434499a3b05dfea74504fe088a0e
datasets/skin/acne/final/subtype_classification/train/open_comedo/tiswan_000154.jpg,91aba4cc0ab841e69766ec52b767efdfbfde7cc1b2fa154868b18e37aa587886
datasets/skin/acne/final/subtype_classification/train/open_comedo/tiswan_000155.jpg,8b1ef18b70a926cd865d953727b56816c1850f03d2e463d166b51f1a027755e6
datasets/skin/acne/final/subtype_classification/train/open_comedo/tiswan_000156.jpg,7aa0abefedf05506b5c3e478e14f39173a9a9a19d48b68c36e2207795e6678b9
datasets/skin/acne/final/subtype_classification/train/open_comedo/tiswan_000157.jpg,3fa0843f23d68aaf1be0a71bf45a01cfe92c352d848b2486b3a38dcba50bf1f8
datasets/skin/acne/final/subtype_classification/train/open_comedo/tiswan_000158.jpg,434d4c0c84bf8585251631475896bbbe06766c00b861dd4276d52d2101d7af77
datasets/skin/acne/final/subtype_classification/train/open_comedo/tiswan_000159.jpg,3c161bc104819e1bd2736cb42872868f3b839efceb5346036c180a3f5ff619b3
datasets/skin/acne/final/subtype_classification/train/open_comedo/tiswan_000160.jpg,8f8629d5f35416888d255d3d46994587d1a780b2886f735fa00721ff88288e88
datasets/skin/acne/final/subtype_classification/train/open_comedo/tiswan_000161.jpg,9b4e12907e9570118b62f02e31a19e3be1a50fc5808d5cd2e532198fea213c04
datasets/skin/acne/final/subtype_classification/train/open_comedo/tiswan_000162.jpg,fede8b6f61530cae5b66948c108563aa7efe0f2ebab159c2a8696e0693c40ace
datasets/skin/acne/final/subtype_classification/train/open_comedo/tiswan_000163.jpg,4c18aa2899c50cefd7db6ab509b6484f0edc273b306e7427671a01dc4058c162
datasets/skin/acne/final/subtype_classification/train/open_comedo/tiswan_000164.jpg,902f0dd146044018e14b92fc4eba1db177b27582561d45f3e131b04db07f48ab
datasets/skin/acne/final/subtype_classification/train/open_comedo/tiswan_000165.jpg,5af0ad6c8cbab3d3981bbbb78fbbfd5a81a77bf5d99ba9f6aa931d373a03bac7
datasets/skin/acne/final/subtype_classification/train/open_comedo/tiswan_000166.jpg,1b70cefd2ee79fc3f5edbce3c53a98e27c0aacc5c83507406dc0a2a23279d615
datasets/skin/acne/final/subtype_classification/train/open_comedo/tiswan_000167.jpg,20cd2a62ec17774019f6863125c7e19220fa92386002f8af697fffa689f54d49
datasets/skin/acne/final/subtype_classification/train/open_comedo/tiswan_000168.jpg,daed4a7b6453405b675f9c38dc971dc91c6445d723f8d59ff2439648c3bf8a25
datasets/skin/acne/final/subtype_classification/train/open_comedo/tiswan_000169.jpg,bae0d5b3eaa1a8f1adc8c4dc0dfdd1283ccf9cbc0bb6377c1a8d585058cbc358
datasets/skin/acne/final/subtype_classification/train/open_comedo/tiswan_000170.jpg,1fc1c3a4247f937528c2a5572038477b97698d93916350f51957818b5745ee53
datasets/skin/acne/final/subtype_classification/train/open_comedo/tiswan_000171.jpg,68135199631467d8a97b67328792c6d2c87e6ec2a73aab89923540799c5aa571
datasets/skin/acne/final/subtype_classification/train/open_comedo/tiswan_000172.jpg,14ac5a442a0963ba98923c131b04622ca7d150acd5155af805612b5bb6ec39a7
datasets/skin/acne/final/subtype_classification/train/open_comedo/tiswan_000173.jpg,4b79434038de261e566b58d4f6b05f3f7a17f1efbca9ab9da185f6421268f187
datasets/skin/acne/final/subtype_classification/train/open_comedo/tiswan_000174.jpg,cfc11ae7c63bc2e5dfc1a8872ba79191d1d9bee1fa3c1bfefe5f9961a110d80f
datasets/skin/acne/final/subtype_classification/train/open_comedo/tiswan_000175.jpg,a2c1f8b8138f995fb8c1cb47bbe6973f415350e5c1e3a95233594b39b28b5c08
datasets/skin/acne/final/subtype_classification/train/open_comedo/tiswan_000176.jpg,323cc5e0845c70c86f77098143d45ca478c78f036136dcdaccf8b374db35164c
datasets/skin/acne/final/subtype_classification/train/open_comedo/tiswan_000177.jpg,bf240bf35b033e58e585f7870f991c0e649800fc1e5676fccb8f58d1fcc8d3a6
datasets/skin/acne/final/subtype_classification/train/open_comedo/tiswan_000178.jpg,60b9eb5d4b4ff6f4504ec328670d3935a7f0ec7b3232357d46e8644e39d20ca3
datasets/skin/acne/final/subtype_classification/train/open_comedo/tiswan_000179.jpg,43894b11a5f77a978590766ce7780f71c705c0d364f794db50afc12547f93497
datasets/skin/acne/final/subtype_classification/train/open_comedo/tiswan_000180.jpg,2219cf4ae4469125f9083a484da22690fe01fc46caf0a4c323358b334a915912
datasets/skin/acne/final/subtype_classification/train/open_comedo/tiswan_000181.jpg,b40fb4d0375ab771321b0ffc4ba1d7ca0f8b4d36e36d17ac7513fcf2d671dbdb
datasets/skin/acne/final/subtype_classification/train/open_comedo/tiswan_000182.jpg,cb6bd88f5954fee739248a633739545cea02cb7937ef97459243aac96794bce4
datasets/skin/acne/final/subtype_classification/train/open_comedo/tiswan_000183.jpg,c68853eae299ef3479bf14a7ef2bdcce631d632b50e63e788cf7d0da8087c864
datasets/skin/acne/final/subtype_classification/train/open_comedo/tiswan_000184.jpg,0551e8fe17fdd1634e19d8272a82fbc6c276bb1db34835db4a5a8f09c61f55dc
datasets/skin/acne/final/subtype_classification/train/open_comedo/tiswan_000185.jpg,b3bb843fd7c3ef536e4353a3de595bf472760c87b18643e578708e2c70080538
datasets/skin/acne/final/subtype_classification/train/open_comedo/tiswan_000186.jpg,c35f0e84ffbdc5d2e03f3889943cb82f6f527e82f44753a4a0f7099b14a29ef1
datasets/skin/acne/final/subtype_classification/train/open_comedo/tiswan_000187.jpg,ba15edb9af8cb0c9448b5c58670277cbbecfc59bdeabe76ae6c02519c76d23a4
datasets/skin/acne/final/subtype_classification/train/open_comedo/tiswan_000188.jpg,69d8ee77a7c4769c161e96d6fdfd91f8929b98530e13ebfce0ee281891e09684
datasets/skin/acne/final/subtype_classification/train/open_comedo/tiswan_000189.jpg,57ce52e01a8671e7f1e0fc72b3caf1d441fdd2af54a8e43bc61d4bdedff8971a
datasets/skin/acne/final/subtype_classification/train/open_comedo/tiswan_000190.jpg,3aaba14ecab5d888bc0e6a6c01c40b159bb4b177c9010dff6ed9d64fb9183102
datasets/skin/acne/final/subtype_classification/train/open_comedo/tiswan_000191.jpg,261949b16a821b2d89b8ba7ec815f9954b0634eb21af9760a6d6bc37be4f073d
datasets/skin/acne/final/subtype_classification/train/open_comedo/tiswan_000192.jpg,5655e43cdd2a9f8908dbb21db8f67fc08a317ea987d2c2b7237819835a097087
datasets/skin/acne/final/subtype_classification/train/open_comedo/tiswan_000193.jpg,77dca919374ad66565fba27505e2b4fbcadc49b9e5bb5ed266da745182db66bc
datasets/skin/acne/final/subtype_classification/train/open_comedo/tiswan_000194.jpg,3ba0558c9d4ce19185ce4ac0ba3115c25971ea0e4d39fd04e487ee2f50816671
datasets/skin/acne/final/subtype_classification/train/open_comedo/tiswan_000195.jpg,9b5166c8ce4e25360cce3809befe1e4254e723c6a09681b02c50bdeff86d3857
datasets/skin/acne/final/subtype_classification/train/open_comedo/tiswan_000196.jpg,8e2172b0e1d2a9daa3f056a05ca06ee3b549695d25dc93729fbc627cce680423
datasets/skin/acne/final/subtype_classification/train/open_comedo/tiswan_000197.jpg,87d8ec74c9db4abba4869ed8d708e55c1ab77679eb97977cb084b1c6690e1261
datasets/skin/acne/final/subtype_classification/train/open_comedo/tiswan_000198.jpg,2701a50e5d699519b6a48746e3af17b8cbb6f46ebf634ab04b1f69a58d3ae9db
datasets/skin/acne/final/subtype_classification/train/open_comedo/tiswan_000199.jpg,6c13a45d99a881327c88a614bf58650cbc3154a086b50a4ce223220ed8c7bcb1
datasets/skin/acne/final/subtype_classification/train/open_comedo/tiswan_000200.jpg,475da3ef1266cb18fb7b00cf8f51cb49429e97746b98ccf85f3008f2ae3a761c
datasets/skin/acne/final/subtype_classification/train/open_comedo/tiswan_000201.jpg,4d70ca0788e1e00483fc638b7b1f767df8d5504278de493ea8679e37894e646e
datasets/skin/acne/final/subtype_classification/train/open_comedo/tiswan_000202.jpg,e7a2f4daf6c9f89e5fb118470942bf0d7380b785e661d2248e50dfb723ac61b5
datasets/skin/acne/final/subtype_classification/train/open_comedo/tiswan_000203.jpg,7d3637d6c1cb6aca9d905bff7b1f8e972400ae00ae61cc774859ef1fba772a34
datasets/skin/acne/final/subtype_classification/train/open_comedo/tiswan_000204.jpg,6a36eb1520d73a7971868fd899b1e12ea4f0bbd9fbe5a90e735320151c2cd24e
datasets/skin/acne/final/subtype_classification/train/open_comedo/tiswan_000205.jpg,70506bdd485e827ea1cbad5606a667e87483289101d2547a47947004bd936c64
datasets/skin/acne/final/subtype_classification/train/open_comedo/tiswan_000206.jpg,40cff688af20c6df37c1ca2d883d8e50c05ed1e97bfa1319ffd882aa657c8179
datasets/skin/acne/final/subtype_classification/train/open_comedo/tiswan_000207.jpg,72168d19f1afcfb65eaa5e4b44f93d6f7895d5583c698e8793608890c5e83343
datasets/skin/acne/final/subtype_classification/train/open_comedo/tiswan_000208.jpg,053975bd8f1eb665acee95cd19a22f334d183a4e3f38193984f14d42e9c59a4b
datasets/skin/acne/final/subtype_classification/train/open_comedo/tiswan_000209.jpg,e1fdd3814b7f082ee907191ec558e00a345b84d28cbd0257c01f4e001fc0f67e
datasets/skin/acne/final/subtype_classification/train/open_comedo/tiswan_000210.jpg,9e5b56a2b3e133d660f3f3c8cec550eac66ce5641582adfe2026eafae6ac6dbc
datasets/skin/acne/final/subtype_classification/train/open_comedo/tiswan_000211.jpg,0d590a9c3dd6b9e79af879c0b13b3fe08d3f979d531c8fdd34d3b4c89820e681
datasets/skin/acne/final/subtype_classification/train/open_comedo/tiswan_000212.jpg,e92e07d0ec539c3d342756f94b82c63d190b1e76d10e639fd73faf4a84ad0bc3
datasets/skin/acne/final/subtype_classification/train/open_comedo/tiswan_000213.jpg,9092daf2b29244c5c4296fd6214975c6de1106056b00e3c4a16f1d646a0cf071
datasets/skin/acne/final/subtype_classification/train/open_comedo/tiswan_000214.jpg,acba812f1d2b5ed969344e5cd47233d3ae5fe67df18ef6d64ac9a7edc2e93c4a
datasets/skin/acne/final/subtype_classification/train/open_comedo/tiswan_000215.jpg,182d7d1bc528c7185545a1eaf36a3a8782a486aea5b0965173f9226e798abb08
datasets/skin/acne/final/subtype_classification/train/open_comedo/tiswan_000216.jpg,f76f6ceba95c3c34e8b7572e83baca55598abab986b047e3e6a89bdd36791eb9
datasets/skin/acne/final/subtype_classification/train/open_comedo/tiswan_000217.jpg,dcc1d6fe5c6eb1a5d3b8637076152e208b4b20fe445d1d62784a2342aa57e51f
datasets/skin/acne/final/subtype_classification/train/open_comedo/tiswan_000218.jpg,92ca624cdab612e02860a4087d4fb2510021ec7559cf0369c24ddb57d14ec840
datasets/skin/acne/final/subtype_classification/train/open_comedo/tiswan_000219.jpg,d9982f25be53e70ceeba46cbdc8467365a257635c6c1adf12ab5cce4080727b4
datasets/skin/acne/final/subtype_classification/train/open_comedo/tiswan_000220.jpg,69e905a98db3d36b0c51129173c5bfd0a701ea8acb9a19a6f00566972e63a466
datasets/skin/acne/final/subtype_classification/train/open_comedo/tiswan_000221.jpg,8df6527dacecf277926434001d1a0d6fc35067fa7a01a7cdf17e42c099893364
datasets/skin/acne/final/subtype_classification/train/open_comedo/tiswan_000222.jpg,57fd144248ab2e7475ce2d2d41846ceb21b3cf3112b842371993542b4585e8e0
datasets/skin/acne/final/subtype_classification/train/open_comedo/tiswan_000223.jpg,cdc5c4b3b22b7d6dd0122777ca384d1c589953d0f7adbcd11c08343fae4be9a7
datasets/skin/acne/final/subtype_classification/train/open_comedo/tiswan_000224.jpg,14a443f8c7eeb0f1ca3b996d868163ab9e0f62de6c549d0019f0e2fa36483c43
datasets/skin/acne/final/subtype_classification/train/open_comedo/tiswan_000225.jpg,26801626690b1c6b0653df690dfaadf654f1f746260df038172a409d5d38bb46
datasets/skin/acne/final/subtype_classification/train/open_comedo/tiswan_000226.jpg,33c589953ad5c2f06099c0e9ca37475e6a70a0a82cdd29a73e914e19d76e2753
datasets/skin/acne/final/subtype_classification/train/open_comedo/tiswan_000227.jpg,2e2dc646ddbe0fc0d0c13360245d13ea691ee6673052ad3e18189660318e3317
datasets/skin/acne/final/subtype_classification/train/open_comedo/tiswan_000228.jpg,875ecd5847874f8441bf798b022391bb012df2d9127091b940e5d7de0647fd1a
datasets/skin/acne/final/subtype_classification/train/open_comedo/tiswan_000229.jpg,536a54e4a5c6ea7840d3fdf77fe3f5894575a53fe5ee8a6143a4918f10f88cce
datasets/skin/acne/final/subtype_classification/train/open_comedo/tiswan_000230.jpg,83ac4bfc90ec71e3ec458e5cfc111a39549f2617f182d4793390c8c257ac02cc
datasets/skin/acne/final/subtype_classification/train/open_comedo/tiswan_000231.jpg,9046b013b00bca4d1ad9cb056ce37a3302998fc3985f21692f4087914df2eb79
datasets/skin/acne/final/subtype_classification/train/open_comedo/tiswan_000232.jpg,fba4daa01f3647f1dd87759f5175975bbd24d4a458d043a75d15c640d97f9c9c
datasets/skin/acne/final/subtype_classification/train/open_comedo/tiswan_000233.jpg,5ae8fef57e8262721cf932d254531fbd56a4af2519185ca7f8e71b7af13788b3
datasets/skin/acne/final/subtype_classification/train/open_comedo/tiswan_000234.jpg,5284b71e8f8bd57fdbad1306bfef472eaca3ba464c753040aacfac35a523ea89
datasets/skin/acne/final/subtype_classification/train/open_comedo/tiswan_000235.jpg,8299c3300d1e204c881a33c7e1e518477602a71a94afa7ece70bddf3d93635c5
datasets/skin/acne/final/subtype_classification/train/open_comedo/tiswan_000236.jpg,f6b7b104aadb39b60294da0325af1a2f2417155a1acd428694c60117207c0f5c
datasets/skin/acne/final/subtype_classification/train/open_comedo/tiswan_000237.jpg,6671b25477984d874396b76755e4c08fb710985130ec8c2acaef80dd6408e169
datasets/skin/acne/final/subtype_classification/train/open_comedo/tiswan_000238.jpg,1ecca0613d4e689ce820197bea823a664472a44dcd2dac0884b90f3ec6120e6a
datasets/skin/acne/final/subtype_classification/train/open_comedo/tiswan_000239.jpg,2b1fb05136a53a7cecee12f0200329195f31e3a92f6a3bd90043b8d5b3a9465c
datasets/skin/acne/final/subtype_classification/train/open_comedo/tiswan_000240.jpg,a8342c07e2f37d657d3dcb2c4639b9da19474c2666630bb030661a6f58aeb8a2
datasets/skin/acne/final/subtype_classification/train/open_comedo/tiswan_000241.jpg,dbabcae83c19b97f51250439a857b606a9ac30175ae1f7e0cfd21f7bb6e05a45
datasets/skin/acne/final/subtype_classification/train/open_comedo/tiswan_000242.jpg,b724162380e4cefee4c65704fab0c736f940c97548390b5979c4144c8db8e081
datasets/skin/acne/final/subtype_classification/train/open_comedo/tiswan_000243.jpg,7a8c97dd99e318328f04bfebd3cf91bef922b5999f514ca619d5ab3a483ffc18
datasets/skin/acne/final/subtype_classification/train/open_comedo/tiswan_000244.jpg,7c671c2ede722b38b85270b9b1005ad9ba0d9f0341e482e6afeaaba39ffd7cd6
datasets/skin/acne/final/subtype_classification/train/open_comedo/tiswan_000245.jpg,b428594875e5f23905af04ac40bcfe4ced5589b03abc19cee88c4c22d096fcdd
datasets/skin/acne/final/subtype_classification/train/open_comedo/tiswan_000246.jpg,b12d25e82b9a0f6365df58fdd6b363ee40bcf1635bd8ea1cfc1c450cf506971c
datasets/skin/acne/final/subtype_classification/train/open_comedo/tiswan_000247.jpg,f127d8c03b00dea5122806923d17e06fbb633967c29deef6e322c5b03e9df4f7
datasets/skin/acne/final/subtype_classification/train/open_comedo/tiswan_000248.jpg,56b5d8cad2d4ec0c3713772dd528ca6c164b44c8cf5682a86575a2872c678542
datasets/skin/acne/final/subtype_classification/train/open_comedo/tiswan_000249.jpg,f7670d8aff222cd9a79ed74fef169c2d27fe67fdb94198522a40dcf385d048b0
datasets/skin/acne/final/subtype_classification/train/open_comedo/tiswan_000250.jpg,771eaabd3704c1f10e6b6ce6b84a5dc0e5bd4a6935962a47d502bd994d330b33
datasets/skin/acne/final/subtype_classification/train/open_comedo/tiswan_000251.jpg,ff737c0e91af683ab6be8acbeb4f6a348e714b50d818b9cd06cb15b8e04d2196
datasets/skin/acne/final/subtype_classification/train/open_comedo/tiswan_000252.jpg,4ec1c3e195197844942ad4cbff14a576f7df4ad6cf94aa17d86e46dadcda523a
datasets/skin/acne/final/subtype_classification/train/open_comedo/tiswan_000253.jpg,7aa6c1b323614d8a2b46cb15b075e06a29085fc143e13593010da265bba5dfb0
datasets/skin/acne/final/subtype_classification/train/open_comedo/tiswan_000254.jpg,5234de804dee7480925e199e57077d5a81579ab9e6c774e2073362c71b43535b
datasets/skin/acne/final/subtype_classification/train/open_comedo/tiswan_000255.jpg,a2bc9ceb012456343893d4b4a0b3437898ef0de083514c44dc3a6576ab96780b
datasets/skin/acne/final/subtype_classification/train/open_comedo/tiswan_000256.jpg,020196e45a24a2f781bab0170eda17dc361437f21a6df04eb83a944e9ca54aee
datasets/skin/acne/final/subtype_classification/train/open_comedo/tiswan_000257.jpg,8d86cf7d55aebbc090a69bfd1b44692859bc96ee91bbcddce7e3ff6316b76776
datasets/skin/acne/final/subtype_classification/train/open_comedo/tiswan_000258.jpg,737eb928605afdac5e3169e5371fddfb03fd038fe988551b280ffaee92e84b8f
datasets/skin/acne/final/subtype_classification/train/open_comedo/tiswan_000259.jpg,15316797178454ce5692cdc0732e17137b9bfc7f671f96be06437175d85240fc
datasets/skin/acne/final/subtype_classification/train/open_comedo/tiswan_000260.jpg,7f0ff66e89747e579c8b2f943c62acb5536282e1316c899435b2ed7d8e02cc6a
datasets/skin/acne/final/subtype_classification/train/open_comedo/tiswan_000261.jpg,f1fccc169a310cd0e3a0967ddf7fa9e8a80a1f7a752e6a5329c8b9e4596d04e8
datasets/skin/acne/final/subtype_classification/train/open_comedo/tiswan_000262.jpg,40b99a071fb952007b13867393f7c25ae0b4a8db2dfa5440ddb1b5c21e50ca8a
datasets/skin/acne/final/subtype_classification/train/open_comedo/tiswan_000263.jpg,c7c01b0b1537a8987f7bd0ba56d99451b24a74a6e95b2cecd4df68ec9ec782e0
datasets/skin/acne/final/subtype_classification/train/open_comedo/tiswan_000264.jpg,60ed11e9ba87dd4d9528425ce1b2056c1651204e6eebf41fe95e4bcf50aeac45
datasets/skin/acne/final/subtype_classification/train/open_comedo/tiswan_000265.jpg,6f018671d69823d3dd81e5f0b0245d371a800e714890da3aed93b05abf6dcbef
datasets/skin/acne/final/subtype_classification/train/open_comedo/tiswan_000266.jpg,16efde1a4fb5f68637626b058a9582b7797a42b795009e616fac51e4deb83a1f
datasets/skin/acne/final/subtype_classification/train/open_comedo/tiswan_000267.jpg,aaae3e466b3c095764f2f0ded273f2a7de7ebb4c1c3d52f7eb0aef62242b3782
datasets/skin/acne/final/subtype_classification/train/open_comedo/tiswan_000268.jpg,eadd9ff76775713390ed33d6f2c44fe855ebca29561788b1d356996c169957b9
datasets/skin/acne/final/subtype_classification/train/open_comedo/tiswan_000269.jpg,e1aac5f3c105e8746dc4bd991fe8e8b5e959eb5d658a146d80fc901ca13b18f4
datasets/skin/acne/final/subtype_classification/train/open_comedo/tiswan_000270.jpg,c4f77f524ec832d607dede7a7b0d17458f39706e774496648cf97160bcad116c
datasets/skin/acne/final/subtype_classification/train/open_comedo/tiswan_000271.jpg,2219770f264d42fa103302de07f94e50d9fb0b7196b6695642c011cf29d2b8ca
datasets/skin/acne/final/subtype_classification/train/open_comedo/tiswan_000272.jpg,c291771045461ae0d9a6dd5c5d88a244eea3d3451c8e14b1d5060dd1615e4427
datasets/skin/acne/final/subtype_classification/train/open_comedo/tiswan_000273.jpg,e2861cc4b663193e18d61385358cb4cba3943c0296c06083e18b8fdd0e13adad
datasets/skin/acne/final/subtype_classification/train/open_comedo/tiswan_000274.jpg,f5affc6b00b73bbe67843d8b9fa88ae92cc0d34aafa48ef43878d5f3d637f324
datasets/skin/acne/final/subtype_classification/train/open_comedo/tiswan_000275.jpg,de6b5e630707f1ede8268f82b8bcf6c04df707d8294925657adfee44e04b19f9
datasets/skin/acne/final/subtype_classification/train/open_comedo/tiswan_000276.jpg,7f547bff12471e3bfa0ca5de7c014a16ef3ed528473b9cfe87fb98433fdc3dea
datasets/skin/acne/final/subtype_classification/train/open_comedo/tiswan_000277.jpg,eacd848373b2162c0daed5ddf94cc7a40a97ed1fba02359224f42911d5e94dcc
datasets/skin/acne/final/subtype_classification/train/open_comedo/tiswan_000278.jpg,cc496683035a5176bfee26ae704780f90f99c8da0c48bce5dca484ed3108fb1e
datasets/skin/acne/final/subtype_classification/train/open_comedo/tiswan_000279.jpg,b8666a175db9c5c6aa07c90e96acb9705f8208fc09ec380ab4e4a743ddefa93e
datasets/skin/acne/final/subtype_classification/train/open_comedo/tiswan_000280.jpg,fb55bf6d10a46572461a797e1303b7fa9595ad0922dd73bb98a3f323e36c8dcc
datasets/skin/acne/final/subtype_classification/train/open_comedo/tiswan_000281.jpg,19464b2c90297426e64bf1c53346d8dc834b5d1f7fb6dd17bcc6532d06d6d066
datasets/skin/acne/final/subtype_classification/train/open_comedo/tiswan_000282.jpg,9c53dd1a620476501861c0b35b4f1def686ea67ad6086f2d8998d449e9af311e
datasets/skin/acne/final/subtype_classification/train/open_comedo/tiswan_000283.jpg,6b531b2a3ff9762897edab54128f1adb05e9f35cda40cc674915cfcbeaceedf6
datasets/skin/acne/final/subtype_classification/train/open_comedo/tiswan_000284.jpg,bf3b803a76cc6d4e6ce2bce72da6d8f7b72f6a7758dcd74ba4a739ae072858da
datasets/skin/acne/final/subtype_classification/train/open_comedo/tiswan_000285.jpg,93bf10d74af0ebb9fb1f3754a00398a0c919d651ee670035a32a74a5e85e91e3
datasets/skin/acne/final/subtype_classification/train/open_comedo/tiswan_000286.jpg,1b73152d0bea3b6c93bbecc27aaf8a42f95d5aab14fb86e6e66ac0c45848e83d
datasets/skin/acne/final/subtype_classification/train/open_comedo/tiswan_000287.jpg,a208390d06b0fad2c7865ca2585685e829434bba15dbf8dc7797df96dfc624b5
datasets/skin/acne/final/subtype_classification/train/open_comedo/tiswan_000288.jpg,1d572ffd88ac025d1aa358974f7be25ff608338da7efb953b3ed260971529da8
datasets/skin/acne/final/subtype_classification/train/open_comedo/tiswan_000289.jpg,e27f5ffe69350d37a81adc3adc3ba8c9a2708c0e91dff8c87bc47f480aac8ab9
datasets/skin/acne/final/subtype_classification/train/open_comedo/tiswan_000290.jpg,737bb9084a15f611e435f12c330a7bb773aa5d4bcb52f5435183aee781832f84
datasets/skin/acne/final/subtype_classification/train/open_comedo/tiswan_000291.jpg,ca61fdf6c7a97c8aa142209b86347d7467341df3c0a35d2e701c5d49d08ed3d2
datasets/skin/acne/final/subtype_classification/train/open_comedo/tiswan_000292.jpg,a14af5feeb922c5efe19ded45644d5e71e3924021db3dfabe0603e171359b9b5
datasets/skin/acne/final/subtype_classification/train/open_comedo/tiswan_000293.jpg,eb16106dde050a6c065bc7ac050de51cd41645df3cb7f72e59e1372ca2093110
datasets/skin/acne/final/subtype_classification/train/open_comedo/tiswan_000294.jpg,93b0465cb6f2899c1367c45f05bbdec3b2882c6c306db88784e366722b08d999
datasets/skin/acne/final/subtype_classification/train/open_comedo/tiswan_000295.jpg,838ce640c81e603f15316426f9095c62cad290988d810dbf1eec04903f326414
datasets/skin/acne/final/subtype_classification/train/open_comedo/tiswan_000296.jpg,f9e2d08b1d1af801c39b53634db73998c0672b112e69fe1f6d5f5db1d6ae347e
datasets/skin/acne/final/subtype_classification/train/open_comedo/tiswan_000297.jpg,845f88f8756bc24d9b1f26074f881725b3773f4d439d76b10d0dc867d6b4c07e
datasets/skin/acne/final/subtype_classification/train/open_comedo/tiswan_000298.jpg,5667026d46b688df2fe220b87b54946ca5cbace9b7063256c53b369f7560543a
datasets/skin/acne/final/subtype_classification/train/open_comedo/tiswan_000299.jpg,16d986d72ffe4bfded828e66e298027dafbd042375a1df6e1018c2b94f448bc4
datasets/skin/acne/final/subtype_classification/train/open_comedo/tiswan_000300.jpg,2b41da4fc884dd8953b866db29515273df37a42a23752051eb31c2d959c3ced2
datasets/skin/acne/final/subtype_classification/train/open_comedo/tiswan_000301.jpg,0446d17a4462cc7c3047fa91a9abb04d1e77686832f109e77597ceb320b4d550
datasets/skin/acne/final/subtype_classification/train/open_comedo/tiswan_000302.jpg,475a0da4c3744efe743faeb3a8c8d8ed035ad6f6aff8d644a7578121d2e5bd5a
datasets/skin/acne/final/subtype_classification/train/open_comedo/tiswan_000303.jpg,58f80b765eb19463b70d2ec761347135d48ee1f11d9e2a9ba9482fa038d0c231
datasets/skin/acne/final/subtype_classification/train/open_comedo/tiswan_000304.jpg,ce95bfa395ec458250105aa2000de94a2ffec96922964e551ec8cff3cfe99f00
datasets/skin/acne/final/subtype_classification/train/open_comedo/tiswan_000305.jpg,aeca942941a04d6e11135e836608d3851b87856b80853d8b77adcb3072bdf292
datasets/skin/acne/final/subtype_classification/train/open_comedo/tiswan_000306.jpg,aeb598b337b5663f5f92cb0a4c655da7eaf3be093d9fab721e730bca423e9d4b
datasets/skin/acne/final/subtype_classification/train/open_comedo/tiswan_000307.jpg,614f2c71c08fcaf947c9440d60e31667e0c79a04a7445b26146ef97230a8ae82
datasets/skin/acne/final/subtype_classification/train/open_comedo/tiswan_000308.jpg,6a29428148453f25fae7874aa5ee1f063ae9b701bd690f3ce0284d8fd5a48165
datasets/skin/acne/final/subtype_classification/train/open_comedo/tiswan_000309.jpg,7ac43a6b6b3af1386a8780b3b4b28e1363e20c555a242c296f48510737533342
datasets/skin/acne/final/subtype_classification/train/open_comedo/tiswan_000310.jpg,7b31b1f5dd347dc07eb3a0d972f252c74fee2d1e47541aa28c46e3952a602360
datasets/skin/acne/final/subtype_classification/train/open_comedo/tiswan_000311.jpg,ad3359cf25866ca337adbbb5e08f07c4eecd09b2f3de2f1f64ee0efb661db9ce
datasets/skin/acne/final/subtype_classification/train/open_comedo/tiswan_000312.jpg,fa358b3ccc96eda7506bb071fce2b0eda55492da9ba80f39dda02e950c4277a0
datasets/skin/acne/final/subtype_classification/train/open_comedo/tiswan_000313.jpg,78e11cdaf5420937ce3236a4bc41726c413c1f97c2553f408ef29f0f10caa859
datasets/skin/acne/final/subtype_classification/train/open_comedo/tiswan_000314.jpg,f88a086bfcfc9afc501ef9b6e66a21bcf7af09dc155e3d11bdf9335f7ea24e5a
datasets/skin/acne/final/subtype_classification/train/open_comedo/tiswan_000315.jpg,a7ed5314b8c4b88cf11486adbbc6b0d6e09113967554ff8d8a243b53d8bc24f1
datasets/skin/acne/final/subtype_classification/train/open_comedo/tiswan_000316.jpg,43959d0dccbb68bb5d3c57b92cb1e61b0643a788a7b67180822f33484cc7e1b8
datasets/skin/acne/final/subtype_classification/train/open_comedo/tiswan_000317.jpg,9510dd0f89b92d90b5140777cf425591aa457c24f5c9e88557cbb2b0e13059a7
datasets/skin/acne/final/subtype_classification/train/open_comedo/tiswan_000318.jpg,92118eca0fe58b3e2384fdb31614a9b0ee7481d24b6f1d122cc35b296439e4ce
datasets/skin/acne/final/subtype_classification/train/open_comedo/tiswan_000319.jpg,fcaaee02cc05dd8950f85ac86526bf9cf139aa2bc8efceae6bd15cddda017719
datasets/skin/acne/final/subtype_classification/train/open_comedo/tiswan_000320.jpg,f8ca63637ef72e41b4d3e202df714e40f3b92286d9bba0e784c26c182925acb8
datasets/skin/acne/final/subtype_classification/train/open_comedo/tiswan_000321.jpg,5ecf3d01c802de85ab1ce93da955223a24f24b17622f3c6f0fe195557441dcd0
datasets/skin/acne/final/subtype_classification/train/open_comedo/tiswan_000322.jpg,ce223cb889b9945f58aa7c497e266d735e05064274829796e7dc7c908761b9c8
datasets/skin/acne/final/subtype_classification/train/open_comedo/tiswan_000323.jpg,634f30c8d676eb171828018c11f836c3a3ce437046ecadbed5b0c46ce32106a5
datasets/skin/acne/final/subtype_classification/train/open_comedo/tiswan_000324.jpg,32eb1494ed5a8b7bc61ea344951ea6fb1280a2cff7d9caddef0699179f068571
datasets/skin/acne/final/subtype_classification/train/open_comedo/tiswan_000325.jpg,e7d125b2fbf1295812a289a86858e1530657bb274c92b32631242999e90c8ba3
datasets/skin/acne/final/subtype_classification/train/open_comedo/tiswan_000326.jpg,69232796d25d1482135cf327f5e3e1eadc1a4673cbe51e8c2326c39701807478
datasets/skin/acne/final/subtype_classification/train/open_comedo/tiswan_000327.jpg,aa9f2421e1d45ad2b505d62037e1646f43af1760f848aff767929e3fea9ab8b0
datasets/skin/acne/final/subtype_classification/train/open_comedo/tiswan_000328.jpg,c0feaff586524a25130a55418acf3bf80ef09535ae5b507c4023b972b4bbc210
datasets/skin/acne/final/subtype_classification/train/open_comedo/tiswan_000329.jpg,71394d79e2721a270a25db8d510a54448c782ea478828d342ff8bbb3f2401786
datasets/skin/acne/final/subtype_classification/train/open_comedo/tiswan_000330.jpg,8a1ba4827319200dd65e0e585ba400ad1b77ff40db1ef503e12a07dc76d5d950
datasets/skin/acne/final/subtype_classification/train/open_comedo/tiswan_000331.jpg,42cbd63a46cb80f5fc703f0a820febabeac6062f67e6e32a135956bd84ee380b
datasets/skin/acne/final/subtype_classification/train/open_comedo/tiswan_000332.jpg,3ee22a275dd52881b51e887a2cf1d9eaa570cb0e6f23ca35bbcd71e8f571791b
datasets/skin/acne/final/subtype_classification/train/open_comedo/tiswan_000333.jpg,f3ebefed44343e023050dd5b45b2a2673fc171c83a4426fb3625aba1cbf56a36
datasets/skin/acne/final/subtype_classification/train/open_comedo/tiswan_000334.jpg,cdc98d825a5637a77108c67fba3c79720dedca96ec919282329e07ef7d59fbc8
datasets/skin/acne/final/subtype_classification/train/open_comedo/tiswan_000335.jpg,6036efa2b75e40e1a8aae46dc690dd7b4299b8d830b0fbe0a2b7a02b30fae713
datasets/skin/acne/final/subtype_classification/train/open_comedo/tiswan_000336.jpg,b05b54b3e910979251e08bbe78109e91c9e359daecdb3c66c4fdb6bf191813fe
datasets/skin/acne/final/subtype_classification/train/open_comedo/tiswan_000337.jpg,1c43f28046d41db324dc9cc1328b4dd5cf071c85483537e65670b8254103c663
datasets/skin/acne/final/subtype_classification/train/open_comedo/tiswan_000338.jpg,4c2777c3ea9888e901d7b379aa4b79b33b75e0112be55e49b8c13efb67cddec6
datasets/skin/acne/final/subtype_classification/train/open_comedo/tiswan_000339.jpg,722dfbba3649cfc55062f2293d2af82255959500f719d3f80b07b5f5fc5df4c1
datasets/skin/acne/final/subtype_classification/train/open_comedo/tiswan_000340.jpg,5f89939c2f447a75a817ff5f1ac92aaabaefe8b2835db7af0c54eebccc1f02e3
datasets/skin/acne/final/subtype_classification/train/open_comedo/tiswan_000341.jpg,57298edc83aa3ba5ff27ea50a5193c705a8d4946311ef9f82d0fad822433a17b
datasets/skin/acne/final/subtype_classification/train/open_comedo/tiswan_000342.jpg,36caf30a6087a5cd14f74da55d1c8832761d4ea58aff772be3586823ceba6b77
datasets/skin/acne/final/subtype_classification/train/open_comedo/tiswan_000343.jpg,c7096196281c5f86a90f86f8d3f3fa85fd926768c47c316cfdcf4e6003f94b0f
datasets/skin/acne/final/subtype_classification/train/open_comedo/tiswan_000344.jpg,a47587476fe2577eabf821613a57bd031c15197526ed6976f8227b5b60fab54a
datasets/skin/acne/final/subtype_classification/train/open_comedo/tiswan_000345.jpg,847bff3ee551c5e0c82cfbc1d1889e4efe48b655c2f81d75aa02e038b3098601
datasets/skin/acne/final/subtype_classification/train/open_comedo/tiswan_000346.jpg,ea3aa348ad3c9bb5c6b7339b7e8ac5bccfa87fd44ec007b5e7508f87db760b6c
datasets/skin/acne/final/subtype_classification/train/open_comedo/tiswan_000347.jpg,c85a9706c1044a7c08614d8a1bace8825b567d7363527e0258614938c9262e5f
datasets/skin/acne/final/subtype_classification/train/open_comedo/tiswan_000348.jpg,7146e085cad8c2dff2b1af85ad0dd924c8c6073f1cb3097401d1958e9a4a1e06
datasets/skin/acne/final/subtype_classification/train/open_comedo/tiswan_000349.jpg,2a383e273da1236fa634229f1ea37f14c5ae57d4b74433a6c801952f19333ea9
datasets/skin/acne/final/subtype_classification/train/open_comedo/tiswan_000350.jpg,c796fb249098f1d40dd223c4b60643c3aaec197e2395034ca4bb0e768517db85
datasets/skin/acne/final/subtype_classification/train/open_comedo/tiswan_000351.jpg,f980f25ba42db45bca762743687e50ab45690b1e31f33c06009b0541694f4ae7
datasets/skin/acne/final/subtype_classification/train/open_comedo/tiswan_000352.jpg,033bdd62f76c9f09f08796f37cf6f71c1c9f6284c31822e15cd5046b7adfeb70
datasets/skin/acne/final/subtype_classification/train/open_comedo/tiswan_000353.jpg,57db476e41425c3bb26715f88bb92ea6826541396c7e53a64790e5efe1fe805c
datasets/skin/acne/final/subtype_classification/train/open_comedo/tiswan_000354.jpg,aef49fbb94a598ef25c146a8fa7509c35b447d9abddc00e926f0bd0d24dd784f
datasets/skin/acne/final/subtype_classification/train/open_comedo/tiswan_000355.jpg,19a092208e3af1eb37f08f4048034904114f951b28e8f2f733859fe954c879e7
datasets/skin/acne/final/subtype_classification/train/open_comedo/tiswan_000356.jpg,6a7a89cebba4fdf59cf331ae52f9b8ab6cf6b08af9e83c4feda9eb46ffa09d37
datasets/skin/acne/final/subtype_classification/train/open_comedo/tiswan_000357.jpg,f09165d882b7a28e1156187ca58e3a5662759940276bbabe4fbeb00c9b775b50
datasets/skin/acne/final/subtype_classification/train/open_comedo/tiswan_000358.jpg,be5aed3998ba8e3a4857b4655cc231ff6b8463e352ea050df2c6f3d7c30e4a4d
datasets/skin/acne/final/subtype_classification/train/open_comedo/tiswan_000359.jpg,1af9c5234fcb20fe62b7c7f03b6ffc2605fe90b73476b0a564a36eab7044dd99
datasets/skin/acne/final/subtype_classification/train/open_comedo/tiswan_000360.jpg,5e8138207f8469ff7e5ed3845ee7b3679253f0d14e64283278fd33bfd55caad6
datasets/skin/acne/final/subtype_classification/train/open_comedo/tiswan_000361.jpg,5292941d269d272d6071dd72fe942457a7315aa44cb143a2fe797331ad970b1b
datasets/skin/acne/final/subtype_classification/train/open_comedo/tiswan_000362.jpg,fe24eea604a8b397b420b11a7bacf58298a727880c5c4baccd93e910ffc8ca74
datasets/skin/acne/final/subtype_classification/train/open_comedo/tiswan_000363.jpg,26fef087b5a3b53dda0b7a3fe979a5cc1efa6f3ee89bd9815ba555828d7578de
datasets/skin/acne/final/subtype_classification/train/open_comedo/tiswan_000364.jpg,0d04c1d31f2e0d7875fc053e5415acb1849298ca7e02b38ec2c2e97593097d24
datasets/skin/acne/final/subtype_classification/train/open_comedo/tiswan_000365.jpg,055e90a90ed97403c99572940b9757bb8912117ca1cdf963398cda4f394c1387
datasets/skin/acne/final/subtype_classification/train/open_comedo/tiswan_000366.jpg,adc997bd840beaa74efae84d570692e920436390b49e025bd49fae0a2bc1db39
datasets/skin/acne/final/subtype_classification/train/open_comedo/tiswan_000367.jpg,e541e3e632aae401b97b3842e205332246c4c3700eaa87cd400520e6d6b2973d
datasets/skin/acne/final/subtype_classification/train/open_comedo/tiswan_000368.jpg,2abafc07ee36e2361e7d407f829ee234a9f88aaa8d62eb6d3d57e6bad0bd0861
datasets/skin/acne/final/subtype_classification/train/open_comedo/tiswan_000369.jpg,dfc721f61bcc5b8200d892e476dfd69e806d72bb23152cd5964bff613b345340
datasets/skin/acne/final/subtype_classification/train/open_comedo/tiswan_000370.jpg,d57107a4922858ce414500f5c23b52b0c40404590e725908db22881375696141
datasets/skin/acne/final/subtype_classification/train/open_comedo/tiswan_000371.jpg,8961807528df928e54cec251be00e85b563f9df518f0649c1f72c547696dd482
datasets/skin/acne/final/subtype_classification/train/open_comedo/tiswan_000372.jpg,4c5f16a79531a779610a479d36ccb025fa92fd1a0d2f4ccf456438fa8ff32c57
datasets/skin/acne/final/subtype_classification/train/open_comedo/tiswan_000373.jpg,c11d7d47383a28a744422ac83aa3d08ca9e054f138e518fe4dfe1347ea2e4eae
datasets/skin/acne/final/subtype_classification/train/open_comedo/tiswan_000374.jpg,4674311bd9be7c8be7b95dfae7bcd2c1154ea8ea58f079eeb580a35c5773d6e6
datasets/skin/acne/final/subtype_classification/train/open_comedo/tiswan_000375.jpg,ce2d379df4b2b2460b1a65560d9e9bc6947303c6defe0d797ca5619e100fdf57
datasets/skin/acne/final/subtype_classification/train/open_comedo/tiswan_000376.jpg,2180af6ef40768ec52fbf7c2075acf8780c224b81afa1289acd082a7161ef718
datasets/skin/acne/final/subtype_classification/train/open_comedo/tiswan_000377.jpg,8629d5587189be94da2c9bceeb4cfb76d2302531f82886d1e50020fa83f2d43d
datasets/skin/acne/final/subtype_classification/train/open_comedo/tiswan_000378.jpg,1da6f900ead4c92e2618024362e0d88316eb910518b2d3730dc96dcf468cb3d0
datasets/skin/acne/final/subtype_classification/train/open_comedo/tiswan_000379.jpg,785317f34672b4c113c2867e2df6b294ed9d0ec92725f62ba2457e75db15814b
datasets/skin/acne/final/subtype_classification/train/open_comedo/tiswan_000380.jpg,e009114105d2cc12c48f66ed13a35d63d668aa9d65234483c54b347b25c942a3
datasets/skin/acne/final/subtype_classification/train/open_comedo/tiswan_000381.jpg,e19ce6b0e82467a8b58371fc289ca8b7a348618e214ef433e1d683c343f93087
datasets/skin/acne/final/subtype_classification/train/open_comedo/tiswan_000382.jpg,03e0f69f08f1c6abc5644faada2c07c106fc325990d01fb05a80e118e29e19fa
datasets/skin/acne/final/subtype_classification/train/open_comedo/tiswan_000383.jpg,b095291cfd909f2bf0c514e4b0399f6b464653ea0ee9b714375121d652810fd3
datasets/skin/acne/final/subtype_classification/train/open_comedo/tiswan_000384.jpg,9fd188753a778d1d4db48e180502aff3097418018a1dc365e64513e9d297fa63
datasets/skin/acne/final/subtype_classification/train/open_comedo/tiswan_000385.jpg,52493dc258911220fdd4345bd40535e15685164bffbdace47c31d32f2c2374b6
datasets/skin/acne/final/subtype_classification/train/open_comedo/tiswan_000386.jpg,6b71af885136edbc9a572bc6ab61355e8630e07f9d36bca813ae0df6d305b5c8
datasets/skin/acne/final/subtype_classification/train/open_comedo/tiswan_000387.jpg,947a84d4733ed3a99184a37f49de27d83b7fd7c7149777c7240a6e58771a09c5
datasets/skin/acne/final/subtype_classification/train/open_comedo/tiswan_000388.jpg,976e3ed02db7b9709c091cde6534039985c49e8fa85d12cd4b5cfe755de1c88c
datasets/skin/acne/final/subtype_classification/train/open_comedo/tiswan_000389.jpg,1f0c638fb85a109d0b97870d600e1492b546789752a77c90effaaf36c6adb648
datasets/skin/acne/final/subtype_classification/train/open_comedo/tiswan_000390.jpg,3689eea4df2736efb0b5bcf4270da761f17996bbd7178ee324ba7f0cceb4d272
datasets/skin/acne/final/subtype_classification/train/open_comedo/tiswan_000391.jpg,cb1cb72fe49a54a6c4db6122e0a18b9ad7dd2836aee30a3ee6b0d4e22d068c8c
datasets/skin/acne/final/subtype_classification/train/open_comedo/tiswan_000392.jpg,cd650e7fdd7b796b5658714357a54abb87aaf6dee1960e276266da57e799a545
datasets/skin/acne/final/subtype_classification/train/open_comedo/tiswan_000393.jpg,644e6085000300110a0015201a212c1f5d622f0c850f0304b3311d3177b21882
datasets/skin/acne/final/subtype_classification/train/open_comedo/tiswan_000394.jpg,dcba8a0f58322bb9de1458639326a678861a789206d6e83ca044f22f0583554c
datasets/skin/acne/final/subtype_classification/train/open_comedo/tiswan_000395.jpg,99e2f1219f685ef24bb36883c246c2c79bf3be7b5163779b54fea7d087c5265d
datasets/skin/acne/final/subtype_classification/train/open_comedo/tiswan_000396.jpg,6a94b7fd36ea3045cf8a10f8673b78669174ca88443f1986b8740e01beabf643
datasets/skin/acne/final/subtype_classification/train/open_comedo/tiswan_000397.jpg,b26a81aac16db401a0abb737cd6658656d1e02e4174254b3e5ef9c249f56677f
datasets/skin/acne/final/subtype_classification/train/open_comedo/tiswan_000398.jpg,d7fb25ccdac0f23809b27cf80a6421aa6e554d7e87375a2c320d42eee78fb2ec
datasets/skin/acne/final/subtype_classification/train/open_comedo/tiswan_000399.jpg,76d6ff4141f041a825ea6032d5d4a7d282ab04740cb69f3eb7a4a96a273ca029
datasets/skin/acne/final/subtype_classification/train/open_comedo/tiswan_000400.jpg,eae41f2bbab860c14f25bb01a9b69e9fa3fa66c0f5fc9f136bc2cf0239b22de2
datasets/skin/acne/final/subtype_classification/train/open_comedo/tiswan_000401.jpg,9d171d25f1e139ce9e261669f05a1a7febbecef1c6e5ec3311c55fe48245ddc6
datasets/skin/acne/final/subtype_classification/train/open_comedo/tiswan_000402.jpg,cb081881ca8c1b9ebd0d8b8f98457f412da6a514cc6819baa0cae4ee09aab746
datasets/skin/acne/final/subtype_classification/train/open_comedo/tiswan_000403.jpg,4aa493e8c1a07597a17edb9f2f2a3e52ecc71a3bc4165a8956dd784237d00c90
datasets/skin/acne/final/subtype_classification/train/open_comedo/tiswan_000404.jpg,28062e6f9ebb78bc8ae9bd0e4560e158c6ecaa893ac42f6868918f7e121766fd
datasets/skin/acne/final/subtype_classification/train/open_comedo/tiswan_000405.jpg,31c5255bf8acd5d092e3fe5a9bf5cf2620255ffea00dd75ddb3da2b5d530d203
datasets/skin/acne/final/subtype_classification/train/open_comedo/tiswan_000406.jpg,bcc7d856a743bc30f10571f1ddc064970f7f79c287f688f0cdbb743f9e464efe
datasets/skin/acne/final/subtype_classification/train/open_comedo/tiswan_000407.jpg,d454b1053fa9d7a5d4dfbda94da102c5245f36ba4ac68d09992f9319353a708a
datasets/skin/acne/final/subtype_classification/train/open_comedo/tiswan_000408.jpg,bab3a80151c628fbd25496b21fb8ed4e51a57a3c0c681ebabd62514c096b3c92
datasets/skin/acne/final/subtype_classification/train/open_comedo/tiswan_000409.jpg,e18ce2993dab3ff96edca6702c7ee1507d62b3a942061df898bd9cb53cd85a93
datasets/skin/acne/final/subtype_classification/train/open_comedo/tiswan_000410.jpg,2a1e6cb79527a4e6fa36c56427f7341069989985bfb57dc12478dc0219a387af
datasets/skin/acne/final/subtype_classification/train/open_comedo/tiswan_000411.jpg,79a003be275a1d67d0fbaed50ca748fd15c8c55d7090de5a684e9e4d4a327527
datasets/skin/acne/final/subtype_classification/train/open_comedo/tiswan_000412.jpg,48b716368b9ca34eb04467ae2f1d571bd3a26e28f0121b4f4a75c2b84027a19b
datasets/skin/acne/final/subtype_classification/train/open_comedo/tiswan_000413.jpg,7b11db70339f9af77495f135eda4ecab482dfcb8e4dd0a043004160bf73148c1
datasets/skin/acne/final/subtype_classification/train/open_comedo/tiswan_000414.jpg,1186accf54b0b10b867cfbc0f432386dbc059313ee33cc0b190e3aa76b7eaa74
datasets/skin/acne/final/subtype_classification/train/open_comedo/tiswan_000415.jpg,e01b58996a756169c1c2ac51b68e5933c05d4298397daf0c95f040e82646e276
datasets/skin/acne/final/subtype_classification/train/open_comedo/tiswan_000416.jpg,93c58bc4fa4f9c8a3d0d90d3cfaf6b1586258f3f3685d694cd66749d02788e6b
datasets/skin/acne/final/subtype_classification/train/open_comedo/tiswan_000417.jpg,3dd228c1effa0146bd030988c5f182ecedb6f28be75daf6d6284064e5dc27d0c
datasets/skin/acne/final/subtype_classification/train/open_comedo/tiswan_000418.jpg,162291454906da7f17ebdf2bb136f451ce7750d5d7cb55da05d7c2639422d780
datasets/skin/acne/final/subtype_classification/train/open_comedo/tiswan_000419.jpg,6ac8699e63c0af5d4e0128c8279da72d53531419ee5bdeb65eea46d7629a377d
datasets/skin/acne/final/subtype_classification/train/open_comedo/tiswan_000420.jpg,506c9fc89731d54c4191ee55b0f27e9db657620790fab9f45a8b181bcabb2349
datasets/skin/acne/final/subtype_classification/train/open_comedo/tiswan_000421.jpg,2e07516264313d6a3319e9b17b2630a376fb4faea8f425a9ee47073a30cacce3
datasets/skin/acne/final/subtype_classification/train/open_comedo/tiswan_000422.jpg,822593a9db268a8849227bd8e5594274dde3b6ae00c1693ab9993146a1262b65
datasets/skin/acne/final/subtype_classification/train/open_comedo/tiswan_000423.jpg,2fbfd566770d78b0a2516489040b0b5614d44fe479815741464f36065d960a0a
datasets/skin/acne/final/subtype_classification/train/open_comedo/tiswan_000424.jpg,f70103192e13f199433fca368280cb8664a90a2f1fac93b7476ad8a868e1d452
datasets/skin/acne/final/subtype_classification/train/open_comedo/tiswan_000425.jpg,cc7a483605672ef538550b321e00dd34ea1ab616e5b4b874eb7f50313fc8d28f
datasets/skin/acne/final/subtype_classification/train/open_comedo/tiswan_000426.jpg,fb54ef73e6e3222e09457c33909d874aeca0a905869ebd3f4a2f863b29ef436e
datasets/skin/acne/final/subtype_classification/train/open_comedo/tiswan_000427.jpg,956a8889f3b3c24467af9193a8d022c39ff940fee307f6b317d3aafceeda85fa
datasets/skin/acne/final/subtype_classification/train/open_comedo/tiswan_000428.jpg,37db1ceecd331e531ddaeafba197e516b7f1094cdfdbba5b6db574de83d07624
datasets/skin/acne/final/subtype_classification/train/open_comedo/tiswan_000429.jpg,83bc42441f37492b064ebf7cdd4b878d58eafd7c422864810336ea88c78f819d
datasets/skin/acne/final/subtype_classification/train/open_comedo/tiswan_000430.jpg,80d38ce9cb11af3242137a12094d511ddcc3b8d98848234518f4e7ef2502277b
datasets/skin/acne/final/subtype_classification/train/open_comedo/tiswan_000431.jpg,fbbe3a4ea54216d2bad82ef8cbf72144b31bbb3449e7eb7e7b9c8b228706659c
datasets/skin/acne/final/subtype_classification/train/open_comedo/tiswan_000432.jpg,c96aa87107d8001345f35454a25f9531a9821111220b210109b524a15f1efb45
datasets/skin/acne/final/subtype_classification/train/open_comedo/tiswan_000433.jpg,7c7143848a125e6afd64833d8abbe607841eb0fb9c9df6567706eacd41c5830b
datasets/skin/acne/final/subtype_classification/train/open_comedo/tiswan_000434.jpg,ad196587093e4d393c5a664e78ea347d0d0f80de02dccb0ee2c42744021e1deb
datasets/skin/acne/final/subtype_classification/train/open_comedo/tiswan_000435.jpg,b04c186fe7574eb2901e697b1546a21d2ffb20e559a83cb7072b06c79be492fb
datasets/skin/acne/final/subtype_classification/train/open_comedo/tiswan_000436.jpg,c0f0b617657967297401ac099114820121eb995003dcd54aff9963e2404486ea
datasets/skin/acne/final/subtype_classification/train/open_comedo/tiswan_000437.jpg,838ed011528bd024afdfb4b387a06707211a7fcc9f7ac50291db1bff760c402e
datasets/skin/acne/final/subtype_classification/train/open_comedo/tiswan_000438.jpg,0741d0aff35bb440f2929d22b2ad83ab2e49d5edc3f4e39eb4300acf22a164ca
datasets/skin/acne/final/subtype_classification/train/open_comedo/tiswan_000439.jpg,6b87e32436df83bf77314af02ec6c833e19e20d1478dff681c41412796c36aac
datasets/skin/acne/final/subtype_classification/train/open_comedo/tiswan_000440.jpg,ef80ca839a3ef4907bcb291744f866d5ebd6553fae942fa2337a8c529db6616d
datasets/skin/acne/final/subtype_classification/train/open_comedo/tiswan_000441.jpg,0745bf5329e9d04d2912382cef3ab175e17111663f6f99a27f2fa682dab47575
datasets/skin/acne/final/subtype_classification/train/open_comedo/tiswan_000442.jpg,6f225cb23886ea4c5a24fcbd2e3b9dbaf2f5c987796631aebc8304b499cda923
datasets/skin/acne/final/subtype_classification/train/open_comedo/tiswan_000443.jpg,ae2f08d10a466cb002cf2f571eed8d2c09de96b10772c9fac5cbb24eca875159
datasets/skin/acne/final/subtype_classification/train/open_comedo/tiswan_000444.jpg,032b69c79ae4de633a665b2181d56ae823203d7b1bf6be63ab69299b4a5bc40b
datasets/skin/acne/final/subtype_classification/train/open_comedo/tiswan_000445.jpg,62b3a5eecadb4a84539ee11099eaa93dfe96514017b44b93a24f5db173986bc9
datasets/skin/acne/final/subtype_classification/train/open_comedo/tiswan_000446.jpg,c847028a4b7f47bc4f79875987989344c7cf1d6d737b1f54ed4241188596db09
datasets/skin/acne/final/subtype_classification/train/open_comedo/tiswan_000447.jpg,a803d1c5055daeecde075f7d46466999bac3d12c0919aaf032de8ecf3713f7ff
datasets/skin/acne/final/subtype_classification/train/open_comedo/tiswan_000448.jpg,37a90c6d2fd34390b39fb5ccb3522d1d5bff3d2a6b3d258801bb1a87bd016d28
datasets/skin/acne/final/subtype_classification/train/open_comedo/tiswan_000449.jpg,88d3ad29c88766bf5e04b46cdfff4420e23afbffd1f12cb54a028c0746ad62ba
datasets/skin/acne/final/subtype_classification/train/open_comedo/tiswan_000450.jpg,b2d236b3ca80968604a768666ba037fe441dc4079672728b753c1a19d8610fae
datasets/skin/acne/final/subtype_classification/train/open_comedo/tiswan_000451.jpg,9c1ef9fce2f15c657fa9a171944860b2a8f395a4b0314fa540d2efa6584eeb78
datasets/skin/acne/final/subtype_classification/train/open_comedo/tiswan_000452.jpg,db99ec9babb7b4273bd7aac7877feaa04d9f8a9cc52e031f67e75f37c2b77263
datasets/skin/acne/final/subtype_classification/train/open_comedo/tiswan_000453.jpg,7310b1de2d9db83f1b34421c742f9f14fa0c4de5a4ca25886a4ce46e98b030ed
datasets/skin/acne/final/subtype_classification/train/open_comedo/tiswan_000454.jpg,cce9cd40020e0682eb1874cf8a5856dc9c060da5bb0f5c35d28fb63c287d228e
datasets/skin/acne/final/subtype_classification/train/open_comedo/tiswan_000455.jpg,15516aed09faecdb341077a5a998860381c28d2ac2226fb035cf8b77876347e7
datasets/skin/acne/final/subtype_classification/train/open_comedo/tiswan_000456.jpg,068a79941669df47d5b072e6ab199dd5b66770ecd1071433382c753b51bfd741
datasets/skin/acne/final/subtype_classification/train/open_comedo/tiswan_000457.jpg,793bf6e73b2cc660a09321ab098ccb7d26eb4abbc3344cc56644ceb46bb08c96
datasets/skin/acne/final/subtype_classification/train/open_comedo/tiswan_000458.jpg,5986dee858b501cdf814c9cc93ad31e0133e264c0ad992d677d2619f67ab0bf1
datasets/skin/acne/final/subtype_classification/train/open_comedo/tiswan_000459.jpg,8d041585219e22f71cc48018c18371eda6d1140831a3cc56296486e2967a1117
datasets/skin/acne/final/subtype_classification/train/open_comedo/tiswan_000460.jpg,62af6eb40eec4b5eb8e514851ca09ebf9d739432f1362652f35f3332249fcb7c
datasets/skin/acne/final/subtype_classification/train/open_comedo/tiswan_000461.jpg,5fe683e14eab9ca9b6ed6d418132ef7b54706af46a496bf795cb4e783337ebd0
datasets/skin/acne/final/subtype_classification/train/open_comedo/tiswan_000462.jpg,399dc4e93c9148863de4d2ab10632e48bd44a6c60cd45ebbeba32f5b406efe15
datasets/skin/acne/final/subtype_classification/train/open_comedo/tiswan_000463.jpg,d684be5b07330ca6c6a57f68888a2584acf334d82d07285fdf445215ca84e301
datasets/skin/acne/final/subtype_classification/train/open_comedo/tiswan_000464.jpg,5c5d1bcfc2dd3fec7cfbecd1fa9d2375825ec8ae11ebd64a77ee6b735dad65e0
datasets/skin/acne/final/subtype_classification/train/open_comedo/tiswan_000465.jpg,fc0914856178d286743271a532eaf83ebf895880e8c8e58ddd55d0e484a2b0a1
datasets/skin/acne/final/subtype_classification/train/open_comedo/tiswan_000466.jpg,eaa0e8b0ea2f1a835693b4d6c4b98b6fb490846164f9ed7e8ea1e9a96b744d31
datasets/skin/acne/final/subtype_classification/train/open_comedo/tiswan_000467.jpg,2fda5e85afbdd0c6290b8167c34cdbd255888009ae88863dc1b2cfa625b95b9c
datasets/skin/acne/final/subtype_classification/train/open_comedo/tiswan_000468.jpg,cad4810f11f52b9622855e4970e42f4ce9aff011ccfd91b11f37657c7ff47303
datasets/skin/acne/final/subtype_classification/train/open_comedo/tiswan_000469.jpg,c73a0b78bd8112cfb6be5bac0b4f091277ef8b413e2244e284303bf8cc067284
datasets/skin/acne/final/subtype_classification/train/open_comedo/tiswan_000470.jpg,63421d710cb0af6416a71dedc8a8bf9e0aeff9c43ef9e70ccbf6b3e2215ea6a6
datasets/skin/acne/final/subtype_classification/train/open_comedo/tiswan_000471.jpg,22a570e0004cd4471f35db02a8b469bf00727a001cd5c002869d86e5192fa2ed
datasets/skin/acne/final/subtype_classification/train/open_comedo/tiswan_000472.jpg,a93e783ad74619a010ad7fe80482e8cd16195760377566f0161c21f00771f483
datasets/skin/acne/final/subtype_classification/train/open_comedo/tiswan_000473.jpg,1f9e2e97cdc89be6bd6a908bb1cdd0a49559d2d02852f738a466596ce3ffbda8
datasets/skin/acne/final/subtype_classification/train/open_comedo/tiswan_000474.jpg,da25c660a75562ec9290a158cc28c37c873796aa6e991aef8051893d7d412c2c
datasets/skin/acne/final/subtype_classification/train/open_comedo/tiswan_000475.jpg,e99dc7d71e7110722945c4145dabfa56e4e7e119671f38ad0d61e44265154b40
datasets/skin/acne/final/subtype_classification/train/open_comedo/tiswan_000476.jpg,f32c233bc08fd538e71f7238417ddf39b802f9aab9121b2801d3c971bb9f45c5
datasets/skin/acne/final/subtype_classification/train/open_comedo/tiswan_000477.jpg,b56d4e5edc9936fdf66346b1a2e6509e44d05c0e9d4187a705000c52a86c7e7b
datasets/skin/acne/final/subtype_classification/train/open_comedo/tiswan_000478.jpg,363d7ccf273015709554ae4a9ab20a20a1311fd213f54b830e2c020df4b0c68b
datasets/skin/acne/final/subtype_classification/train/open_comedo/tiswan_000479.jpg,90d1b1227df28338658a5e15cba0fe0164b7e498771102775d85d296825fb5d4
datasets/skin/acne/final/subtype_classification/train/papular/dermnet_000096.jpg,3269c756a32681e44ac3721e7b624542d56344699b426322505fdc7cbf86f96d
datasets/skin/acne/final/subtype_classification/train/papular/dermnet_000097.jpg,d3a9a291df114b79625275fa45d3ad859f19fb1066daf35f715dd21b9092984c
datasets/skin/acne/final/subtype_classification/train/papular/dermnet_000098.jpg,0e9c3ff2c867a76dc50fa00c9de8dae406045199b13b35daf5e1900f9bdd72c9
datasets/skin/acne/final/subtype_classification/train/papular/dermnet_000099.jpg,2d4c5e68a9376f55adb8d09c3858a709a73d836d769eea7fbf45dab2fd29b78f
datasets/skin/acne/final/subtype_classification/train/papular/dermnet_000100.jpg,16b3588b1c49df5810753f2cf132235d6c79c714f71453e642630778aea284b9
datasets/skin/acne/final/subtype_classification/train/papular/dermnet_000101.jpg,7ccbbe79fb2600e8145d331c843103a543bb45ffd4fcbef470bd3e5b54e8fe3f
datasets/skin/acne/final/subtype_classification/train/papular/dermnet_000102.jpg,53963bb5f1645bf8408904bd6cb6142183074839c0cbc37a156b74a45855b2b7
datasets/skin/acne/final/subtype_classification/train/papular/dermnet_000103.jpg,d420c2073e33e37021747f7ee6c22c725d948c5aff6159bf289a059da5ecd6c1
datasets/skin/acne/final/subtype_classification/train/papular/dermnet_000104.jpg,8c59d7383332251922f1ea8a073713e5fced1290026b2c99437098d27c97ee57
datasets/skin/acne/final/subtype_classification/train/papular/dermnet_000105.jpg,f6e1dc6c785254fafbdf8f5d8da8c9d231a2bcfe27048328a1fda9158689d067
datasets/skin/acne/final/subtype_classification/train/papular/dermnet_000106.jpg,cefb1e4d8ba5c1794994b3bc17a8fe8cd67951075a2ccf4cf37d537c5df7baeb
datasets/skin/acne/final/subtype_classification/train/papular/dermnet_000107.jpg,2f83a41979de8d76e4001aabaf7365b07728e3dce279ccaac1ea858af60a0ab6
datasets/skin/acne/final/subtype_classification/train/papular/dermnet_000108.jpg,65877e87f1f8d7908b702fb213953f864f522a9492f9cd70fb271c770ed8ec7f
datasets/skin/acne/final/subtype_classification/train/papular/dermnet_000109.jpg,1e1eb69329c938a16ab973e125d1bc685a73ddde65d8d3e406e52ce2de50d0dc
datasets/skin/acne/final/subtype_classification/train/papular/dermnet_000110.jpg,08c00b63fd4b9ff366303431ae444dc8e742cb64ad3282a76791a0ef111d9cd9
datasets/skin/acne/final/subtype_classification/train/papular/dermnet_000111.jpg,f4655e6611cb3590ce839a9bbfea2fc6b9acff1005086ac1b9a21694d808b942
datasets/skin/acne/final/subtype_classification/train/papular/tiswan_000927.jpg,38559176b5312cb87c0a0a6c67e4329e103d6a540e0a84226d09ea2a8872e5dc
datasets/skin/acne/final/subtype_classification/train/papular/tiswan_000928.jpg,3b81869ac577b638192bffde263ac61824f2bf1652cc4cf3a062aeee0ddf0d25
datasets/skin/acne/final/subtype_classification/train/papular/tiswan_000929.jpg,c74e5857695d584075c103d64b5c4ceb39ed6216787127303640f2f60ee7b5f4
datasets/skin/acne/final/subtype_classification/train/papular/tiswan_000930.jpg,777daf5aa47dd096c085c6ac502c7eb012d4d42ec0ec9ab0c0efa4ad55f90b17
datasets/skin/acne/final/subtype_classification/train/papular/tiswan_000931.jpg,8065f7025eb745148bdd0b43c498b38869cfcb2dc35e118d4a1d689048e3c9d4
datasets/skin/acne/final/subtype_classification/train/papular/tiswan_000932.jpg,7eb5082e76763387bca32becc8690396c6238f5fa9295c1fc957ad9c892ba12f
datasets/skin/acne/final/subtype_classification/train/papular/tiswan_000933.jpg,674a143983310240fef5267fdbd3a02bd8a2fc077fa5d2205c36a6511bc3923a
datasets/skin/acne/final/subtype_classification/train/papular/tiswan_000934.jpg,24c43f25e35b41f7d7b3dafa0dd997360552baf99a5138055c45ad7f527c009e
datasets/skin/acne/final/subtype_classification/train/papular/tiswan_000935.jpg,8fd7ca191c7989dd6cc3cc95bb709fb4775e4a7fa7f1d6117fc8bc05a1770481
datasets/skin/acne/final/subtype_classification/train/papular/tiswan_000936.jpg,790918bcf2b6bea2545e635dc8d2cd85c2410b4e5679303b2ea896cca1cda2bd
datasets/skin/acne/final/subtype_classification/train/papular/tiswan_000937.jpg,109b53f7668beadf8f0fbcbc09792f2df19893b93b501a83b4f39a291721d32d
datasets/skin/acne/final/subtype_classification/train/papular/tiswan_000938.jpg,5d1fc02ed76cf75b5410d8be9fdeb0f360c55e5a8370561abf1b2afc5ce92158
datasets/skin/acne/final/subtype_classification/train/papular/tiswan_000939.jpg,d764e91cb5b9429b09fbb6503119968d67df78444faf0cbf7b53a2de0534426e
datasets/skin/acne/final/subtype_classification/train/papular/tiswan_000940.jpg,fdad5f34d920397a135564f6592688295e0c61f80f4096c7aad04cdf984accd8
datasets/skin/acne/final/subtype_classification/train/papular/tiswan_000941.jpg,71d930cb2e733d4341ca9d33e1bc7c58039cdcd90cd48d30aea4bbf3f9b5b8f9
datasets/skin/acne/final/subtype_classification/train/papular/tiswan_000942.jpg,84f39020f8ea245b54acbe02232622d8a64c6c5f162ad7b08d78553c8ba5aa97
datasets/skin/acne/final/subtype_classification/train/papular/tiswan_000943.jpg,1ac20fa99c1471767e077fb3520ad4a82a912720ef1bd8b8f0d0df1601b3e749
datasets/skin/acne/final/subtype_classification/train/papular/tiswan_000944.jpg,baf12e9059a369f45a4df8347ff55a0d60644e04a6f579dfaccc0aed4a0ab06d
datasets/skin/acne/final/subtype_classification/train/papular/tiswan_000945.jpg,87cc01db682d783200e933e12c8bf40186027038ef567cf58afb9b02e1d58cb3
datasets/skin/acne/final/subtype_classification/train/papular/tiswan_000946.jpg,df0fa88e15c5d81cc73ff940e3e7c77527901af3a1a4a8d65bf3a1702aeae3de
datasets/skin/acne/final/subtype_classification/train/papular/tiswan_000947.jpg,3104cd3849d178796405ecbc1a40b9c4f6db685022512f686ef8a2258f6aecad
datasets/skin/acne/final/subtype_classification/train/papular/tiswan_000948.jpg,d9d30be27c3d0002f87e6ee8c9141b2abcd688bdaf8ec3df021e4f785954d1f8
datasets/skin/acne/final/subtype_classification/train/papular/tiswan_000949.jpg,61da9c0f23feba663ba71f8634795f859a31c14cb603008edf37a32cda2c5fa2
datasets/skin/acne/final/subtype_classification/train/papular/tiswan_000950.jpg,eb5601c4e9dd458a629bb0e3ee9de2456d197a4fb968170a0faed6f6305eb19b
datasets/skin/acne/final/subtype_classification/train/papular/tiswan_000951.jpg,a9d614f9f82cb35621e73fe3537fbb634ee288a6e480b664eb7705abb9051f04
datasets/skin/acne/final/subtype_classification/train/papular/tiswan_000952.jpg,3e6e340f245597d95174f06a811892beae5e46dae8c2360806e5667a001bd620
datasets/skin/acne/final/subtype_classification/train/papular/tiswan_000953.jpg,1dc30d7ecfd910117b7f1de50de0394fbf450a925c5218e8c6ab10bf08fcff17
datasets/skin/acne/final/subtype_classification/train/papular/tiswan_000954.jpg,e9218feacb80cea77ad6d4dd68c8e438f386d1e6fa350f21d3d8e30697bdb254
datasets/skin/acne/final/subtype_classification/train/papular/tiswan_000955.jpg,0030c2dc5d176c9a7b65e4171362b2e7548bb2c5ff855ef702ae71b3ba169199
datasets/skin/acne/final/subtype_classification/train/papular/tiswan_000956.jpg,642760550b327766caab58b04fde2023c597d91588e0f0ce1d6b7e392b3a3bb1
datasets/skin/acne/final/subtype_classification/train/papular/tiswan_000957.jpg,02af68af4e9219ca6acec2af6d25300be9ac14e934a2a382c42c7cb17fbeda96
datasets/skin/acne/final/subtype_classification/train/papular/tiswan_000958.jpg,2621bcb53a6613e004166aecbd911a4ee731ec27942837a2d1facb7808bcec58
datasets/skin/acne/final/subtype_classification/train/papular/tiswan_000959.jpg,3337bc72444c6ea35ffe736d64851300dac5a89e15c6a5917844d1aea0bcacb4
datasets/skin/acne/final/subtype_classification/train/papular/tiswan_000960.jpg,96edc1f8a3f8c898e52dff3032af8736b9408e265c374e58faafc8ce9373a6d4
datasets/skin/acne/final/subtype_classification/train/papular/tiswan_000961.jpg,52c42705d6d8bc8b3b8299fc3f2e4f654e2d8f1da734202a665c7469fdd4557a
datasets/skin/acne/final/subtype_classification/train/papular/tiswan_000962.jpg,4c1832a15acd2a3a2f9885c8a8c88bb5c1aafff0605a2ab2862c90af3b009dea
datasets/skin/acne/final/subtype_classification/train/papular/tiswan_000963.jpg,ff29ae0b6446a105ec1a5e339797241b37ab19dcbcd7355f94c933b62dae0d22
datasets/skin/acne/final/subtype_classification/train/papular/tiswan_000964.jpg,5461aa4f796358120521a8b9641129cb720ebee0b1c37feb666683e4fa1186e6
datasets/skin/acne/final/subtype_classification/train/papular/tiswan_000965.jpg,e81180df49f19ddbdf3f9754a4f9ed6271feaf031c85ac23ece9573397d7c352
datasets/skin/acne/final/subtype_classification/train/papular/tiswan_000966.jpg,3f96dc6770152db992af2b7b3f98b17c44415d2ee6f5190b8a6a3a0530dae214
datasets/skin/acne/final/subtype_classification/train/papular/tiswan_000967.jpg,f80f7d79e95935a349aa1d5d7d05d5542324df95488cda5df5538c54a26839cc
datasets/skin/acne/final/subtype_classification/train/papular/tiswan_000968.jpg,ef5fb4e510691fb143d8f3ced477a6ec69bb8ae9dd3f790c7fb8f79e48e3ebf2
datasets/skin/acne/final/subtype_classification/train/papular/tiswan_000969.jpg,22dce811393ad620826a4d45cc12809da9ba1a529884fc0a9d15c2a14a5a38b4
datasets/skin/acne/final/subtype_classification/train/papular/tiswan_000970.jpg,7cf1b6b9724be35706f6bde8fe0a2102b308909dd0d1da8e643cfdc1fb51aae3
datasets/skin/acne/final/subtype_classification/train/papular/tiswan_000971.jpg,376c99d74e60de8052f5295cdf318173cb4efd4273b8b5e87efba93495d8cc07
datasets/skin/acne/final/subtype_classification/train/papular/tiswan_000972.jpg,9bf1417b1111c43141c08498a79303b7287d2def70cb0522817146b87c964b00
datasets/skin/acne/final/subtype_classification/train/papular/tiswan_000973.jpg,4e98468ce12cb58726ffc148104f3fe040c61b30b798ed6ebf96a3ab26c82e0c
datasets/skin/acne/final/subtype_classification/train/papular/tiswan_000974.jpg,d7bbd97e3c5192dd35055a97e5612ad4b9d72844c05479d31fc0ea810084ef76
datasets/skin/acne/final/subtype_classification/train/papular/tiswan_000975.jpg,07cf5a8dd7bf67dc8f557e3c6b725b533b2d5dc8f0924eafff8a88848228e899
datasets/skin/acne/final/subtype_classification/train/papular/tiswan_000976.jpg,dd84475cefe203a026aebdbd2789ad59713a86cc305ac9a4c331c320703fc40d
datasets/skin/acne/final/subtype_classification/train/papular/tiswan_000977.jpg,90f40cd0abbfa879377a3a0005b6214c90786ad8870c90b87bc954ccd017bf99
datasets/skin/acne/final/subtype_classification/train/papular/tiswan_000978.jpg,824fad02ffc450abaa5b9a70431a34e3adcf1e1225f082430d5ed3b6ebd22dda
datasets/skin/acne/final/subtype_classification/train/papular/tiswan_000979.jpg,04ea3fdd26631f5316d858a2f20a9db83b1cc39a1973e1b6812f7eb0a835c953
datasets/skin/acne/final/subtype_classification/train/papular/tiswan_000980.jpg,756ea2b93ab9a0de36c951f1ec39793ba9b09101bd72b2fdb55913e8d1b0431c
datasets/skin/acne/final/subtype_classification/train/papular/tiswan_000981.jpg,b97e9570231267c70ca45c2134c6717fbde757f283c1116323b66d1cbd702561
datasets/skin/acne/final/subtype_classification/train/papular/tiswan_000982.jpg,0721d0c2767d31fcc4f4fc6745b079b4a567c9b134b3cba4880eaa4644cbb78b
datasets/skin/acne/final/subtype_classification/train/papular/tiswan_000983.jpg,fd1ffc3672591de2cca20dc76b48702c573e19edc8a7b1b66146e1345973043d
datasets/skin/acne/final/subtype_classification/train/papular/tiswan_000984.jpg,a00b1702e7753391729efe9acffd6e742368eea2e46097b30f6b0abfea36c1c8
datasets/skin/acne/final/subtype_classification/train/papular/tiswan_000985.jpg,aba36c279ebf010dc1e4f2186e4f26236fff0fed8d0319e9d867ed9b11f2137c
datasets/skin/acne/final/subtype_classification/train/papular/tiswan_000986.jpg,c517c9aee79258456ac6dd6740b4ec9120ef64f89d9cc551f6c2caed693acefb
datasets/skin/acne/final/subtype_classification/train/papular/tiswan_000987.jpg,b7297505e0c56c9dc603c33f13a2be67f06891905360138bbe448cd49d28dd68
datasets/skin/acne/final/subtype_classification/train/papular/tiswan_000988.jpg,fe75d39b332fc3ffc07a69a850cd556f004e818c4b84577d5fb6239bfacf4875
datasets/skin/acne/final/subtype_classification/train/papular/tiswan_000989.jpg,4f19df846444b7f71c03b187b41411fa869108b6f440b3af949dd71aa1767a5f
datasets/skin/acne/final/subtype_classification/train/papular/tiswan_000990.jpg,040bb72aa3d10b38a200c5b3b04813d2e1eadf00e14e2a27793a189db72d7a8b
datasets/skin/acne/final/subtype_classification/train/papular/tiswan_000991.jpg,336c3fe860b3e9c834c567e7b59f49a6e5f328b04107ee3ed9007fceb703cbfe
datasets/skin/acne/final/subtype_classification/train/papular/tiswan_000992.jpg,bfc87ff7d59ee871208ca2709f5d6ce5c7639eefd8c2fff2359b0a55e9e3defd
datasets/skin/acne/final/subtype_classification/train/papular/tiswan_000993.jpg,f664d7ec6bf94cf44ce7cbdf6356b06dc01b817371cd9faa938a6c49e004f027
datasets/skin/acne/final/subtype_classification/train/papular/tiswan_000994.jpg,3a8a7bb6ba6a185d110a1e1c10dbfb69e65aea21ec5efb8c5e39503f86205566
datasets/skin/acne/final/subtype_classification/train/papular/tiswan_000995.jpg,a4e2b6d47b3681122c8d259bc12aff611bc0e635b430124a501a7ba9213b2e90
datasets/skin/acne/final/subtype_classification/train/papular/tiswan_000996.jpg,7a838317544a1eadf2872ff1008279444777b2ee7841ccd2ea69aa5acd44ba95
datasets/skin/acne/final/subtype_classification/train/papular/tiswan_000997.jpg,d7ba7bd9d090759dc6311cef3e744d5273580e3a805a23b3be19dfdb45d53c98
datasets/skin/acne/final/subtype_classification/train/papular/tiswan_000998.jpg,cf5189fddd26cb46de3bb150c8f670f7e1436c40fcccef4023962c89dcfe07a6
datasets/skin/acne/final/subtype_classification/train/papular/tiswan_000999.jpg,44c18dc04392459c8e90c8903556e4a56f51d39e612bb91cc1dbcfe17b57b546
datasets/skin/acne/final/subtype_classification/train/papular/tiswan_001000.jpg,db714fe84dfb76be40b184287992485998481a66b78e2fdd758b65e141e7aaf3
datasets/skin/acne/final/subtype_classification/train/papular/tiswan_001001.jpg,fe0ac80c989d0a6bf7f3f57cdc6e797ab3b6c0c832f523a5b2e65567cfccf9f0
datasets/skin/acne/final/subtype_classification/train/papular/tiswan_001002.jpg,a7954c8837e6743ba92a1645cfeb1f7067bb85fb767c4b8bd1aebe5c66095fde
datasets/skin/acne/final/subtype_classification/train/papular/tiswan_001003.jpg,6f417d2a409b9782a401ad990df33f440b79bc0fa22bb6b48473f14f13e6e6b8
datasets/skin/acne/final/subtype_classification/train/papular/tiswan_001004.jpg,b5fbe95279a76172f6dff11b883500a93652b2eb1c9fdc5e1fd3dd8d4fa8361b
datasets/skin/acne/final/subtype_classification/train/papular/tiswan_001005.jpg,acb30148dd9e20e11265a6732f24d2ddf223004800a2a5bfc2cac990b1d44e01
datasets/skin/acne/final/subtype_classification/train/papular/tiswan_001006.jpg,2e033a565bb4c0431e3792d9de8a272216371c96cad146ae6a567efca19f9e05
datasets/skin/acne/final/subtype_classification/train/papular/tiswan_001007.jpg,80dcabe9f94566f360d1ef6dfe7ee7be50505ffceb6a71106d64fcb54df2c146
datasets/skin/acne/final/subtype_classification/train/papular/tiswan_001008.jpg,cebd1b95ebc1d2b378471cd9df8b2a05d408c0cb473b27cb1dff2963e2534698
datasets/skin/acne/final/subtype_classification/train/papular/tiswan_001009.jpg,5f1b6453ddf4bcd570f1aa05b8e38dab33e42dfd9e1f685f49853a8e3703241c
datasets/skin/acne/final/subtype_classification/train/papular/tiswan_001010.jpg,7f65073a4e5a554ee786a09638e7264f02822afb5057aaad7c52458a85d6312d
datasets/skin/acne/final/subtype_classification/train/papular/tiswan_001011.jpg,dcb17060d9c299992d453bc9dabbafaa790ba7ea7a0a4a39e0c940ea6b700a1f
datasets/skin/acne/final/subtype_classification/train/papular/tiswan_001012.jpg,c48a025ae5e06caaba1dc7796984ad51b23614af80ac39f3093289f9364a3f3e
datasets/skin/acne/final/subtype_classification/train/papular/tiswan_001013.jpg,36a273a683edb7ef3032e413da6c9f57084750d764eeaab1260494e7b6679c88
datasets/skin/acne/final/subtype_classification/train/papular/tiswan_001014.jpg,62a58aefa704aef0f59a6d0e9316608974ed309b375eff1b8445998e7b718112
datasets/skin/acne/final/subtype_classification/train/papular/tiswan_001015.jpg,7d818adbab3816cdccbaa20d575ff2885a490dbb723e76b3147896c3b6dd1e87
datasets/skin/acne/final/subtype_classification/train/papular/tiswan_001016.jpg,5f35d9afc09fe55618b25a24d7bbd3d562d4cc4a1f6fbf9d4353114a652fa414
datasets/skin/acne/final/subtype_classification/train/papular/tiswan_001017.jpg,27d9e0c080fcc71ed35557e76f6a023dc30d05bcc0089ed024664aa8d56844f2
datasets/skin/acne/final/subtype_classification/train/papular/tiswan_001018.jpg,f907c88deee25b236792849fa0c5deaaeffdc1a84548c979c4201e50f5727e49
datasets/skin/acne/final/subtype_classification/train/papular/tiswan_001019.jpg,4ba90ff2d1b56ce8914347215e38b0f7d11ec3cbf425c1698c913ab9dfb2c8fd
datasets/skin/acne/final/subtype_classification/train/papular/tiswan_001020.jpg,5273041f6580b3f3859e2210ff53ca39139873e720f07d8e84e39931fad07b60
datasets/skin/acne/final/subtype_classification/train/papular/tiswan_001021.jpg,718e4a5c9317c2f4bc1e3f3edb76bfb0dbc2c6c396314109c30d5c5a3ef997ff
datasets/skin/acne/final/subtype_classification/train/papular/tiswan_001022.jpg,1ff992c0d21085614f486e7279892845d8f480a43ba643dd9f68d105cedcb767
datasets/skin/acne/final/subtype_classification/train/papular/tiswan_001023.jpg,370eebf8cc0e2c2155ea6a06b6b0dd362808dd384050074e4d9458a71cca0298
datasets/skin/acne/final/subtype_classification/train/papular/tiswan_001024.jpg,eccea5c075f254cd46751afc9e941e23ec91bc1cedbc5bc80587952b45d76a82
datasets/skin/acne/final/subtype_classification/train/papular/tiswan_001025.jpg,e552e45c99f0815d9313af32315e51c92b32b78bdd60ac14f57bdebf86fc4ac5
datasets/skin/acne/final/subtype_classification/train/papular/tiswan_001026.jpg,e7c0b6da2ff0e4da09f30591038e897e526bffad0076554a7c1cd0eff5ff5637
datasets/skin/acne/final/subtype_classification/train/papular/tiswan_001027.jpg,771bd374ca5bf3caacd1b358a00c7aebd44d2f2ee42c202c9e3943cc7ee20d90
datasets/skin/acne/final/subtype_classification/train/papular/tiswan_001028.jpg,97927f2d66f2869f0a1e26bb41bf5a7479a267d7cb9d7f18de4dac688d9bd7a1
datasets/skin/acne/final/subtype_classification/train/papular/tiswan_001029.jpg,d5a8983be13e1c1669aca3340706c7e2ea85023737ac66ae00b015a704461bd9
datasets/skin/acne/final/subtype_classification/train/papular/tiswan_001030.jpg,7b138b0e43511ccc69bdc347f5e6c90303d0b691e4496eeb64c77e05a205ba91
datasets/skin/acne/final/subtype_classification/train/papular/tiswan_001031.jpg,b4e02941c488fc2e1f759686846cf72bb331b24a6077fe2668dd1eaf25ae3af8
datasets/skin/acne/final/subtype_classification/train/papular/tiswan_001032.jpg,318a59761803e1067300de67216d075abba27ff00f13c54248fb76860462a82f
datasets/skin/acne/final/subtype_classification/train/papular/tiswan_001033.jpg,5b3a77e1599f788ce1799dc9a60d9fbd6001bfda7bdddf4e62ce217481e777e9
datasets/skin/acne/final/subtype_classification/train/papular/tiswan_001034.jpg,9f13fab66bb89047cda045101a10c0381efe4494584a30f91edd9aef916da210
datasets/skin/acne/final/subtype_classification/train/papular/tiswan_001035.jpg,0bce867b30be65f506b7bfe52d1436cb4206d9638a5de76621cd26c0e34555d7
datasets/skin/acne/final/subtype_classification/train/papular/tiswan_001036.jpg,7d423d55a98235c5ade40031d11cae78f480ae6c6b1cd32cc55fafd1cacaf479
datasets/skin/acne/final/subtype_classification/train/papular/tiswan_001037.jpg,2ab6310b0598e2a98a4e331cd4e65a89d50020989f089b966b7850afa383a17c
datasets/skin/acne/final/subtype_classification/train/papular/tiswan_001038.jpg,94bc9cbac95c132735ec24689e3beaf6b1bace21ddad97797b56d01ef392fa5e
datasets/skin/acne/final/subtype_classification/train/papular/tiswan_001039.jpg,66214d31d1c5d5ac0338944eac5ca3301644ecad9fca84389bd72e7c15c5fe5a
datasets/skin/acne/final/subtype_classification/train/papular/tiswan_001040.jpg,9d7b9d4649cdb4849eb31d06b9fda2d71acce10ecfe62fcbb1ccd6aeb5f2bf23
datasets/skin/acne/final/subtype_classification/train/papular/tiswan_001041.jpg,5b7b5c86b0d61910ee4cc4a13b7f985019b6572f0872dd638cc078e0971c9672
datasets/skin/acne/final/subtype_classification/train/papular/tiswan_001042.jpg,cde3a7c6832612fb27857d7ae2e891707b796325d5c1dc7aeb2c5e98ebdbb178
datasets/skin/acne/final/subtype_classification/train/papular/tiswan_001043.jpg,95091eca5d79325e15d491925da1f6b7013e86698778210d9307e4f5afead37b
datasets/skin/acne/final/subtype_classification/train/papular/tiswan_001044.jpg,39a734dd423d8a833f8aa014523a3d3e917514015af6277d6bbea04639e839ef
datasets/skin/acne/final/subtype_classification/train/papular/tiswan_001045.jpg,ad238291fd8c7b47bc1479e2d1928a3a8c92e03b28dc4ed678696f6d47897538
datasets/skin/acne/final/subtype_classification/train/papular/tiswan_001046.jpg,bac70989fb99218842ed735e5bd5dcbc49ad740c945c18514cf0f606d7f67d2c
datasets/skin/acne/final/subtype_classification/train/papular/tiswan_001047.jpg,ffd0163039f0c4277151844fe06b00c756c0c8782450d73d480b707d51739eba
datasets/skin/acne/final/subtype_classification/train/papular/tiswan_001048.jpg,bec7268c83229cd33b84aacecdfcc4fcdbf77155adface53d8ea95b25630d4b1
datasets/skin/acne/final/subtype_classification/train/papular/tiswan_001049.jpg,711f256862aa069e831b06eee372487910896496d62921277b30b68b80c0e63b
datasets/skin/acne/final/subtype_classification/train/papular/tiswan_001050.jpg,93b004699096e4898b3c84e22a964344ad99ebfd340e06beb97f52d3608e09c2
datasets/skin/acne/final/subtype_classification/train/papular/tiswan_001051.jpg,b092b4c939d0c54d5ce652b0bfd0a48cdf338c168eed2516bf82dd426f2617f5
datasets/skin/acne/final/subtype_classification/train/papular/tiswan_001052.jpg,1877d7e2353e4b5aa3fc46592bdbc61c20c403d1a79205461132b28752ecbc40
datasets/skin/acne/final/subtype_classification/train/papular/tiswan_001053.jpg,696ad964b3fdb403aac66d3679e56a355c6a2d26c49e9a947a4d198c9e6d9412
datasets/skin/acne/final/subtype_classification/train/papular/tiswan_001054.jpg,414138454c57dbea395da188d2ae33cb7589111b2e3cfa311456c5aea46a2f28
datasets/skin/acne/final/subtype_classification/train/papular/tiswan_001055.jpg,dfdb349fa52b182018bd837a9dbcff5adf2ebed12f0f8ffc98f8fb1a0c8ae7f6
datasets/skin/acne/final/subtype_classification/train/papular/tiswan_001056.jpg,63ea6e60c9d622ad0b0a0337a5b0643db9845dc3c53e7615eafc206154c276de
datasets/skin/acne/final/subtype_classification/train/papular/tiswan_001057.jpg,718f2437909dd0daae03536d870fa3c8977ea21acfe9c1293401c07c826b1236
datasets/skin/acne/final/subtype_classification/train/papular/tiswan_001058.jpg,d106c2be19540793c01e73305991701588c54a1fedba2238a7bccdfb28258a95
datasets/skin/acne/final/subtype_classification/train/papular/tiswan_001059.jpg,d3512e776e6dc29c8f782dd15fc4825d213a8b82c72ab50a70fd08a42ed5bb82
datasets/skin/acne/final/subtype_classification/train/papular/tiswan_001060.jpg,a70187154b3fca2fe372ab0ebdd7d6e4f9d77aa58f5444bcd37a95f94c9d8930
datasets/skin/acne/final/subtype_classification/train/papular/tiswan_001061.jpg,c93b3be9876db6cea0003102bce31469ef3c3b21ed3cfb17c299e54f56466091
datasets/skin/acne/final/subtype_classification/train/papular/tiswan_001062.jpg,fae8ea51fb33314f3596048f014278ccc0affc2dd1e3f147dbb6ca78e1c41f8d
datasets/skin/acne/final/subtype_classification/train/papular/tiswan_001063.jpg,8e9c476017008b2d6b8032339c39390ea2e8a8401421137589cf00203f257437
datasets/skin/acne/final/subtype_classification/train/papular/tiswan_001064.jpg,c86e5243597d7deec93a30fe93c785b0f626606b3b92982db7138a3634134f37
datasets/skin/acne/final/subtype_classification/train/papular/tiswan_001065.jpg,45c0c9386b3a60a8fd385241165134083b3a559bf06fdf067cdb0041fddbb567
datasets/skin/acne/final/subtype_classification/train/papular/tiswan_001066.jpg,8b2dde9efa114dc634a7af789eb194388ecb0864f4f42ce084ecdf32c180d0b4
datasets/skin/acne/final/subtype_classification/train/papular/tiswan_001067.jpg,ce6c7305942b96f5fecf4d0b5995ee51bdfcc6e5f6d90631494d10071c564acd
datasets/skin/acne/final/subtype_classification/train/papular/tiswan_001068.jpg,381d88ea2b82a285da393f7c113bc6f9b5841246674637fef018f27c464123fe
datasets/skin/acne/final/subtype_classification/train/papular/tiswan_001069.jpg,945d662d014b8d4c0e48b0357c287f484bfacc620dfa8cde1ecdb48696b1b42a
datasets/skin/acne/final/subtype_classification/train/papular/tiswan_001070.jpg,6ba0e70c3ec74210a9fbf1219a51877349ee98614bf9a1aa5b3977cab8e46c47
datasets/skin/acne/final/subtype_classification/train/papular/tiswan_001071.jpg,f518ce5cdedcb47e6ae61981f098ea6b70ec8b5e878a66837937f79e147f8013
datasets/skin/acne/final/subtype_classification/train/papular/tiswan_001072.jpg,a97fac341b0d7bdba139e2b655594fe3a53c998a2772188c7d65a5915bebe3f9
datasets/skin/acne/final/subtype_classification/train/papular/tiswan_001073.jpg,424e4afc58d26e7f6e922be5d691dde16fddb39c1f4028d67e744bd58b2a003c
datasets/skin/acne/final/subtype_classification/train/papular/tiswan_001074.jpg,c0a87c611a00705a858a3ef818bd21c349d9fcf802115b4b837b4fd7cbeaa0ac
datasets/skin/acne/final/subtype_classification/train/papular/tiswan_001075.jpg,f812379e56e406a52c8043305b7939f0e45a057dfaf2675da26f5b511ff07f17
datasets/skin/acne/final/subtype_classification/train/papular/tiswan_001076.jpg,359999eaa9dad36236381b114f4ba021a273063fcfb2af550aad6bd4270b60c3
datasets/skin/acne/final/subtype_classification/train/papular/tiswan_001077.jpg,0e47c98238841db2782d8d3f1a99ba9574d5b64e4e4cf33f203b1aac670f86dd
datasets/skin/acne/final/subtype_classification/train/papular/tiswan_001078.jpg,74d3b7ee5c2839642100987c30d9511e2981fb93ee55ed586e27a91f9bac4e8e
datasets/skin/acne/final/subtype_classification/train/papular/tiswan_001079.jpg,5e550dcd679155db2ce4ebd15026a50917114fa4713ed09748d1946cfab546e7
datasets/skin/acne/final/subtype_classification/train/papular/tiswan_001080.jpg,e53b7ba48cdfcbd9b47aaa2ac3f2ffd38d1eafdb5402b9f3abb4e8bcf9ab4cfa
datasets/skin/acne/final/subtype_classification/train/papular/tiswan_001081.jpg,151e9cb2daa0206e8fc4f34fdd659b4b69b716d48f50ad7031f6c6d06f50aa12
datasets/skin/acne/final/subtype_classification/train/papular/tiswan_001082.jpg,b203e2918b19f16c07b42c89dd24f28b161408a3cb9856ace0326317d3107e33
datasets/skin/acne/final/subtype_classification/train/papular/tiswan_001083.jpg,1663bb5f47d9c7cbe0a5ce19218e3bdada7116a69db8fae0a175082d64be7070
datasets/skin/acne/final/subtype_classification/train/papular/tiswan_001084.jpg,a5544c9e73ba56548235f2e73712f9bb946fcb6a4f7221ead51fe468edecaf82
datasets/skin/acne/final/subtype_classification/train/papular/tiswan_001085.jpg,5472f59399e7576717062786d5382b1de63f03e13e210c67da1a736626e72b8f
datasets/skin/acne/final/subtype_classification/train/papular/tiswan_001086.jpg,9f50328ea5efa8d85010913f113f016e30dc063c97c056795ccb87385148239b
datasets/skin/acne/final/subtype_classification/train/papular/tiswan_001087.jpg,be888e32e0c757da08be30127b8cdf8f3e87b90c5794e75bb33d537b661fce4d
datasets/skin/acne/final/subtype_classification/train/papular/tiswan_001088.jpg,39c551199e36bff0b1ba54d97bcc91d9327241a6997375a52ed895c1b40ea998
datasets/skin/acne/final/subtype_classification/train/papular/tiswan_001089.jpg,5e4bb7fc098d3cb37fee1655678cbdf8c1783ab66b3ca7c3927b84767373934f
datasets/skin/acne/final/subtype_classification/train/papular/tiswan_001090.jpg,d898229a977e8004b1f52a55a740ca964c44d41218766620cdfad47d7c694f25
datasets/skin/acne/final/subtype_classification/train/papular/tiswan_001091.jpg,546a50d617f2caeb5e2284c75ea58ddac11569bdff828b2b159cb09fd8bf51f9
datasets/skin/acne/final/subtype_classification/train/papular/tiswan_001092.jpg,bee8d4f7e2774d65c8dbd3ee895c1d458b40e28300ad6a16527871cc711522f4
datasets/skin/acne/final/subtype_classification/train/papular/tiswan_001093.jpg,f3fcb30b1257484285265aa6ba4d097203b0e6e4fa75596b13ff6f7cddcab0d8
datasets/skin/acne/final/subtype_classification/train/papular/tiswan_001094.jpg,5e5a1eb80824adf007ef2926bcf23ea9cdc5c1de8215a2b978bd6f26b6ec7cf7
datasets/skin/acne/final/subtype_classification/train/papular/tiswan_001095.jpg,61ef24bc8bcc78018b8354f5bb7b6ed6e047f73eb5cf15b377cba3849ae77e64
datasets/skin/acne/final/subtype_classification/train/papular/tiswan_001096.jpg,6a245fcdf4db571f37680d34d7e2f5ff0cbe43891c4caae680cc2e6c3dbc0ce3
datasets/skin/acne/final/subtype_classification/train/papular/tiswan_001097.jpg,01d15c500a6e6f5674bf8cdc4fabb312da27e0b33458d915cec2a8762ac4718e
datasets/skin/acne/final/subtype_classification/train/papular/tiswan_001098.jpg,68b23fc63f4ec22ff2b95cf93c59669940d40e56c22b27cd44364ad055969174
datasets/skin/acne/final/subtype_classification/train/papular/tiswan_001099.jpg,339c68e56fe6a9a4e6290999d456439faa6aecf76e276b878d197dfd0b62e215
datasets/skin/acne/final/subtype_classification/train/papular/tiswan_001100.jpg,14092d6fb4325101cc29621ee16478d06ba875709a4877465d6cdd48c32a68fc
datasets/skin/acne/final/subtype_classification/train/papular/tiswan_001101.jpg,3f31819a535fc13eaf10be783ace47e52bf3300862264563541ccf2f84a2cfa5
datasets/skin/acne/final/subtype_classification/train/papular/tiswan_001102.jpg,9674e066420e5f352efa5330942f35d133e9cd8aaca35b45ab0dd0e862e495e9
datasets/skin/acne/final/subtype_classification/train/papular/tiswan_001103.jpg,377f6a0b0aaadb04f11c55e91c93460ab1a9377a111b2b8dacbb27871db67354
datasets/skin/acne/final/subtype_classification/train/papular/tiswan_001104.jpg,87f67d9a7b5d43906634e67e8de741963afdc2271de52b489f6952dbeac35776
datasets/skin/acne/final/subtype_classification/train/papular/tiswan_001105.jpg,a66aea539157eef1112f0ec04c4182ab77ce39f4c8b23511ecc4a38074263028
datasets/skin/acne/final/subtype_classification/train/papular/tiswan_001106.jpg,94bec36ea501435ba7504cb336c775a2d70de9d911dae06a2d2a8b33f1ae266b
datasets/skin/acne/final/subtype_classification/train/papular/tiswan_001107.jpg,f7d3c3fbc5bbfadf6988562d84dc18e0a6190f7cf939f2c01098d08cd0983c20
datasets/skin/acne/final/subtype_classification/train/papular/tiswan_001108.jpg,0a9bc6fed8b14ac23295c1eabf1ca31afcfb2c248df324edd3883c8a536d831e
datasets/skin/acne/final/subtype_classification/train/papular/tiswan_001109.jpg,3d4771092485531304492632ed0c8bcea544ade6a8eaffef7a7a9facedc00972
datasets/skin/acne/final/subtype_classification/train/papular/tiswan_001110.jpg,7000d890c9120a369dfa81e410c678ee89e430a100b5f9179b6323bffd57bb20
datasets/skin/acne/final/subtype_classification/train/papular/tiswan_001111.jpg,d45210f8d1a544117f33fc3ec5c37ae95a91c8ba92211ad8300961f2b86a4f12
datasets/skin/acne/final/subtype_classification/train/papular/tiswan_001112.jpg,43b6089568b0d41be4d7f40a73117f6c77c2839d3a78c7ecd7d5aa09f4134239
datasets/skin/acne/final/subtype_classification/train/papular/tiswan_001113.jpg,80154a52fa9e2e9ef47f0e3a62ca47873fe1abbb53773905d2edfdaaaba21f44
datasets/skin/acne/final/subtype_classification/train/papular/tiswan_001114.jpg,3c03a26649ac44a9229382c8e2c8c218bf0bca275fba262f81155dc3a77fab8a
datasets/skin/acne/final/subtype_classification/train/papular/tiswan_001115.jpg,ed8625447dbbb6db20da4265bbbe728c0b90163e82e0e945fdc81de190141137
datasets/skin/acne/final/subtype_classification/train/papular/tiswan_001116.jpg,f14acdbd82647b0331d9f9a8c41452555d030fa6592dd1640e32733cd2050542
datasets/skin/acne/final/subtype_classification/train/papular/tiswan_001117.jpg,eb945827be04e90e6b6180bc280887116075885af3808d8ff70f7d7cf11265d5
datasets/skin/acne/final/subtype_classification/train/papular/tiswan_001118.jpg,10af7089f3f91ca83701f5ea5840876e2c58152690548c26cab809c479c25c84
datasets/skin/acne/final/subtype_classification/train/papular/tiswan_001119.jpg,acb16ccc0c4de9f7230d5ec64c294adafb1547e6110bf91d1a65ad44e49ecb53
datasets/skin/acne/final/subtype_classification/train/papular/tiswan_001120.jpg,d9311c84d71fd893c31cfb2b1886e8d5b07d560893feb13e909422d643f2fca5
datasets/skin/acne/final/subtype_classification/train/papular/tiswan_001121.jpg,b38d3ab036d838f606dfea3ff10510fc43cdcea5cd4499e366ac231f271024b0
datasets/skin/acne/final/subtype_classification/train/papular/tiswan_001122.jpg,60e5e719dafaff11d9a6af3fa15d57b8b81ae413f56cba03d830415b789fd6e8
datasets/skin/acne/final/subtype_classification/train/papular/tiswan_001123.jpg,e756c434db647dc15122ab535f76fc48824cbb459a79431e94d8f32e57f4070e
datasets/skin/acne/final/subtype_classification/train/papular/tiswan_001124.jpg,930e826eb35fb1d24090abf3f84c7c571b8982391408a5314c503802d67ff7f9
datasets/skin/acne/final/subtype_classification/train/papular/tiswan_001125.jpg,38192dde39717d0acfa4c71fff716e9400e1cc054af292a0aeb82d9ee51d9c6e
datasets/skin/acne/final/subtype_classification/train/papular/tiswan_001126.jpg,bf011e9739a458787d5d5f0dc714bcfb145b73c68de6435a1b9b9a74f164d25f
datasets/skin/acne/final/subtype_classification/train/papular/tiswan_001127.jpg,6a21bcadd256f251da4f93ad577f29e1b182e80491d5df37f29427d548602417
datasets/skin/acne/final/subtype_classification/train/papular/tiswan_001128.jpg,a034f62ae85c9a741ec8ad1d8e1adfc9eadb1ba457ab0dec754d2e890649cd9b
datasets/skin/acne/final/subtype_classification/train/papular/tiswan_001129.jpg,80625278f0a01926450bf94b18d11e6b83e7eb3dd88d6eea4c4263e8bf2ed401
datasets/skin/acne/final/subtype_classification/train/papular/tiswan_001130.jpg,dca25cbcbd73544c6a1d80ba333abae8d610422dc7c5180d92e879819a7f751f
datasets/skin/acne/final/subtype_classification/train/papular/tiswan_001131.jpg,811eed653b2d540d71d59d121e7402873708925b77600fb482319af28d46f3aa
datasets/skin/acne/final/subtype_classification/train/papular/tiswan_001132.jpg,691ae5c97e9be2b00e74030d2b5d7be8facee50922da525dadd0eb4cc4ec114c
datasets/skin/acne/final/subtype_classification/train/papular/tiswan_001133.jpg,34d250e46f76ff110e9f1c7898381e8204ea361b6498e611fbef601db5edd175
datasets/skin/acne/final/subtype_classification/train/papular/tiswan_001134.jpg,a92e7ec79ba016b856aedda16493087b8809515b92d64eac832a94f002f55719
datasets/skin/acne/final/subtype_classification/train/papular/tiswan_001135.jpg,e0f568d4cae62921c8bec6cf8ee7a013532fd101e6f26e80e4267c7eb3caca65
datasets/skin/acne/final/subtype_classification/train/papular/tiswan_001136.jpg,b15f946b82fb4003572df6574523a99792e8dba88342b25aa0e11f6b35d7e377
datasets/skin/acne/final/subtype_classification/train/papular/tiswan_001137.jpg,02312bb599e63e5c0c03d91d21688b47ed3861d398fda0d8a46cae7aba3d5b86
datasets/skin/acne/final/subtype_classification/train/papular/tiswan_001138.jpg,a96c730969a66f3443f848a8d2dab42b27d5bf79da9f125b00d01eb0f741b09c
datasets/skin/acne/final/subtype_classification/train/papular/tiswan_001139.jpg,85608096ff7cbd6ab8482ff08f82b1a950c064198fa3a88d91cf35b7c9239e76
datasets/skin/acne/final/subtype_classification/train/papular/tiswan_001140.jpg,68a84a80bf00682524e8159c5f5877d7773d40d4d1347393eb5ac265054c0b9b
datasets/skin/acne/final/subtype_classification/train/papular/tiswan_001141.jpg,7d888e1468a6492ca9f86355c08412889c3ff2885766ac49648acf0ee98adf9d
datasets/skin/acne/final/subtype_classification/train/papular/tiswan_001142.jpg,0c3b3d0b4a32393280efbc492387fd9771a94669933581154af309ac54462a83
datasets/skin/acne/final/subtype_classification/train/papular/tiswan_001143.jpg,e6c4d10b66be2ce291da10b7285d268793c2bd5be66e90e408df05a375ab3146
datasets/skin/acne/final/subtype_classification/train/papular/tiswan_001144.jpg,2881db0ceb2b16bbeb65740aa80056feb2a6866abffcf1fda7dcc6a250f46bfd
datasets/skin/acne/final/subtype_classification/train/papular/tiswan_001145.jpg,4f61e6631bbb50de50a95ca3a24f347d3fc116743b9a1053535466a5b28a7639
datasets/skin/acne/final/subtype_classification/train/papular/tiswan_001146.jpg,5d75557e24f4e8ddcd891705a210204c12bca138893f612b8c6b2c9d8d30e87a
datasets/skin/acne/final/subtype_classification/train/papular/tiswan_001147.jpg,d75e85565819310b47f57ca0814517b61b458eb313481c59d9f3b47aac9c0681
datasets/skin/acne/final/subtype_classification/train/papular/tiswan_001148.jpg,91a25b5c8702d56b54bf12b3f3da11b4c5705eaf8322d927f04db87011251e28
datasets/skin/acne/final/subtype_classification/train/papular/tiswan_001149.jpg,9102caa25831a78661e5f808190b6dd276a9a879ca3aa0a3ad792d06fa58f951
datasets/skin/acne/final/subtype_classification/train/papular/tiswan_001150.jpg,3f8ecb5628e9d17eda644da59c7a53338586ba616447fd17c3e6f11a14e29d16
datasets/skin/acne/final/subtype_classification/train/papular/tiswan_001151.jpg,1a9c22fdc8254871809f2bf7a65c7f1f1e796ffbd700d97fb4ff56c4deb0829c
datasets/skin/acne/final/subtype_classification/train/papular/tiswan_001152.jpg,18adba45b54d37bd9b4881d45f90c97f39e69b6d561732332c53b9cf2116a8bb
datasets/skin/acne/final/subtype_classification/train/papular/tiswan_001153.jpg,c5434ecf0d05d56d5304cc351e1b2c4900e4a592c7009735dda460b27ebeb740
datasets/skin/acne/final/subtype_classification/train/papular/tiswan_001154.jpg,5e81020e39e6adbd8b3554a886995512ef651883e2774e12b88931e19a38528e
datasets/skin/acne/final/subtype_classification/train/papular/tiswan_001155.jpg,45d1b1053d94d2258b8c5fa76e11be778a27dc3f770c831100d0782b4e5296b2
datasets/skin/acne/final/subtype_classification/train/papular/tiswan_001156.jpg,86f21079981ca4c28be952a897d3ee404d366eca8f86e272236d978631869a9d
datasets/skin/acne/final/subtype_classification/train/papular/tiswan_001157.jpg,c409170a44551db3cee5543363cfaba4894202a68436c486f6e76e097044bb47
datasets/skin/acne/final/subtype_classification/train/papular/tiswan_001158.jpg,fc1c1736b49b593abd4162a1e1e7e9dfc69335b6a9278b5e47c45507fd6d96e1
datasets/skin/acne/final/subtype_classification/train/papular/tiswan_001159.jpg,76f0c177c9f5614daf746eaa5c9ce5283cff37da43057d69d5c40df9ceab13e8
datasets/skin/acne/final/subtype_classification/train/papular/tiswan_001160.jpg,ca694d682bdb842c14e2410bb494be3ecc65cb7778ef0ce998367e7aea1f50ba
datasets/skin/acne/final/subtype_classification/train/papular/tiswan_001161.jpg,0e820c68da1b63d967f435a0241f5ebb42b4f4cb277b7277ee2e8a537624c9c3
datasets/skin/acne/final/subtype_classification/train/papular/tiswan_001162.jpg,d3a234fb6fba48fc3c701b1d89f25b6ba2dd2454ea4d1931320fa88dee5b7591
datasets/skin/acne/final/subtype_classification/train/papular/tiswan_001163.jpg,5f22f81570bb322dcca0c10031d8f2982f3b88a02907206c551d6ff30c2faee4
datasets/skin/acne/final/subtype_classification/train/papular/tiswan_001164.jpg,cfadb5bc01d383a3ab4808d29c15da8b4ac48e6156071a7f76300196e1f24e08
datasets/skin/acne/final/subtype_classification/train/papular/tiswan_001165.jpg,a1f6ea32b4abac0cf8cecd05fa68e560ef5864e2c92ad32cd4dc4d39dcbd50c1
datasets/skin/acne/final/subtype_classification/train/papular/tiswan_001166.jpg,3f02677aed0e93c6c44d8fc4fd61297d80cf8dd480a79732872fc6f14c3b8412
datasets/skin/acne/final/subtype_classification/train/papular/tiswan_001167.jpg,c5f9fe7f241326da2402ff5c6c4c1589b52894c1ab3d8c7e229ef1111c3ebf0f
datasets/skin/acne/final/subtype_classification/train/papular/tiswan_001168.jpg,82622877dbbeb1ea52e018550c77d2c908702e5c9a5efc58d05cd20e2d212dbc
datasets/skin/acne/final/subtype_classification/train/papular/tiswan_001169.jpg,cb39deb2b4bb4323264656ac595451040e24ddb87a1192505609f94b116c67c6
datasets/skin/acne/final/subtype_classification/train/papular/tiswan_001170.jpg,2bf035144ca4282aeeac20938934e5bc95f63544f6e687c8e6b116d39ce098b8
datasets/skin/acne/final/subtype_classification/train/papular/tiswan_001171.jpg,1fc90b900bc888db87744df523062530ef7ee515b2e48a4c411235ba07cf35ad
datasets/skin/acne/final/subtype_classification/train/papular/tiswan_001172.jpg,f93a8fc854cd94cdb151c849d8c529862c6a0af74494b55edbd842833873899e
datasets/skin/acne/final/subtype_classification/train/papular/tiswan_001173.jpg,9a7947a1e31961c62bee3a90e993d941c3c492cfd1ed06db58f7ec8aa9b3eace
datasets/skin/acne/final/subtype_classification/train/papular/tiswan_001174.jpg,9c785530dbd7c4295999ccec7b94f4eefa7d61032d8eaf0a1f10daf0434c75e5
datasets/skin/acne/final/subtype_classification/train/papular/tiswan_001175.jpg,cae44b53e960fd1228e50bd816ce30e087d1ed0b79e2a1b1e98926fbfda64924
datasets/skin/acne/final/subtype_classification/train/papular/tiswan_001176.jpg,44c99c1698b8d222c60f988e974b63d93ad37cadbfee5b6f44c063cc6a6a3b9c
datasets/skin/acne/final/subtype_classification/train/papular/tiswan_001177.jpg,959cc43e611da139814921b2bc364a196c588fbf43e7faa7893be129154e66a4
datasets/skin/acne/final/subtype_classification/train/papular/tiswan_001178.jpg,873929d6f1b0f7d922c6cfaa365d902da8701bed0463e0100d1b14059a5ed7d9
datasets/skin/acne/final/subtype_classification/train/papular/tiswan_001179.jpg,867ac28f083b002e7a50315286511a06cf5b9ad1c50d05b9a328fd18c593ee9d
datasets/skin/acne/final/subtype_classification/train/papular/tiswan_001180.jpg,c80c3f479ad74933cff2f0f2e0d9b1eedf36b6f21ec3b8438be0c0d35d00653e
datasets/skin/acne/final/subtype_classification/train/papular/tiswan_001181.jpg,8fb5be4bbff5de3b0080088c0dfc427ca6df945ec1756ac75480d5e3198b4860
datasets/skin/acne/final/subtype_classification/train/papular/tiswan_001182.jpg,31e0ddaf55f110118aa14d18fdcae12c744a56a4463d832d4986928766fa5688
datasets/skin/acne/final/subtype_classification/train/papular/tiswan_001183.jpg,3f7a92a1ac6908a9c7f4c7e6e4d319795183849feda2a083fb28e64c3ea9aab4
datasets/skin/acne/final/subtype_classification/train/papular/tiswan_001184.jpg,325e9d8bfcc8ed1a2a3baf512d501b70353b5547d1613a88bc4f87a9959d1c22
datasets/skin/acne/final/subtype_classification/train/papular/tiswan_001185.jpg,3f883aa8e6d3fd9792241b869334dc1c5bb402a1fa9977100391efb9ca1595a7
datasets/skin/acne/final/subtype_classification/train/papular/tiswan_001186.jpg,dd5270142c138071d63b60e57a8a1ce1783ce655ffb9e9226346fc2ddbe781af
datasets/skin/acne/final/subtype_classification/train/papular/tiswan_001187.jpg,0719a00abe80d57ab07b1e34dffb73c1f0f20bab38c6ca5feb22c8bca8671dae
datasets/skin/acne/final/subtype_classification/train/papular/tiswan_001188.jpg,5bd867222dff4eb0812beb8ab3f60798d366b15c0cd215094cae4ab26e3dd1d5
datasets/skin/acne/final/subtype_classification/train/papular/tiswan_001189.jpg,8c6b9ebe7e9db43073f73a1de6aed0899132779757df85e23965ec808ac5a180
datasets/skin/acne/final/subtype_classification/train/papular/tiswan_001190.jpg,84c92971c3944cbfd3fc7cd0c87988c808e12d70c44c57cb1fdce6141ae98b8b
datasets/skin/acne/final/subtype_classification/train/papular/tiswan_001191.jpg,0554fcfc1cc98b7d2e64e5c566e9fc6cc8caba842adf1706db02883da76eaefc
datasets/skin/acne/final/subtype_classification/train/papular/tiswan_001192.jpg,7d8e91277e3da9ef14f54476b539e98f03b4ee9b2b76b14d272bd33ddbf89ad5
datasets/skin/acne/final/subtype_classification/train/papular/tiswan_001193.jpg,50570586e69fb1aee9a637e074e254d73411eb4bbac68a5943134a2e80f8322a
datasets/skin/acne/final/subtype_classification/train/papular/tiswan_001194.jpg,36618b87d487858ccce798378d80875838eeba78775aec798b60b5051c5c9258
datasets/skin/acne/final/subtype_classification/train/papular/tiswan_001195.jpg,55cb8f0cdf5f97784f00534aac749a4b473d4481031f5d81a833a23184650556
datasets/skin/acne/final/subtype_classification/train/papular/tiswan_001196.jpg,99a27234d66884128e57240daf8743916000361907ffa6570cd40e7eebacdb30
datasets/skin/acne/final/subtype_classification/train/papular/tiswan_001197.jpg,7f9c9ab55cd1b42ef601ea3b8d5d80f5b9c81794843ca706b9f19f7c7ba22817
datasets/skin/acne/final/subtype_classification/train/papular/tiswan_001198.jpg,2858cb607d63a40d7faa37512072228bc2b62d876777a3a84d50fefb0148b15b
datasets/skin/acne/final/subtype_classification/train/papular/tiswan_001199.jpg,462c6f2a5240c53c7c2c3c8ee661835498326e7b001261b473b666920612a072
datasets/skin/acne/final/subtype_classification/train/papular/tiswan_001200.jpg,8fc9be24e67376437607f9f40ef4b2c86892d1a18c75d4dfc91daaea2c608891
datasets/skin/acne/final/subtype_classification/train/papular/tiswan_001201.jpg,255597cadf6de2071a597d278298b0720ec13699928c1befe1ce276a39522b4e
datasets/skin/acne/final/subtype_classification/train/papular/tiswan_001202.jpg,07fac937fa9c596ce0a5d9016d1d7ea383662a89769ac6c0716e463c34cfd7d5
datasets/skin/acne/final/subtype_classification/train/papular/tiswan_001203.jpg,7c1073b15c1164cbd3bdd1e842e7483bdc09fd1fddce5cbb742e5c90414038fb
datasets/skin/acne/final/subtype_classification/train/papular/tiswan_001204.jpg,6e018149a580b2b37a203e3d69ae70e5fea5208713fd7ff432addf93d47c0ae1
datasets/skin/acne/final/subtype_classification/train/papular/tiswan_001205.jpg,a8d9781fa663cbd3e55d585193d6e29d53bf7a28fdd36913f4e394d9044ffffa
datasets/skin/acne/final/subtype_classification/train/papular/tiswan_001206.jpg,ad5d5c2f857846c6415d5113fcc33a9bfad69ebc39119d377dfccc94ffa087af
datasets/skin/acne/final/subtype_classification/train/papular/tiswan_001207.jpg,e906ba53e1ed2e98eed34693b4124ffdf96bb68c06e409cfd290fd0f4b7c2e50
datasets/skin/acne/final/subtype_classification/train/papular/tiswan_001208.jpg,2e7d6fcb24348bee61a7b962b5560ef4a15ae941fcbbbd747b696f173bd3a7ca
datasets/skin/acne/final/subtype_classification/train/papular/tiswan_001209.jpg,ba4666489ef71070877a8c87b18d58095728164161658583220cf08543a9c553
datasets/skin/acne/final/subtype_classification/train/papular/tiswan_001210.jpg,4277b90f200d2536e9f88c70c689f561aa7c3e93636766f6cda0bebf3129ed29
datasets/skin/acne/final/subtype_classification/train/papular/tiswan_001211.jpg,c79c0c0187f370fe16785b27a8de036b7b50321980dfa51421a871c7dce783c9
datasets/skin/acne/final/subtype_classification/train/papular/tiswan_001212.jpg,547a3d3a6cb39b3d6c686d81f88bd7e6800466468495135f343e795fd3c2c549
datasets/skin/acne/final/subtype_classification/train/papular/tiswan_001213.jpg,b58ca9716c47388cdc9dc645b91423fbbdfd2425a0a8859c6c2bd9a213c6b3ae
datasets/skin/acne/final/subtype_classification/train/papular/tiswan_001214.jpg,62194cfb5268d75c4c723728781621b0f1720ecc3615d278a5864b3afec1c6d7
datasets/skin/acne/final/subtype_classification/train/papular/tiswan_001215.jpg,43bc9ad0acbed1d83f7bbf97de2c872becc982fe636dd47fed7f9ed34c8448bd
datasets/skin/acne/final/subtype_classification/train/papular/tiswan_001216.jpg,922f22cdd67fda81b208f050629f6680ade46b9a28b1cfd89ce85b38e6597b30
datasets/skin/acne/final/subtype_classification/train/papular/tiswan_001217.jpg,1b6704a0f2f30278a764c1c59892bb2e308a46aa3ff5ea846200d32bb3fd6b9a
datasets/skin/acne/final/subtype_classification/train/papular/tiswan_001218.jpg,6c428cd5b04f6832d314d8fd4fa522b29f94aa9c873c9b67de196709eb849a4c
datasets/skin/acne/final/subtype_classification/train/papular/tiswan_001219.jpg,0a07212e2f3d0d728deeb3c7c912e748f6f721d695f0082b31352968d6091bf7
datasets/skin/acne/final/subtype_classification/train/papular/tiswan_001220.jpg,f839fa4283d2e0d8dd0c0caf6add2655003df6a9a25e2446bb8a336a6ab3c532
datasets/skin/acne/final/subtype_classification/train/papular/tiswan_001221.jpg,dca282971512cb341f3a5f092dd0bbaa7e3c00ecbeb8ed66ab84ed785c1008e4
datasets/skin/acne/final/subtype_classification/train/papular/tiswan_001222.jpg,bb8fa5ecf95a85b0aee4335ae82a24147f943743f3b9e021a28268ada7943440
datasets/skin/acne/final/subtype_classification/train/papular/tiswan_001223.jpg,a697f84f9f5218f7f5ab16546b08175d8feacb323a9b3accbe32668f9a32dd34
datasets/skin/acne/final/subtype_classification/train/papular/tiswan_001224.jpg,84062a0bf30ab3e355ffd4beef2290403f7b580d70a2e2694134adabe4f4dabe
datasets/skin/acne/final/subtype_classification/train/papular/tiswan_001225.jpg,112269bb9c227b80b095e0fd14f97e93601664ecc682e2c1c2af3923d0f9af29
datasets/skin/acne/final/subtype_classification/train/papular/tiswan_001226.jpg,3aeef3b33827701e490b2f88cfb9c855ce0637d1d90e33e3f0812e3b09309fbc
datasets/skin/acne/final/subtype_classification/train/papular/tiswan_001227.jpg,1a91323295277c3af2ea1688f2400021003a35be91e29b43773ff91246ed64c2
datasets/skin/acne/final/subtype_classification/train/papular/tiswan_001228.jpg,a85bab8602dc808db41eb60f9e54abaa3a32b3f0eefff470c424bcb720b45553
datasets/skin/acne/final/subtype_classification/train/papular/tiswan_001229.jpg,76f56b3d7a150a2a6841b40fb0f3bf9dcda7a6126b008b51346c7c65d1e81be9
datasets/skin/acne/final/subtype_classification/train/papular/tiswan_001230.jpg,24b72bd7e0520a708fa83c0be4a1e641816a5b4a5d939f09b89d937d4bd9236f
datasets/skin/acne/final/subtype_classification/train/papular/tiswan_001231.jpg,b6fca554dd6c679dcbc94a56b09e4f9057982632d64a503340e4f8f300a42b47
datasets/skin/acne/final/subtype_classification/train/papular/tiswan_001232.jpg,bf0dee1a7c40d00f56ef113e0153f2827f466996b93149520bb802af1899206c
datasets/skin/acne/final/subtype_classification/train/papular/tiswan_001233.jpg,22e947a04de1c12568b95cfa904587b4202576354aba5e6322688b1155599246
datasets/skin/acne/final/subtype_classification/train/papular/tiswan_001234.jpg,26c0c8b5485b9747eee9d35907b869c0f9193860fa7c91f01b822ff8739e25c8
datasets/skin/acne/final/subtype_classification/train/papular/tiswan_001235.jpg,5733d69f0c45ca073b91f6361458b98fba4fd01165c448b0a218bd79859c97de
datasets/skin/acne/final/subtype_classification/train/papular/tiswan_001236.jpg,18b0c8ab6fd56381110c894d43daaeb363dc67b2ebfe10ac91edd04696cfab5b
datasets/skin/acne/final/subtype_classification/train/papular/tiswan_001237.jpg,c7f039b413fa7caffca6e503d15a2615ddb81d5e86858e6c018edef7d8d4f9ca
datasets/skin/acne/final/subtype_classification/train/papular/tiswan_001238.jpg,94025fe7be29252caef72a28b259351712fc167306471fa1184ad4fa63339ac9
datasets/skin/acne/final/subtype_classification/train/papular/tiswan_001239.jpg,58dbdc699ba09b15c6ee020e0819df4c3b7451709822b6d592d1fc1ef1e62a1d
datasets/skin/acne/final/subtype_classification/train/papular/tiswan_001240.jpg,6089edf57b5c0bb84e9ecf3b472ab3ab97f27196d2dea9a38dc05324683e48ff
datasets/skin/acne/final/subtype_classification/train/papular/tiswan_001241.jpg,5cd0009b3f484865ad203881fcffed1c44c49f8ad3c25117135ad97b87bc8693
datasets/skin/acne/final/subtype_classification/train/papular/tiswan_001242.jpg,debc23a284782e3165a4d2c8403573459380eb52c2240cf4d455e5c952d42f0a
datasets/skin/acne/final/subtype_classification/train/papular/tiswan_001243.jpg,0552b47535e7a665a5bb6acdae654dbbeff568123a57b1e50d9c0374dd767d66
datasets/skin/acne/final/subtype_classification/train/papular/tiswan_001244.jpg,7a4ffa1ae42b7fd9eff2b66a5214ae691fde5e5e94bb2cb1a29ec05aad4c4b99
datasets/skin/acne/final/subtype_classification/train/papular/tiswan_001245.jpg,a172798f5a8c03b7e40e2d012cfa7f76e810a5405b9f6a39533ffa29355dcd81
datasets/skin/acne/final/subtype_classification/train/papular/tiswan_001246.jpg,c6827741ac7a9417ac4e4517c3cf13038a2cdd99912e8e4ad072f284b5b70f6b
datasets/skin/acne/final/subtype_classification/train/papular/tiswan_001247.jpg,4e3ad81c11a0f6d1ac075fbda607ca38f5f3e38fb85993bde22b60386af90c9b
datasets/skin/acne/final/subtype_classification/train/papular/tiswan_001248.jpg,98b485e5158bba79cc47d78bd01a597930fe9f74f9bf0e8ff2ff1c2b57d7b431
datasets/skin/acne/final/subtype_classification/train/papular/tiswan_001249.jpg,ad560e7c9efc7f2cdc7c9c51e222a0067a5a1bc47e5f6def5a5c99b2baf29ee8
datasets/skin/acne/final/subtype_classification/train/papular/tiswan_001250.jpg,61007729176370d90ea5ec0bcb0426155da5b76b1140cd603017fcfd40b29798
datasets/skin/acne/final/subtype_classification/train/papular/tiswan_001251.jpg,3befeb3e476f2e6deca4df80e9190ca72a7b248e180281962b2c83121a1d5104
datasets/skin/acne/final/subtype_classification/train/papular/tiswan_001252.jpg,eb5a78f9f6a42726f21facd5a546a17e02170f3b723606e13720918533ae0634
datasets/skin/acne/final/subtype_classification/train/papular/tiswan_001253.jpg,887295fde88eb01974bedb8ca688de3d01efd35927b72ee32c47c84b7cfbf809
datasets/skin/acne/final/subtype_classification/train/papular/tiswan_001254.jpg,f431e104f85fc9f4d33aa87f86d8c7c71a6fc565b9b0df4335cd2793dade0789
datasets/skin/acne/final/subtype_classification/train/papular/tiswan_001255.jpg,bed947b618ec1f85d59c6f42265441a7c9307c8990c09b840722cac0ce51eb27
datasets/skin/acne/final/subtype_classification/train/papular/tiswan_001256.jpg,ffdf3eb9042bd0e1945dce6ab9a0e388cf566b756b6369e0b1f98ef3d15bfb29
datasets/skin/acne/final/subtype_classification/train/papular/tiswan_001257.jpg,41c3486968224b3d2fe0c087d888afbbd04e8268b549ccc2a4afafa9eae53987
datasets/skin/acne/final/subtype_classification/train/papular/tiswan_001258.jpg,9b78bff8f6df0b833b01a7a90cdcbe56afbea810f6b56f04933b9696f80a7155
datasets/skin/acne/final/subtype_classification/train/papular/tiswan_001259.jpg,639ebe2d7f8ea5c01c1bc9bc6a961b8be0204a71cb7a37d53a3cec47f806bc90
datasets/skin/acne/final/subtype_classification/train/papular/tiswan_001260.jpg,d67ef6d2365dd309f7c640c77df3845882e810e3dfc5c62d76db1c704d85b7d2
datasets/skin/acne/final/subtype_classification/train/papular/tiswan_001261.jpg,bc0fbce3c6ca14723702a92144cd395779b044515309ac678999c35fe23147bf
datasets/skin/acne/final/subtype_classification/train/papular/tiswan_001262.jpg,671d13c76078cd8d4c233c030fe3792d6bad7c7ab8ff151ba4d5ffecc0f8c68d
datasets/skin/acne/final/subtype_classification/train/papular/tiswan_001263.jpg,efe338103ae2c799bf23de9bc24dcbd1a6cfac1436cc017440c20514b4db7a8b
datasets/skin/acne/final/subtype_classification/train/papular/tiswan_001264.jpg,9c212b5713c1112b3654c55d1bee7fbf1cfeaf941676b36882660fbbe1bf1919
datasets/skin/acne/final/subtype_classification/train/papular/tiswan_001265.jpg,f74e2483afb93c7a35b62fe8762bc930a22d3e11f5f572b5ed5758825c210712
datasets/skin/acne/final/subtype_classification/train/papular/tiswan_001266.jpg,14dacef3ed78163ff2afaed74ba1746d4fe3cf21e0f4266bceb2c9d74d8fa8f1
datasets/skin/acne/final/subtype_classification/train/papular/tiswan_001267.jpg,47f6201e6c58b3aa5793944d9ac7d30f5fac277baf834abc48ee3aec4f141184
datasets/skin/acne/final/subtype_classification/train/papular/tiswan_001268.jpg,3128668bdde478c318bc5bb52a7ef174f98c1bdd949c47308907305c6c5faa12
datasets/skin/acne/final/subtype_classification/train/papular/tiswan_001269.jpg,9542d3a5dfde5165cefba0a27750a708e8ec17dfcfb5b32a40de7eb4ec9b1714
datasets/skin/acne/final/subtype_classification/train/papular/tiswan_001270.jpg,68580180579f610f89c8a4710cf9e30f1ca434a05bab5174c033e840731ee37d
datasets/skin/acne/final/subtype_classification/train/papular/tiswan_001271.jpg,e40991efaa959c3a38a053f9e678a51ae4d21fa81727241feaf6ff2bc4c333ee
datasets/skin/acne/final/subtype_classification/train/papular/tiswan_001272.jpg,7b3a7ab68d3fb8854d33da7dc58ab29c158a8a2e304392214fed945a41e34483
datasets/skin/acne/final/subtype_classification/train/papular/tiswan_001273.jpg,dfd7e38941f6ac7b6ca094f2257586f789c7193f209c3d034edbf4cce3a8cd92
datasets/skin/acne/final/subtype_classification/train/papular/tiswan_001274.jpg,9288fb8ee4d957b50d75adf1ea5b70e809dcf53ea63c61f1eb9a12316a90b55c
datasets/skin/acne/final/subtype_classification/train/papular/tiswan_001275.jpg,46daf0663b905ec22b61ee235fa630f29c01a3071ec7882e6308d5ba8848af55
datasets/skin/acne/final/subtype_classification/train/papular/tiswan_001276.jpg,88e495ad905962b8974b3184b386afe3bec4373b1332531da5c2393bf05b080f
datasets/skin/acne/final/subtype_classification/train/papular/tiswan_001277.jpg,46307c3e5232fd944be5a0c3e4ece0591c61344540d2ddb2f701534fa5926e34
datasets/skin/acne/final/subtype_classification/train/papular/tiswan_001278.jpg,a14dc818b5ce81b8840275827ac5bfd741640ba69cbb5bbdce0b24146987e4f0
datasets/skin/acne/final/subtype_classification/train/papular/tiswan_001279.jpg,a0f7c979411ab09ed4cdfe1689e095325f5c344f74a5d093c9080f727358f196
datasets/skin/acne/final/subtype_classification/train/papular/tiswan_001280.jpg,48c9e7d292c5dd125c0f500ae13fe53213162c63c88e56b1dfc85a0bc4876234
datasets/skin/acne/final/subtype_classification/train/papular/tiswan_001281.jpg,6110afff53370484773f59b31adfba5fa7ea19610cdf1c2f372202652c998b58
datasets/skin/acne/final/subtype_classification/train/papular/tiswan_001282.jpg,703f882828e751b3ee0f66d127b38092d8a6a1afa8977f34cce237b9ebc571c8
datasets/skin/acne/final/subtype_classification/train/papular/tiswan_001283.jpg,fb5d45d069f12679c27f19ae6c2990dd9f1d786842578b552999ad262c685555
datasets/skin/acne/final/subtype_classification/train/papular/tiswan_001284.jpg,6e42ce87302cf13530a7a5be8569c1dac91a8b4cbd799e325164bc8c9ef4c905
datasets/skin/acne/final/subtype_classification/train/papular/tiswan_001285.jpg,05f85f878f3a38f57552cfcbf5d97519bcc89ca52665c56e54d599612d45df72
datasets/skin/acne/final/subtype_classification/train/papular/tiswan_001286.jpg,7d5e53d80db927a48868ef2c0a8fb192ab4e2494b2b362f9b1c1a658976d3534
datasets/skin/acne/final/subtype_classification/train/papular/tiswan_001287.jpg,4b68b567dd3498245661706d4d0df742fe96bb32191d3f1470112f18b6892fea
datasets/skin/acne/final/subtype_classification/train/papular/tiswan_001288.jpg,4fec3c03028e69fe70ed76c126635bfb3a5c037d9359ab20230519b17232a2d5
datasets/skin/acne/final/subtype_classification/train/papular/tiswan_001289.jpg,1f584ef658c38b87eb566831e7384577fa95e8bdedc0a428443f75c8849bd2de
datasets/skin/acne/final/subtype_classification/train/papular/tiswan_001290.jpg,31e1dacae6ad15c3b9c5f0d1592824a190dc71c3aa7e2e82a0197a885e7f82fb
datasets/skin/acne/final/subtype_classification/train/papular/tiswan_001291.jpg,8263379f776678d3c5485f19b89b8827d385b2867f5e10c64f04b1b02794069c
datasets/skin/acne/final/subtype_classification/train/papular/tiswan_001292.jpg,8e267266368b5581a4e77d71c6ef76ce07f09c634f6fa818292d8838f2a191ae
datasets/skin/acne/final/subtype_classification/train/papular/tiswan_001293.jpg,dad78e6180682178e4447057d326b738496b5ab8cd59bac6194c90eb472fcd9f
datasets/skin/acne/final/subtype_classification/train/papular/tiswan_001294.jpg,78dbe5e72ab6437f3812a68002011e86405bbf57b2e3c125f0ac9b430f184cc4
datasets/skin/acne/final/subtype_classification/train/papular/tiswan_001295.jpg,f33607e27ce722ea03615764feee06b6913079596dfc4cf2cc5fe01beb0ccfac
datasets/skin/acne/final/subtype_classification/train/papular/tiswan_001296.jpg,fe1f9eff5817f377932f6947a3ffc32f46b4e7675bf596cd870ffbfa60f09bbf
datasets/skin/acne/final/subtype_classification/train/papular/tiswan_001297.jpg,753d8b65aaa1d01137d3231b163fcf5d061f19c31d591ea8eb0b5f7d74a39fc9
datasets/skin/acne/final/subtype_classification/train/papular/tiswan_001298.jpg,6175552d858c0b8d6177958d4255db0187fe95f38daafe6301d9b149506ad249
datasets/skin/acne/final/subtype_classification/train/papular/tiswan_001299.jpg,971afecaadead86f2ec1e53d84d7ad575df6c2d65b87c4dc2f6cb61fc3d465be
datasets/skin/acne/final/subtype_classification/train/papular/tiswan_001300.jpg,1af0c96d963a6f434de642d44916472ab3b1f9930b174766c9b711a8fd48e121
datasets/skin/acne/final/subtype_classification/train/papular/tiswan_001301.jpg,569a65b607ed9bba4cf4e546eb2624269f16df2d5e36e016a9cc8ccd3d20c542
datasets/skin/acne/final/subtype_classification/train/papular/tiswan_001302.jpg,a214e4e7112ed4652d35107325f0a6d5a11fe3826289cc6896b0cc15511c2099
datasets/skin/acne/final/subtype_classification/train/papular/tiswan_001303.jpg,9e5f233a1c23e871f949905dc3479265a0dbeb0670223ebb30225d4ab54b966b
datasets/skin/acne/final/subtype_classification/train/papular/tiswan_001304.jpg,81685777a3a64a5aa276a4e82b337dfd0ed589963b88a60ea2851c695d0a4d26
datasets/skin/acne/final/subtype_classification/train/papular/tiswan_001305.jpg,767b522ebfbfb52988cdaa2e5b4f5e0f6e3b547b674140c8008cd7a341ad0940
datasets/skin/acne/final/subtype_classification/train/papular/tiswan_001306.jpg,e349141c35d5a067194a3ae8df4b99711671772b589c8407f17ee47a6a5be077
datasets/skin/acne/final/subtype_classification/train/papular/tiswan_001307.jpg,286e213b91bde3d1cfd831f500b5172bbb8993dee9aea0439c62ae4aa40eb065
datasets/skin/acne/final/subtype_classification/train/papular/tiswan_001308.jpg,67143fdbe0c4156d4cef73bab6c3b8481a51df184ea237751b7e5d7e1d53a95e
datasets/skin/acne/final/subtype_classification/train/papular/tiswan_001309.jpg,76391b6c4b502117cb16e8482b220ee8736cda38ab62c5e22931bc9c57f08292
datasets/skin/acne/final/subtype_classification/train/papular/tiswan_001310.jpg,44dd9840dfd83b267e94ac805653afb1c00f975ff7fe68e82265fb357ba9996a
datasets/skin/acne/final/subtype_classification/train/papular/tiswan_001311.jpg,57f6e2c3dfeba840becb279f63446d15f1cbaa87b9d0ae7f66edc942959086e4
datasets/skin/acne/final/subtype_classification/train/papular/tiswan_001312.jpg,6c459c194407ce94d5a93cf0a4f98d9272071155a5837d09163a500aacdfb593
datasets/skin/acne/final/subtype_classification/train/papular/tiswan_001313.jpg,bce5284f8c0e6599a8ac6ccf981523f74ead7e5cee47c05b2594182f62875e4b
datasets/skin/acne/final/subtype_classification/train/papular/tiswan_001314.jpg,0257ddf756f395ccd48454e76612899f976913c4349752f3738d8c03196debce
datasets/skin/acne/final/subtype_classification/train/papular/tiswan_001315.jpg,04f938d845b21caf40ee0165db23b9d860c597c5489cac3c1b81a223e2770ab3
datasets/skin/acne/final/subtype_classification/train/papular/tiswan_001316.jpg,7dfafe12c5d3babee4ef2447927985f8cdd47b97582c60b11eb642e2d690e269
datasets/skin/acne/final/subtype_classification/train/papular/tiswan_001317.jpg,b8b173ec65824460c3d64c5638d4859792cf62b673c4c8708d395edc3de4acae
datasets/skin/acne/final/subtype_classification/train/papular/tiswan_001318.jpg,cf9c03f11c12eaec003544c1568e46ceabd1fad68402a068bf186a24f66a7b50
datasets/skin/acne/final/subtype_classification/train/papular/tiswan_001319.jpg,eb6aa196a25c343832189ba163acd899e6ee585636c7f435142890daeb3a7eb6
datasets/skin/acne/final/subtype_classification/train/papular/tiswan_001320.jpg,aed2d31c8781ba8de46a197e697d7314bec9273c6bd42c17430d08e64b1dbf99
datasets/skin/acne/final/subtype_classification/train/papular/tiswan_001321.jpg,882b6c77bc0e01b06b0153b2a1cb0564305e6c3c5f4bbc9ccc39d5d772d5cf19
datasets/skin/acne/final/subtype_classification/train/papular/tiswan_001322.jpg,e12605924c9c01d70766bb9dfd1a159ce264702c05f499fcf9a0d56817556b88
datasets/skin/acne/final/subtype_classification/train/papular/tiswan_001323.jpg,ab6e272acac113d60e9b65021b2b3b0855ee485f693fcf0dcf3388232494b9ab
datasets/skin/acne/final/subtype_classification/train/papular/tiswan_001324.jpg,52942859fec30a8df0fe2eb0f5291f9b9bc61bb7d94583eb64a876c3410fbb0f
datasets/skin/acne/final/subtype_classification/train/papular/tiswan_001325.jpg,a5b150836c76445db9c438aead5bb0aab295e6a30bf447574d11f6c36a77c374
datasets/skin/acne/final/subtype_classification/train/papular/tiswan_001326.jpg,163d2e3192bf6217094df871b74ddedf802fcbca5aac2dfa8d91902208abc615
datasets/skin/acne/final/subtype_classification/train/papular/tiswan_001327.jpg,b6d5ae1a3c2eed4bc64fdaacbc4a0bac2205272d07c8773bdfd301c991a533cd
datasets/skin/acne/final/subtype_classification/train/papular/tiswan_001328.jpg,a9056b2a5a90aa0332406699772600f9b971236307204d4ee27aa4c68aabe853
datasets/skin/acne/final/subtype_classification/train/papular/tiswan_001329.jpg,9b84bb11ea793460116df3c3525aec3334afbbb05be9dc76e024b82cb14bdf2a
datasets/skin/acne/final/subtype_classification/train/papular/tiswan_001330.jpg,e645bb3d514ff05b9be2a68db5f3b70ab3333652245833959c4d428da5e65939
datasets/skin/acne/final/subtype_classification/train/papular/tiswan_001331.jpg,0a3726af34f39af337c79d1a69ffb211a5577e83ffa7bf8da315d856c2412432
datasets/skin/acne/final/subtype_classification/train/papular/tiswan_001332.jpg,13a9d1c48d0f5d7a53cd805749c187b7606d26d943afdce936170a5995b7f398
datasets/skin/acne/final/subtype_classification/train/papular/tiswan_001333.jpg,3b8258bbf380930671ba77116ab68b447916af41bc902f2f44250a6fdc2891c5
datasets/skin/acne/final/subtype_classification/train/papular/tiswan_001334.jpg,e61fe9c24651643c4f2aa75d55ce64cbdb88d9ee90e445079991e9f2a6545216
datasets/skin/acne/final/subtype_classification/train/papular/tiswan_001335.jpg,3b75ed58836877d96c696456ad3d43e92d20e1b68ae1169932d92c33b1936c8b
datasets/skin/acne/final/subtype_classification/train/papular/tiswan_001336.jpg,0bd2d4ad076de2be849cef037cd87a68c98cff2e534428768af51ee927098b88
datasets/skin/acne/final/subtype_classification/train/papular/tiswan_001337.jpg,b16a89777f43b5c5e0f8788d8732518c6db5628df27ec6dc8653a683d7c1ac2b
datasets/skin/acne/final/subtype_classification/train/papular/tiswan_001338.jpg,39f27ae30e96b8f1dc1ed79a284b57aa1fd523842b572e903ddf8400c6b46f24
datasets/skin/acne/final/subtype_classification/train/papular/tiswan_001339.jpg,eee0c3e93cfe69fa16e2371418e5e1ff109086c49bcb222e352de98cde1cd75b
datasets/skin/acne/final/subtype_classification/train/papular/tiswan_001340.jpg,14753cb7d3e4826b8ea4b758f3775492ebacccab1ffe5060d97d15e493c1b670
datasets/skin/acne/final/subtype_classification/train/papular/tiswan_001341.jpg,1d597b5fde0b204a74b2fca487b7bd28951deee78a9d2f9dbb88ba08c70a3ca2
datasets/skin/acne/final/subtype_classification/train/papular/tiswan_001342.jpg,129f815f762e83a378e4bab99ab9f40167e1f1291ee111545f4801fb309ad1a5
datasets/skin/acne/final/subtype_classification/train/papular/tiswan_001343.jpg,6b1db71b72ed139852794299baf8b565f7459505cc52277f16c9e22f9c6e1209
datasets/skin/acne/final/subtype_classification/train/papular/tiswan_001344.jpg,72eb0290dc6c0c7893e2a393e93c765f091311cd2370255921ad048827430947
datasets/skin/acne/final/subtype_classification/train/papular/tiswan_001345.jpg,4d5edc4e965edb3d76020a313ef84ece430e4249f097ce7f62e86e861bc932ed
datasets/skin/acne/final/subtype_classification/train/papular/tiswan_001346.jpg,fa53131ba2a0b0ad8e2f484594bd1830b24e5faf08615d273f626b8e7e475b63
datasets/skin/acne/final/subtype_classification/train/papular/tiswan_001347.jpg,3148eb58a5d22e5e621e9a2afe9d19174a71bf1cbfe6eba18c0355add2dd9a34
datasets/skin/acne/final/subtype_classification/train/papular/tiswan_001348.jpg,23dc0530a2edeae25ed1288f8335c9857418fe7bbdc8142e6799b659ad01afa0
datasets/skin/acne/final/subtype_classification/train/papular/tiswan_001349.jpg,a7da3d4b00769d5292a03ab0c94853ca93315d4a59e86ab42124bc678bd8afdb
datasets/skin/acne/final/subtype_classification/train/papular/tiswan_001350.jpg,5689eecb5767625966be7aa210c9e5b9738e99ad1d08b4c8bb16c9cf43c4ad30
datasets/skin/acne/final/subtype_classification/train/papular/tiswan_001351.jpg,92746907223c0daf98fe83542db52cec5a24d7ecdd02b48ef2df8632f45142c8
datasets/skin/acne/final/subtype_classification/train/papular/tiswan_001352.jpg,e6ed2dd19727683a2870d0e42d1928d6671258cf997400c960c5ba9d60a3dbf6
datasets/skin/acne/final/subtype_classification/train/papular/tiswan_001353.jpg,c96a9fa9806936d8a7792183897d7b56077b581f0945a0251b16cc03fa3b1794
datasets/skin/acne/final/subtype_classification/train/pustular/dermnet_000173.jpg,79e7ccc78b2a07933f332ca0a7bb47d7cbdc61e4edb1c7d271d9801d69fb2f30
datasets/skin/acne/final/subtype_classification/train/pustular/dermnet_000174.jpg,5c89c0527fb85b46eb582e0a74f099b5f359ae0262eb4874b081a440ec6b0de0
datasets/skin/acne/final/subtype_classification/train/pustular/dermnet_000175.jpg,8d884491af2b7accd9d62f5347a4acd113a21fce8fab7579b9cbe94f92c334f4
datasets/skin/acne/final/subtype_classification/train/pustular/dermnet_000176.jpg,adf725249aed1fead3980beb6aa8e3e4e0e1f7d06ae6feb19ddf711b2f39f9f6
datasets/skin/acne/final/subtype_classification/train/pustular/dermnet_000177.jpg,1b50825376296881000d3ac24faedae62544520393886a6554e24fa4caa97b65
datasets/skin/acne/final/subtype_classification/train/pustular/dermnet_000178.jpg,4e14d88dd89e6a91b54ef792e88c4954203a29e4c323d6e939b58037ebe8acf8
datasets/skin/acne/final/subtype_classification/train/pustular/dermnet_000179.jpg,28257f1550b3d868e80bd3e05acc994a89139153021b20f727bac16605a5e084
datasets/skin/acne/final/subtype_classification/train/pustular/dermnet_000180.jpg,04b419ac7461833023e3c85621f79d9b03edea8a8e6ac40e207002f8fe861318
datasets/skin/acne/final/subtype_classification/train/pustular/dermnet_000181.jpg,f24e35955aeedaf3460a4f79862c7bd7bb28dab94cec7ebdc4f44154ccf0e5fc
datasets/skin/acne/final/subtype_classification/train/pustular/dermnet_000182.jpg,3df7afef91e019d5555686267bbaa9e433a6484c2c07a98442f937e00a0a2016
datasets/skin/acne/final/subtype_classification/train/pustular/dermnet_000183.jpg,996085d1b85816222993365ed354dbe050517c987e24d7ed63af78644742bc96
datasets/skin/acne/final/subtype_classification/train/pustular/dermnet_000184.jpg,5b35843aac99978d4b8f32d13b491c3953b02ca9453bae70a25474cfe16230b6
datasets/skin/acne/final/subtype_classification/train/pustular/dermnet_000185.jpg,e45876f21d74e9fab8836009aa8fd72f33593bef5fa090a76994904b0201ee77
datasets/skin/acne/final/subtype_classification/train/pustular/dermnet_000186.jpg,9efe9f0a7a8fb44ba43acf5cc9cd29ed71cda259ec643f24b01dc59319c64dfb
datasets/skin/acne/final/subtype_classification/train/pustular/dermnet_000187.jpg,6d0e28480e7cd3c670a6ca37884f9b3a4105f3ded36e446b04d7a3673ac36fcf
datasets/skin/acne/final/subtype_classification/train/pustular/dermnet_000188.jpg,9566ca701a84013a978a611ef2759c90ec9873fe85f74f969aa9697b2e4919d9
datasets/skin/acne/final/subtype_classification/train/pustular/dermnet_000189.jpg,4788467311279f4f2e56be1a0976fd871d1824a02b90d9d7d1191e5b0a28cedf
datasets/skin/acne/final/subtype_classification/train/pustular/dermnet_000190.jpg,87bd6fa3a9501851a88eb5f94d2182ff3ecc4f7ad6aaafec874af0f445f7d38d
datasets/skin/acne/final/subtype_classification/train/pustular/dermnet_000191.jpg,b59c0f8249af78284a2bf085ede21d65662830d874012abe192d6018e12b0d89
datasets/skin/acne/final/subtype_classification/train/pustular/dermnet_000192.jpg,a6daa510bc4a76730b82cffbeb007cac51a1e0abecb3411d812db11dca9d1619
datasets/skin/acne/final/subtype_classification/train/pustular/dermnet_000193.jpg,983e1b1ce3fa5187ec930c6b19731d3bb7027184974425398ae9b308d64c23ed
datasets/skin/acne/final/subtype_classification/train/pustular/dermnet_000194.jpg,9ed6e5fe281130a8f7759b455d1ada4caea6632031bc202bafb2e19f1b64b4c6
datasets/skin/acne/final/subtype_classification/train/pustular/dermnet_000195.jpg,78739e6679ab1b0074a9549d505f4393bfaec7bb8625fd88569f8a837769067d
datasets/skin/acne/final/subtype_classification/train/pustular/dermnet_000196.jpg,d1a1f171861463c43eefb9ba5c35b993073dfe00672344fd770ac6883bd56863
datasets/skin/acne/final/subtype_classification/train/pustular/dermnet_000197.jpg,687cbb77e782cc358e40097c04ef557b81de51203d17f6fcfa8480b86638d910
datasets/skin/acne/final/subtype_classification/train/pustular/dermnet_000198.jpg,219bd5827e88b0cb804b64fb39eb6a7380bc84f50156ed0623fcc4f806fd0fb9
datasets/skin/acne/final/subtype_classification/train/pustular/dermnet_000199.jpg,5779485897741248b71b3f31c71f18c3564d486114d397064e72fe2b46a6348b
datasets/skin/acne/final/subtype_classification/train/pustular/dermnet_000200.jpg,c2d6dae975dddf5abc88dfccc5c7bd5b5f92738a110a3186310a23e8c391a73c
datasets/skin/acne/final/subtype_classification/train/pustular/dermnet_000201.jpg,30ad89fb05b35220352bfbeea2ee1d9c71ffad5d5541d89d22305b2e0e341ae2
datasets/skin/acne/final/subtype_classification/train/pustular/dermnet_000202.jpg,96ad3868bf57fa0969e4ad9ed099ba4f70cd767f650b63d1716cfcff3dc48cec
datasets/skin/acne/final/subtype_classification/train/pustular/dermnet_000203.jpg,7c4e08fd95806e868d7f8804eb1cd63400f9c7c9523c2d8f7319550177b46f8e
datasets/skin/acne/final/subtype_classification/train/pustular/dermnet_000204.jpg,d1c5535caeaa1456aff67658ac755a4bed692d7e366c0fcfd3a5f53518e6a904
datasets/skin/acne/final/subtype_classification/train/pustular/dermnet_000205.jpg,ac65934aff679964ea23320e607b8257c74180b939f28c189ef63e59497de166
datasets/skin/acne/final/subtype_classification/train/pustular/dermnet_000206.jpg,346675b11149df371031f87f7e2e56a72d3c5dd1a04a10915261b332c191addb
datasets/skin/acne/final/subtype_classification/train/pustular/dermnet_000207.jpg,dd077464b0b704d7c3c8030cc04e9ed4e483a4ecb035f4ac868184dfeb6c06d7
datasets/skin/acne/final/subtype_classification/train/pustular/dermnet_000208.jpg,5d3431d8b8ccc68d5ed617621f70fbb653c687d3bbb0dab4be7223c52a2488ca
datasets/skin/acne/final/subtype_classification/train/pustular/dermnet_000209.jpg,81fa632413616b3c547d6c5ba1c07e6d5455362bc276581cef86f1e306e9c03b
datasets/skin/acne/final/subtype_classification/train/pustular/dermnet_000210.jpg,ce919bb469743a67ba79cbb71362e0984a3ea32429f7d04dbc711afdb666a168
datasets/skin/acne/final/subtype_classification/train/pustular/dermnet_000211.jpg,e561dc682cde283c4705635ff2aab7f968420d225fb81efc4e4a6f75baa8cb80
datasets/skin/acne/final/subtype_classification/train/pustular/dermnet_000212.jpg,740c5a4c3434441a9d4f6ab547097e73d74ff1478f6b5f9eb8500b597e336bcb
datasets/skin/acne/final/subtype_classification/train/pustular/dermnet_000213.jpg,8f53fd7c085ebcaf8bf20c21ae11b89cee80378bda4d6c7defcea4477c2f77f9
datasets/skin/acne/final/subtype_classification/train/pustular/dermnet_000214.jpg,28ea277b155f8ccb87d00e1594b5c556be726730aaf29dfd8775985a0361c6b3
datasets/skin/acne/final/subtype_classification/train/pustular/dermnet_000215.jpg,26d5ca2624daee16c9f6fcc4e43265c21f6a6d7c4bea8af6203ecd98ef93132f
datasets/skin/acne/final/subtype_classification/train/pustular/dermnet_000216.jpg,c9c59e852648a52eac443e0b5b033b757c1fe570f3d303dcb94b4e504e07be4f
datasets/skin/acne/final/subtype_classification/train/pustular/tiswan_001354.jpg,529bcd6d505fa818e62fdfc3c88fb46a6c202e2dc1a33a045a1b3e57b86f7fe5
datasets/skin/acne/final/subtype_classification/train/pustular/tiswan_001355.jpg,dd81377ca7348c58c8f0f04705260265d6fe9ae6f3a3d9e7a174f01be03fea4f
datasets/skin/acne/final/subtype_classification/train/pustular/tiswan_001356.jpg,c5bc97bb9aadde9a3d2d4954a488a4f33b7c03de22c6a6dcc666850adeccc292
datasets/skin/acne/final/subtype_classification/train/pustular/tiswan_001357.jpg,cd748ed43f99ac44d5434c8bd242801189606aa3567fed2c72539fc7b7d49606
datasets/skin/acne/final/subtype_classification/train/pustular/tiswan_001358.jpg,62f6009bd5511d6300d33fe22a2d29c8b797d6fbb6d27eaca785771ff68aec18
datasets/skin/acne/final/subtype_classification/train/pustular/tiswan_001359.jpg,6437352796d71168c9febb7703fc17b61f8b6bd8c47f10af5a0da00ea00ffb56
datasets/skin/acne/final/subtype_classification/train/pustular/tiswan_001360.jpg,9dd295975a2441936ae513a062d2cd32578f01d3028f3a27aa53c1fae74dcdac
datasets/skin/acne/final/subtype_classification/train/pustular/tiswan_001361.jpg,5692b05ceff9d96d53656d8dcde4660f860e275f833df209126d7b6ef5c20137
datasets/skin/acne/final/subtype_classification/train/pustular/tiswan_001362.jpg,51eaccb21121fb5ee4c5f2d9790b8963e1835f72e2abdb6a47c5acc4890b8675
datasets/skin/acne/final/subtype_classification/train/pustular/tiswan_001363.jpg,6cdf19e591327fb611fb69117cdb033eafb64ff3fb8237ae1b2f832216b3fb26
datasets/skin/acne/final/subtype_classification/train/pustular/tiswan_001364.jpg,c5c38c55b306f80e91c2fcb0c508790f998c7e66df4849ba2220c89d886f66ac
datasets/skin/acne/final/subtype_classification/train/pustular/tiswan_001365.jpg,364323a2c6ecb20b5572d541ee01e657cbbd1fa67a2245beea71b21e403a3212
datasets/skin/acne/final/subtype_classification/train/pustular/tiswan_001366.jpg,e425906c481ba76a966e8fd3d3314f16643e9dc69e23cf163bb043f197b01929
datasets/skin/acne/final/subtype_classification/train/pustular/tiswan_001367.jpg,7e152af6750485647235174b280b48c4f5aaccadab71cef17a5f1175d278c8db
datasets/skin/acne/final/subtype_classification/train/pustular/tiswan_001368.jpg,7faf4728152e1dcae01e2239e17b85e52c72ee8b42f182e813ea50634b319684
datasets/skin/acne/final/subtype_classification/train/pustular/tiswan_001369.jpg,d46b0c9b7fcaaa5bb262debfcb7604bbcd6cde746b5ff61a67fa91ac48df0bf9
datasets/skin/acne/final/subtype_classification/train/pustular/tiswan_001370.jpg,0ec266fb30d876ce57cb583dd289fe07e3337733afef344ede2d4b07ea306d24
datasets/skin/acne/final/subtype_classification/train/pustular/tiswan_001371.jpg,522195f96de7fa5eac3048812e0c05a42b3315681d0c7845a3f29f621207d0c0
datasets/skin/acne/final/subtype_classification/train/pustular/tiswan_001372.jpg,2548d092c2ef5bb25c443129c9584057488d6a55c66021b693afc035de455e39
datasets/skin/acne/final/subtype_classification/train/pustular/tiswan_001373.jpg,0890154f51fb900baa2f84b82634bd30454b7808e87379abf0329234de9fd516
datasets/skin/acne/final/subtype_classification/train/pustular/tiswan_001374.jpg,1b4fe9102252b6e77d8ab24ed9c996f2138105b82b367142964f78fa84c21c85
datasets/skin/acne/final/subtype_classification/train/pustular/tiswan_001375.jpg,25892a2dde29bd94a982d2f630130e30ab453d9204c0db9b9db184c9e51f3107
datasets/skin/acne/final/subtype_classification/train/pustular/tiswan_001376.jpg,483526b034e872f9685d106eb4f58ee3aaa52890879020877ebdcc588aa75d9d
datasets/skin/acne/final/subtype_classification/train/pustular/tiswan_001377.jpg,a879fac36141db888e294e19e546aad92d4392e701909d3b68aa7febf65e318e
datasets/skin/acne/final/subtype_classification/train/pustular/tiswan_001378.jpg,42f7ed649346a2e09f2e818269e6b974fe235fd9866882cf4ac8e9a568c4445e
datasets/skin/acne/final/subtype_classification/train/pustular/tiswan_001379.jpg,59040d54e8f587498cdda7118b83e9557e6b365ed414a8990746dc19b863178a
datasets/skin/acne/final/subtype_classification/train/pustular/tiswan_001380.jpg,e7d42fb3cbe3053060b9e34f1583ac0cd623d79487786fa6796a52a3b8e5485b
datasets/skin/acne/final/subtype_classification/train/pustular/tiswan_001381.jpg,ffe99aeee7835ceb177e4d99e8dd93b65d415cb544b145d6bbefa0b03c5a23df
datasets/skin/acne/final/subtype_classification/train/pustular/tiswan_001382.jpg,556a830e6736aaae8bf0a69265cc5900aa5badbf68663f2d2f3bc185b2334507
datasets/skin/acne/final/subtype_classification/train/pustular/tiswan_001383.jpg,af2fa47646e273e4612c3b328ed2b5b8aefd0f9720763f0889448dba4f0b22e9
datasets/skin/acne/final/subtype_classification/train/pustular/tiswan_001384.jpg,f6ce690eaacb39cf3ea4ee6595d66e00e5767fb8a0b2c6c203f9bc15e300dbad
datasets/skin/acne/final/subtype_classification/train/pustular/tiswan_001385.jpg,49d102476aa4a6c726301180adaaf8751bc71ca704788f4d4ee03b7f3420bca4
datasets/skin/acne/final/subtype_classification/train/pustular/tiswan_001386.jpg,dd7fc4ed9c93aad5bff2d09db0cb5bc79d87b1ff2578a0e9ca7a6c1c700b596c
datasets/skin/acne/final/subtype_classification/train/pustular/tiswan_001387.jpg,5b61e2c39dacc2f4ebf665d97eea79e42f240b91c7c1036e1cd88cea99848e77
datasets/skin/acne/final/subtype_classification/train/pustular/tiswan_001388.jpg,c5dbe3bed0a9ceac6963024ddc8f41bb47465ead3d72897e7117d8c7295c6ba6
datasets/skin/acne/final/subtype_classification/train/pustular/tiswan_001389.jpg,44f995af972fed421602356216416424056900cd0425b311e5dd2ca524604c09
datasets/skin/acne/final/subtype_classification/train/pustular/tiswan_001390.jpg,47ac92d3ce11a8081db1934f38ed812d24ae368e7ad1f74474904684b0843a8f
datasets/skin/acne/final/subtype_classification/train/pustular/tiswan_001391.jpg,a047569e6e47dd31b7c338300685e930347f90ffeace8f8e820ba7e0e5626b8f
datasets/skin/acne/final/subtype_classification/train/pustular/tiswan_001392.jpg,f04bc58b25df56bb3e688b720d54479ca6e84c6ee1b8ccde64515ff3dd8ffaac
datasets/skin/acne/final/subtype_classification/train/pustular/tiswan_001393.jpg,91006b9413aebe345a2b395d36d0f06d5dbd6501f330477909c5dce113a203f9
datasets/skin/acne/final/subtype_classification/train/pustular/tiswan_001394.jpg,9eeab89a9f2c978f7bbd65e2510dd701bfa715eb09b68302f565c9791a8aba5b
datasets/skin/acne/final/subtype_classification/train/pustular/tiswan_001395.jpg,c5f1ba7ed0b8dedb887fc098b81d03bc67efc77d21087825d98ad0c4adab045d
datasets/skin/acne/final/subtype_classification/train/pustular/tiswan_001396.jpg,98ad95a57a48ff8037cad6cbecb5f208cf207dff147e78732d25dfd4076cd0b7
datasets/skin/acne/final/subtype_classification/train/pustular/tiswan_001397.jpg,fd4c7c22b63cb94750f7060903462f53050dfc1b3c5b0d972c87d4b10703f524
datasets/skin/acne/final/subtype_classification/train/pustular/tiswan_001398.jpg,b76c9e6adb49d23234adbc9cf1ea629a5acdc10243045e285fffede0b4f35ecd
datasets/skin/acne/final/subtype_classification/train/pustular/tiswan_001399.jpg,774fcf72decf90e5e3ab62d93435dc4f16a53bb23c10edab2507701e9211c0a4
datasets/skin/acne/final/subtype_classification/train/pustular/tiswan_001400.jpg,37ba2227470d19b76b4ce51fb901836b5bdb7282d1b569537defa3e9e83fad53
datasets/skin/acne/final/subtype_classification/train/pustular/tiswan_001401.jpg,ceacb4dd0b06918411786d3d8038f73e66b03d4e942094b685bdc00453eb5c86
datasets/skin/acne/final/subtype_classification/train/pustular/tiswan_001402.jpg,1a02093fca3e66d5fc325200fac3577ee06ee176725aecd180f4e096d7cb3311
datasets/skin/acne/final/subtype_classification/train/pustular/tiswan_001403.jpg,44a8781cc3f746b1db56b704df4ddbbf4909fd72ce4b8a8a14e6b6e467a93cce
datasets/skin/acne/final/subtype_classification/train/pustular/tiswan_001404.jpg,f35cdcd3da533ee2e6b9fe174948859bbaca246969d9ff34dfc0f14cc4dd377a
datasets/skin/acne/final/subtype_classification/train/pustular/tiswan_001405.jpg,789873f834cba6ddf7a1062de3914587376bd93c7637c84afb4b9d5ed4cc2d5a
datasets/skin/acne/final/subtype_classification/train/pustular/tiswan_001406.jpg,d19c212bad8645f3aed552931515a2dbca5dfa8e992cf6348e7589f6b0c04374
datasets/skin/acne/final/subtype_classification/train/pustular/tiswan_001407.jpg,931079b3139f51213a09e96da9120b5886f916e8719a306a4945b6bfd43ff938
datasets/skin/acne/final/subtype_classification/train/pustular/tiswan_001408.jpg,90a79a047ea8c02efe8e3f46dae3547f8e66e219b12af3c53b392c8d2f26cbdf
datasets/skin/acne/final/subtype_classification/train/pustular/tiswan_001409.jpg,5a27db0d8e16bebf054e8d0a0f9fde49861ea50c243bb2766c446d4e287c4d30
datasets/skin/acne/final/subtype_classification/train/pustular/tiswan_001410.jpg,aacdabb0dd62d0d22c7ab611644773a00c6679b04eec9ed35c4a0dd5c117ada7
datasets/skin/acne/final/subtype_classification/train/pustular/tiswan_001411.jpg,0e21eafb0dc88d0db3f5ddfe37e4f7bb7338dd394b2145ebd8e05b9d37f36b0f
datasets/skin/acne/final/subtype_classification/train/pustular/tiswan_001412.jpg,e4ec61aac74ef1c63a15ebe251790a8f745994a33526262bc3c967065cf21544
datasets/skin/acne/final/subtype_classification/train/pustular/tiswan_001413.jpg,06728aa34faaca2facffc3cc9106f5bbeb90a675b0a8619c2ee1c8495cc06d77
datasets/skin/acne/final/subtype_classification/train/pustular/tiswan_001414.jpg,9a274f3ccb6d0d0057bab0b53a5adc0077b46f9245d6b724b780fcee3d27b73a
datasets/skin/acne/final/subtype_classification/train/pustular/tiswan_001415.jpg,17db2e3baed9fcce9c06faa106a421de9126db7e26604d8b0f47188f84bed82c
datasets/skin/acne/final/subtype_classification/train/pustular/tiswan_001416.jpg,427fa62dccccdcba6b81d5a54461e5b7fd376244449c3c53aaf9847f9b847ecd
datasets/skin/acne/final/subtype_classification/train/pustular/tiswan_001417.jpg,bfd970b410be0ab7b25da46fde88ab4e73e091318105066500b0fe86bf94eff3
datasets/skin/acne/final/subtype_classification/train/pustular/tiswan_001418.jpg,7b8e9677b2f0712c7bb34d3846ae78caf9c35855432e100ba4850645555aea90
datasets/skin/acne/final/subtype_classification/train/pustular/tiswan_001419.jpg,076bd088e5e9c46acca2f07fdf03bd38d8e700f960c882266f0ac8b005f7b2fb
datasets/skin/acne/final/subtype_classification/train/pustular/tiswan_001420.jpg,3b41924b5959315fe86444fbe9811b77c15f14c5649e34a103cdc30e2ebe34a3
datasets/skin/acne/final/subtype_classification/train/pustular/tiswan_001421.jpg,db12b692f57c7f9f525ccfc1b8e3e0a1dafa3d5d62dfba111199f5fdd0bc572a
datasets/skin/acne/final/subtype_classification/train/pustular/tiswan_001422.jpg,f972b5349746c9efc203d01a7f2a1bcf34ac204abd9f83b806287cdb68adb97a
datasets/skin/acne/final/subtype_classification/train/pustular/tiswan_001423.jpg,b44fcf359e8de094da2103415e6c199f733846bdbe5f19644d942247332daa50
datasets/skin/acne/final/subtype_classification/train/pustular/tiswan_001424.jpg,1d3b31cc1d4e331a4bf06fd0fcde3aa3c8b7d37c01e9f193ebbb2bcda7be32c1
datasets/skin/acne/final/subtype_classification/train/pustular/tiswan_001425.jpg,90cb3302516f69e3fc7a7d7eb77a33f2096e8a764ea1b5324e787c977fa9dbbe
datasets/skin/acne/final/subtype_classification/train/pustular/tiswan_001426.jpg,4d7c8249ce14085b5cf4c57f2dd3c6e86e6871be9be636f0662588fcf9db903f
datasets/skin/acne/final/subtype_classification/train/pustular/tiswan_001427.jpg,91f5aa96167a578276633e33474575fa2841938e19672993c24d1e4247ae18c8
datasets/skin/acne/final/subtype_classification/train/pustular/tiswan_001428.jpg,fdd92e61f37b6fbd1c8adb969057eadec49874fcc18c51dd3717a26885301437
datasets/skin/acne/final/subtype_classification/train/pustular/tiswan_001429.jpg,b25f300631181bbbf050fab1e976ebbd394907ea9d085b67693f27381b386418
datasets/skin/acne/final/subtype_classification/train/pustular/tiswan_001430.jpg,dbf9ab787bf27df4070439d970c399d03e012e4c3ce0653aebf46957f1caf80d
datasets/skin/acne/final/subtype_classification/train/pustular/tiswan_001431.jpg,75e9d6afcfe200ba7ff267d938ecfed58691395609d1f5f5fe317cf810d2c536
datasets/skin/acne/final/subtype_classification/train/pustular/tiswan_001432.jpg,1709b1e7b3d04b72e93976ff66086ed5435ff0a2949d58a4c720163f59b15749
datasets/skin/acne/final/subtype_classification/train/pustular/tiswan_001433.jpg,8f7c7bea66cbb3cb7a3febc4bebd13df1bc34dddf07c4dc49c8935dc619dbbc7
datasets/skin/acne/final/subtype_classification/train/pustular/tiswan_001434.jpg,f2a8f28dac8c74f0f5652ac5a34a9283e733b49e301a6d5b87289509ce679297
datasets/skin/acne/final/subtype_classification/train/pustular/tiswan_001435.jpg,302d501b6cef164bc77b01b4fcdb94bc866532a4f0006b1e01b5a2e375de5876
datasets/skin/acne/final/subtype_classification/train/pustular/tiswan_001436.jpg,1620014b92174ef9bc8b2f387ea0d053e484b774990bbcf7490eff48436e707a
datasets/skin/acne/final/subtype_classification/train/pustular/tiswan_001437.jpg,6a3675f04e3d8ae8f1b6c0cd6069932f7976abe3f4b01656f008ec7a7a7931ad
datasets/skin/acne/final/subtype_classification/train/pustular/tiswan_001438.jpg,47dadb94d3578212636d2dd7fc54744653a29cd2345ba6dd25f762046617d840
datasets/skin/acne/final/subtype_classification/train/pustular/tiswan_001439.jpg,68b4c0af54c3262dde7a0edcbd98d2ce47a7f3cd3ac2c9114b05f128d26efdeb
datasets/skin/acne/final/subtype_classification/train/pustular/tiswan_001440.jpg,6b41ce42723a2d61318a07789589067792737ef78701e33f5ec29583d76fa064
datasets/skin/acne/final/subtype_classification/train/pustular/tiswan_001441.jpg,e45dbb78516ae2fd5d3b6ecb15ef23771d13ccc5ce829856aea74a7182b8d8bc
datasets/skin/acne/final/subtype_classification/train/pustular/tiswan_001442.jpg,5bf371330322b8aa5cb51a1f9a9192c47b7bf3e5d7ca1e1ef85e542e6f409f67
datasets/skin/acne/final/subtype_classification/train/pustular/tiswan_001443.jpg,272a5326492d16ad5889aa5129ecd672b7234728a7395ed1bd3184bf3284ec65
datasets/skin/acne/final/subtype_classification/train/pustular/tiswan_001444.jpg,6400b3bcd558a51b29ab7c0fe764cfde9b0299c4c2ede0906e5cf65b5be0d3bf
datasets/skin/acne/final/subtype_classification/train/pustular/tiswan_001445.jpg,87b7bd1cb13430117046c3bc15b15fc11c95bd1ad7d4baf09f31f7480a210216
datasets/skin/acne/final/subtype_classification/train/pustular/tiswan_001446.jpg,c5f5a4ccc88cc30f0527a208a6f7012bac1184cbee43614618b7a1f5a1794097
datasets/skin/acne/final/subtype_classification/train/pustular/tiswan_001447.jpg,6440c3aed099f8884013286426f26a999d512621171c1cd1e4e70659a2f36b5c
datasets/skin/acne/final/subtype_classification/train/pustular/tiswan_001448.jpg,6738a18e194f1194cd2f7011d9d5756f247468de58736dbfc595dfd6aa61ed6c
datasets/skin/acne/final/subtype_classification/train/pustular/tiswan_001449.jpg,78f35c0c0f4a02c265fe08378e3b44140f5b79c2b727411ec96eaec52b7e69c4
datasets/skin/acne/final/subtype_classification/train/pustular/tiswan_001450.jpg,fc496c24228fb36db091ac9eec3029d5ab3b83f3fa418a4599d09e75e533d60c
datasets/skin/acne/final/subtype_classification/train/pustular/tiswan_001451.jpg,75533ca64c5608ed7ce9beaafc2daf5642936b979e274ee4abe9a37dbcde5d2c
datasets/skin/acne/final/subtype_classification/train/pustular/tiswan_001452.jpg,b304494365e28a38dd3d81bac89a19d0ec94c2ace2a968c72cc27f6a12ae8a54
datasets/skin/acne/final/subtype_classification/train/pustular/tiswan_001453.jpg,8064682c97e2c1200e1951ac2a37b96f100e1d762643b6b1ebbdcaafbfd48291
datasets/skin/acne/final/subtype_classification/train/pustular/tiswan_001454.jpg,d78e5eff6df2dca0e86c8f4395a2e62374cc1c7ec6ea824fa94ce64045c41678
datasets/skin/acne/final/subtype_classification/train/pustular/tiswan_001455.jpg,841b1ec38399242a24cafe6ad3d5aecbf72c23cc98d363d904954e705e178aec
datasets/skin/acne/final/subtype_classification/train/pustular/tiswan_001456.jpg,94fce1f462f9327a11bfc8f819604db08995359385679311871a0297aebce9e1
datasets/skin/acne/final/subtype_classification/train/pustular/tiswan_001457.jpg,9af35d5259608dbef2ecdd6f765262f338085a083581f20f1f58ffc637c257e6
datasets/skin/acne/final/subtype_classification/train/pustular/tiswan_001458.jpg,f57865d75b66b60b686966b38fa8f68a5929598e6ba9444041853cf4dcd03112
datasets/skin/acne/final/subtype_classification/train/pustular/tiswan_001459.jpg,b8e5395896f7436da1f3b794a084b30ee2814da5968b1670b59b9b635275ed2f
datasets/skin/acne/final/subtype_classification/train/pustular/tiswan_001460.jpg,3481ac42db49d757ffc5151661c7c538d16b817f4aac0f0baec1edd9745fab77
datasets/skin/acne/final/subtype_classification/train/pustular/tiswan_001461.jpg,b91d3b5dd87289e432484906a697aa8afef6524ee410a1ffc146cb2e419aa2dc
datasets/skin/acne/final/subtype_classification/train/pustular/tiswan_001462.jpg,e3953e530ddb34e96653222aaafef140b6600261319ffefdcb0793458d9403a6
datasets/skin/acne/final/subtype_classification/train/pustular/tiswan_001463.jpg,b1e1b99f795e667f3a29c76cfa062cc162145eb410ca7fe51f2dcaec6e5821ab
datasets/skin/acne/final/subtype_classification/train/pustular/tiswan_001464.jpg,6de6089dcea3de5dc7715b3882db9899d88887cacfc81c890fb13a43e23c8086
datasets/skin/acne/final/subtype_classification/train/pustular/tiswan_001465.jpg,33d9b1891ec1abbe8b562865822e416e73491ca848171f67c650faa8f2191aba
datasets/skin/acne/final/subtype_classification/train/pustular/tiswan_001466.jpg,43f9692585d4ead804b9c7963f1c40bd75bd195779b53813271663022b0525ea
datasets/skin/acne/final/subtype_classification/train/pustular/tiswan_001467.jpg,0eba054dfc129f9c358628a173016eb8d1d667afe959b59f654d77d6ff96a5fc
datasets/skin/acne/final/subtype_classification/train/pustular/tiswan_001468.jpg,6aaa722896d07bba40a38af3ee3c8ff37d7630634d8516994dd08c5cfa3cddac
datasets/skin/acne/final/subtype_classification/train/pustular/tiswan_001469.jpg,bfe239560afcc1e764594ff0df4b6ed976ef5cd5887e33fb69e6a6afecbd0dfc
datasets/skin/acne/final/subtype_classification/train/pustular/tiswan_001470.jpg,907e26c01102ab0b392907d25576dcef3a9a87315f4df1c68aaf2f2ac8d69f64
datasets/skin/acne/final/subtype_classification/train/pustular/tiswan_001471.jpg,241a56820190764b1b00a9b67ced2521c2862b3876dd1b80f7975e12fe7629de
datasets/skin/acne/final/subtype_classification/train/pustular/tiswan_001472.jpg,bd5a5a2d38c22a42833ebcf09ae9df507a426f05c4a6925b8cccaac1e9324473
datasets/skin/acne/final/subtype_classification/train/pustular/tiswan_001473.jpg,99849aceeffc06eecd2fc1a4dd76da795e6df7868a898893f10eebdedcaead0d
datasets/skin/acne/final/subtype_classification/train/pustular/tiswan_001474.jpg,7ef3cdd32530af4d60ca11186ca369ab892bb913577304de7e2b4ed7ba0a0c87
datasets/skin/acne/final/subtype_classification/train/pustular/tiswan_001475.jpg,8bbc588b28106e1892f3b0453d2ba45b44f3b7522cacda582b86b6700537eca2
datasets/skin/acne/final/subtype_classification/train/pustular/tiswan_001476.jpg,127b489a61a4698e7d8808e58acf62c91296f89cbf971a6451e9784102b4514d
datasets/skin/acne/final/subtype_classification/train/pustular/tiswan_001477.jpg,5a942f7e300b2d21564738057d44ee51e7086482023f50bd762970f2a4890a9f
datasets/skin/acne/final/subtype_classification/train/pustular/tiswan_001478.jpg,23376b716939d8c08225cc832777a64e7b88e85b4a7978cbb71ddc5a4678a002
datasets/skin/acne/final/subtype_classification/train/pustular/tiswan_001479.jpg,96e0726ec34230c262d2461cd4da8ba31cd7e3079e921f42a115e2feda388594
datasets/skin/acne/final/subtype_classification/train/pustular/tiswan_001480.jpg,939f7c889f2d522c9f5edb71124dd6d1d9c41d4f0dd3a9c03d0aacb86dca5405
datasets/skin/acne/final/subtype_classification/train/pustular/tiswan_001481.jpg,45f9f63e78d6e5509c8fd59d35eb345aa92cc70aa143e561d83c172fe63d2bd9
datasets/skin/acne/final/subtype_classification/train/pustular/tiswan_001482.jpg,8ee937adcc20b862d741eced3e4ea38febdad6e72da736f1b5a11d74976ea227
datasets/skin/acne/final/subtype_classification/train/pustular/tiswan_001483.jpg,a59ce37a2623e244b1d7eb688ba3ab0195d0f3c25d37236b202e2aec9645ade4
datasets/skin/acne/final/subtype_classification/train/pustular/tiswan_001484.jpg,5736313f4ccb8ec9a558683090207c6fe9614eae9ee77f6702ebe446c9d364fa
datasets/skin/acne/final/subtype_classification/train/pustular/tiswan_001485.jpg,7ce8dd4f5c4f94dd5afae368a059a67a0fa9084f3d9f50fba4b23ac4fcd6d2b8
datasets/skin/acne/final/subtype_classification/train/pustular/tiswan_001486.jpg,5ef103b5b12c843143494f8c2d3569a11388fe4bf7e5fab34b20e6e33975e73a
datasets/skin/acne/final/subtype_classification/train/pustular/tiswan_001487.jpg,c859c15f668269ca64c5228a360aaef90d2a85e7bc74572e95f1bac4c1242dd0
datasets/skin/acne/final/subtype_classification/train/pustular/tiswan_001488.jpg,733a94387c6d61023cce687e69544557b6d5284e0edf0cd1d500501113ddd7a0
datasets/skin/acne/final/subtype_classification/train/pustular/tiswan_001489.jpg,767fa216fba3173cbc70296f4f4ebf41a8776f3798b81c215be9f6e735866f0e
datasets/skin/acne/final/subtype_classification/train/pustular/tiswan_001490.jpg,419858fc4a098ccdbb5b48d7f99a51f23a19addd7db0c7b14769ab03be38abd0
datasets/skin/acne/final/subtype_classification/train/pustular/tiswan_001491.jpg,c9cb0f89e97062035b7a04ad774333a1f761e151944b059a12dbb922027c9b82
datasets/skin/acne/final/subtype_classification/train/pustular/tiswan_001492.jpg,1edac0feb4b4789c1ae416398c479e4d50de9c69461cf6cb3815ea9839037972
datasets/skin/acne/final/subtype_classification/train/pustular/tiswan_001493.jpg,01ccd0a1a5e63a2d19fc4b6e43de8e1b3a7f7b00a78ddd66588b0cb9a4418443
datasets/skin/acne/final/subtype_classification/train/pustular/tiswan_001494.jpg,105915467c58927ce96a32d563399e5d4ef263eb796a26c86c8aa103c6ff5889
datasets/skin/acne/final/subtype_classification/train/pustular/tiswan_001495.jpg,b75f401a6968c106bb776ead614dc80c4e88c11384c4ae2ccc8e96b79edd2c82
datasets/skin/acne/final/subtype_classification/train/pustular/tiswan_001496.jpg,44142341d1e6842d901febcd1bf83e551dbca04a0f45c10e68ccc503b983a7ef
datasets/skin/acne/final/subtype_classification/train/pustular/tiswan_001497.jpg,9a003d092c5c1532e27116d8f69b70133387c55dd10f035a80b5ad648ebc04a9
datasets/skin/acne/final/subtype_classification/train/pustular/tiswan_001498.jpg,dee6ddedabac536766d4110d74d2cca6505eaa40c59fc11a20d3d149545d8596
datasets/skin/acne/final/subtype_classification/train/pustular/tiswan_001499.jpg,3adfb7598692fe319157f8b72fc681a8a65a8fe38d4ef3ff598576cc68ce330b
datasets/skin/acne/final/subtype_classification/train/pustular/tiswan_001500.jpg,254b5f7494cca3486833e166a42157b5298156769e2f75a8e7c089dc1f84df75
datasets/skin/acne/final/subtype_classification/train/pustular/tiswan_001501.jpg,bd87dec60dcaf10537c2b401e831a425c00380c0a5e4dafcaa1aa1e352620e35
datasets/skin/acne/final/subtype_classification/train/pustular/tiswan_001502.jpg,87b2dcb3d60e8f8817354f2a6949b5069d170d1744c4b9104cf0f326910267fd
datasets/skin/acne/final/subtype_classification/train/pustular/tiswan_001503.jpg,ad1ac48270b4ff44faa84c24a8d1575fa7a0db011a1d1c0b5604574e85f515f4
datasets/skin/acne/final/subtype_classification/train/pustular/tiswan_001504.jpg,1a83b615fb68b901db5f41f237998de97c7d50835cf99d1731c31583b4fecc1c
datasets/skin/acne/final/subtype_classification/train/pustular/tiswan_001505.jpg,aed8fda502c0b861afa9a19102d7112ce0ab278099f8144546e3b7aaf76955aa
datasets/skin/acne/final/subtype_classification/train/pustular/tiswan_001506.jpg,fc29e14c94fb4abd5e1b9026a29fcf49287a35d5b5694199a5a7ebf98e85d18c
datasets/skin/acne/final/subtype_classification/train/pustular/tiswan_001507.jpg,e3428d260835953901abd2e0b05f92d54aa9723f59759312b352bb8cced6cd8f
datasets/skin/acne/final/subtype_classification/train/pustular/tiswan_001508.jpg,96dcfdf2b713f9dbe5c1f644be867a16712ce487731c948784dc64c8a2f4b663
datasets/skin/acne/final/subtype_classification/train/pustular/tiswan_001509.jpg,940e1ddd60a5846f6a6db235a99ed1ab927429cf6d82379e0fa1e4e55eb5fdae
datasets/skin/acne/final/subtype_classification/train/pustular/tiswan_001510.jpg,feaeb7ec47fd006710ab7331557c5a9b06976e644822111666610659e5e881b1
datasets/skin/acne/final/subtype_classification/train/pustular/tiswan_001511.jpg,4520e97d2b790751688eec9673973eb6b937f5dc02f76ff19255d3f54dc7a897
datasets/skin/acne/final/subtype_classification/train/pustular/tiswan_001512.jpg,82d794067b08f5702a4fe77890496f9ff158c31b1e4d7ffb1ca0cdb7386ce4d6
datasets/skin/acne/final/subtype_classification/train/pustular/tiswan_001513.jpg,37c1d58e192e8a3a77878182f6aaf59304cfa11e3718ece071166c61f34df6bb
datasets/skin/acne/final/subtype_classification/train/pustular/tiswan_001514.jpg,946c880ad53386f2340ae3f4583c384a8bcc51da1991bb026f93f47ed68aa304
datasets/skin/acne/final/subtype_classification/train/pustular/tiswan_001515.jpg,93df17097b9b2d7dcfb09b99af98d0c7ef4973d7481e9a1f4e7321102660820e
datasets/skin/acne/final/subtype_classification/train/pustular/tiswan_001516.jpg,7c7296a4cf03e3aeb167a380fa6d0d49be7557d4c82a5b0cba06b5f7dfe7cfff
datasets/skin/acne/final/subtype_classification/train/pustular/tiswan_001517.jpg,81ff0c44d046a35cb8b321a8c4ecc7742354de5a96063c7810884212e213726c
datasets/skin/acne/final/subtype_classification/train/pustular/tiswan_001518.jpg,f777120695ba89a538c99e5797aa92dc0d2cba6fc01660fa21bc665b51299360
datasets/skin/acne/final/subtype_classification/train/pustular/tiswan_001519.jpg,c7d5aba7117b3c50222f971172aabf3e5b43f790af28c3feca8c1b91cf99b966
datasets/skin/acne/final/subtype_classification/train/pustular/tiswan_001520.jpg,239317ffa8c10552448fe043e76df07dab90b982916ea7b0ccd187f563e7b828
datasets/skin/acne/final/subtype_classification/train/pustular/tiswan_001521.jpg,1249a438beec795689126cdf5403d01b7747891a54c2a9ee994ff4a159328526
datasets/skin/acne/final/subtype_classification/train/pustular/tiswan_001522.jpg,e45079edfe2956ed6aee4f51bef3de33a1e3a07aa690fbe220f399890e1ed2c2
datasets/skin/acne/final/subtype_classification/train/pustular/tiswan_001523.jpg,2c00a57911827116db7250b5e566b84547197551d2600ed3a1adf8b0159b812e
datasets/skin/acne/final/subtype_classification/train/pustular/tiswan_001524.jpg,9a744ef31db8fe423f43f1d9439d7bec4fa6af8d45f9530b4b5d148dcfe17dfd
datasets/skin/acne/final/subtype_classification/train/pustular/tiswan_001525.jpg,e0a47b6a22cc04ee61b2316b718c6d27211869910b07740cad891cdb35908c5b
datasets/skin/acne/final/subtype_classification/train/pustular/tiswan_001526.jpg,a29994587892f5db3d5d3ea662ce9337073359f0fce35f206229122f0a30a80e
datasets/skin/acne/final/subtype_classification/train/pustular/tiswan_001527.jpg,5fac73895ffd96be16e155958ca93be7f903f8a917f5186108440a8a9bdd251c
datasets/skin/acne/final/subtype_classification/train/pustular/tiswan_001528.jpg,ebd50600f1c1486a8cc4cff5b4dc707835f10c813ad8a0769935218ef7d507f6
datasets/skin/acne/final/subtype_classification/train/pustular/tiswan_001529.jpg,0f8f609bac40fc0f99656ef905221dab9357260f254835b59540bf78757ce497
datasets/skin/acne/final/subtype_classification/train/pustular/tiswan_001530.jpg,9af233809d1ace2c78aa2141822461a3750f75b7fc1cbd1cb316b2eccc4f943c
datasets/skin/acne/final/subtype_classification/train/pustular/tiswan_001531.jpg,441f166fd0cbd822e38f00f86bc40e977f0f7fedf83329203d6acec320cea3cb
datasets/skin/acne/final/subtype_classification/train/pustular/tiswan_001532.jpg,3419da360e522769bb63faa543dd1a5edc44a438e3a9667933c44544566b9ec6
datasets/skin/acne/final/subtype_classification/train/pustular/tiswan_001533.jpg,7f2a78db7109cb90810fc1ace0bdee18f9a9bbc9b5e0af1ff4f9bed7961466ed
datasets/skin/acne/final/subtype_classification/train/pustular/tiswan_001534.jpg,f850ac18507937ba3367e59a65de908effe1769be85f215f75fff28251c20aa6
datasets/skin/acne/final/subtype_classification/train/pustular/tiswan_001535.jpg,a4a5d58c34a2ba281a9e9cd34c7c9f8721e2838ef63426933e03683c7a2cced0
datasets/skin/acne/final/subtype_classification/train/pustular/tiswan_001536.jpg,03a4279a238a0e61318605f7ea6dd0ac2906de213f1f848cb39d28454f5757b6
datasets/skin/acne/final/subtype_classification/train/pustular/tiswan_001537.jpg,9a8465bccb0b13e06ce3089f8facfade429bf7fada6b6a8696f900f1a574ead4
datasets/skin/acne/final/subtype_classification/train/pustular/tiswan_001538.jpg,1b37dc623feff85723fe4f3a35cd5cfa1a361a7bf752cd7bd711ec5c9d1d43d9
datasets/skin/acne/final/subtype_classification/train/pustular/tiswan_001539.jpg,ff2c3b66ab304d6793d40df37bd88751e206c673100ef67f9e874905420ed10f
datasets/skin/acne/final/subtype_classification/train/pustular/tiswan_001540.jpg,c859bee7522b058e52cee33694d454a6b30c60bb2fdf9ff3caa8d2f591f8c66a
datasets/skin/acne/final/subtype_classification/train/pustular/tiswan_001541.jpg,97979e81a3ea98753e95cad4a09030dd0e2e721faeda1255f1115268143c75ff
datasets/skin/acne/final/subtype_classification/train/pustular/tiswan_001542.jpg,84baf9c4bbaf68d4e612fcc275ddab98818ca6a44e8559e3a37f2d011adf21fc
datasets/skin/acne/final/subtype_classification/train/pustular/tiswan_001543.jpg,b333b76ad1007314996b7278a01491bf867936b0fb591984c7318105d8940489
datasets/skin/acne/final/subtype_classification/train/pustular/tiswan_001544.jpg,e73f3a0170c622361f79a035dcfd24a349672ce24b0ec5138728209e05e927c1
datasets/skin/acne/final/subtype_classification/train/pustular/tiswan_001545.jpg,03b6c4f099cac0409f0787d83d1131d6090e3d3196075bd19f960642cd9e14a4
datasets/skin/acne/final/subtype_classification/train/pustular/tiswan_001546.jpg,709c26f5d56e9bcd0289e40340407e827fa36772fcd24c91fe863869acff5da3
datasets/skin/acne/final/subtype_classification/train/pustular/tiswan_001547.jpg,ea8cadfb1a23c1c86265a6204d1ca60c3ea8174d6f842ae328e75d786ea3b404
datasets/skin/acne/final/subtype_classification/train/pustular/tiswan_001548.jpg,f902cb3b71f9e18ac8a78c32be29cca65d677f21c08d66dad58cc1ecd90bac42
datasets/skin/acne/final/subtype_classification/train/pustular/tiswan_001549.jpg,4c3069ef0683009f5070d837aed0250345063843476b66f6909620fe5c695545
datasets/skin/acne/final/subtype_classification/train/pustular/tiswan_001550.jpg,5c9c8e641ba4e2dcc19970e3d9c1ca8a8a025ca5293b0cd78ab238f04f1c05e2
datasets/skin/acne/final/subtype_classification/train/pustular/tiswan_001551.jpg,45627097f918488d310ff45d40733e83c150214b51824546c3328464d30b5680
datasets/skin/acne/final/subtype_classification/train/pustular/tiswan_001552.jpg,f1da7195ad2aa43dc9b135d0ba87fb523c3c40ce8059b46e1d78672f0558126e
datasets/skin/acne/final/subtype_classification/train/pustular/tiswan_001553.jpg,bac946351c31d9f914a1343384c54099a8540ace5acaabc4b89dd9cd377ceecc
datasets/skin/acne/final/subtype_classification/train/pustular/tiswan_001554.jpg,b9b558bfe08ed67f77ad52054cae09b1eb1398370ba3dd45633f871f72650a1d
datasets/skin/acne/final/subtype_classification/train/pustular/tiswan_001555.jpg,98f1a993c36a2e4d12962506c8cb9105db21e3385183433778f9991ba554e0e8
datasets/skin/acne/final/subtype_classification/train/pustular/tiswan_001556.jpg,66cba2d3891c5f54f2d880613e02e21b14ced105b3aa40a3c7303d04f5dc2506
datasets/skin/acne/final/subtype_classification/train/pustular/tiswan_001557.jpg,681b5328003dc79431558826ba0021f0c387ce834bada464592f086e95aec46f
datasets/skin/acne/final/subtype_classification/train/pustular/tiswan_001558.jpg,de6c1d9ff6c5cc58527f0f8564ad3aea029d4bbfc1de59843551a98e8bc8dc81
datasets/skin/acne/final/subtype_classification/train/pustular/tiswan_001559.jpg,318364526fd1e78b7126a79f798ec8ea4592a456eb4e75ba7612ffde755246f1
datasets/skin/acne/final/subtype_classification/train/pustular/tiswan_001560.jpg,171a287be910ae14fc25ecec3a098d716c61c933d25f96c196ada59d843b773a
datasets/skin/acne/final/subtype_classification/train/pustular/tiswan_001561.jpg,032064f75add06fe06dc8d56d37ad3a696f17a696987264f2c07c41319af5abf
datasets/skin/acne/final/subtype_classification/train/pustular/tiswan_001562.jpg,430bf16e8704d1f2170ef7fc54e75d0fa23096a6ed6232ccb5a2c165b4e01207
datasets/skin/acne/final/subtype_classification/train/pustular/tiswan_001563.jpg,ace656496c5df62901925ddeb462d63d00927e4d5cd806806ae0c09ebec975f3
datasets/skin/acne/final/subtype_classification/train/pustular/tiswan_001564.jpg,80f02851bd6e3beb39a59076d8e76fb03e231bc2784287d94433b58d9ffd10c0
datasets/skin/acne/final/subtype_classification/train/pustular/tiswan_001565.jpg,e40fee507d1153391a7783f85d08ed37f3086a6c6272132c61a481ac7f33b753
datasets/skin/acne/final/subtype_classification/train/pustular/tiswan_001566.jpg,3f9b9328e60bcf162935b26602a4a43c20ff99e2ae5cd2a479e0e482efd3ac46
datasets/skin/acne/final/subtype_classification/train/pustular/tiswan_001567.jpg,c3f305d3495df2ad1178f0b931714d1cc1b201b3bd474212ade677226eae780f
datasets/skin/acne/final/subtype_classification/train/pustular/tiswan_001568.jpg,de7bfa51352b2349cdeaf4776b211b5c66a7325e3fd1727b4f0afb8ededb18bb
datasets/skin/acne/final/subtype_classification/train/pustular/tiswan_001569.jpg,f11f95c4cff373febafcab318c931874a0f7a616d39fb4ae2900a77e6bf2d624
datasets/skin/acne/final/subtype_classification/train/pustular/tiswan_001570.jpg,f643fd9ba93e129d1c8ee45d478ce74f49e61d81e6f24c13b7dfd44508d87e73
datasets/skin/acne/final/subtype_classification/train/pustular/tiswan_001571.jpg,603708f12e9cddde1706981d35327d7532ddd5a8ec7b3d781ea2c3a0f66a2d21
datasets/skin/acne/final/subtype_classification/train/pustular/tiswan_001572.jpg,e7b486cabfde37d03b9e1ec515a8ee69ad0beb614841fc59c756461811b5246f
datasets/skin/acne/final/subtype_classification/train/pustular/tiswan_001573.jpg,4f108a9c1dfbb722d22b7d7cc783ed0d196577bbee2094ccf9db2fa4da188065
datasets/skin/acne/final/subtype_classification/train/pustular/tiswan_001574.jpg,2d5872d72136809efd9f01ded8d5f29301b36c9bbf8d7c51a2cea9fb89eaaeeb
datasets/skin/acne/final/subtype_classification/train/pustular/tiswan_001575.jpg,bc1ac3e77c881c76d5d36a03e93d5c7d25efd6ce393c14be592f99d64b887116
datasets/skin/acne/final/subtype_classification/train/pustular/tiswan_001576.jpg,c608f6ae1fcdf8af719a2a8093be12f7b66c7c068f0bc7c13b741cc33b6f5893
datasets/skin/acne/final/subtype_classification/train/pustular/tiswan_001577.jpg,9dbd9cfb2548b9637436ec0493555c8a7c0026c7b8809fb82e1705be6f4c2642
datasets/skin/acne/final/subtype_classification/train/pustular/tiswan_001578.jpg,eaf6e9e3446e1a2ed1c49f4da6633ebf4d2dadbc750e9102b8b70be49ea4935f
datasets/skin/acne/final/subtype_classification/train/pustular/tiswan_001579.jpg,4944caa9ea171323184ac7e430649d8f231b578175d04ebc6000c2aa0252d94d
datasets/skin/acne/final/subtype_classification/train/pustular/tiswan_001580.jpg,5185cef92ebb97fadbef424ac3661f228bb890e9f54a1a170d6539e29e07f21e
datasets/skin/acne/final/subtype_classification/train/pustular/tiswan_001581.jpg,bf6e13b477da2556b03c5e110e55e0c32ff309bfb21b0b6020c3592c4d779d09
datasets/skin/acne/final/subtype_classification/train/pustular/tiswan_001582.jpg,6441b4750ca9619b7f293334ed0fd397df76e25230e30ac07187b1e0f046124c
datasets/skin/acne/final/subtype_classification/train/pustular/tiswan_001583.jpg,497d0cebd4028fbf18b74d3ff0e38513bb8b2ce2fb343bcc5c240ed33b507b53
datasets/skin/acne/final/subtype_classification/train/pustular/tiswan_001584.jpg,5de74efae3a27c347564a834ff327eab35a7caa6182ca59966d336672951c7be
datasets/skin/acne/final/subtype_classification/train/pustular/tiswan_001585.jpg,b3e69aa1590f1639784eebcc8da38631e893675159762dd848d66367440d179b
datasets/skin/acne/final/subtype_classification/train/pustular/tiswan_001586.jpg,6ca63bc2c76999a841e020d23cad14194c47cf5813659f20b7741b01fe56467a
datasets/skin/acne/final/subtype_classification/train/pustular/tiswan_001587.jpg,10ad0b178f277398fd5e8faa743b38c2c824c1723d101067f7875477fccbbf39
datasets/skin/acne/final/subtype_classification/train/pustular/tiswan_001588.jpg,cf005329ad333c0e67722229481c4f04ae6884fc050f59f111490ef09bbdac1d
datasets/skin/acne/final/subtype_classification/train/pustular/tiswan_001589.jpg,6d3b209401830aaa11b756fa60a4bc48d890dd191639274a82d9a9ddfa28057a
datasets/skin/acne/final/subtype_classification/train/pustular/tiswan_001590.jpg,ecaa17afb50a5d9ee6eb05818045dc714f3fdf9998f4b63f889624ee44d65440
datasets/skin/acne/final/subtype_classification/train/pustular/tiswan_001591.jpg,193b5572eb0ffc43f8f155ba6efb03733e2103cd963f617daf42628f4a417765
datasets/skin/acne/final/subtype_classification/train/pustular/tiswan_001592.jpg,49d147589824496081e471b5814fa64b3ddc5a1a8be63332f49ff7ce40f42680
datasets/skin/acne/final/subtype_classification/train/pustular/tiswan_001593.jpg,1df7452675a87efa6963895ec78375b3999e3fe275003c0d1ab6783c1c31df6e
datasets/skin/acne/final/subtype_classification/train/pustular/tiswan_001594.jpg,914bae3da379c2123cf96eac422e3bf36be54691602efa61d5f7537894cc54aa
datasets/skin/acne/final/subtype_classification/train/pustular/tiswan_001595.jpg,3e366e8c9418efb7da56f167af8598146010636a81c9bdc929849013475b9282
datasets/skin/acne/final/subtype_classification/train/pustular/tiswan_001596.jpg,1a08bd023c9aa07567bc7d389235ac507ef2034f3176b26d489b6497314e38ae
datasets/skin/acne/final/subtype_classification/train/pustular/tiswan_001597.jpg,1d86b9e9432bfaca63b194edff2e3507f61a0c632fce33e4705744a33ed20b4e
datasets/skin/acne/final/subtype_classification/train/pustular/tiswan_001598.jpg,0817161b78230b6b9c110927176d3626a4c6b68ff620162eb4657a509ae6a4d3
datasets/skin/acne/final/subtype_classification/train/pustular/tiswan_001599.jpg,140d0e97e4c553e22697625ce510b7f2a1afe52048b424a8e03467cca3470230
datasets/skin/acne/final/subtype_classification/train/pustular/tiswan_001600.jpg,2e5710e065f67521c2ea5300cd6eb77cdd9ee1d6cf4c2f61f7a11bf624947406
datasets/skin/acne/final/subtype_classification/train/pustular/tiswan_001601.jpg,1480994700d8820434c0d52a4ef1aafcd8e1b2d99cfeb1aebb04825bf5e246fa
datasets/skin/acne/final/subtype_classification/train/pustular/tiswan_001602.jpg,37bf72f606552779fcd67da7e63821eb0a3b1ab1bf41ae1024cb3fd5fa327037
datasets/skin/acne/final/subtype_classification/train/pustular/tiswan_001603.jpg,15f4e1d4c518127ad70be89d224c3881ac35240421a64d58c73e8cb4e0ba8427
datasets/skin/acne/final/subtype_classification/train/pustular/tiswan_001604.jpg,997ccb053c803dfacadc63dea1497267ccdcc92f04d00aba0b2e69e28faa72dc
datasets/skin/acne/final/subtype_classification/train/pustular/tiswan_001605.jpg,0214b33602f130f96447afe507f2570482b15c3233304cc13a719b02cb3d0d91
datasets/skin/acne/final/subtype_classification/train/pustular/tiswan_001606.jpg,f90b1fe42923981c6662969f9e735ee99ae26962be726f28a92aa056a788e2e2
datasets/skin/acne/final/subtype_classification/train/pustular/tiswan_001607.jpg,aad418a7646183fb61d187b1a51770b871d088e5609cb62d656fc62651740977
datasets/skin/acne/final/subtype_classification/train/pustular/tiswan_001608.jpg,a1d590ff594823cce615bb50f3e569e7c795d2487d6bc4cb92e37102cb6076b8
datasets/skin/acne/final/subtype_classification/train/pustular/tiswan_001609.jpg,4c7d4460d47dd0bcf391be7de965d1882cb64810ad35b75fb9325fbf68fa8f44
datasets/skin/acne/final/subtype_classification/train/pustular/tiswan_001610.jpg,8045c9356830382d33cb6f0a47c3c62bd193a6718fde203af588644e3440f15d
datasets/skin/acne/final/subtype_classification/train/pustular/tiswan_001611.jpg,bab404ed02e31465881d6e13a230948c7b56fad7ea603fbc238f81486f2ffc70
datasets/skin/acne/final/subtype_classification/train/pustular/tiswan_001612.jpg,3cff0045484cd89ea611b7b05029a9e06b3ab977316f4c0aae27fbcdeac52a68
datasets/skin/acne/final/subtype_classification/train/pustular/tiswan_001613.jpg,6cdd2ef057070dd8a2a4bcb666e2c3f383bd21c68f26cacf67623b33159f4b6e
datasets/skin/acne/final/subtype_classification/train/pustular/tiswan_001614.jpg,2aa6f091f6a382c74b16b46c930bc9241b60ae1e81a1a8eb0c51fa85e47e9cc1
datasets/skin/acne/final/subtype_classification/train/pustular/tiswan_001615.jpg,81f0fe7aa64e658197de63468de80019aa148c1f789a428a8a7de94c191b9bb4
datasets/skin/acne/final/subtype_classification/train/pustular/tiswan_001616.jpg,b06810a2cb944b8a04ab84587694bdf332b258d88e94e198b95026e009a456f0
datasets/skin/acne/final/subtype_classification/train/pustular/tiswan_001617.jpg,a79b3f9402d3b2b213e880cebcf68fa58736b8cf395d93ed4d835abfda796a7e
datasets/skin/acne/final/subtype_classification/train/pustular/tiswan_001618.jpg,07b009067c296725b5ced7c82fac57ed464b9519c0b6236c69b3bd8321c48eee
datasets/skin/acne/final/subtype_classification/train/pustular/tiswan_001619.jpg,5ea211c7d523616a3a3f677cbd6131da55393ecb12eae41c6d2444144f42bd53
datasets/skin/acne/final/subtype_classification/train/pustular/tiswan_001620.jpg,a53fdfe41307d11425c571e5e62bcb7b1450af9fd3e747eac51ef530407b39d5
datasets/skin/acne/final/subtype_classification/train/pustular/tiswan_001621.jpg,6d570c26f7d2fccb1ddffe9394d8dd0f7b7262f3cfbdd1525cef73bd7255f6f9
datasets/skin/acne/final/subtype_classification/train/pustular/tiswan_001622.jpg,95cb946d7ae0d82e54d748891ebe92d556d76c6ab53ace116a52322e9590cb6e
datasets/skin/acne/final/subtype_classification/train/pustular/tiswan_001623.jpg,fa543240c5b7687df30b4af3c916f2f0b1683eeca227b18bbd3380aca7ab6165
datasets/skin/acne/final/subtype_classification/train/pustular/tiswan_001624.jpg,290d221a50a440dcaab1dd6c20bb6003ea3cd3cb6a11e058d7b450cffc87bdba
datasets/skin/acne/final/subtype_classification/train/pustular/tiswan_001625.jpg,9973c45e75cde8aa82e16947781f7c795a8824d090e2cd8e09e9e4fbf98f1b2a
datasets/skin/acne/final/subtype_classification/train/pustular/tiswan_001626.jpg,a128c4b959824a8cb36a8447b140ae3d661a6763ef8b7555d680767e943211fe
datasets/skin/acne/final/subtype_classification/train/pustular/tiswan_001627.jpg,c396a59efd7b494f05a0d36abdee471e6f1131c8c7ed245df959ccaf0f0e59fb
datasets/skin/acne/final/subtype_classification/train/pustular/tiswan_001628.jpg,c723d079d0464cf666bf26689686f17ad1d8f625db11ac9c9a43a63684b3496b
datasets/skin/acne/final/subtype_classification/train/pustular/tiswan_001629.jpg,557b39a09ddbf91c3bb95779963136d82c86d8c162975ded10728c9821612412
datasets/skin/acne/final/subtype_classification/train/pustular/tiswan_001630.jpg,9427ab86915e990069372290ca90dbfe31faf96784a03389992adbdeb6a5b127
datasets/skin/acne/final/subtype_classification/train/pustular/tiswan_001631.jpg,deae04ddb62c212f8e804a378149c2b9d36384bde65f6e8bf2ff788ac43f82b1
datasets/skin/acne/final/subtype_classification/train/pustular/tiswan_001632.jpg,c4337898fceeffbffb79eeaeedecfed7f89bc70b5ec63c9bdccec46c0f96ecec
datasets/skin/acne/final/subtype_classification/train/pustular/tiswan_001633.jpg,372b1d578a8206e565a112e589fa6bfe10c0e3bdd401f305d2f3cdfcece65428
datasets/skin/acne/final/subtype_classification/train/pustular/tiswan_001634.jpg,1f7366f4c5261bf54e1eb83d0afbb422db78b58f16d4e891524bfc7010e45a37
datasets/skin/acne/final/subtype_classification/train/pustular/tiswan_001635.jpg,c97f388b161d22c990055cdfa2f5d2ed860ade976b1f45bc28c7cbf74bc1408c
datasets/skin/acne/final/subtype_classification/train/pustular/tiswan_001636.jpg,151ef378cfe3a22a23212603fddd24000984abfbbf6a279ef2629309207ec56f
datasets/skin/acne/final/subtype_classification/train/pustular/tiswan_001637.jpg,cc0eab4c576ee16a95cbd9ab978f8a3274c24bd6838c4bb1acf514a26c653c70
datasets/skin/acne/final/subtype_classification/train/pustular/tiswan_001638.jpg,6bea847712c66dd12051036efe338cc52238a79141895732dca50018cbc980fa
datasets/skin/acne/final/subtype_classification/train/pustular/tiswan_001639.jpg,92d38dc8f6d88786cfcab353f29402ad7d47d6c05f361fe41a8bd18908c305e1
datasets/skin/acne/final/subtype_classification/train/pustular/tiswan_001640.jpg,707a2681b6808b3c56b5e40f7cb74f93f32ae70407e1917e63f8e47b03b8a6fc
datasets/skin/acne/final/subtype_classification/train/pustular/tiswan_001641.jpg,7fb5466cc67b019d8f347b1b2f18482af0026a4430477435fa5eb493c733f9e3
datasets/skin/acne/final/subtype_classification/train/pustular/tiswan_001642.jpg,c2559f7607bf53aaf816d358c31dccf27a700fbaa7ecfe1cb7e5eb02322044cd
datasets/skin/acne/final/subtype_classification/train/pustular/tiswan_001643.jpg,87bfe903e57e5a8ee18bf083ee590af0d3fa95cf5b233f437b2f6fec04d84108
datasets/skin/acne/final/subtype_classification/train/pustular/tiswan_001644.jpg,c0405875ab80885373c9a6ad3285941ec34761c8b1d9216fde6f7faec544d0f3
datasets/skin/acne/final/subtype_classification/train/pustular/tiswan_001645.jpg,4a09dcb2280399348a87ac121eab9ed141cdc52c3c936d7feb29aed5539c1d7d
datasets/skin/acne/final/subtype_classification/train/pustular/tiswan_001646.jpg,0fa85735d41944ff5180365620a1fea3f9fe820222e3653193b4c14c7d9092de
datasets/skin/acne/final/subtype_classification/train/pustular/tiswan_001647.jpg,57d3369efaf3d633b49eaa376b93d8027c5308276f719fb3d6e0da3e7bd81c8e
datasets/skin/acne/final/subtype_classification/train/pustular/tiswan_001648.jpg,a46012ef857b6f99c83ba83861c4445b52ca476e63dabb92b585cd3de4d39b26
datasets/skin/acne/final/subtype_classification/train/pustular/tiswan_001649.jpg,1dfaa9c2a2e2c4d28da78c4aef7ea30dd20583e128014b782bc45a5b50661018
datasets/skin/acne/final/subtype_classification/train/pustular/tiswan_001650.jpg,10a8f6329fdc1fc3bfc2ebe52949a1dc3cf407c8bc38cb2414b9f7cc7d95b5cf
datasets/skin/acne/final/subtype_classification/train/pustular/tiswan_001651.jpg,48d861d4d22ded4e8196b495298dd9335854672ed0dd9efe055edc800d48f2de
datasets/skin/acne/final/subtype_classification/train/pustular/tiswan_001652.jpg,66d06ede695659a904c6cbc7b4626e2458f8e6023aa9aa6835cc055f8a9b78ad
datasets/skin/acne/final/subtype_classification/train/pustular/tiswan_001653.jpg,459f0c7a7ab12611f2a892965f05aa50bffab88d57910b2d66afe22e0fbfe096
datasets/skin/acne/final/subtype_classification/train/pustular/tiswan_001654.jpg,04d5da33eced529010cec88daf78f9a7a2471495f17a9cfa657fe39b2cec025e
datasets/skin/acne/final/subtype_classification/train/pustular/tiswan_001655.jpg,22f842e19febee65816628e108d8954ac820e77fe1e0303118892274724bfc40
datasets/skin/acne/final/subtype_classification/train/pustular/tiswan_001656.jpg,2e1ffef93452fc4198c10cd5c3a44d402413da56c36d0bc49235fdb4420e1fe4
datasets/skin/acne/final/subtype_classification/train/pustular/tiswan_001657.jpg,866050765c12f2799680f0e4bb2a67fec9a4dd8e7025f521ab3a978ddee29047
datasets/skin/acne/final/subtype_classification/train/pustular/tiswan_001658.jpg,4d3330643656ae43d463cd1944f8105b2aa44543f6463608dbe4d83cb7fe152f
datasets/skin/acne/final/subtype_classification/train/pustular/tiswan_001659.jpg,ab50288f37ebc3b33b3ac079e07d0683bd5b2ceb2167a36bf9081392fc063501
datasets/skin/acne/final/subtype_classification/train/pustular/tiswan_001660.jpg,f0ccded8c22f242ad016dc76c9ec487d1c1352bd8ee1f775f7c3a9c7941d93dc
datasets/skin/acne/final/subtype_classification/train/pustular/tiswan_001661.jpg,7c775cea73acd48648ac7f1263e5b71e1ed1aa6d6fddcaf851eb198cd9a3ce05
datasets/skin/acne/final/subtype_classification/train/pustular/tiswan_001662.jpg,45f4d7ca5a22cefd86db10c3066a567854bf68e7fbdbc91f2192b3ffb51a5856
datasets/skin/acne/final/subtype_classification/train/pustular/tiswan_001663.jpg,fa6bfbf6158c6e2a759c4af66dc537249f26a98efb2cffdb07bed0e734d1937e
datasets/skin/acne/final/subtype_classification/train/pustular/tiswan_001664.jpg,5aa27cf6650bd1c589e79a8ffc6c7b7917fa8f3245a765840de84d919873a4e7
datasets/skin/acne/final/subtype_classification/train/pustular/tiswan_001665.jpg,abd7f6e90ff795997f760623fcf4b05ba92d66a985f0ce9720092e2195b22ffd
datasets/skin/acne/final/subtype_classification/train/pustular/tiswan_001666.jpg,6ac9417829787c4ecb5822e2e7c2d43a51c9f3444e81ec190d208c5519c2e9d4
datasets/skin/acne/final/subtype_classification/train/pustular/tiswan_001667.jpg,fd5d08932283da76cc77ca80f7637a8c04b7b0cdf6c4f4f17e467fd20592e59a
datasets/skin/acne/final/subtype_classification/train/pustular/tiswan_001668.jpg,4aaa9c4d82c920a69b78fb9f971fbe2295c8f8c55c96838de19e9e570dd65181
datasets/skin/acne/final/subtype_classification/train/pustular/tiswan_001669.jpg,9f6b54214867e2e6926b5dd4ae2ad6588719d530f37e4297af3e09816610d88b
datasets/skin/acne/final/subtype_classification/train/pustular/tiswan_001670.jpg,131dc9006da6666169130aa867194df668da35d4282b02d5c176c54e02f49726
datasets/skin/acne/final/subtype_classification/train/pustular/tiswan_001671.jpg,a49726cdd8ef0d3f0b31fc68e9d221328fe5c4f0a41f92693315e6498f7387a8
datasets/skin/acne/final/subtype_classification/train/pustular/tiswan_001672.jpg,0b7dfc38b32d989d3d9fe41368038c60d61c7fd70aae17401f63ce1ef88800b6
datasets/skin/acne/final/subtype_classification/train/pustular/tiswan_001673.jpg,f3524dfb824a9aa879483c6a33fa70d748b6003fa01835e67d0a7ac9c653292d
datasets/skin/acne/final/subtype_classification/train/pustular/tiswan_001674.jpg,8323598ad6da37a8eceabf68be37d6265225b01b9a47c76228a2f7631785b0fd
datasets/skin/acne/final/subtype_classification/train/pustular/tiswan_001675.jpg,8c7270ebd2496b597e23749ecde8924e5b33dd81c3683c7ae8c1f4fbcbbe2123
datasets/skin/acne/final/subtype_classification/train/pustular/tiswan_001676.jpg,bb22fb9d7e14cfcbb6112dd8f71fa863f1ad5725c0ba120e912b811b5dd958cf
datasets/skin/acne/final/subtype_classification/train/pustular/tiswan_001677.jpg,b436bdeea10d98e8f0a2b9539c4f00e95d756a218ceff581f292c85c27493758
datasets/skin/acne/final/subtype_classification/train/pustular/tiswan_001678.jpg,7fb8bd954e62b139ba6bdd4c3b9e2f8763d5f8cf6cbebffc4ed0acae16620c5d
datasets/skin/acne/final/subtype_classification/train/pustular/tiswan_001679.jpg,6bdd0a14eb8dc70909e03e5447b6590378bdd6be025e0c88d68c9ea812bb4e89
datasets/skin/acne/final/subtype_classification/train/pustular/tiswan_001680.jpg,3d5287b021aa5c180077d5628dfd1da60fc99a0aa7099861b63cc204c5ef59b3
datasets/skin/acne/final/subtype_classification/train/pustular/tiswan_001681.jpg,cceee335ca25a28fb5a7ee97b9a962036af70692dfb06d2ff1e3083b66482083
datasets/skin/acne/final/subtype_classification/train/pustular/tiswan_001682.jpg,e9f622b3a41fda765f40128063e21a3d546831fb45b3f2fcbf10f2ea7acb8f21
datasets/skin/acne/final/subtype_classification/train/pustular/tiswan_001683.jpg,1ed9d0be2554c04e5d5ce48ee521c8c2fae63521ef7fbbc0a00be0c3f170e499
datasets/skin/acne/final/subtype_classification/train/pustular/tiswan_001684.jpg,ba9fbe5110683d2339304d43fc4a2539ece9094075129c0ac142ff87490ee569
datasets/skin/acne/final/subtype_classification/train/pustular/tiswan_001685.jpg,34bcccf31914303976c4a27908767f36dbae203e37657bc04692a30b0a89b24f
datasets/skin/acne/final/subtype_classification/train/pustular/tiswan_001686.jpg,b21591de0bb9a6ec666704648ef330a3b46f1a58f438479fec69e79740c954c7
datasets/skin/acne/final/subtype_classification/train/pustular/tiswan_001687.jpg,94d1daba21c128f908c52d99e9decf57fa7450069d093318f6dac325962701e3
datasets/skin/acne/final/subtype_classification/train/pustular/tiswan_001688.jpg,d0c64ce21d7954a934ea28bbfa21fa7085bcfb20ea17621d8040cc957d06bc8b
datasets/skin/acne/final/subtype_classification/train/pustular/tiswan_001689.jpg,6b81eeb3af138f063894b077f952b6cd9498a2a2295fb8250e14c9b572cb90ad
datasets/skin/acne/final/subtype_classification/train/pustular/tiswan_001690.jpg,3a92ea7812b12ba74ce54ecd70f02e6326299619aa291ee914d5597eb6293b23
datasets/skin/acne/final/subtype_classification/train/pustular/tiswan_001691.jpg,17de487ad3bfb4eb1841217a9bb7f8e773d622ae0fb824e6636e06fde2759bdb
datasets/skin/acne/final/subtype_classification/train/pustular/tiswan_001692.jpg,b4c0ba798ac641093e82211d702cb221b89b3523a6cf35ec557a6320078b763b
datasets/skin/acne/final/subtype_classification/train/pustular/tiswan_001693.jpg,82d3f91b289451e3f2ed7e98f9f801ff62d5f97c2b5c86dd3098ab39c61ba77c
datasets/skin/acne/final/subtype_classification/train/pustular/tiswan_001694.jpg,183d92e2e2a01ccde9d9cf35171ba69cb14dc4cb9a32eb5944ae2aade4f24d8e
datasets/skin/acne/final/subtype_classification/train/pustular/tiswan_001695.jpg,d2222e109d845ea30cf7420f4069e1fe07031667b38632a9e8b3be26ca6ad70d
datasets/skin/acne/final/subtype_classification/train/pustular/tiswan_001696.jpg,8389dc99cfa2b4fe03c8cb9971a3202987b7d4b46f17d24dcdc6a100022c8066
datasets/skin/acne/final/subtype_classification/train/pustular/tiswan_001697.jpg,2fa55770e85c245385fdff1b1a7f237870e81bb47c7d4dad8c17bcf4f178f8b6
datasets/skin/acne/final/subtype_classification/train/pustular/tiswan_001698.jpg,a57cc93844aca3cabf780e9311f2a5c1b34d6e019d9266ff440e66597f781579
datasets/skin/acne/final/subtype_classification/train/pustular/tiswan_001699.jpg,d88eee6c63d99c46297aa0a86fd9b6b085efce382b424dd9d89fedfad46f1aae
datasets/skin/acne/final/subtype_classification/train/pustular/tiswan_001700.jpg,5e094c6bed59485dbe567cbf39c3215bf457061ac6fde16b89f049d4638b99f6
datasets/skin/acne/final/subtype_classification/train/pustular/tiswan_001701.jpg,2e2b13b54f4a6f74a443be80f63d491ab6ec30d4571d80b92e01ae467d751c9d
datasets/skin/acne/final/subtype_classification/train/pustular/tiswan_001702.jpg,b40063e5d4bc652c887c97ee3f96a1efcec33dd870e5fda1da846472d956c056
datasets/skin/acne/final/subtype_classification/train/pustular/tiswan_001703.jpg,5ca1a2df4f06b4cc519dee04e171c64c171704a4224163b7bbd5ec2331f916f1
datasets/skin/acne/final/subtype_classification/train/pustular/tiswan_001704.jpg,0ab748ca7c0350cbac20a1200a549d0b7a42b5c6c8c1ffe6e1283ce8b57c6284
datasets/skin/acne/final/subtype_classification/train/pustular/tiswan_001705.jpg,b9c84f9dc12b6aa0b74cfb9cedc619816d82019ca0d3ccdd203c6226dd7a9fd9
datasets/skin/acne/final/subtype_classification/train/pustular/tiswan_001706.jpg,2a99d82e163159d5b5ff7cf6d4fbae51641a4ba5c02df381677c0228a78514d7
datasets/skin/acne/final/subtype_classification/train/pustular/tiswan_001707.jpg,b01052999e88cdfc1eab080346576c217a8ecb20e7b9d001889f217fc6cf678a
datasets/skin/acne/final/subtype_classification/train/pustular/tiswan_001708.jpg,87c0474d83af79d6725abd457ad0f9956b6721c8bc7bcd29f30aa41b2c07cb94
datasets/skin/acne/final/subtype_classification/train/pustular/tiswan_001709.jpg,638bf71c8b65f9f0e9fa233d43d17f5f23d0a7c49edb580af0cc8b0d84877feb
datasets/skin/acne/final/subtype_classification/train/pustular/tiswan_001710.jpg,f3f62211035c5536439039ed3ea72d7b3f42d8980651a2f0197defff09a9cdd9
datasets/skin/acne/final/subtype_classification/train/pustular/tiswan_001711.jpg,2d2603263903f996380f7bf62d6694ee9bf324ce7a43aef58016dd9bdd8bb553
datasets/skin/acne/final/subtype_classification/train/pustular/tiswan_001712.jpg,f19508db937689ae5c1ac1c562b566c3ee77daad45068a6b7113d89770f57ce8
datasets/skin/acne/final/subtype_classification/train/pustular/tiswan_001713.jpg,14e8614173e87eb07eb83060d9130cf52a9b5401899f088e254401e54a8cb02f
datasets/skin/acne/final/subtype_classification/train/pustular/tiswan_001714.jpg,10a23df51987cd3168c5bedab65e8d4757ae3c79771ef8c81db2d5e4aa1fcf75
datasets/skin/acne/final/subtype_classification/train/pustular/tiswan_001715.jpg,71200d29cc74438ff5b8403573e1e368df8a81c4103bbe0b3e7275e932fc44ba
datasets/skin/acne/final/subtype_classification/train/pustular/tiswan_001716.jpg,b18485982f7255f3541eec1e6fcd641cf557c4ab1d3296c70c53b1d8ddaeb6c0
datasets/skin/acne/final/subtype_classification/train/pustular/tiswan_001717.jpg,dfe46d912092fc52d3f7fa8a36e63b7f3aa70fbc9ca851240de998e997969784
datasets/skin/acne/final/subtype_classification/train/pustular/tiswan_001718.jpg,5788fa3de578308947ae431dc529288d1501f4c3018d50c596dc24eee0079dac
datasets/skin/acne/final/subtype_classification/train/pustular/tiswan_001719.jpg,1f9942c87ef69b2e0a9625590dfc4c94a51f12a37c9303a6a897b290e5757c72
datasets/skin/acne/final/subtype_classification/train/pustular/tiswan_001720.jpg,7414b876aa378b4db33729080ed205d54fa5f2102945de5994c3fba2242128f4
datasets/skin/acne/final/subtype_classification/train/pustular/tiswan_001721.jpg,66400358ba7b4a1a8114e4215a1fb044788396b6ccab61ff906143852068f38d
datasets/skin/acne/final/subtype_classification/train/pustular/tiswan_001722.jpg,1cb2002d59a53f4526b9f31c8f20b063befbfe59821d7536f4487ecf8fe8674a
datasets/skin/acne/final/subtype_classification/train/pustular/tiswan_001723.jpg,e437db33fdc68e9e6b344063a2e566038550e837d16ee84e570ccc86a7239fa5
datasets/skin/acne/final/subtype_classification/train/pustular/tiswan_001724.jpg,a151798a13cba099de60e2ed135dec10d37229b007f4a6056e3aa2557e980535
datasets/skin/acne/final/subtype_classification/train/pustular/tiswan_001725.jpg,b098ab03c49fbb798ff27cf6e4aa6d93ad98080b04a83decf172e9b2d105090a
datasets/skin/acne/final/subtype_classification/train/pustular/tiswan_001726.jpg,4734daf6c787aa94c09a27a529f807cf6032fe25415c6fd3fbb01722d843710e
datasets/skin/acne/final/subtype_classification/train/pustular/tiswan_001727.jpg,d47c1801866da069f346a2dc680032b7484db3b0578faee7ce44776d8641ab53
datasets/skin/acne/final/subtype_classification/train/pustular/tiswan_001728.jpg,29d921898ce6e5ec8bee0684a887fbcc55364a08f8188c5940f8afacc8f27557
datasets/skin/acne/final/subtype_classification/train/pustular/tiswan_001729.jpg,94d96eafafe6a86080946a6e3532895b339d7cc9bf9236286ab71770c4be19b9
datasets/skin/acne/final/subtype_classification/train/pustular/tiswan_001730.jpg,3b4c86759a6c90ced5765a03ac73692f89d50251e0a3a427ef9f905a85833049
datasets/skin/acne/final/subtype_classification/train/pustular/tiswan_001731.jpg,0a28a1e82fd601e713b6bb8569bc4d37f8ff1f5c28f034c061c531e32ed48ddf
datasets/skin/acne/final/subtype_classification/train/pustular/tiswan_001732.jpg,7bde8dbce909bca7c332e24da36439162783730e7b4a4eae60f69336359dea57
datasets/skin/acne/final/subtype_classification/train/pustular/tiswan_001733.jpg,f6a90fe73f221702cc86b374f341513021ca55488fa1aea2e3d31e2f0f6b1152
datasets/skin/acne/final/subtype_classification/train/pustular/tiswan_001734.jpg,0c7118a61924aeede55288f8c19e343ac4463cb2d9605a29f331d3dedad62312
datasets/skin/acne/final/subtype_classification/train/pustular/tiswan_001735.jpg,889ca17d737048207992043b8aaeda04cd89476590fbd71cfa10549dc7e058f9
datasets/skin/acne/final/subtype_classification/train/pustular/tiswan_001736.jpg,291d2b5ba28a5b0eb056d3c550ccf4540d3220a10c46d9105bf7f557ee009e56
datasets/skin/acne/final/subtype_classification/train/pustular/tiswan_001737.jpg,c6369ce2bac83ef79cd6663834657505b94bc6c7595ee8e81e7da432269b2524
datasets/skin/acne/final/subtype_classification/train/pustular/tiswan_001738.jpg,0e6d6f1f362b58ae60065252e7553c985823bd3b0f2f4e69f99ed45d3c55b5f7
datasets/skin/acne/final/subtype_classification/train/pustular/tiswan_001739.jpg,4fe097fdbf3bcb318cb95350ff5e25e53032fe4d81d1f71997a1ac95b32d9688
datasets/skin/acne/final/subtype_classification/train/pustular/tiswan_001740.jpg,987730c9acf9304f4c7e4ebe7dcc1f8cbceb61fac8a419d6a4b0b0626c97f574
datasets/skin/acne/final/subtype_classification/train/pustular/tiswan_001741.jpg,38f229fc519c49a4a9dc7c57f4797a57250756b147e0ed1d6a9850d78c68785c
datasets/skin/acne/final/subtype_classification/train/pustular/tiswan_001742.jpg,60b1449aeb998bb6f64cdbc9bb64cfd491aa7a624801a99c15c849f2293ab5fd
datasets/skin/acne/final/subtype_classification/train/pustular/tiswan_001743.jpg,1f4174a13045eac8e314b91367bdbe9e853c91a4207abf72a68c67bc2457fc67
datasets/skin/acne/final/subtype_classification/train/pustular/tiswan_001744.jpg,68e0c74a6f2278293b30d2b51715e7786fd7b2e2c6ba8624d51110fbb3184909
datasets/skin/acne/final/subtype_classification/train/pustular/tiswan_001745.jpg,e9855d528bd9ea4c4a334e531df79827dea04acbfa1dbc08a9d961b146b31fd1
datasets/skin/acne/final/subtype_classification/train/pustular/tiswan_001746.jpg,27dcd5605a2f29c181cd616a8dfed6f25be57e2561905f687a3546966b5b076a
datasets/skin/acne/final/subtype_classification/train/pustular/tiswan_001747.jpg,fcd30e21bb1e31b845dcf777de8cabb450a9f38b7fb5fecc298ff04cf5164e7e
datasets/skin/acne/final/subtype_classification/train/scar/dermnet_000217.jpg,fee6c8cf7389fc3848fcf15512562cb385eb2ef1ae352a9a7189eaf0e7204e80
datasets/skin/acne/final/subtype_classification/train/scar/dermnet_000218.jpg,70d42cea67b059c8f5eaae75a237e84676c2caf761627a344c8fc4a63367776b
datasets/skin/acne/final/subtype_classification/train/scar/dermnet_000219.jpg,17265bae4349a3ad1b906f8d91d73c531f3f888c6eb4c668e52546fd0ea8f127
datasets/skin/acne/final/subtype_classification/train/scar/dermnet_000220.jpg,dca64dc065e92f0c31b91b31e92604a8236a32cc606749e39daa4211e3349336
datasets/skin/acne/final/subtype_classification/train/scar/dermnet_000221.jpg,f704901a3c6886b6ede05765ffa5ac4527431524bf058b587c6a6a9cf86a64c0
datasets/skin/acne/final/subtype_classification/train/scar/dermnet_000222.jpg,32c00255baafe1c02bbda5db142000cef695a0e0020d199a7c3be195050a8951
datasets/skin/acne/final/subtype_classification/train/scar/dermnet_000223.jpg,ea87ea5e296ad7b42788dc2c9d7cf57ac10f794bfea89734686fe18e6160eff5
datasets/skin/acne/final/subtype_classification/valid/closed_comedo/dermnet_000224.jpg,d5c916094f79bb919fd5b4e242d28005ace932b0241000b969b6811d33901467
datasets/skin/acne/final/subtype_classification/valid/closed_comedo/dermnet_000225.jpg,d8c6fce1a102049a79ecefd978fff0985759bd64cda47e879c0f435417fd5822
datasets/skin/acne/final/subtype_classification/valid/closed_comedo/dermnet_000226.jpg,8a4fe5d264a88d1011084a4d6acff193663fec37ff5378d0029aa0983da8ba9f
datasets/skin/acne/final/subtype_classification/valid/closed_comedo/dermnet_000227.jpg,4a6710d842946617201e59aee17b8d0b0c96ee8213c258dd72b4fc9252777c5e
datasets/skin/acne/final/subtype_classification/valid/closed_comedo/dermnet_000228.jpg,78f25cd845f48273432afba4b7ad0c7a92f44a16c198492b7e77c9bddbda8952
datasets/skin/acne/final/subtype_classification/valid/closed_comedo/tiswan_002216.jpg,88bfb3d425940d686a95c5c3e9f5f9c70431fcbef72ae780c9de1f95eb966335
datasets/skin/acne/final/subtype_classification/valid/closed_comedo/tiswan_002217.jpg,0b60e6442455a3cc14993b66a1249a64ea7b718a76995c2a6cc37f9174f308e7
datasets/skin/acne/final/subtype_classification/valid/closed_comedo/tiswan_002218.jpg,485c7a09a783acb3c01397a85c97ac3ff6a368b1897b262c820b6471a407b7cd
datasets/skin/acne/final/subtype_classification/valid/closed_comedo/tiswan_002219.jpg,23acdee558ef8f7c008992a2772afc56d803b7bc118eca0257fddf047c613413
datasets/skin/acne/final/subtype_classification/valid/closed_comedo/tiswan_002220.jpg,ef9a353570d6cd132f5064b47cba06ec0842132289ae27d95bddfa4da6a79622
datasets/skin/acne/final/subtype_classification/valid/closed_comedo/tiswan_002221.jpg,cc7bf88399c586308297abc1fd9990dbe00664cae9380c26f171a6b222b7f277
datasets/skin/acne/final/subtype_classification/valid/closed_comedo/tiswan_002222.jpg,930014ccdfc08b160252b2919d681032d5c575f0382cad7b15bc76caf890e8a6
datasets/skin/acne/final/subtype_classification/valid/closed_comedo/tiswan_002223.jpg,756d350be7251735a7724d2470c760598e09dfcb61ea6e93201a878b20e69d6d
datasets/skin/acne/final/subtype_classification/valid/closed_comedo/tiswan_002224.jpg,e3d6c7812dc4163b247369b97af1cae7d276247eb026ef65d32548fc7d7c8bd7
datasets/skin/acne/final/subtype_classification/valid/closed_comedo/tiswan_002225.jpg,3f392ffce3779c95dd8729badd720b54abdbd012b04a8b32d4ed789d6bdda53f
datasets/skin/acne/final/subtype_classification/valid/closed_comedo/tiswan_002226.jpg,cf7bec21a23d17b7722776e613d88ceb371474ff02cc1ceea3e597df8d36bbdf
datasets/skin/acne/final/subtype_classification/valid/closed_comedo/tiswan_002227.jpg,f85769b7584620e1d184739fcb12291cb8f8544a499979a69dfbc44babe24014
datasets/skin/acne/final/subtype_classification/valid/closed_comedo/tiswan_002228.jpg,be28e919421f6ec73b69c4de1d4ae88195e04651ac26515963f1a8be210c88da
datasets/skin/acne/final/subtype_classification/valid/closed_comedo/tiswan_002229.jpg,e6cfbae72f21e52d00f171915d949c79eef40813a3523c2c3d5f4a7aa16e1e75
datasets/skin/acne/final/subtype_classification/valid/closed_comedo/tiswan_002230.jpg,241b755f91fb1913e8c4c2baf3b4d3cc6295c4c8db57c86bfa2e3620e20e102b
datasets/skin/acne/final/subtype_classification/valid/closed_comedo/tiswan_002231.jpg,1fcc6e2ce1ab4e10c7813cf583ef0e81ba8bdac9f1bcca98cef1949f036b0af1
datasets/skin/acne/final/subtype_classification/valid/closed_comedo/tiswan_002232.jpg,b439f04afaf41791fa8843a8955cb4ea2d6eae5f9aef50a4956eb5db4f46bd2e
datasets/skin/acne/final/subtype_classification/valid/closed_comedo/tiswan_002233.jpg,ee20020942821999aab99cdc801f30647a1a260d922c42a021d5b16f091e83bf
datasets/skin/acne/final/subtype_classification/valid/closed_comedo/tiswan_002234.jpg,a3a0d418995e98cb078129ebd7dfcf151553570f7b6e3a46c11dc8c25bad8f77
datasets/skin/acne/final/subtype_classification/valid/closed_comedo/tiswan_002235.jpg,55cb58d28f7f13c046bc2f47f3f506c7b4d39b1848c89052e7a099f04680c5a7
datasets/skin/acne/final/subtype_classification/valid/cystic/dermnet_000229.jpg,dd6a83ee7fa8aba6559b6dd9ac4d273b8de73aa1e4db6baa7b59afb6c5b45706
datasets/skin/acne/final/subtype_classification/valid/cystic/dermnet_000230.jpg,7528ca8cf65fd639330341daf68eff1e175d30c0182e0ad9c9e5b77bf3f86485
datasets/skin/acne/final/subtype_classification/valid/cystic/dermnet_000231.jpg,0bdfc82300826fc86ef9e6d3d80563add4457a230c7a44e8eb99094d916d5a68
datasets/skin/acne/final/subtype_classification/valid/cystic/dermnet_000232.jpg,86a99609e178a157a867d02e6cc4235bd90f69fe692d019f3277bba75adf662c
datasets/skin/acne/final/subtype_classification/valid/cystic/dermnet_000233.jpg,5fb06db2271706ed923177340debf4f20614435e2025f79a453a4ed686cc7e98
datasets/skin/acne/final/subtype_classification/valid/cystic/dermnet_000234.jpg,7235203e361f244b8ed193e97fe36e7ba4ca6189b8a702548f9cccc3d833361d
datasets/skin/acne/final/subtype_classification/valid/cystic/dermnet_000235.jpg,ad5473fbeb225c9e5d5e5c81a21864f3a5d398fcdc3d4a5a3026dc7dae403268
datasets/skin/acne/final/subtype_classification/valid/cystic/dermnet_000236.jpg,3e01de48dbb573e65704044c790e402c99c67b850b0ea944389482bd3a493696
datasets/skin/acne/final/subtype_classification/valid/cystic/dermnet_000237.jpg,7807ce343c0c98ec2e7afb7654c4d019edb05ae30a63328692da68e4136f4535
datasets/skin/acne/final/subtype_classification/valid/cystic/dermnet_000238.jpg,6ddaa99380206091eef313dc6dbf84f3da0897f7cee210cb187cc849f24dc6f0
datasets/skin/acne/final/subtype_classification/valid/cystic/dermnet_000239.jpg,6324ce0233aa0fabed01dc593cc5654aadee4cedd08e7185199baa10e558afe0
datasets/skin/acne/final/subtype_classification/valid/cystic/dermnet_000240.jpg,eebdbc7978f590b9572dca969967c61170bedb32654f34b8e0ea88aa43cdc837
datasets/skin/acne/final/subtype_classification/valid/cystic/dermnet_000241.jpg,31d0738a09bc486568d06f7aa6a3b9da4619f9a65699f2666dcc5192546111dc
datasets/skin/acne/final/subtype_classification/valid/cystic/dermnet_000242.jpg,c78363e74e5b86248d6def8abb85c2fe754cbeda6b93e4090bd2c9d0c0e39ec8
datasets/skin/acne/final/subtype_classification/valid/cystic/dermnet_000243.jpg,7da8396a3a28a1551f12a971510a7d286ff474d26054ce5d637f579c4ecc81c4
datasets/skin/acne/final/subtype_classification/valid/cystic/tiswan_001944.jpg,1dd26747bc5e70aa360f01d83dc097f21b9354013f66c8b305060b77ba77aefa
datasets/skin/acne/final/subtype_classification/valid/cystic/tiswan_001945.jpg,a6fda0bbec3ad37451dd64c95e61d636e1850434d238efaf30847050b27f5044
datasets/skin/acne/final/subtype_classification/valid/cystic/tiswan_001946.jpg,9e3aa29680ed91838cbe3f43348eb3ad7883591f853ec026a307d01e1d24f33d
datasets/skin/acne/final/subtype_classification/valid/cystic/tiswan_001947.jpg,663899fbe5c8f68e1adb1ba912661764f85253c2a62cc0051243e09647954ed3
datasets/skin/acne/final/subtype_classification/valid/cystic/tiswan_001948.jpg,5b04d8ab5b01f7ecb8919738dc36218330f7766b31177201075b8ef43b5c4da3
datasets/skin/acne/final/subtype_classification/valid/cystic/tiswan_001949.jpg,9a2863edc4177e1350171900b86f20add05f821dd94dce1e9bcb908c8cfd125d
datasets/skin/acne/final/subtype_classification/valid/cystic/tiswan_001950.jpg,44a2c69df88d4aac6d89cbb0a11d8bdd25e73fb10e3a9791983899ce3f9eb215
datasets/skin/acne/final/subtype_classification/valid/cystic/tiswan_001951.jpg,d9400cc8100184bced2012397bd48802c4c4f73e9eb1964a82b9ec53685933e9
datasets/skin/acne/final/subtype_classification/valid/cystic/tiswan_001952.jpg,54a1033cb6d2300696d3fe41df36ee6ecc7edf0950538c8c90c4ef0c5db3faca
datasets/skin/acne/final/subtype_classification/valid/cystic/tiswan_001953.jpg,1b518e6ecacc065102a50189a3d4623812e3f2c848146a9dbfb73d2f0aeada3d
datasets/skin/acne/final/subtype_classification/valid/cystic/tiswan_001954.jpg,826814ad505a0472032ace621224da972e7f6ec0bd70ab6b8df7035e82889423
datasets/skin/acne/final/subtype_classification/valid/cystic/tiswan_001955.jpg,e793c60c64880738a42c11d8125196bec602f43f64990cc11a4430b15cdac650
datasets/skin/acne/final/subtype_classification/valid/cystic/tiswan_001956.jpg,f85b0d01dfbbf5cab48e607eea81edc133031b184afb993b04c5a61a8cf5744b
datasets/skin/acne/final/subtype_classification/valid/cystic/tiswan_001957.jpg,be2f3760d867f2290b7e9c270f216d3f5cc335e28997eb98d94ed9e48d7566fb
datasets/skin/acne/final/subtype_classification/valid/cystic/tiswan_001958.jpg,0ddde7cad4f4dc6dc0d84959acc3c59a615918b5bc2ac263fdc8d84c4a14ffd9
datasets/skin/acne/final/subtype_classification/valid/cystic/tiswan_001959.jpg,b48c4513bc38e72970570e3fbb99a798efe8e357ce0ffa6ebb54acdb1663ec49
datasets/skin/acne/final/subtype_classification/valid/cystic/tiswan_001960.jpg,b47fe163ae651b486b12c5208f2d80b0dfa0e28ff6e34098e5df3c57fc62ed80
datasets/skin/acne/final/subtype_classification/valid/cystic/tiswan_001961.jpg,3bb2a1ec174d12c5b89218b9fa2994a7e0068b0be8add73dee5cad668d2708b8
datasets/skin/acne/final/subtype_classification/valid/cystic/tiswan_001962.jpg,528be3ac2c588e11010186d56a8331cc87a38af958c62894ca4c1221a4f8ca7d
datasets/skin/acne/final/subtype_classification/valid/cystic/tiswan_001963.jpg,fea7ace5f7acbd8adcb6cd0957a442ec97921d5b72520b5cedcbe8f106b34afe
datasets/skin/acne/final/subtype_classification/valid/cystic/tiswan_001964.jpg,eb52941dafa0d09362a721f23593192cca58008c13a81ef4b581cbf3be390820
datasets/skin/acne/final/subtype_classification/valid/cystic/tiswan_001965.jpg,4fc22bd815fc04b5103cf8dfa00e326ca0cee7c61b9495001989f83be2a25a28
datasets/skin/acne/final/subtype_classification/valid/cystic/tiswan_001966.jpg,697f2a7191d68de6da61c893152dc7143c599cad52fb9156263f83111ef46e14
datasets/skin/acne/final/subtype_classification/valid/cystic/tiswan_001967.jpg,42309ef0d2659432436d3c839d854168a47cda50f9f5bcd0b33b92abd930a731
datasets/skin/acne/final/subtype_classification/valid/cystic/tiswan_001968.jpg,eab1d69f82ea4303ec254a0011fa4da076fb1537465cbe530ddd81865b9f955f
datasets/skin/acne/final/subtype_classification/valid/cystic/tiswan_001969.jpg,0a795f4ae78f744ef9089102464e951cd34fa3d7c12f220304acbd70c7c5d219
datasets/skin/acne/final/subtype_classification/valid/cystic/tiswan_001970.jpg,02ca29d6fe35f370123866b65acbb706d99365d3749e9ee53a107aba761e6f49
datasets/skin/acne/final/subtype_classification/valid/cystic/tiswan_001971.jpg,5d712c8f799d62f27c231a3119a69879f695cbd449767c55ee4df1760f09a15e
datasets/skin/acne/final/subtype_classification/valid/cystic/tiswan_001972.jpg,bee69ef45c0c9af252328f8261f8ddbf49e96a26f88f4edfc034e65b15e27ce0
datasets/skin/acne/final/subtype_classification/valid/cystic/tiswan_001973.jpg,3f1b35cb7da2270c309457150e2a7ab41d769e4d9ced3305fd39068182fd7d2c
datasets/skin/acne/final/subtype_classification/valid/cystic/tiswan_001974.jpg,867caebd6761be836739b8b6e5a4905a8abca46f193109d96daaa4a3c3e234fe
datasets/skin/acne/final/subtype_classification/valid/cystic/tiswan_001975.jpg,5cafc326fe46876baf96ef84fc91b047e0da499fcdd37d68af0cc4c235256882
datasets/skin/acne/final/subtype_classification/valid/cystic/tiswan_001976.jpg,dd2e7cf66041bf1d7b2026c1dd5238da8b7b3ef7cc72092552a6b82ad49d2848
datasets/skin/acne/final/subtype_classification/valid/cystic/tiswan_001977.jpg,d171d9a34f0c4459caaa12ff2bc55115a8c3606f83427d72bfe704ff602c1d2d
datasets/skin/acne/final/subtype_classification/valid/cystic/tiswan_001978.jpg,77c8578a4bb175b9fbcd40945d7be143ce1cc1aa6e8893fdfb8da7b508359b60
datasets/skin/acne/final/subtype_classification/valid/cystic/tiswan_001979.jpg,6ae91ee918697002970bf0f50c03461c4e59cf4d8d490c28a10964869488da6e
datasets/skin/acne/final/subtype_classification/valid/cystic/tiswan_001980.jpg,b800825a241d367443986c319eef80146115a3d6dc6a7c69a4e0124b460e4d44
datasets/skin/acne/final/subtype_classification/valid/cystic/tiswan_001981.jpg,fdb1002a294db2b175cada1cff149785b81aaf3c09835fda0cc68e5b69ce2c33
datasets/skin/acne/final/subtype_classification/valid/cystic/tiswan_001982.jpg,3dae8ddc34a157d9374f506a6faf0dcc3d6ef6163e66480d58cc5051d64875fc
datasets/skin/acne/final/subtype_classification/valid/cystic/tiswan_001983.jpg,be165bbb5201e43a2b3c7404b6148ba39503c6cf9bae02c90cda5890466b1791
datasets/skin/acne/final/subtype_classification/valid/cystic/tiswan_001984.jpg,c6129d62c57af1e5efd304e265e962e89cfb496b9016899b0638cc253ba6620b
datasets/skin/acne/final/subtype_classification/valid/cystic/tiswan_001985.jpg,a5e9229161fe71cf19d1e61e2781241030e79f9e4987e9f7fdadbdf4da85281a
datasets/skin/acne/final/subtype_classification/valid/cystic/tiswan_001986.jpg,d81d155865123f4695726d1269209808785efef27f57fb7369adba2e7d4ad36f
datasets/skin/acne/final/subtype_classification/valid/cystic/tiswan_001987.jpg,e947a218e51f41dd0d9e6f244e9ff30dc401a15d2ff6853194ab6401fb91f471
datasets/skin/acne/final/subtype_classification/valid/cystic/tiswan_001988.jpg,a49b9d401efea386e412dae4a7d403a31dc0b5dd76eec46921cbd938cc5f2d20
datasets/skin/acne/final/subtype_classification/valid/cystic/tiswan_001989.jpg,03934e3a550f0d6d8379ee24931691fdaaca8af00d4d69aa6e9d965a2a2960c8
datasets/skin/acne/final/subtype_classification/valid/cystic/tiswan_001990.jpg,e59006fb51b3f97fb07e1d08ea379796bdb8936ee4feb87dedcb66cc3733b175
datasets/skin/acne/final/subtype_classification/valid/cystic/tiswan_001991.jpg,840a76cdeb45c6dfe2682b5e065e8312365f8932e298a5bbe97023ee83aa292f
datasets/skin/acne/final/subtype_classification/valid/cystic/tiswan_001992.jpg,023294c400e47a0757debfcc0d42ea4dc4fc17818d1dc13ff3b8a58bc52bf4d7
datasets/skin/acne/final/subtype_classification/valid/cystic/tiswan_001993.jpg,ad57a634f7a6b28f2d458a1963b16ac72cb18387708c4da37823198b7857f4eb
datasets/skin/acne/final/subtype_classification/valid/cystic/tiswan_001994.jpg,3c06810fadf4c3bafe1ede4b9447a91964cee426d34a307e0137876e1c46ce61
datasets/skin/acne/final/subtype_classification/valid/cystic/tiswan_001995.jpg,a3fe64822e229c75c7fabbfad2d394ec110ea518fc44fff87377eb942cd3f683
datasets/skin/acne/final/subtype_classification/valid/cystic/tiswan_001996.jpg,87eba8fffbc3180fb2dd0cec20e6d6563f25ae2d04bc5b4bf61582233ea38af0
datasets/skin/acne/final/subtype_classification/valid/cystic/tiswan_001997.jpg,9d5c7bf9d244b715dd4ac638161e0a328f0f6e618360fbd7a305323621285c90
datasets/skin/acne/final/subtype_classification/valid/cystic/tiswan_001998.jpg,82cc3908f1386d9d41a4de8610bb73dc4f7f2b8630a59e0484dd2b63ba6be89f
datasets/skin/acne/final/subtype_classification/valid/cystic/tiswan_001999.jpg,3091ca31919d1d557f17fe5fe451de69a9b3841b594741fcadc4cae5e5f10bb4
datasets/skin/acne/final/subtype_classification/valid/cystic/tiswan_002000.jpg,5400000820c60487e955c0db99d7f088e96383a5641435b7d788b8decf3f582d
datasets/skin/acne/final/subtype_classification/valid/cystic/tiswan_002001.jpg,ed60fa46361d3079130f050ed1464b50f55fe7238bc00279c7deb9680104e8ae
datasets/skin/acne/final/subtype_classification/valid/cystic/tiswan_002002.jpg,c8075a6d81dc8528f2b11ae56a24b90e07d190e817eb401da9cdb042d63ab856
datasets/skin/acne/final/subtype_classification/valid/cystic/tiswan_002003.jpg,e228419c44e1439ba8a3f707747db1cfb1dc7ca9fc2629f5a48589b1b2104234
datasets/skin/acne/final/subtype_classification/valid/cystic/tiswan_002004.jpg,9c7a9feff2cde3a746b245ac0323a25882aac46f2469b2bfba010c177f470ec1
datasets/skin/acne/final/subtype_classification/valid/cystic/tiswan_002005.jpg,8a53699ea36f18a0feae5abd685c2b418e5c4aab59d61a62c65e010f02f3f02f
datasets/skin/acne/final/subtype_classification/valid/cystic/tiswan_002006.jpg,64df5ba571994a85958499a3a256bea2a7d6d6603ffa29b2c982cd4b2868cc0b
datasets/skin/acne/final/subtype_classification/valid/cystic/tiswan_002007.jpg,1aa2d0bc664762c581f9f9ecaa013988c0e30c92dfb991992e0201c49d844f93
datasets/skin/acne/final/subtype_classification/valid/cystic/tiswan_002008.jpg,966a69bbbfd31c300961abf5c7df0c818c6291ef0d804f9f3bb5f2a57210a7bb
datasets/skin/acne/final/subtype_classification/valid/cystic/tiswan_002009.jpg,ebd96c284694834f095332c60f82a1b06ea9115cc9474ee22a6089b1e2fd5c68
datasets/skin/acne/final/subtype_classification/valid/cystic/tiswan_002010.jpg,0d80f8761aad05c33e953319e4dc29b68698cb0d836a5caeb82c619326eea950
datasets/skin/acne/final/subtype_classification/valid/cystic/tiswan_002011.jpg,e381eeae31b9b8e1ed3c22e7936deeccf37538d972ca64d04cddddc0592fcad0
datasets/skin/acne/final/subtype_classification/valid/cystic/tiswan_002012.jpg,6980d10438697d9613be90fab80efa0d1a4c5f8b7002ead1f8baef830aca14e3
datasets/skin/acne/final/subtype_classification/valid/cystic/tiswan_002013.jpg,48f92c6b803a6bae4e8772f24b5701305c1188c62b221932e4e7b46a47a14946
datasets/skin/acne/final/subtype_classification/valid/cystic/tiswan_002014.jpg,d8b45de13ddea354113c0fe1b005e9e24322a0fc05848c49a8a61c4bded20ee1
datasets/skin/acne/final/subtype_classification/valid/cystic/tiswan_002015.jpg,a25658f03e2f6b79493994cdd0119928290a2151cc4a0ab98c634e30d93327f9
datasets/skin/acne/final/subtype_classification/valid/cystic/tiswan_002016.jpg,444c52f7cc425c8eb8525bfb86c83f635023849ce98ef7ef2aada7ed6e7da160
datasets/skin/acne/final/subtype_classification/valid/cystic/tiswan_002017.jpg,c0e062cab632ddedc5d4bb1cfeecec78f1305c6fe194f93d24d9539e097e147b
datasets/skin/acne/final/subtype_classification/valid/cystic/tiswan_002018.jpg,a6b83c8918232a20b11c53544fe8506796632cb967c6eb32e52ceec561f38402
datasets/skin/acne/final/subtype_classification/valid/cystic/tiswan_002019.jpg,982c12b412e18307ce728ef3f37f6ed71e135f871a0da91fe7d3a105beac911b
datasets/skin/acne/final/subtype_classification/valid/cystic/tiswan_002020.jpg,13012aa880e3af8f0678c1b8d5b058f1742e2d8cde4da4759d808daef101187f
datasets/skin/acne/final/subtype_classification/valid/cystic/tiswan_002021.jpg,8891c36f1cbe729b621eed31bf4041e690bf34799f7fee4cc0eac14501c4f389
datasets/skin/acne/final/subtype_classification/valid/cystic/tiswan_002022.jpg,69f6692c7b02dfe0b5d7e10c82c113f6aeb73c2d3baffecff880bc0630484741
datasets/skin/acne/final/subtype_classification/valid/cystic/tiswan_002023.jpg,69348a9bdf80415303cf641bb1c54aaa21462d50cd9e38d4cbe82953dc1c449c
datasets/skin/acne/final/subtype_classification/valid/cystic/tiswan_002024.jpg,73039b9c5c38487e7952b0663f94b82a1b6374a6f692f5531d6fe1b039e61cbb
datasets/skin/acne/final/subtype_classification/valid/cystic/tiswan_002025.jpg,2459bf0105e0ba5cd4fe644878dd414763f20d36b7ed1ba1f4134daa514ec822
datasets/skin/acne/final/subtype_classification/valid/cystic/tiswan_002026.jpg,a1439dee35f536e3ccca035e92ff369c44a7ef32073ae4427b0cc0c55ed91459
datasets/skin/acne/final/subtype_classification/valid/cystic/tiswan_002027.jpg,607d6d627c9b1f237709391696b6c8e4f4ad6e7ab6c6c0007882c46ab691fd03
datasets/skin/acne/final/subtype_classification/valid/cystic/tiswan_002028.jpg,5261a5b26fc690065c7866eae0d342bc77c5d91acc3528589f4c00b231707e49
datasets/skin/acne/final/subtype_classification/valid/cystic/tiswan_002029.jpg,902b2ff33ed4bbb6619aebcd5ac457d8ab0c0543f5fccf827e1e9f6033006303
datasets/skin/acne/final/subtype_classification/valid/cystic/tiswan_002030.jpg,971835a5dd1a9327a8eadcd6f7e874956c4bd2b8f4ef9fa548f2f032eb394518
datasets/skin/acne/final/subtype_classification/valid/cystic/tiswan_002031.jpg,d809a39b96494f22c4eb63f881914ace06baf06ae3f15294d7d9f7887aea1ad2
datasets/skin/acne/final/subtype_classification/valid/cystic/tiswan_002032.jpg,b3753706de5ba7d9a4af92c1b7a495b70fb8e2a5a1fd99160dd7540b45c11b85
datasets/skin/acne/final/subtype_classification/valid/cystic/tiswan_002033.jpg,a8b291070f5000f3df2c0fc53e60c2e634c43c186d9998d022d1dcdc13fe38d5
datasets/skin/acne/final/subtype_classification/valid/cystic/tiswan_002034.jpg,190b0bcf5ac8852e05355c7f305c568ae4eeb88142a880288516d0589862d259
datasets/skin/acne/final/subtype_classification/valid/cystic/tiswan_002035.jpg,d6fb4dc1f395afbbedd122eb8f9b67ff95292a25341a3fe5fbb44185563234ca
datasets/skin/acne/final/subtype_classification/valid/cystic/tiswan_002036.jpg,6510b63d4edf9ab8cc4d994664711dc7cec737b43b0a2babf0b665b8e04980c2
datasets/skin/acne/final/subtype_classification/valid/cystic/tiswan_002037.jpg,09c154963530bec9e5ef3f19db9397394451e1c0259dcb8a40134031ac2c3b40
datasets/skin/acne/final/subtype_classification/valid/cystic/tiswan_002038.jpg,14a270bc8ee6628b837839753a521f36b78fa1d643b0098f602deac09ddf419d
datasets/skin/acne/final/subtype_classification/valid/cystic/tiswan_002039.jpg,dd6f518eb5b68e229abb4e7c19b67783b0b8e7128d3b4e4fc30b1a91b78942f8
datasets/skin/acne/final/subtype_classification/valid/infantile/dermnet_000247.jpg,f8ca1029d36a70ce6809957449898eb277249ef06db5a0c32549df6c43e779b6
datasets/skin/acne/final/subtype_classification/valid/infantile/dermnet_000248.jpg,7651f4fa7e924803b157fe92a8edd3e40b991c1bfea0a986ff3d25561d205bdb
datasets/skin/acne/final/subtype_classification/valid/open_comedo/dermnet_000249.jpg,d7f8f815871f3795af0430e9bc25c6db291901c113838e44f0ca7fbadf0ddfe8
datasets/skin/acne/final/subtype_classification/valid/open_comedo/dermnet_000250.jpg,f86820a716c5fc48695881f43b32eed1eea54425a75c53a0bb8c984dded06cad
datasets/skin/acne/final/subtype_classification/valid/open_comedo/dermnet_000251.jpg,f8de6264d6a2c5243675595596e28834a2cc16e12537f1ffde55b951ab36081d
datasets/skin/acne/final/subtype_classification/valid/open_comedo/dermnet_000252.jpg,b403fb0dd10068b1a56c55c71842305a9a6635dbeb16086063f6ec37c489a08c
datasets/skin/acne/final/subtype_classification/valid/open_comedo/dermnet_000253.jpg,915855b1ef501e9d1fcb07227e263181a51e4f5b40e92cb2d581712eadf077c1
datasets/skin/acne/final/subtype_classification/valid/open_comedo/dermnet_000254.jpg,3b99d5fbb90c18ef42532a1ad6ec076b27f164afe2f415a14a06beb27b75991f
datasets/skin/acne/final/subtype_classification/valid/open_comedo/dermnet_000255.jpg,0b96af3328e8fcd437f308da068d27c80e7d84b420f4ec1f64b56b6ac21bf6ac
datasets/skin/acne/final/subtype_classification/valid/open_comedo/dermnet_000256.jpg,c5c671b11f9dcea03c0edc9580a10b0396962297403ea67103bc5550de7e8402
datasets/skin/acne/final/subtype_classification/valid/open_comedo/dermnet_000257.jpg,80dbf8ea2a2b3df43a3e662861e2cdd892ad176584f9d3a8f7dba50a75a5ceb3
datasets/skin/acne/final/subtype_classification/valid/open_comedo/tiswan_001841.jpg,5203d21eca4f57e469d90837dd10dd7ff17ee6f483d2a90dd6fdd3ac160bc7d9
datasets/skin/acne/final/subtype_classification/valid/open_comedo/tiswan_001842.jpg,c24b58e00b58435af72c3c1f3ea8809350d0b00f9bc49859c5e8e788a2e5a125
datasets/skin/acne/final/subtype_classification/valid/open_comedo/tiswan_001843.jpg,4b661f5e5dd5fc55af895117b045b295dd28e8b51faffd18d707eb1361460432
datasets/skin/acne/final/subtype_classification/valid/open_comedo/tiswan_001844.jpg,ccfa23abdbb5ea335c2d7d6a2f798950a4981f382250e7b9ea98cdc033de2ca6
datasets/skin/acne/final/subtype_classification/valid/open_comedo/tiswan_001845.jpg,779fc676f41f7a3e8c8caf1bcfd794cbb3e0c2fb7c2349d4debf8a07feea448d
datasets/skin/acne/final/subtype_classification/valid/open_comedo/tiswan_001846.jpg,9b5aa508778c566f22746bc224e908c34e095161fc6f4b420a9e9daa2d85d933
datasets/skin/acne/final/subtype_classification/valid/open_comedo/tiswan_001847.jpg,d2c31102ed00a9a36238fa027960b540a4d2330bf21f8c1668df72e2cb5236f9
datasets/skin/acne/final/subtype_classification/valid/open_comedo/tiswan_001848.jpg,7c8c6fc8949fb222275817dbdb85fb02ebefd6ba1c17171d27634649713372bd
datasets/skin/acne/final/subtype_classification/valid/open_comedo/tiswan_001849.jpg,a74ba5610ca188de4da7bf8490431ce7efb0fb0df90923b2dc70f1b5b7af0451
datasets/skin/acne/final/subtype_classification/valid/open_comedo/tiswan_001850.jpg,ccd8dc144c40ff883ace36a0a6a92f1649a6051171a847a9a422810de07f0fd4
datasets/skin/acne/final/subtype_classification/valid/open_comedo/tiswan_001851.jpg,19160191357ae57a0f3d7df9388e56658997932022718bec050d8afe9f54c887
datasets/skin/acne/final/subtype_classification/valid/open_comedo/tiswan_001852.jpg,32207a6242ab5858d518b06dc160b6214601f01783fe96a0100dc9a2e3968642
datasets/skin/acne/final/subtype_classification/valid/open_comedo/tiswan_001853.jpg,ecd312d4c5eba1b08ed85d39b0466c21e725370254dee4515c7351d6052fad70
datasets/skin/acne/final/subtype_classification/valid/open_comedo/tiswan_001854.jpg,79a5f2d6e6de6384ff05ee1391d8ca08767a8b84bf7d3b19d361c684353ab1f6
datasets/skin/acne/final/subtype_classification/valid/open_comedo/tiswan_001855.jpg,1bc5430c51cd894217ca7041e6a765d0ebae814b9ed80aee6ae53714f7408ef0
datasets/skin/acne/final/subtype_classification/valid/open_comedo/tiswan_001856.jpg,3257cc92ca8b29b4095b68c5bf61cbd5da00abde0e5fde2fb9f676f99c3c46af
datasets/skin/acne/final/subtype_classification/valid/open_comedo/tiswan_001857.jpg,61441ed8ec94da04c2baf1fcbd3bd21cb495dcf072cc03ecdf7cba3a113463cc
datasets/skin/acne/final/subtype_classification/valid/open_comedo/tiswan_001858.jpg,9e67ae1eb5bd99eac675c5faf2a26800711a56a024f867496d8a2de08118bc79
datasets/skin/acne/final/subtype_classification/valid/open_comedo/tiswan_001859.jpg,013d19dd203fb142f9216d1823a7fe8f0c5f397e514d8198ef18cc74416401f8
datasets/skin/acne/final/subtype_classification/valid/open_comedo/tiswan_001860.jpg,4ae7f0463a10e851de312ac3bfd3282956f8cd4b3e82ac0ba9a602a0e3a7a598
datasets/skin/acne/final/subtype_classification/valid/open_comedo/tiswan_001861.jpg,85a93eff922892e1e8ed71276f3d02a67be867a07687405a6db66d1d86fc4e90
datasets/skin/acne/final/subtype_classification/valid/open_comedo/tiswan_001862.jpg,71281c25e62b4a6c611073a0ed9baf27f6573ccd9d39537af1d87ecffc6a1609
datasets/skin/acne/final/subtype_classification/valid/open_comedo/tiswan_001863.jpg,e2e7a2f37c4f44b96d9eb561150e8c6453535713300646829d767d1d303d5603
datasets/skin/acne/final/subtype_classification/valid/open_comedo/tiswan_001864.jpg,0beb2d12a4e9a975b5ba7537e73ce567fc91073c4573962080fe89b7969e91d1
datasets/skin/acne/final/subtype_classification/valid/open_comedo/tiswan_001865.jpg,19d2d6c0d9aed25c50affeafbf2308e7823d32f814327f45dbf7699308eb6fc7
datasets/skin/acne/final/subtype_classification/valid/open_comedo/tiswan_001866.jpg,fc80b0d5d2afae1119eeaeb4cfd65ff849240862a987155ceecad39c0fd68f4b
datasets/skin/acne/final/subtype_classification/valid/open_comedo/tiswan_001867.jpg,d43ca8ae6b8a2250c0d6f92fd9938217d942e79fdf2f9753a5cfdce172f8f545
datasets/skin/acne/final/subtype_classification/valid/open_comedo/tiswan_001868.jpg,a80e53e9109834aadd8052f8c4999f451a01a4762d79d81ffe33968f542cd726
datasets/skin/acne/final/subtype_classification/valid/open_comedo/tiswan_001869.jpg,3663efe9fd57fd5ad23b56c85200afb6d2d9f7fbaae62d2870fa5c9f91fc8085
datasets/skin/acne/final/subtype_classification/valid/open_comedo/tiswan_001870.jpg,147c304212fcb842c66af8c5914fc1ca85b5c9c70649acb848e98e1bac52c552
datasets/skin/acne/final/subtype_classification/valid/open_comedo/tiswan_001871.jpg,09683c44e03a707a8560fad11f41c8cc33a2fc5d58bfc49a7c9c490f8bd98a57
datasets/skin/acne/final/subtype_classification/valid/open_comedo/tiswan_001872.jpg,d6b82104e0e12ea3fcdb52d263cdc17a4c432df059dd189557fddaacf2032742
datasets/skin/acne/final/subtype_classification/valid/open_comedo/tiswan_001873.jpg,7669d54da175834e65e9c3c088022278f5ca1b754893365ce5b62e524c92e3b7
datasets/skin/acne/final/subtype_classification/valid/open_comedo/tiswan_001874.jpg,c1b474923a854c03be7fc1771b20151d8c50261f3f4a3eda8100b0fa8bf13fe4
datasets/skin/acne/final/subtype_classification/valid/open_comedo/tiswan_001875.jpg,7b0cf73d415ca2bc291cfba16c12f39c7e16e5b08c172ebc07f439a9086c9dcd
datasets/skin/acne/final/subtype_classification/valid/open_comedo/tiswan_001876.jpg,2e91e20d2a9a6621100d2578555cf58aea2d507fb611daea0449ffc9b17bc28d
datasets/skin/acne/final/subtype_classification/valid/open_comedo/tiswan_001877.jpg,76de28624f3382cf47e0fc92306ded78385417f56daae93f4e435d50f4b2dc31
datasets/skin/acne/final/subtype_classification/valid/open_comedo/tiswan_001878.jpg,9df7942ab6ee13f431d22c827f960410de8b110838a5c6322dfcb32c6531fe55
datasets/skin/acne/final/subtype_classification/valid/open_comedo/tiswan_001879.jpg,bab65d9b982ef13c5e01fe3e5c91dd64abcf7f03b25c2cfefb5b8402199ac4b2
datasets/skin/acne/final/subtype_classification/valid/open_comedo/tiswan_001880.jpg,7d65ed5b9023f5dfe6f375be42a429bdb6d209ad3c89353f39af4a79202399db
datasets/skin/acne/final/subtype_classification/valid/open_comedo/tiswan_001881.jpg,b6501ce66bd3a199145da63829e8432a473deb7a2972d52cb1e8f875d7002941
datasets/skin/acne/final/subtype_classification/valid/open_comedo/tiswan_001882.jpg,bb85e26653ab5a659028d4ed3c26940b62fe583c2bdffbf189e746267cf33336
datasets/skin/acne/final/subtype_classification/valid/open_comedo/tiswan_001883.jpg,594e2db83dba9c9bbdf7c9c1ae99a2cf43cbe00e71085741dbf223e94efd82f8
datasets/skin/acne/final/subtype_classification/valid/open_comedo/tiswan_001884.jpg,5de0575729778a9031c268086de0427469d4174bb0795bcd0f25f4634c5cba68
datasets/skin/acne/final/subtype_classification/valid/open_comedo/tiswan_001885.jpg,d18960aa95edf81bb4f645039f791d242106e74d894c2220f328802f4abd50d2
datasets/skin/acne/final/subtype_classification/valid/open_comedo/tiswan_001886.jpg,2720d51b1a44807d75471e5b979e5e43eddbac607dc0fe8ad993db2e70fae9f1
datasets/skin/acne/final/subtype_classification/valid/open_comedo/tiswan_001887.jpg,39d508ed92236ce14448f8a75d5e5066da36a53b8d4e54ae967b1c38a9be01dd
datasets/skin/acne/final/subtype_classification/valid/open_comedo/tiswan_001888.jpg,da7c1a3dcffee7e5a3b274134ce32d81c99ec4c7afd581b8883be2199272e5b5
datasets/skin/acne/final/subtype_classification/valid/open_comedo/tiswan_001889.jpg,a96320f4b64d7f246a58392a49f2994eb35ecfe78f8c69d4f6ae29011be2a14d
datasets/skin/acne/final/subtype_classification/valid/open_comedo/tiswan_001890.jpg,95bb9ffd1fb8614093d35d3870fdd51af4ddd218f3b365236c32af032f22d3aa
datasets/skin/acne/final/subtype_classification/valid/open_comedo/tiswan_001891.jpg,9bb18eec3c4b1bffd1ce4c6775f68f27b35b37f412eb5d1b2134b0e0709451cc
datasets/skin/acne/final/subtype_classification/valid/open_comedo/tiswan_001892.jpg,eb291b1a71b54f6a68ae482d7da6a7e120e53057652005e44729f76f2350bf3a
datasets/skin/acne/final/subtype_classification/valid/open_comedo/tiswan_001893.jpg,bb600efb304696d864019e8e3f3e223acca7bd125054ffcb4f13f9563d8ea587
datasets/skin/acne/final/subtype_classification/valid/open_comedo/tiswan_001894.jpg,e445b7d11d72d0f3cd47e2eb66085539af0b77606464b0dd4f8f8bde7f845d06
datasets/skin/acne/final/subtype_classification/valid/open_comedo/tiswan_001895.jpg,e74f943ac5ee56c0a37068c3141288bc767c877a48605016c80c84a9e2d8cb61
datasets/skin/acne/final/subtype_classification/valid/open_comedo/tiswan_001896.jpg,64e6c582641e68bb14d8f8eb663c49e8fbc66df6acca8d671d99dd6d24633937
datasets/skin/acne/final/subtype_classification/valid/open_comedo/tiswan_001897.jpg,870402cdcbea1da64de80d2b0f6009cad21004e9a22b55c46ee5356c0d550b34
datasets/skin/acne/final/subtype_classification/valid/open_comedo/tiswan_001898.jpg,92b9126fd5b7aa029a07731110932f4e2712ab78e076a9c84e0eccb49fe8ea0e
datasets/skin/acne/final/subtype_classification/valid/open_comedo/tiswan_001899.jpg,0c04584e263a0ad32c69f139e8458aee2ea6fc84b74cb0638db14a4feb1c5e5f
datasets/skin/acne/final/subtype_classification/valid/open_comedo/tiswan_001900.jpg,a0d0dd1013b06ff85f7521a9d177e1d67718f30ad1990d895c9d6ebc11b74a7c
datasets/skin/acne/final/subtype_classification/valid/open_comedo/tiswan_001901.jpg,0b02c1b1626086a17822505018c047939beb52e59a0f89933b6d5d6fb3bcde69
datasets/skin/acne/final/subtype_classification/valid/open_comedo/tiswan_001902.jpg,e2a099053d15972ac8aea835b233e251caa67c7ac58d7f88325b525383b62733
datasets/skin/acne/final/subtype_classification/valid/open_comedo/tiswan_001903.jpg,66534be0cff8b5185d7c47d05e1b0aaae439e6143e74e556d157d5727dff4d1d
datasets/skin/acne/final/subtype_classification/valid/open_comedo/tiswan_001904.jpg,4517380261160e8d0289d50ba77da05838345a36a6a98179e391f34c175bd52c
datasets/skin/acne/final/subtype_classification/valid/open_comedo/tiswan_001905.jpg,d9457b497b62897ee5da48de97746e7898fc0f3037a35f8d104ef171db106578
datasets/skin/acne/final/subtype_classification/valid/open_comedo/tiswan_001906.jpg,db280acdc185659fd048e71d3afd9248655ffb2463408027b6c89992a8a5539a
datasets/skin/acne/final/subtype_classification/valid/open_comedo/tiswan_001907.jpg,a26c24a26ee9b22fb21a07ccddc8acd1846b01660635c9fce34757091768b1e5
datasets/skin/acne/final/subtype_classification/valid/open_comedo/tiswan_001908.jpg,d692623b85a50ccf14f6f2e20a4c9181a6ff8038799387461cecc2737a0bbf61
datasets/skin/acne/final/subtype_classification/valid/open_comedo/tiswan_001909.jpg,183caf8e509ed05792ee7508c28d26bd3cbdb6f2374673515f7bf11e5ccc8dba
datasets/skin/acne/final/subtype_classification/valid/open_comedo/tiswan_001910.jpg,aa6f6e989ce7af6a3b5fa6c8a7d26533f8d651d5baaddd9ce742c967a4b5b281
datasets/skin/acne/final/subtype_classification/valid/open_comedo/tiswan_001911.jpg,85401fbec87bbc98b4d5344bc3c9fb1e8ee2dfef5312f31ff9a89c239a8eacdd
datasets/skin/acne/final/subtype_classification/valid/open_comedo/tiswan_001912.jpg,9e3ac2270d01ba21dbd84bbcb0ba121fd99cba6aaab5d6d34f8a21ccf791e829
datasets/skin/acne/final/subtype_classification/valid/open_comedo/tiswan_001913.jpg,beda8b63e1ee721b5a683bf77a2932178b5d4a3c259c333c32c1047c3be62246
datasets/skin/acne/final/subtype_classification/valid/open_comedo/tiswan_001914.jpg,e1ccde48726c1c2d0f6f82e3891dbd78c740406e6f45a3dbb95369ffb222c49d
datasets/skin/acne/final/subtype_classification/valid/open_comedo/tiswan_001915.jpg,73178235761ce4020f0a458c1ada7f716aabca175d969664058c0b0180598b8e
datasets/skin/acne/final/subtype_classification/valid/open_comedo/tiswan_001916.jpg,39d90c27edc7faa675b257f271397e2f1d33b40d53b90b56b4abb8ab51e0de6f
datasets/skin/acne/final/subtype_classification/valid/open_comedo/tiswan_001917.jpg,b4841cc09893f65ec6aa3f80a2947751930ce6ecfdaab231aba258c0ff29b792
datasets/skin/acne/final/subtype_classification/valid/open_comedo/tiswan_001918.jpg,fc958286e508f0edd21fd222351bdfbfd6ce7bd0814ee670f598ee1a923abac9
datasets/skin/acne/final/subtype_classification/valid/open_comedo/tiswan_001919.jpg,e9dc1d955fd2bc004b9aa00ae9850c187143f21ea878bb6a95cf20e7a377fcb1
datasets/skin/acne/final/subtype_classification/valid/open_comedo/tiswan_001920.jpg,cd0783e3706474fe98bdc289afda24cecd6e515963ba715da77d5ba57600d1cf
datasets/skin/acne/final/subtype_classification/valid/open_comedo/tiswan_001921.jpg,bb192fa61397bf37794eba9c07e57fd01a864b6b76c3354b87f7b29b5515e60f
datasets/skin/acne/final/subtype_classification/valid/open_comedo/tiswan_001922.jpg,db936501d96466925563428d1b3bd8e28827f35d4993d30ebd45f8658b8343ba
datasets/skin/acne/final/subtype_classification/valid/open_comedo/tiswan_001923.jpg,c198f545ec3130b33d014b491b53e41da65634a0475095e161e084a1ce2be767
datasets/skin/acne/final/subtype_classification/valid/open_comedo/tiswan_001924.jpg,c23f4b486ba0592ae1fcb561ca6270ddaf6da1dd78368e5ad849be3efe9af242
datasets/skin/acne/final/subtype_classification/valid/open_comedo/tiswan_001925.jpg,c1b267fe4d03bb275e41cccf3df9800a4d41fd81224bc513199c0dd256a73ee3
datasets/skin/acne/final/subtype_classification/valid/open_comedo/tiswan_001926.jpg,700d7ec47d5b572fd4f6dbaa4ad6acb426f015f4202b7f12656e8f75bbdf81f9
datasets/skin/acne/final/subtype_classification/valid/open_comedo/tiswan_001927.jpg,d88b4f35375e87a25b71b221300ceb6ca880ddd2c9f4b06a716601cf81ea28a2
datasets/skin/acne/final/subtype_classification/valid/open_comedo/tiswan_001928.jpg,3baec7b5e134e80b355719c16e10daaab66d47583a8130acdfb7856f9422f795
datasets/skin/acne/final/subtype_classification/valid/open_comedo/tiswan_001929.jpg,2a3ee6c5e1d938bc95cdeba8aedb449b8b44984fb2872bae5ea4e8a5cc12ed09
datasets/skin/acne/final/subtype_classification/valid/open_comedo/tiswan_001930.jpg,dcf2dea381f07aaf87df14309ce6b1c91683a9c781e4f2e356430eab8cf4931e
datasets/skin/acne/final/subtype_classification/valid/open_comedo/tiswan_001931.jpg,672f15c749e2e3e2cba9bd4463b53c8ae4755edca905a91c618772b36678dfe5
datasets/skin/acne/final/subtype_classification/valid/open_comedo/tiswan_001932.jpg,9a5c08d57b19a5a9df2a00a855ab1aec1869bbf59956b7d6bbe73b3555b3ba46
datasets/skin/acne/final/subtype_classification/valid/open_comedo/tiswan_001933.jpg,e8b6afc4d296d62cdc28eddac35e6d080a6a318e14836fbddc5ae72de6f4971b
datasets/skin/acne/final/subtype_classification/valid/open_comedo/tiswan_001934.jpg,a21c042770ccdb2521e2e02816e7f76c276dea9bb0b86a4b0a0af611768e010a
datasets/skin/acne/final/subtype_classification/valid/open_comedo/tiswan_001935.jpg,899074f9a27a3d1aba6ae9beb73c7881246120ae641a6283d62c7fc054b72cb6
datasets/skin/acne/final/subtype_classification/valid/open_comedo/tiswan_001936.jpg,9a324db8c0dc896c9598a8d9bda1ab1aa8bcd2acad31fa99d72d53fde59c731e
datasets/skin/acne/final/subtype_classification/valid/open_comedo/tiswan_001937.jpg,ed1cb6ebd0ab115301d41e868f90726f7d6f623732cebe940a631a660a1e988a
datasets/skin/acne/final/subtype_classification/valid/open_comedo/tiswan_001938.jpg,d28e880bf40f0a1c53f850f4baa739db33eb367b4c892f1897f108ccd8134b1d
datasets/skin/acne/final/subtype_classification/valid/open_comedo/tiswan_001939.jpg,4bc5b16d4b186e162855091125c193120052ef2e68a389b15dac3cdc87685398
datasets/skin/acne/final/subtype_classification/valid/open_comedo/tiswan_001940.jpg,ccee9784207db6c13e2f05dc7a4cfd5cbbab8f2f4ea5c65298d3d58a06d74921
datasets/skin/acne/final/subtype_classification/valid/open_comedo/tiswan_001941.jpg,6ac66ab11a1132511ca6539b992c5bfdb68a423b33c1304040c0437028278c39
datasets/skin/acne/final/subtype_classification/valid/open_comedo/tiswan_001942.jpg,37cd61eb96bfbe4244aa7a458e2940b5cf65a426e8604605c6db2768adea6241
datasets/skin/acne/final/subtype_classification/valid/open_comedo/tiswan_001943.jpg,c81420a111c174fd98eb4f5995af2b08e0ba7d2541d1e95fb0c50eea5c994365
datasets/skin/acne/final/subtype_classification/valid/papular/dermnet_000244.jpg,c8d96bbd9878f8fc012cc0b8614c20e136cb97289b93f9856438c9a325b41b1b
datasets/skin/acne/final/subtype_classification/valid/papular/dermnet_000245.jpg,68c7cdd751b40c96edc8520c660686642f2bd1368d96734845f97c0d69860eb6
datasets/skin/acne/final/subtype_classification/valid/papular/dermnet_000246.jpg,5a4f914fd37b63051adc8358d6b2f898ffa6f696f97e789113a30e8c857c42d1
datasets/skin/acne/final/subtype_classification/valid/papular/tiswan_002040.jpg,b673544bd60440dc06497bf7587ebd1a94e2f541041624f1ba65204d28db9333
datasets/skin/acne/final/subtype_classification/valid/papular/tiswan_002041.jpg,9ebcc6b3d2bac5ed41ff8a7ed4f0332a8f4bbf148e681d9fc6a04f6022a199fc
datasets/skin/acne/final/subtype_classification/valid/papular/tiswan_002042.jpg,00642c2f4f3be9fd488a9b836a4d4f8f4daf30f35353bfd519adca151622c6eb
datasets/skin/acne/final/subtype_classification/valid/papular/tiswan_002043.jpg,d589caba9bbf9bf6e87f1d10487cebd5314c04f8f2a72849bb509868c0e4c437
datasets/skin/acne/final/subtype_classification/valid/papular/tiswan_002044.jpg,50f289dbcdf0557d8def630154f1e914c0a901aa8b5704f069bd6223b6fecc9f
datasets/skin/acne/final/subtype_classification/valid/papular/tiswan_002045.jpg,ee563fa232521f11930150cb7f6f767122fda956d0a903bf1800206f370a7799
datasets/skin/acne/final/subtype_classification/valid/papular/tiswan_002046.jpg,6665ae8e89904f4ef5aeb2570527c2d436fe5c9fcc93e533dccb84761b627469
datasets/skin/acne/final/subtype_classification/valid/papular/tiswan_002047.jpg,7f29a66de54429c605fa31ff72a37a3bc7b1ba23acfc3e15b8e02b0a5cd453b0
datasets/skin/acne/final/subtype_classification/valid/papular/tiswan_002048.jpg,e86212e1917498d106999daed06d652966b8c8e3bdc00a86a2a5f1f2072654b5
datasets/skin/acne/final/subtype_classification/valid/papular/tiswan_002049.jpg,4b6bbdf07a2f4f992ec762332c516da84d9c03684db948ed16e114d8387ab22f
datasets/skin/acne/final/subtype_classification/valid/papular/tiswan_002050.jpg,c9e60cab5a0a1fec179c0a44de09e8bac3ae8909a16d8423e788a8ff1d0d9d0d
datasets/skin/acne/final/subtype_classification/valid/papular/tiswan_002051.jpg,b7422498b912ab35fda216f48020cd1548ba98cd3170217272cee64618dd5e30
datasets/skin/acne/final/subtype_classification/valid/papular/tiswan_002052.jpg,55c77781dc29bed661899d036dc9b29f5ddca367e9a9549d86934e9f2efdc85c
datasets/skin/acne/final/subtype_classification/valid/papular/tiswan_002053.jpg,abab79b33a8d7c7cf745df77358c661b08036d00689ffe741104f2bb0bf73cb3
datasets/skin/acne/final/subtype_classification/valid/papular/tiswan_002054.jpg,3b5c254873b518a64d475b6c0e871a1542031bd534e0fe59f909cbab890707cf
datasets/skin/acne/final/subtype_classification/valid/papular/tiswan_002055.jpg,a7d254a7b92ff653e0e37358c307a91e385d42d07b7ede016ca48b7e10934296
datasets/skin/acne/final/subtype_classification/valid/papular/tiswan_002056.jpg,bf22e81f6e266cf69f70151ffbf442e658487893a6fefbdc199fa59daa0e9513
datasets/skin/acne/final/subtype_classification/valid/papular/tiswan_002057.jpg,3d7c0e2170b92c7b958604ab127ddaaf05dc6fbf5de8f21b15c6bd6e3c943d44
datasets/skin/acne/final/subtype_classification/valid/papular/tiswan_002058.jpg,bb0fcc8c6941b2b47fede98c68a9ad1966f82437df8592a20df9b49b1d69fda0
datasets/skin/acne/final/subtype_classification/valid/papular/tiswan_002059.jpg,72fd45d159bc982a753ad7b70caad70f830fb77df037ecf0b04343be3ab577ed
datasets/skin/acne/final/subtype_classification/valid/papular/tiswan_002060.jpg,09e885b7c8579f3cb9e2e3571ea2f1486caeb29681b7432aed719e047c228f12
datasets/skin/acne/final/subtype_classification/valid/papular/tiswan_002061.jpg,6f63121790069edfa2f78efb9d4bf9e7b825ddf68e646ebc1e3f8b86c42c2afe
datasets/skin/acne/final/subtype_classification/valid/papular/tiswan_002062.jpg,16bf25eb104e3c55443dc138cac263558b3ef92e9c0f6cfe3e123cdb5467bee7
datasets/skin/acne/final/subtype_classification/valid/papular/tiswan_002063.jpg,db499b2b8dd1e571e2924f2c05f3f085015c1b1f47d1cb868949b42ed63fdd71
datasets/skin/acne/final/subtype_classification/valid/papular/tiswan_002064.jpg,8504b3efa6d8d8d1a75bd00879251aea90cc238a6cb8899bbd2623dbd270cf4e
datasets/skin/acne/final/subtype_classification/valid/papular/tiswan_002065.jpg,beea6e535fac72900e294ed66d2dbe82694095967eecb5aaef3ae8bcf3161be0
datasets/skin/acne/final/subtype_classification/valid/papular/tiswan_002066.jpg,94a062057bf2eb5564db3a02094e827a3f875e467bb761c8a54e7bc6a5bd786d
datasets/skin/acne/final/subtype_classification/valid/papular/tiswan_002067.jpg,b401856de13f210f50b474a50938520c11eab82f7b4b4e106399b2dd0110954d
datasets/skin/acne/final/subtype_classification/valid/papular/tiswan_002068.jpg,8e59fc83f30d61544446df7c54ed06f4df2a4e3e31e60bba7db0ddd665b45ce4
datasets/skin/acne/final/subtype_classification/valid/papular/tiswan_002069.jpg,320648d28a22e7e0a5d50656439dec6870a31325169c0e7392c7054bb1bc23f8
datasets/skin/acne/final/subtype_classification/valid/papular/tiswan_002070.jpg,4f4aec2db66792d51e3c96e3c7eef637ce44fd4b75d25a624866bb57595074ce
datasets/skin/acne/final/subtype_classification/valid/papular/tiswan_002071.jpg,dab2ab1da7a4f5c494a1239158a37a206cad6940c37625e7999b8075c02d35cb
datasets/skin/acne/final/subtype_classification/valid/papular/tiswan_002072.jpg,2a58094daef53be3e7d3fc076fe656f6604d402faa481481b76d928bf4281160
datasets/skin/acne/final/subtype_classification/valid/papular/tiswan_002073.jpg,6b36cb49dacbf605d7746a4d8cab2b05583673f44a595e02fda0231480718911
datasets/skin/acne/final/subtype_classification/valid/papular/tiswan_002074.jpg,26275953e7aefdecbe58fde14154fe74db10ca0b215a3fd24115c0efb71b4ef9
datasets/skin/acne/final/subtype_classification/valid/papular/tiswan_002075.jpg,b0312428d3cc340986ddb648a2380856743b52a9b1607c2161344e83d7336d07
datasets/skin/acne/final/subtype_classification/valid/papular/tiswan_002076.jpg,97555ae8ca75b281aec57a7fa86203779b18fcaf38c6a6d8cb0f91d96de252b0
datasets/skin/acne/final/subtype_classification/valid/papular/tiswan_002077.jpg,50702293d2436033afcaebf79a58022175f7bfbe1ef4299409f3fdd8a1be882b
datasets/skin/acne/final/subtype_classification/valid/papular/tiswan_002078.jpg,20144b844ca7593fb6cded84a78949816747f79a1d347460704f3c8f96fb1e13
datasets/skin/acne/final/subtype_classification/valid/papular/tiswan_002079.jpg,0c79b0def8d037f726565fc8d4eee01dc60aef41508b5eb7a58cdbb936eb30d4
datasets/skin/acne/final/subtype_classification/valid/papular/tiswan_002080.jpg,a1e01ed7e7d80a0c0f312f9da645bc7421ff4fe61de161a3810eacd6d781ddd5
datasets/skin/acne/final/subtype_classification/valid/papular/tiswan_002081.jpg,be0c71f42468d8e9d3fad79d708694a2d68e0ac82d30b29b9cc419ab36f50122
datasets/skin/acne/final/subtype_classification/valid/papular/tiswan_002082.jpg,87d750b1a3150b15b268a937102778855fecebd68af2c9667a7ceda9374069e7
datasets/skin/acne/final/subtype_classification/valid/papular/tiswan_002083.jpg,9e6c0c0fa5068e39f84c78e04a77ef227a9261c050271ced767ed6ead2141afd
datasets/skin/acne/final/subtype_classification/valid/papular/tiswan_002084.jpg,838714dd63c8b73f3db2e85c72d539e764d6bc8bfadd015f9fdc55bbb361fb80
datasets/skin/acne/final/subtype_classification/valid/papular/tiswan_002085.jpg,b599a08ded75887ee921651ef53335b903ac97450fe8de1a8482f6651bfec047
datasets/skin/acne/final/subtype_classification/valid/papular/tiswan_002086.jpg,f875498ffb1b0e33a1e144a589f8325c070402838e4fcafd29699ebb7390c7df
datasets/skin/acne/final/subtype_classification/valid/papular/tiswan_002087.jpg,b25030bce02c841ea0d57537e9611d3a4c5abad530579703def81c063fccac00
datasets/skin/acne/final/subtype_classification/valid/papular/tiswan_002088.jpg,bc34a7e6d3200f927bcbde25d14fd171e6eef86b79ddfeb0ec35abcc63ec8db9
datasets/skin/acne/final/subtype_classification/valid/papular/tiswan_002089.jpg,7d92834258bff34adeebd15a40d4a566393397e443280af4295631ad409a636d
datasets/skin/acne/final/subtype_classification/valid/papular/tiswan_002090.jpg,decd26e24cd0d21510cd455d4115fae8afec723729d2289cc4194189cccc0755
datasets/skin/acne/final/subtype_classification/valid/papular/tiswan_002091.jpg,a940812f5e9c3e1a8e54b278a5abba1c7497b0edc6514fd0981ac503abbf5ec9
datasets/skin/acne/final/subtype_classification/valid/papular/tiswan_002092.jpg,92fa11b20bdf5804f53f4cba6943c01ce5410ef595e28ceff526b37840dcd2ef
datasets/skin/acne/final/subtype_classification/valid/papular/tiswan_002093.jpg,1a1b1ce8ea0261b63613083aa3aa9b0f5ba872d681990f3e2283ca59d28683ae
datasets/skin/acne/final/subtype_classification/valid/papular/tiswan_002094.jpg,38461dfa2d0c70bd605b42ea2cb5cbfef3cb48cbd36998967afe319da2fcc4c5
datasets/skin/acne/final/subtype_classification/valid/papular/tiswan_002095.jpg,deb4ee4d9ece509b05e97fe85b858a67c8c8ce2bfcb2b68bbf09751766ecbf0b
datasets/skin/acne/final/subtype_classification/valid/papular/tiswan_002096.jpg,df5d01af9395f7113ecf875d646cfa2de023ac95d9dc7b56d45e98f4adc9aeeb
datasets/skin/acne/final/subtype_classification/valid/papular/tiswan_002097.jpg,068a65e367e3c78f73dc87deaef2a1c2c53e783a9763e06de7e67be774b13d85
datasets/skin/acne/final/subtype_classification/valid/papular/tiswan_002098.jpg,71e3e0f7a89f6429a24f94045e8951d29e67283dc1b26512283754718518f3a3
datasets/skin/acne/final/subtype_classification/valid/papular/tiswan_002099.jpg,021ed281beb8bea842b3b94c4988335700eb1aa11352928e3db2369160a80ecc
datasets/skin/acne/final/subtype_classification/valid/papular/tiswan_002100.jpg,daded81719a851c6d7523694e1a35293efc6aeedf09a604a562e47a471d280a4
datasets/skin/acne/final/subtype_classification/valid/papular/tiswan_002101.jpg,da1d1c18659fc26704868b639a700930cb4271246f21fb11c2764b7d212db198
datasets/skin/acne/final/subtype_classification/valid/papular/tiswan_002102.jpg,b4ee2ba53c46325ddcc54c4b5d49ca83291d15a8e226ce2e5d2b80db4afabb03
datasets/skin/acne/final/subtype_classification/valid/papular/tiswan_002103.jpg,34590007582787e824c3257640fb2164eb7ea183643d91590eca012c17d6b2e2
datasets/skin/acne/final/subtype_classification/valid/papular/tiswan_002104.jpg,48527f00874e33d35aae726115bd85476b6d647e2b3292edd97b41a81d40410d
datasets/skin/acne/final/subtype_classification/valid/papular/tiswan_002105.jpg,fb28b08985a26aaaab5f931a274f9d6db13e28cdbb3d07600cc6ff2a8f122a74
datasets/skin/acne/final/subtype_classification/valid/papular/tiswan_002106.jpg,a787db136e7896991b3d7072ecb63cc86c5073c4a2fe70a9680a0c92806c4e5f
datasets/skin/acne/final/subtype_classification/valid/papular/tiswan_002107.jpg,e4fa9abe8f7d6a85bc289cf58f74be0c053ce8a1fc27ede8ce9e625d0f0d4ab2
datasets/skin/acne/final/subtype_classification/valid/papular/tiswan_002108.jpg,2411af444cdacee5198ade17b0bcb6353fe77471549176108070ab8c1bf6d3a6
datasets/skin/acne/final/subtype_classification/valid/papular/tiswan_002109.jpg,6dfd42d91c2b215e707fa3a51140352e93be1f642d2de83ff54d910f721f9a20
datasets/skin/acne/final/subtype_classification/valid/papular/tiswan_002110.jpg,857f1c53bb9b9c89a8b554d587c9e003d5cb5c69b7bd60d4d7862532601979a9
datasets/skin/acne/final/subtype_classification/valid/papular/tiswan_002111.jpg,e657f914ea49e7080b5fbddc220506ba3d9d817cfb180a7ae00526eba43ed617
datasets/skin/acne/final/subtype_classification/valid/papular/tiswan_002112.jpg,1d83c14a3a79f04785888d7342c43bc72a5a5dbb6ce29bf432876f11ec34a897
datasets/skin/acne/final/subtype_classification/valid/papular/tiswan_002113.jpg,c5aa3df405cefa051bba6691bbf4e543b5b9da82eeff1b73457cd3a27d5d02cd
datasets/skin/acne/final/subtype_classification/valid/papular/tiswan_002114.jpg,034d7b59b45fb0fe71975842cfb9e06808ebc9346db6a9b98730aa3da271e17c
datasets/skin/acne/final/subtype_classification/valid/papular/tiswan_002115.jpg,b9ff45b6c8f020e0609055544b46834d4a068ffa16ebe0b75d70ede6450cad24
datasets/skin/acne/final/subtype_classification/valid/papular/tiswan_002116.jpg,287e7ca898edec73ffd11f9ac1ec40fceba8c63c123da44010adfc388bebdd3c
datasets/skin/acne/final/subtype_classification/valid/papular/tiswan_002117.jpg,1fabe3fe3bfec9bbb6dfb6536dbb57c2efd340ce4f648cb221cf38c1a9c223c6
datasets/skin/acne/final/subtype_classification/valid/papular/tiswan_002118.jpg,8534621bcd908bfafacf3bf9b60db511d93153fec7ab701517b23206c611a87b
datasets/skin/acne/final/subtype_classification/valid/papular/tiswan_002119.jpg,cc48b6083042a51d4bed611f4df5bd43698382375ba1e156b7e7db23c3699f91
datasets/skin/acne/final/subtype_classification/valid/papular/tiswan_002120.jpg,cbfe5a63ebc48d01ebff2190a5de48fbdd7d7874eb55a8859d646f9296782603
datasets/skin/acne/final/subtype_classification/valid/papular/tiswan_002121.jpg,1ad1dc4b78a40e098c5e79e98210660b3b6b5471a018f80c6d1a22d9c1c10592
datasets/skin/acne/final/subtype_classification/valid/papular/tiswan_002122.jpg,323e75ad85bc7e1409e0b63f691b1e35988d33dfa896e1b7947b016795c367a3
datasets/skin/acne/final/subtype_classification/valid/papular/tiswan_002123.jpg,0bd37a81dffa48b740fcfc9a64236f27791dd483a97ff11b5aaf8e0449929662
datasets/skin/acne/final/subtype_classification/valid/papular/tiswan_002124.jpg,0a3bea7770a0498ca46aabdab72ea38bd67360c7a7f4eface3629461c3714cd6
datasets/skin/acne/final/subtype_classification/valid/papular/tiswan_002125.jpg,566ee08bb55c2252553ccabca99678478a3b13ce9076eb62356bd96fb89b88c0
datasets/skin/acne/final/subtype_classification/valid/papular/tiswan_002126.jpg,8155b3c2fd383e2c0877ba8f59a5259477839839318ffb30772559db440f59c1
datasets/skin/acne/final/subtype_classification/valid/papular/tiswan_002127.jpg,ee2e333085236839bbe358be2bf0154276f674e3e71e3dd7ae591306d48c4a1b
datasets/skin/acne/final/subtype_classification/valid/papular/tiswan_002128.jpg,b397c4d243cf81ab18eaca5be0f70c9d8014abc6f2892ffe9a6c0c502c946b23
datasets/skin/acne/final/subtype_classification/valid/papular/tiswan_002129.jpg,9be86e2793610f97de9f8d4b5782b10cf53c12d894baae315441cd4cd563af6c
datasets/skin/acne/final/subtype_classification/valid/papular/tiswan_002130.jpg,482d71c1ac159afb7059370803071395bf50ce1f0f3d5cc9fe82261929363aeb
datasets/skin/acne/final/subtype_classification/valid/pustular/dermnet_000258.jpg,84fcd1461c9d4e5f8572a96084fbfae80a2584d60a445af252748366faaa1301
datasets/skin/acne/final/subtype_classification/valid/pustular/dermnet_000259.jpg,4984d31dbffbe4aa39be0c0368a797b30b59ac126f4da9e54d791b091f581c60
datasets/skin/acne/final/subtype_classification/valid/pustular/dermnet_000260.jpg,9d994f961e7cc90d070605a5481dff98f64330ec22392f43549360ff62aaba5d
datasets/skin/acne/final/subtype_classification/valid/pustular/dermnet_000261.jpg,af056609d349ec5b97cf43244b0adb2727d6b9a61f1999b38a9c01b9f857a17e
datasets/skin/acne/final/subtype_classification/valid/pustular/dermnet_000262.jpg,f3c7bf51ffc5ab8b2d88d619467287aebdff2aef2f0e3ac9dfd703d02c81509d
datasets/skin/acne/final/subtype_classification/valid/pustular/dermnet_000263.jpg,7f885b2c0d3dab4ee1f643eec8d14d1790546a162a787b3995d3f380da358272
datasets/skin/acne/final/subtype_classification/valid/pustular/dermnet_000264.jpg,8bbb1e47a2cb74435709d8e2fdfb16b02187e9ac797a5d7b2cfb63abfc04077b
datasets/skin/acne/final/subtype_classification/valid/pustular/dermnet_000265.jpg,61b1e48e60208e25da560694487fea46da07378c69a5b8d78fb711f568507b13
datasets/skin/acne/final/subtype_classification/valid/pustular/dermnet_000266.jpg,4ff4c9b81a86500bef5aabb5733d295d2e0ee8f02bfa1b2b47cb61eca15f62e4
datasets/skin/acne/final/subtype_classification/valid/pustular/tiswan_002131.jpg,a839ee65abdc39d56b04866fbb6a5f4942c7439cf406e38c75e0a34dce6c8287
datasets/skin/acne/final/subtype_classification/valid/pustular/tiswan_002132.jpg,fe23a85ef482b4f5fcfc7923cfca92fd3f1863e10035d40b4f7c19a2a48ab611
datasets/skin/acne/final/subtype_classification/valid/pustular/tiswan_002133.jpg,7e50b8f9fa12413e43ad6992fca25c197d8552b42f20c37d658a77a2c1e5c489
datasets/skin/acne/final/subtype_classification/valid/pustular/tiswan_002134.jpg,4d61c8d7b3536b936207757b3032bc4441deaf52d5be687587ac0ad991ddee68
datasets/skin/acne/final/subtype_classification/valid/pustular/tiswan_002135.jpg,e520fbfb91fb10470f306569ff54f3afb119c04b365238bfd67e4a6b7b3daa54
datasets/skin/acne/final/subtype_classification/valid/pustular/tiswan_002136.jpg,692135d962922836fc20090dd2cfb9df35439f9642106f2ffcaa337d72c66b81
datasets/skin/acne/final/subtype_classification/valid/pustular/tiswan_002137.jpg,b0f4150f7d286e0af3d48b3932114d435450c2f300085ee032b2df5ec998653c
datasets/skin/acne/final/subtype_classification/valid/pustular/tiswan_002138.jpg,432089c08d465ba7b07fa5dd966f99b296ff24692f8055d1aabf3de3c253db93
datasets/skin/acne/final/subtype_classification/valid/pustular/tiswan_002139.jpg,c93110f9f6aec68e3e3b14cdd9b73673feadbca23d14921dee729b3a3442858d
datasets/skin/acne/final/subtype_classification/valid/pustular/tiswan_002140.jpg,1b65c8561a3cfab44f140c1a610bf9d3dd09dde069bdd835e6052564984ff28d
datasets/skin/acne/final/subtype_classification/valid/pustular/tiswan_002141.jpg,32e30657c8fd1372d5d3b9e1fd50227dfbf45975fbbfa4e8fbb8c8bb395cf8ec
datasets/skin/acne/final/subtype_classification/valid/pustular/tiswan_002142.jpg,c7cd90427df4606e7c117b5b07a43c1f10c47e8a4ffdbaac540a5e3b7c5fcf12
datasets/skin/acne/final/subtype_classification/valid/pustular/tiswan_002143.jpg,d32598def0337a69a67b36373fb1554b213bc180a180f26aa4f518d33355dcec
datasets/skin/acne/final/subtype_classification/valid/pustular/tiswan_002144.jpg,0c110d5c2850ab72404d823c66a4d8deb56c4fff999514b9edc7dd1cdd584a24
datasets/skin/acne/final/subtype_classification/valid/pustular/tiswan_002145.jpg,58c9bbf10f9c252f62b10df8da4878e7a195c079b9b5ca53c0a3c3bfb703862f
datasets/skin/acne/final/subtype_classification/valid/pustular/tiswan_002146.jpg,a92dede663b69528ef0560d51549c639a4f4777b0067c929c987f25858647c81
datasets/skin/acne/final/subtype_classification/valid/pustular/tiswan_002147.jpg,7ec5e4c57936074429be95645b51be61f150ef9f87c5814ed825ae196217a1a8
datasets/skin/acne/final/subtype_classification/valid/pustular/tiswan_002148.jpg,4e45910b2cfedadf84934bd7b44e65542f31f45e6448e8935d8ca9d44ce388a0
datasets/skin/acne/final/subtype_classification/valid/pustular/tiswan_002149.jpg,74ba15d6e82842a75121c02433dfff08a2a3dbf1ffe69647d7a1c96aa82de5fa
datasets/skin/acne/final/subtype_classification/valid/pustular/tiswan_002150.jpg,4700c83e1cf982a0cb251d46730624d733b5bb748bc28656d609db6147f8d810
datasets/skin/acne/final/subtype_classification/valid/pustular/tiswan_002151.jpg,75dd8a0801d1c65f740cba8274573bee0e9e235bca21094ebb8440f8a0b5e480
datasets/skin/acne/final/subtype_classification/valid/pustular/tiswan_002152.jpg,0edd08940c36cb4d520dd6952de6636c6a605c6409e1948da272006c7c9141b8
datasets/skin/acne/final/subtype_classification/valid/pustular/tiswan_002153.jpg,761ab72dc5f301dafe64b302fdb53f00f3d96429ed4090456f3222a7643e1813
datasets/skin/acne/final/subtype_classification/valid/pustular/tiswan_002154.jpg,021b134cc117b811e0999eec7ee79126148f1cb18041860140f660736900e2af
datasets/skin/acne/final/subtype_classification/valid/pustular/tiswan_002155.jpg,3735c551937d19638851f27545ee7e1dea48d26304dd5de5d8186f67fb4e7fcf
datasets/skin/acne/final/subtype_classification/valid/pustular/tiswan_002156.jpg,69108b2f49eea4f1db1d0ec2797ee88da7e031dbaa3ea8b6e297a1ec06d0bd1c
datasets/skin/acne/final/subtype_classification/valid/pustular/tiswan_002157.jpg,f0b23c231527958d9b3ba7f9a706659d52cbc8a096b44c9d78158186b73471bf
datasets/skin/acne/final/subtype_classification/valid/pustular/tiswan_002158.jpg,3f9ec85d18fe64b06b643258164b97d79c344e2afef06d952331f4a3ec8711b4
datasets/skin/acne/final/subtype_classification/valid/pustular/tiswan_002159.jpg,2a4dbb57077ce6efa8713d896601e93bfc02204697ff8e9ad1c681f795ab5eeb
datasets/skin/acne/final/subtype_classification/valid/pustular/tiswan_002160.jpg,f35fb932d0ad1eaaa6a0b9432e2c7abc21e4f040dd80120bf41b3fda6b400258
datasets/skin/acne/final/subtype_classification/valid/pustular/tiswan_002161.jpg,b3553e24f464748f02d494fcd7699af7916a1940a490c6d335e5971858c1772b
datasets/skin/acne/final/subtype_classification/valid/pustular/tiswan_002162.jpg,8f8ddfcc2a20308943623fca4df1d6829be5cd68658614d865d44f80fdc89351
datasets/skin/acne/final/subtype_classification/valid/pustular/tiswan_002163.jpg,d3b437bc807de12a392fe85bc98c40cc06f2c50b37ae94f1ff24324d9c33fb59
datasets/skin/acne/final/subtype_classification/valid/pustular/tiswan_002164.jpg,ae2d5a8a7b15ae345d3a705b16be2ae20bc96a629d2027c7d2d355335508f86d
datasets/skin/acne/final/subtype_classification/valid/pustular/tiswan_002165.jpg,cac943258019fdd9794cc45506492e8c2c8e8b8df97e6947603addeace7116e7
datasets/skin/acne/final/subtype_classification/valid/pustular/tiswan_002166.jpg,001f27064470a49839cc5d9a0625395792ec5c39710fd7fdad153ce75b444fda
datasets/skin/acne/final/subtype_classification/valid/pustular/tiswan_002167.jpg,19e7166fce06b33148e0ad7cd4b81491109abe3b9933b78f0eb64a675939a844
datasets/skin/acne/final/subtype_classification/valid/pustular/tiswan_002168.jpg,90b5d5422a28e28841a2481e561d13603a041b2f2f52f0f261043ad6786a3c3c
datasets/skin/acne/final/subtype_classification/valid/pustular/tiswan_002169.jpg,ed2fae091f88a955f8205813eeb06df4690d5322f90fd4a0bc22e12321de08cc
datasets/skin/acne/final/subtype_classification/valid/pustular/tiswan_002170.jpg,38c14334c6c2ca2356a767d5fe702124dae2a63191c61864f15ff29b76004ffd
datasets/skin/acne/final/subtype_classification/valid/pustular/tiswan_002171.jpg,5784f59d9ff66d396984bb9f26b61bc7ca9ca2ca0ab4b6a8a6e4db4040c9b5e7
datasets/skin/acne/final/subtype_classification/valid/pustular/tiswan_002172.jpg,99a66986f8f3a9f96c20340e564e1465cd2d66a1de0bf55f75372012ff77f8bf
datasets/skin/acne/final/subtype_classification/valid/pustular/tiswan_002173.jpg,ccdfc0fcd80b9ada36ea7e239222ca0a8ff7155cd9dd6117b166ee8c7cfb6a34
datasets/skin/acne/final/subtype_classification/valid/pustular/tiswan_002174.jpg,57b839991470af6828cd81ba512876bf08cd233042fbdce9e5bedf1793871c1b
datasets/skin/acne/final/subtype_classification/valid/pustular/tiswan_002175.jpg,a26fd0c66375bbd4588f33e71f0b60cb9f9b55e8a8fd404be0ee1d503e00144a
datasets/skin/acne/final/subtype_classification/valid/pustular/tiswan_002176.jpg,252606e90966be03ddd3282be29a5477ba82a1fca66c2b7d0a18420eeab0486f
datasets/skin/acne/final/subtype_classification/valid/pustular/tiswan_002177.jpg,f999a46a6d217bd3725f44cfe900be8035f0a4c80e8081caf52c814c24a60d16
datasets/skin/acne/final/subtype_classification/valid/pustular/tiswan_002178.jpg,3fe3b131306cc5394b539073919880f92736c87bd5080e5123218b2c91ae368c
datasets/skin/acne/final/subtype_classification/valid/pustular/tiswan_002179.jpg,b0aff4277915be41fde390892ed0cc5d6eaa03e77266fc9380456b1998326647
datasets/skin/acne/final/subtype_classification/valid/pustular/tiswan_002180.jpg,4a17c478b80a3ce05c5dcb1b08158e05df46a1709fa16ac442dc50c642965858
datasets/skin/acne/final/subtype_classification/valid/pustular/tiswan_002181.jpg,bd154bf723d1bb3304f891360ae71e6304be14a8b828cd4c9087e7f77ca0bd32
datasets/skin/acne/final/subtype_classification/valid/pustular/tiswan_002182.jpg,ea13bc6df60ee2d311f56bb3e74fa2dbcf3240b52e4dba611b055c4999cd01e4
datasets/skin/acne/final/subtype_classification/valid/pustular/tiswan_002183.jpg,d74afe85be857645a4b48e6b7d9efdb89e797d57cb11c158cffe77e5e3321e25
datasets/skin/acne/final/subtype_classification/valid/pustular/tiswan_002184.jpg,6d4a91cfbbe9f5bb755be1171026d9dec70a15dd7f5cdedeeee07f033e799974
datasets/skin/acne/final/subtype_classification/valid/pustular/tiswan_002185.jpg,12fd6c14c34ba001c52070811124e8b55d4505af697b5824344ad58ee895b096
datasets/skin/acne/final/subtype_classification/valid/pustular/tiswan_002186.jpg,5f7ddc69b31e531c449a0a6f2bb0bbfd361c6b64d123c0e304f5788e58100065
datasets/skin/acne/final/subtype_classification/valid/pustular/tiswan_002187.jpg,e9a6712b977dcebcd65f7e6ccddf9ec0f35ec95d7c746ed4f988c2cf97dfeace
datasets/skin/acne/final/subtype_classification/valid/pustular/tiswan_002188.jpg,6691f3cb280753e76376ddae8fe2f4f99da3fe3546e90fc62b2a20226eeacc7a
datasets/skin/acne/final/subtype_classification/valid/pustular/tiswan_002189.jpg,15d270633d96dbb0a299706254e7541867f8f4397c7e3266b642a1706a35e240
datasets/skin/acne/final/subtype_classification/valid/pustular/tiswan_002190.jpg,c243dfb895dbddac6021af24cba1f18a7b37cd24b493061787620ed6a4b30dc3
datasets/skin/acne/final/subtype_classification/valid/pustular/tiswan_002191.jpg,dddd82eddc16d878cbca205564aef8cf5fd4fe1fb3ce6032bd5352440aff4689
datasets/skin/acne/final/subtype_classification/valid/pustular/tiswan_002192.jpg,c3f79cf8a6e28a713d91bd230c2edf8af1efba30b3f5bcd9ed4684b0fd59e954
datasets/skin/acne/final/subtype_classification/valid/pustular/tiswan_002193.jpg,13cbd6868c0a72c709b7c22f3c60da6a1762c9a5ea69be8586a4529729e1e0b6
datasets/skin/acne/final/subtype_classification/valid/pustular/tiswan_002194.jpg,5163fbcf21f8c4dad80d65fa34828e9d16c8bcab477cd94b7932ed3895ef66ea
datasets/skin/acne/final/subtype_classification/valid/pustular/tiswan_002195.jpg,21e0d305b6dbc31bcb86dccb7e320a336c5f2d95b8bd7ff1cf0859c2693898a5
datasets/skin/acne/final/subtype_classification/valid/pustular/tiswan_002196.jpg,a174f0bc83918451e3b184a82f0c0d5f2aaa99bd08b27bc741412ee5dc026f06
datasets/skin/acne/final/subtype_classification/valid/pustular/tiswan_002197.jpg,20e3a836a75bd7104a45e088ad7a44ac1a94113ba50d83ef5f9cfcfcf840086a
datasets/skin/acne/final/subtype_classification/valid/pustular/tiswan_002198.jpg,0a3d29e8e21a42ca8bd6b62b1d94f383096b6499bf0eb34a931fd33fe3fe88ff
datasets/skin/acne/final/subtype_classification/valid/pustular/tiswan_002199.jpg,4802d0e0938af1b9f546338ee727fcf0aa0cbc90ad296f77ec8a4f416b5138ef
datasets/skin/acne/final/subtype_classification/valid/pustular/tiswan_002200.jpg,be03d5ed9e692d3d9430937969cdbb3227fc264dbb81e151ad5f330d90cba45c
datasets/skin/acne/final/subtype_classification/valid/pustular/tiswan_002201.jpg,8e8530e15df427d90f772b7b96e3d4a980b2e249720c36057621965809c877b4
datasets/skin/acne/final/subtype_classification/valid/pustular/tiswan_002202.jpg,917eb903cff6ac4c8e7edd969f7c02b68605094dda45ca9f3a84fa4d45674475
datasets/skin/acne/final/subtype_classification/valid/pustular/tiswan_002203.jpg,33ab62952dabd0f9e7d51d66e0f0195b22d99eb133a20f8ad90d0a447a28890c
datasets/skin/acne/final/subtype_classification/valid/pustular/tiswan_002204.jpg,be4729acc7163238726a4c2c8be7df2ee8975d5319fde103d50f6ab60bb0e9f3
datasets/skin/acne/final/subtype_classification/valid/pustular/tiswan_002205.jpg,dfcb10ccd5c3997e5320c81a1af5c8b78e192d2f6edacfc125bb1f2da7befffa
datasets/skin/acne/final/subtype_classification/valid/pustular/tiswan_002206.jpg,0025c4bb0f72b79e2058f05d43dbd2fbc0d2971badc07914a6a472d45775b93f
datasets/skin/acne/final/subtype_classification/valid/pustular/tiswan_002207.jpg,358aa6d6628d4b7ca4f327ec20dc142f1a6738d63d40066554520dd514f4d6b7
datasets/skin/acne/final/subtype_classification/valid/pustular/tiswan_002208.jpg,32d36bb6bf5d276bd9c342afc80ba6c9fa53000aeb0c56a67642b5f7a8f8928c
datasets/skin/acne/final/subtype_classification/valid/pustular/tiswan_002209.jpg,e3f315c480761d46d51353a336130a7f074b1287a586c74c6019986ba8604259
datasets/skin/acne/final/subtype_classification/valid/pustular/tiswan_002210.jpg,c18e2480ef29d9f8e577f9cecd22a172340f5eeca17ad351f93533d283d4f68d
datasets/skin/acne/final/subtype_classification/valid/pustular/tiswan_002211.jpg,df1fe695f6c05623cfd85cf11fd9bd426508830d3ca21a27ba3cc04e4f55df3f
datasets/skin/acne/final/subtype_classification/valid/pustular/tiswan_002212.jpg,81006b8766540d763774639802b1196f490b7a6e650dcdae60ebc9c2d27f4d58
datasets/skin/acne/final/subtype_classification/valid/pustular/tiswan_002213.jpg,8ba09f8d87c6c88911c9a490705edea09b7e0ab74e2a25dc909ca2d94df9014f
datasets/skin/acne/final/subtype_classification/valid/pustular/tiswan_002214.jpg,7bb9278b554d87b8a875b36cc1f3357ae2862ff7c39a94d23146c78884a4e1f9
datasets/skin/acne/final/subtype_classification/valid/pustular/tiswan_002215.jpg,1379e1669499972da457c69e827da1ba1c1f106116634ec4da2a3dbe0cbe6d60
datasets/skin/acne/final/subtype_classification/valid/scar/dermnet_000267.jpg,e7fdde45d835a585191dcdcdfd674285710050b1ea30ac08b087f4c2e94686b0
