image_id,source_dataset,dataset_version,image_path,split,subtype_label,clinical_quality,confidence_source,primary_use,condition_family,source_weight,sha256,notes
tiswan_000001,tiswan,cleaned_v1,datasets/skin/acne/final/subtype_classification/train/open_comedo/tiswan_000001.jpg,train,open_comedo,borderline,non_expert,subtype_classification,acne,1.0,30e140f222c9e14e291f5ab9c811f519c5c3e11255941659949a196489843711,Cleaned fine-grained classification image. Class: Blackheads. Blur score: 51.86.
tiswan_000002,tiswan,cleaned_v1,datasets/skin/acne/final/subtype_classification/train/open_comedo/tiswan_000002.jpg,train,open_comedo,usable,non_expert,subtype_classification,acne,1.0,2a3d8a8840c9bec76ce7ea7a9fc7b7eb1e987fa6183751850cef93f5dda706e2,Cleaned fine-grained classification image. Class: Blackheads. Blur score: 63.33.
tiswan_000003,tiswan,cleaned_v1,datasets/skin/acne/final/subtype_classification/train/open_comedo/tiswan_000003.jpg,train,open_comedo,usable,non_expert,subtype_classification,acne,1.0,27602755c78a19aae13de047f229c1bd5392e7540b16b2f4804eccb85e00250d,Cleaned fine-grained classification image. Class: Blackheads. Blur score: 65.43.
tiswan_000004,tiswan,cleaned_v1,datasets/skin/acne/final/subtype_classification/train/open_comedo/tiswan_000004.jpg,train,open_comedo,usable,non_expert,subtype_classification,acne,1.0,36c400db677dd5b2ac77a63713371faa38efbe301b4686426ae0c6cf5b1e9aca,Cleaned fine-grained classification image. Class: Blackheads. Blur score: 123.81.
tiswan_000005,tiswan,cleaned_v1,datasets/skin/acne/final/subtype_classification/train/open_comedo/tiswan_000005.jpg,train,open_comedo,borderline,non_expert,subtype_classification,acne,1.0,611673666f082d361f8f85665688915731f45ecce15fb5d9a67ebaca58c96103,Cleaned fine-grained classification image. Class: Blackheads. Blur score: 45.84.
tiswan_000006,tiswan,cleaned_v1,datasets/skin/acne/final/subtype_classification/train/open_comedo/tiswan_000006.jpg,train,open_comedo,usable,non_expert,subtype_classification,acne,1.0,1c7722718c7194faecee1f385b0ceb9d2bf440070ed64d020a2da0f6629d4bf1,Cleaned fine-grained classification image. Class: Blackheads. Blur score: 116.07.
tiswan_000007,tiswan,cleaned_v1,datasets/skin/acne/final/subtype_classification/train/open_comedo/tiswan_000007.jpg,train,open_comedo,usable,non_expert,subtype_classification,acne,1.0,0ead40316af1c01ab966e209eb69b6f9097ad89e5b3a0889d0360ef67d843a8b,Cleaned fine-grained classification image. Class: Blackheads. Blur score: 114.14.
tiswan_000008,tiswan,cleaned_v1,datasets/skin/acne/final/subtype_classification/train/open_comedo/tiswan_000008.jpg,train,open_comedo,usable,non_expert,subtype_classification,acne,1.0,033998fb92de768ac58a691c787552c1eca1277f34906545820ae32d67eebaa1,Cleaned fine-grained classification image. Class: Blackheads. Blur score: 94.92.
tiswan_000009,tiswan,cleaned_v1,datasets/skin/acne/final/subtype_classification/train/open_comedo/tiswan_000009.jpg,train,open_comedo,borderline,non_expert,subtype_classification,acne,1.0,5a2db2abf5d01fce7c3b2e50cb92f99b9aae3563f5883933bc43d6cfc49de0df,Cleaned fine-grained classification image. Class: Blackheads. Blur score: 56.68.
tiswan_000010,tiswan,cleaned_v1,datasets/skin/acne/final/subtype_classification/train/open_comedo/tiswan_000010.jpg,train,open_comedo,borderline,non_expert,subtype_classification,acne,1.0,14d24877a3d89f596622469386ccfd8533eb5176446a08fa252061bbc0022b3f,Cleaned fine-grained classification image. Class: Blackheads. Blur score: 48.78.
tiswan_000011,tiswan,cleaned_v1,datasets/skin/acne/final/subtype_classification/train/open_comedo/tiswan_000011.jpg,train,open_comedo,usable,non_expert,subtype_classification,acne,1.0,8f6911465bf88631bc902fe1c54488d6d130b4d7b349a47ffa61f80c06d0584c,Cleaned fine-grained classification image. Class: Blackheads. Blur score: 98.14.
tiswan_000012,tiswan,cleaned_v1,datasets/skin/acne/final/subtype_classification/train/open_comedo/tiswan_000012.jpg,train,open_comedo,usable,non_expert,subtype_classification,acne,1.0,ba47b31b5b7e0c7e0db8d493026b36dcfc9c01d32237fd38ed1c038b4ca9a3e2,Cleaned fine-grained classification image. Class: Blackheads. Blur score: 79.43.
tiswan_000013,tiswan,cleaned_v1,datasets/skin/acne/final/subtype_classification/train/open_comedo/tiswan_000013.jpg,train,open_comedo,usable,non_expert,subtype_classification,acne,1.0,9d010bae7455faed48c335f089682c9b71caef2ea9d36997cb47a22d0b217dec,Cleaned fine-grained classification image. Class: Blackheads. Blur score: 63.49.
tiswan_000014,tiswan,cleaned_v1,datasets/skin/acne/final/subtype_classification/train/open_comedo/tiswan_000014.jpg,train,open_comedo,usable,non_expert,subtype_classification,acne,1.0,48dc5ee19ec0ac7071da607313043e9b3a42c41ccb3b9eb6c9b204fee42fbbca,Cleaned fine-grained classification image. Class: Blackheads. Blur score: 111.76.
tiswan_000015,tiswan,cleaned_v1,datasets/skin/acne/final/subtype_classification/train/open_comedo/tiswan_000015.jpg,train,open_comedo,usable,non_expert,subtype_classification,acne,1.0,534cf7ed400c1e8f62641f16b22ae459c6dcf363b3492f1446b08c14534e4705,Cleaned fine-grained classification image. Class: Blackheads. Blur score: 113.99.
tiswan_000016,tiswan,cleaned_v1,datasets/skin/acne/final/subtype_classification/train/open_comedo/tiswan_000016.jpg,train,open_comedo,usable,non_expert,subtype_classification,acne,1.0,30654879bdd26a9088160f3f6493d6f37c9838711ee1023cb99552bd33eda0cd,Cleaned fine-grained classification image. Class: Blackheads. Blur score: 95.66.
tiswan_000017,tiswan,cleaned_v1,datasets/skin/acne/final/subtype_classification/train/open_comedo/tiswan_000017.jpg,train,open_comedo,borderline,non_expert,subtype_classification,acne,1.0,ef120da51c9dfa0d7ec63d3c56172eb16d1e89cd50fbae33f6ed18954e5ab3f1,Cleaned fine-grained classification image. Class: Blackheads. Blur score: 35.51.
tiswan_000018,tiswan,cleaned_v1,datasets/skin/acne/final/subtype_classification/train/open_comedo/tiswan_000018.jpg,train,open_comedo,borderline,non_expert,subtype_classification,acne,1.0,6a8107750c7b81901400122093de9f5d33b5bf64bd20f6e48d6703161f2bd096,Cleaned fine-grained classification image. Class: Blackheads. Blur score: 37.79.
tiswan_000019,tiswan,cleaned_v1,datasets/skin/acne/final/subtype_classification/train/open_comedo/tiswan_000019.jpg,train,open_comedo,usable,non_expert,subtype_classification,acne,1.0,b02272fd85a79d03b6292fb99448154f2c5c23da3df1d6963727fa9b4a9ca044,Cleaned fine-grained classification image. Class: Blackheads. Blur score: 72.29.
tiswan_000020,tiswan,cleaned_v1,datasets/skin/acne/final/subtype_classification/train/open_comedo/tiswan_000020.jpg,train,open_comedo,borderline,non_expert,subtype_classification,acne,1.0,3809cbf7954a31988e121ec38abd3e05f301186cffdc99241ccc3f6e989e57db,Cleaned fine-grained classification image. Class: Blackheads. Blur score: 58.4.
tiswan_000021,tiswan,cleaned_v1,datasets/skin/acne/final/subtype_classification/train/open_comedo/tiswan_000021.jpg,train,open_comedo,usable,non_expert,subtype_classification,acne,1.0,d045a8304739df67d530ea8a61178a533109045cfbb7aa8c8c5da3c1c1c9df91,Cleaned fine-grained classification image. Class: Blackheads. Blur score: 80.22.
tiswan_000022,tiswan,cleaned_v1,datasets/skin/acne/final/subtype_classification/train/open_comedo/tiswan_000022.jpg,train,open_comedo,borderline,non_expert,subtype_classification,acne,1.0,638f7c44bfab542688ef078dcd810be65b41c562918e4b5049c8e35e0b4bdea9,Cleaned fine-grained classification image. Class: Blackheads. Blur score: 41.34.
tiswan_000023,tiswan,cleaned_v1,datasets/skin/acne/final/subtype_classification/train/open_comedo/tiswan_000023.jpg,train,open_comedo,usable,non_expert,subtype_classification,acne,1.0,dd044a25ce168117b37f98ab1ba1172c2a247cbd29abdc633fcb97518710c748,Cleaned fine-grained classification image. Class: Blackheads. Blur score: 69.41.
tiswan_000024,tiswan,cleaned_v1,datasets/skin/acne/final/subtype_classification/train/open_comedo/tiswan_000024.jpg,train,open_comedo,borderline,non_expert,subtype_classification,acne,1.0,8ab92532ba678c1986ab6035416b53da386091236c723a2a008d4f93ba8d8859,Cleaned fine-grained classification image. Class: Blackheads. Blur score: 32.21.
tiswan_000025,tiswan,cleaned_v1,datasets/skin/acne/final/subtype_classification/train/open_comedo/tiswan_000025.jpg,train,open_comedo,usable,non_expert,subtype_classification,acne,1.0,3689f11a2b78517aabf0b95ced497cfa95fa07cbc16b63122ba6597c2f7a3094,Cleaned fine-grained classification image. Class: Blackheads. Blur score: 65.87.
tiswan_000026,tiswan,cleaned_v1,datasets/skin/acne/final/subtype_classification/train/open_comedo/tiswan_000026.jpg,train,open_comedo,usable,non_expert,subtype_classification,acne,1.0,5fbba64d24a8643ebf03fa166bd35045a34ea0dd82301318d05ec2791cfb8fc3,Cleaned fine-grained classification image. Class: Blackheads. Blur score: 66.48.
tiswan_000027,tiswan,cleaned_v1,datasets/skin/acne/final/subtype_classification/train/open_comedo/tiswan_000027.jpg,train,open_comedo,usable,non_expert,subtype_classification,acne,1.0,4162769c50bcb576472ea0595e7f47bdbd3304b915bbb4b89f5daaa77ac546f3,Cleaned fine-grained classification image. Class: Blackheads. Blur score: 72.3.
tiswan_000028,tiswan,cleaned_v1,datasets/skin/acne/final/subtype_classification/train/open_comedo/tiswan_000028.jpg,train,open_comedo,usable,non_expert,subtype_classification,acne,1.0,0f050fd9154c3d1f192f4fbaf067bb45e9c32e84e5d81cdc6b3fd6e9348749c7,Cleaned fine-grained classification image. Class: Blackheads. Blur score: 96.24.
tiswan_000029,tiswan,cleaned_v1,datasets/skin/acne/final/subtype_classification/train/open_comedo/tiswan_000029.jpg,train,open_comedo,usable,non_expert,subtype_classification,acne,1.0,c8693c319752177a1f0feed4f179c7917e645fca95ae9e2b4892ddf262763c0a,Cleaned fine-grained classification image. Class: Blackheads. Blur score: 75.17.
tiswan_000030,tiswan,cleaned_v1,datasets/skin/acne/final/subtype_classification/train/open_comedo/tiswan_000030.jpg,train,open_comedo,borderline,non_expert,subtype_classification,acne,1.0,540ac14da24bc1a727c94aef1406d1a1b1b0ecb0dfada84892a2e87ef541680c,Cleaned fine-grained classification image. Class: Blackheads. Blur score: 42.41.
tiswan_000031,tiswan,cleaned_v1,datasets/skin/acne/final/subtype_classification/train/open_comedo/tiswan_000031.jpg,train,open_comedo,usable,non_expert,subtype_classification,acne,1.0,f346ce38b98853990b84295c7aaaa8f2953f19019aa4e4a0bc8312559c097452,Cleaned fine-grained classification image. Class: Blackheads. Blur score: 89.2.
tiswan_000032,tiswan,cleaned_v1,datasets/skin/acne/final/subtype_classification/train/open_comedo/tiswan_000032.jpg,train,open_comedo,borderline,non_expert,subtype_classification,acne,1.0,12a73a12549c348286185e609dd1aed2a3b4fe8388684be9395cd125d688bc7e,Cleaned fine-grained classification image. Class: Blackheads. Blur score: 56.92.
tiswan_000033,tiswan,cleaned_v1,datasets/skin/acne/final/subtype_classification/train/open_comedo/tiswan_000033.jpg,train,open_comedo,usable,non_expert,subtype_classification,acne,1.0,07d976b4b4e0758738b5a43d5760db38d19c7d4c09e19c12e1963097de59ce1c,Cleaned fine-grained classification image. Class: Blackheads. Blur score: 127.47.
tiswan_000034,tiswan,cleaned_v1,datasets/skin/acne/final/subtype_classification/train/open_comedo/tiswan_000034.jpg,train,open_comedo,usable,non_expert,subtype_classification,acne,1.0,91f1bd27584640c8305d050a174a1c7ed447aba73c41452eb4b090e3da2d9190,Cleaned fine-grained classification image. Class: Blackheads. Blur score: 77.48.
tiswan_000035,tiswan,cleaned_v1,datasets/skin/acne/final/subtype_classification/train/open_comedo/tiswan_000035.jpg,train,open_comedo,usable,non_expert,subtype_classification,acne,1.0,f9b4512c6750d1638766268360aa36657737d4066afa1d54c1bb81c737649224,Cleaned fine-grained classification image. Class: Blackheads. Blur score: 62.32.
tiswan_000036,tiswan,cleaned_v1,datasets/skin/acne/final/subtype_classification/train/open_comedo/tiswan_000036.jpg,train,open_comedo,borderline,non_expert,subtype_classification,acne,1.0,cd2c1ab182e714544e6e920558cfa2df7548bc1e7b474bc16be93458eeff0055,Cleaned fine-grained classification image. Class: Blackheads. Blur score: 57.34.
tiswan_000037,tiswan,cleaned_v1,datasets/skin/acne/final/subtype_classification/train/open_comedo/tiswan_000037.jpg,train,open_comedo,borderline,non_expert,subtype_classification,acne,1.0,1a92361e77b0a2c18f84ecbed3e6f2128c6c33740650f413ace0605ebc4efd69,Cleaned fine-grained classification image. Class: Blackheads. Blur score: 37.35.
tiswan_000038,tiswan,cleaned_v1,datasets/skin/acne/final/subtype_classification/train/open_comedo/tiswan_000038.jpg,train,open_comedo,usable,non_expert,subtype_classification,acne,1.0,779292bb4b97a7b0daef005939122972b5233d3a619fe97f8da78be3e0950608,Cleaned fine-grained classification image. Class: Blackheads. Blur score: 88.72.
tiswan_000039,tiswan,cleaned_v1,datasets/skin/acne/final/subtype_classification/train/open_comedo/tiswan_000039.jpg,train,open_comedo,usable,non_expert,subtype_classification,acne,1.0,6c1824f1669754f5a382b7463ea55c1ee83348530cee304b0151bd35640a7dd3,Cleaned fine-grained classification image. Class: Blackheads. Blur score: 84.87.
tiswan_000040,tiswan,cleaned_v1,datasets/skin/acne/final/subtype_classification/train/open_comedo/tiswan_000040.jpg,train,open_comedo,usable,non_expert,subtype_classification,acne,1.0,e44c49ec41a2d3d0660b013014a5e4c4f16782580be973da9199662393c7f364,Cleaned fine-grained classification image. Class: Blackheads. Blur score: 91.7.
tiswan_000041,tiswan,cleaned_v1,datasets/skin/acne/final/subtype_classification/train/open_comedo/tiswan_000041.jpg,train,open_comedo,usable,non_expert,subtype_classification,acne,1.0,c61810ae16d6bd7738d6a805cdb10f3e860e2348615f63ac86b3743620dd5cd7,Cleaned fine-grained classification image. Class: Blackheads. Blur score: 79.33.
tiswan_000042,tiswan,cleaned_v1,datasets/skin/acne/final/subtype_classification/train/open_comedo/tiswan_000042.jpg,train,open_comedo,usable,non_expert,subtype_classification,acne,1.0,7506089af6a8d224f403aaa4cbde215b0d9d60a548edc8a03222c7b3933742fc,Cleaned fine-grained classification image. Class: Blackheads. Blur score: 87.52.
tiswan_000043,tiswan,cleaned_v1,datasets/skin/acne/final/subtype_classification/train/open_comedo/tiswan_000043.jpg,train,open_comedo,usable,non_expert,subtype_classification,acne,1.0,cd6382ec509fce85f3ab88b0aef8d1568c1d6aba814890768b77e3d992fcbb67,Cleaned fine-grained classification image. Class: Blackheads. Blur score: 96.33.
tiswan_000044,tiswan,cleaned_v1,datasets/skin/acne/final/subtype_classification/train/open_comedo/tiswan_000044.jpg,train,open_comedo,borderline,non_expert,subtype_classification,acne,1.0,dd3cd562ffe20d3f7640fd94ccd2a8f82792a74d7c4f67ab847c0fb912d93bf3,Cleaned fine-grained classification image. Class: Blackheads. Blur score: 50.2.
tiswan_000045,tiswan,cleaned_v1,datasets/skin/acne/final/subtype_classification/train/open_comedo/tiswan_000045.jpg,train,open_comedo,usable,non_expert,subtype_classification,acne,1.0,de96b97a9520be19ff95c4b7204763a096d0267bba166ad9eb1e8f492eb9c040,Cleaned fine-grained classification image. Class: Blackheads. Blur score: 74.99.
tiswan_000046,tiswan,cleaned_v1,datasets/skin/acne/final/subtype_classification/train/open_comedo/tiswan_000046.jpg,train,open_comedo,usable,non_expert,subtype_classification,acne,1.0,ce1ca19903e37fc985b4279cb8580293eee296943ee586e13924b67db4003db4,Cleaned fine-grained classification image. Class: Blackheads. Blur score: 75.56.
tiswan_000047,tiswan,cleaned_v1,datasets/skin/acne/final/subtype_classification/train/open_comedo/tiswan_000047.jpg,train,open_comedo,borderline,non_expert,subtype_classification,acne,1.0,0f0ff74975326a339fbcecd7b3a1643c31f6f48f9748125632c3d9b0c4e6c722,Cleaned fine-grained classification image. Class: Blackheads. Blur score: 37.35.
tiswan_000048,tiswan,cleaned_v1,datasets/skin/acne/final/subtype_classification/train/open_comedo/tiswan_000048.jpg,train,open_comedo,usable,non_expert,subtype_classification,acne,1.0,79436d6add0a2b57faaeaf4781d9372b8f7a351da5171e05bbd05234b7abe3e6,Cleaned fine-grained classification image. Class: Blackheads. Blur score: 129.87.
tiswan_000049,tiswan,cleaned_v1,datasets/skin/acne/final/subtype_classification/train/open_comedo/tiswan_000049.jpg,train,open_comedo,borderline,non_expert,subtype_classification,acne,1.0,23fcfd06ea4e54d0ce88aea4a6187be4d7ae9105e3cb99e022b20152ce568934,Cleaned fine-grained classification image. Class: Blackheads. Blur score: 38.92.
tiswan_000050,tiswan,cleaned_v1,datasets/skin/acne/final/subtype_classification/train/open_comedo/tiswan_000050.jpg,train,open_comedo,usable,non_expert,subtype_classification,acne,1.0,e3ed0216d44e1fd8088f7d1abed543dfedd461faa77002385550f083dadda97e,Cleaned fine-grained classification image. Class: Blackheads. Blur score: 65.35.
tiswan_000051,tiswan,cleaned_v1,datasets/skin/acne/final/subtype_classification/train/open_comedo/tiswan_000051.jpg,train,open_comedo,usable,non_expert,subtype_classification,acne,1.0,2f83b062a5e8029b5ed22df86a439bf2c6e83c46437f41d845655fef0680abe3,Cleaned fine-grained classification image. Class: Blackheads. Blur score: 63.31.
tiswan_000052,tiswan,cleaned_v1,datasets/skin/acne/final/subtype_classification/train/open_comedo/tiswan_000052.jpg,train,open_comedo,borderline,non_expert,subtype_classification,acne,1.0,74ebca01cefb9a8a5a14767d2cf186c993a32c218c7ff7eb41b329512863a082,Cleaned fine-grained classification image. Class: Blackheads. Blur score: 54.79.
tiswan_000053,tiswan,cleaned_v1,datasets/skin/acne/final/subtype_classification/train/open_comedo/tiswan_000053.jpg,train,open_comedo,borderline,non_expert,subtype_classification,acne,1.0,1a01288adc701c4f276d3cfb3b1b2657e15a711c3b796fd36d15fcd7ddea2f1a,Cleaned fine-grained classification image. Class: Blackheads. Blur score: 48.42.
tiswan_000054,tiswan,cleaned_v1,datasets/skin/acne/final/subtype_classification/train/open_comedo/tiswan_000054.jpg,train,open_comedo,usable,non_expert,subtype_classification,acne,1.0,2cbaf5decb6fa7e3249c5b4a8bdbff6b78008a3c150b147bbe2a5a5f55860bec,Cleaned fine-grained classification image. Class: Blackheads. Blur score: 87.94.
tiswan_000055,tiswan,cleaned_v1,datasets/skin/acne/final/subtype_classification/train/open_comedo/tiswan_000055.jpg,train,open_comedo,usable,non_expert,subtype_classification,acne,1.0,6d7a21f965dfd06771fcc163a05ecac1fbdffddcfd931527d387d53f8417c621,Cleaned fine-grained classification image. Class: Blackheads. Blur score: 80.65.
tiswan_000056,tiswan,cleaned_v1,datasets/skin/acne/final/subtype_classification/train/open_comedo/tiswan_000056.jpg,train,open_comedo,usable,non_expert,subtype_classification,acne,1.0,4e7966928aae9bc4d5a2b43194cd85e6cc71043fb5e85df2a3dfc0c5897f4b27,Cleaned fine-grained classification image. Class: Blackheads. Blur score: 96.2.
tiswan_000057,tiswan,cleaned_v1,datasets/skin/acne/final/subtype_classification/train/open_comedo/tiswan_000057.jpg,train,open_comedo,usable,non_expert,subtype_classification,acne,1.0,e20cf520a294969f30a3517caf444110dc362af37f12dc37d950d2db21597d6c,Cleaned fine-grained classification image. Class: Blackheads. Blur score: 113.6.
tiswan_000058,tiswan,cleaned_v1,datasets/skin/acne/final/subtype_classification/train/open_comedo/tiswan_000058.jpg,train,open_comedo,borderline,non_expert,subtype_classification,acne,1.0,8e1548e005506c1faf9871a2f0fb5ae9b3e53bc12fdf35dd0a287bdce45e8075,Cleaned fine-grained classification image. Class: Blackheads. Blur score: 52.04.
tiswan_000059,tiswan,cleaned_v1,datasets/skin/acne/final/subtype_classification/train/open_comedo/tiswan_000059.jpg,train,open_comedo,usable,non_expert,subtype_classification,acne,1.0,ff8c0186b25a708e290dd39eb8e3f71d051750587e5f0dcfa2e2b880ca596cd9,Cleaned fine-grained classification image. Class: Blackheads. Blur score: 87.98.
tiswan_000060,tiswan,cleaned_v1,datasets/skin/acne/final/subtype_classification/train/open_comedo/tiswan_000060.jpg,train,open_comedo,usable,non_expert,subtype_classification,acne,1.0,abd302e935451a2301dbb97ce31a27726b6878268b96927fdbdb92ca22704f76,Cleaned fine-grained classification image. Class: Blackheads. Blur score: 95.64.
tiswan_000061,tiswan,cleaned_v1,datasets/skin/acne/final/subtype_classification/train/open_comedo/tiswan_000061.jpg,train,open_comedo,borderline,non_expert,subtype_classification,acne,1.0,7deb66562d4be93a4dae8e938d9eb5f448b65f23a763aff06354a10935ce681f,Cleaned fine-grained classification image. Class: Blackheads. Blur score: 57.0.
tiswan_000062,tiswan,cleaned_v1,datasets/skin/acne/final/subtype_classification/train/open_comedo/tiswan_000062.jpg,train,open_comedo,borderline,non_expert,subtype_classification,acne,1.0,0a1b6462884423ba97db752592f9114e091b313e681c1cf369e7de88fb8464a1,Cleaned fine-grained classification image. Class: Blackheads. Blur score: 54.24.
tiswan_000063,tiswan,cleaned_v1,datasets/skin/acne/final/subtype_classification/train/open_comedo/tiswan_000063.jpg,train,open_comedo,borderline,non_expert,subtype_classification,acne,1.0,c15ffca3f94756e45f04855fb87a7c1fa2f3255484e6f18ac5ae8d5154bf7955,Cleaned fine-grained classification image. Class: Blackheads. Blur score: 39.69.
tiswan_000064,tiswan,cleaned_v1,datasets/skin/acne/final/subtype_classification/train/open_comedo/tiswan_000064.jpg,train,open_comedo,usable,non_expert,subtype_classification,acne,1.0,b21459dc71008832d5a984ec37b3ae6e0289cd8bec8d2efef84de4f038b50c20,Cleaned fine-grained classification image. Class: Blackheads. Blur score: 77.97.
tiswan_000065,tiswan,cleaned_v1,datasets/skin/acne/final/subtype_classification/train/open_comedo/tiswan_000065.jpg,train,open_comedo,borderline,non_expert,subtype_classification,acne,1.0,a0318f5180b0c1b7d2b1714c07fb942ae25ccf6c74c183847a8f07abe92d5ce8,Cleaned fine-grained classification image. Class: Blackheads. Blur score: 37.73.
tiswan_000066,tiswan,cleaned_v1,datasets/skin/acne/final/subtype_classification/train/open_comedo/tiswan_000066.jpg,train,open_comedo,borderline,non_expert,subtype_classification,acne,1.0,4418e45f9f291aef075965db9a4b3550b24e9ecf8cd679140ac832b85480182f,Cleaned fine-grained classification image. Class: Blackheads. Blur score: 36.24.
tiswan_000067,tiswan,cleaned_v1,datasets/skin/acne/final/subtype_classification/train/open_comedo/tiswan_000067.jpg,train,open_comedo,usable,non_expert,subtype_classification,acne,1.0,5210d75270a1717336b0c9f2cede91f67d0e7616d9caf5787546e279ee636538,Cleaned fine-grained classification image. Class: Blackheads. Blur score: 128.76.
tiswan_000068,tiswan,cleaned_v1,datasets/skin/acne/final/subtype_classification/train/open_comedo/tiswan_000068.jpg,train,open_comedo,borderline,non_expert,subtype_classification,acne,1.0,b358828d3199fbc424b53681e4aeda0c369d23f240003d0ded5ae89be8f4a0a3,Cleaned fine-grained classification image. Class: Blackheads. Blur score: 58.44.
tiswan_000069,tiswan,cleaned_v1,datasets/skin/acne/final/subtype_classification/train/open_comedo/tiswan_000069.jpg,train,open_comedo,usable,non_expert,subtype_classification,acne,1.0,a11b61a11ec2164a55192152f6c285bfb8d934b7e0496f10766269da0cb57a66,Cleaned fine-grained classification image. Class: Blackheads. Blur score: 136.41.
tiswan_000070,tiswan,cleaned_v1,datasets/skin/acne/final/subtype_classification/train/open_comedo/tiswan_000070.jpg,train,open_comedo,borderline,non_expert,subtype_classification,acne,1.0,8c774381863a85766df809d32fc022762d54d95720a742750cc4d27f8ed5744e,Cleaned fine-grained classification image. Class: Blackheads. Blur score: 37.94.
tiswan_000071,tiswan,cleaned_v1,datasets/skin/acne/final/subtype_classification/train/open_comedo/tiswan_000071.jpg,train,open_comedo,borderline,non_expert,subtype_classification,acne,1.0,d1afbafdae79114ef17fee8efee47a5da7577cc111eab4e0caaf14f800b6909f,Cleaned fine-grained classification image. Class: Blackheads. Blur score: 46.72.
tiswan_000072,tiswan,cleaned_v1,datasets/skin/acne/final/subtype_classification/train/open_comedo/tiswan_000072.jpg,train,open_comedo,borderline,non_expert,subtype_classification,acne,1.0,b5186c221686f0d280348da132f43f6fead0862c0cc2da109842f5ad5a36da2c,Cleaned fine-grained classification image. Class: Blackheads. Blur score: 34.43.
tiswan_000073,tiswan,cleaned_v1,datasets/skin/acne/final/subtype_classification/train/open_comedo/tiswan_000073.jpg,train,open_comedo,borderline,non_expert,subtype_classification,acne,1.0,afb097d8886c9d3026831df2d91ddb2a2cac7fecfb26e142e31428825577323b,Cleaned fine-grained classification image. Class: Blackheads. Blur score: 33.61.
tiswan_000074,tiswan,cleaned_v1,datasets/skin/acne/final/subtype_classification/train/open_comedo/tiswan_000074.jpg,train,open_comedo,borderline,non_expert,subtype_classification,acne,1.0,6f63604932dced2ff011bd8ed7b939ff6ff05e217c7de4822e4e169a482bb2c7,Cleaned fine-grained classification image. Class: Blackheads. Blur score: 36.69.
tiswan_000075,tiswan,cleaned_v1,datasets/skin/acne/final/subtype_classification/train/open_comedo/tiswan_000075.jpg,train,open_comedo,usable,non_expert,subtype_classification,acne,1.0,cb9bb90b85fa9e40490eef68357f5916b6ba9d7ab8f79f668ec88c22f78c8f2e,Cleaned fine-grained classification image. Class: Blackheads. Blur score: 61.93.
tiswan_000076,tiswan,cleaned_v1,datasets/skin/acne/final/subtype_classification/train/open_comedo/tiswan_000076.jpg,train,open_comedo,borderline,non_expert,subtype_classification,acne,1.0,4285b76cb1637e2156835b4a7ea753156f2664466dde4854ce3ece046030f141,Cleaned fine-grained classification image. Class: Blackheads. Blur score: 36.54.
tiswan_000077,tiswan,cleaned_v1,datasets/skin/acne/final/subtype_classification/train/open_comedo/tiswan_000077.jpg,train,open_comedo,borderline,non_expert,subtype_classification,acne,1.0,281aac9230857441171f560153d560988bffaa632d363e3e8307f032775bf852,Cleaned fine-grained classification image. Class: Blackheads. Blur score: 43.59.
tiswan_000078,tiswan,cleaned_v1,datasets/skin/acne/final/subtype_classification/train/open_comedo/tiswan_000078.jpg,train,open_comedo,borderline,non_expert,subtype_classification,acne,1.0,c9b6a73cbd1f1ec94bb5677b2e7818af5fd64296b46198d06499566b993aa299,Cleaned fine-grained classification image. Class: Blackheads. Blur score: 32.09.
tiswan_000079,tiswan,cleaned_v1,datasets/skin/acne/final/subtype_classification/train/open_comedo/tiswan_000079.jpg,train,open_comedo,usable,non_expert,subtype_classification,acne,1.0,221d66f030b613aac3ac33e39c245b5b6cf7379fda55e21e5d84aee3dfc3c6c0,Cleaned fine-grained classification image. Class: Blackheads. Blur score: 66.35.
tiswan_000080,tiswan,cleaned_v1,datasets/skin/acne/final/subtype_classification/train/open_comedo/tiswan_000080.jpg,train,open_comedo,usable,non_expert,subtype_classification,acne,1.0,9f894510eb825315cb0287346eb26c37ac4544bac1b353df70c662b2b7a1efc2,Cleaned fine-grained classification image. Class: Blackheads. Blur score: 75.9.
tiswan_000081,tiswan,cleaned_v1,datasets/skin/acne/final/subtype_classification/train/open_comedo/tiswan_000081.jpg,train,open_comedo,usable,non_expert,subtype_classification,acne,1.0,6c5108befae49010d2b69094e5ff96a80e3cbd7750abf89c16c43ff96aa434e7,Cleaned fine-grained classification image. Class: Blackheads. Blur score: 70.81.
tiswan_000082,tiswan,cleaned_v1,datasets/skin/acne/final/subtype_classification/train/open_comedo/tiswan_000082.jpg,train,open_comedo,usable,non_expert,subtype_classification,acne,1.0,ec7cbd8b2540e6ae9177b3cd9b4ca81e9690b62850044570d372a1675ea1f24a,Cleaned fine-grained classification image. Class: Blackheads. Blur score: 100.13.
tiswan_000083,tiswan,cleaned_v1,datasets/skin/acne/final/subtype_classification/train/open_comedo/tiswan_000083.jpg,train,open_comedo,borderline,non_expert,subtype_classification,acne,1.0,d083c2f30ea997df205f9be44a641810bb61646a2e1e931d8e9ca3b620eaff44,Cleaned fine-grained classification image. Class: Blackheads. Blur score: 31.65.
tiswan_000084,tiswan,cleaned_v1,datasets/skin/acne/final/subtype_classification/train/open_comedo/tiswan_000084.jpg,train,open_comedo,usable,non_expert,subtype_classification,acne,1.0,beaa7f2dad79b1e12d53f03f80e8ece60e9b18f7d12e5d5a4a4c0f9e3106f161,Cleaned fine-grained classification image. Class: Blackheads. Blur score: 87.39.
tiswan_000085,tiswan,cleaned_v1,datasets/skin/acne/final/subtype_classification/train/open_comedo/tiswan_000085.jpg,train,open_comedo,usable,non_expert,subtype_classification,acne,1.0,be77008242a4a24877ca84c0f09748f2c83f9d3c8ad4843e8262986ac2c3fc06,Cleaned fine-grained classification image. Class: Blackheads. Blur score: 79.38.
tiswan_000086,tiswan,cleaned_v1,datasets/skin/acne/final/subtype_classification/train/open_comedo/tiswan_000086.jpg,train,open_comedo,usable,non_expert,subtype_classification,acne,1.0,a0be866ca9e419d3efb0ec94dbf83c3ce2247dbece89b0ec4f97904111524cc4,Cleaned fine-grained classification image. Class: Blackheads. Blur score: 112.2.
tiswan_000087,tiswan,cleaned_v1,datasets/skin/acne/final/subtype_classification/train/open_comedo/tiswan_000087.jpg,train,open_comedo,usable,non_expert,subtype_classification,acne,1.0,77283a8287bd904cb039d697b577466f6697d884b9b920d0f837f92dd7ed2958,Cleaned fine-grained classification image. Class: Blackheads. Blur score: 63.81.
tiswan_000088,tiswan,cleaned_v1,datasets/skin/acne/final/subtype_classification/train/open_comedo/tiswan_000088.jpg,train,open_comedo,usable,non_expert,subtype_classification,acne,1.0,40df5ab8860838fafaa8156dedf1855f1df7ff6125ed84cf77127e178955c1bb,Cleaned fine-grained classification image. Class: Blackheads. Blur score: 72.31.
tiswan_000089,tiswan,cleaned_v1,datasets/skin/acne/final/subtype_classification/train/open_comedo/tiswan_000089.jpg,train,open_comedo,usable,non_expert,subtype_classification,acne,1.0,6d0e8732278eaeee98fd3e57581cdf5bb7b1302c34d587bf734f9305d8a93e0f,Cleaned fine-grained classification image. Class: Blackheads. Blur score: 83.33.
tiswan_000090,tiswan,cleaned_v1,datasets/skin/acne/final/subtype_classification/train/open_comedo/tiswan_000090.jpg,train,open_comedo,usable,non_expert,subtype_classification,acne,1.0,bc298066bb4e996c8b08cc05b22e739bd2ca43716e27664252416fa0d6a94fc8,Cleaned fine-grained classification image. Class: Blackheads. Blur score: 63.99.
tiswan_000091,tiswan,cleaned_v1,datasets/skin/acne/final/subtype_classification/train/open_comedo/tiswan_000091.jpg,train,open_comedo,borderline,non_expert,subtype_classification,acne,1.0,444fa87afccaeb05104d6d2865dcb01838355c3a85e03e2b5664920e661368f7,Cleaned fine-grained classification image. Class: Blackheads. Blur score: 44.91.
tiswan_000092,tiswan,cleaned_v1,datasets/skin/acne/final/subtype_classification/train/open_comedo/tiswan_000092.jpg,train,open_comedo,usable,non_expert,subtype_classification,acne,1.0,7db0ba2c6c6a46659b0e8a53d02a80e11d91aaf531e830309a94fa6aa86fd542,Cleaned fine-grained classification image. Class: Blackheads. Blur score: 95.39.
tiswan_000093,tiswan,cleaned_v1,datasets/skin/acne/final/subtype_classification/train/open_comedo/tiswan_000093.jpg,train,open_comedo,usable,non_expert,subtype_classification,acne,1.0,2fdc51092c014c2cb8a5a5aed53d05ba874f883cd5d0e39ecaeccfd617fb9330,Cleaned fine-grained classification image. Class: Blackheads. Blur score: 66.65.
tiswan_000094,tiswan,cleaned_v1,datasets/skin/acne/final/subtype_classification/train/open_comedo/tiswan_000094.jpg,train,open_comedo,borderline,non_expert,subtype_classification,acne,1.0,791381e1f891e3d7537eb6e4c6632d3f44ab2f78a43be7754fdac64ec4955977,Cleaned fine-grained classification image. Class: Blackheads. Blur score: 40.6.
tiswan_000095,tiswan,cleaned_v1,datasets/skin/acne/final/subtype_classification/train/open_comedo/tiswan_000095.jpg,train,open_comedo,borderline,non_expert,subtype_classification,acne,1.0,28242eea72eefd0f06cfb5ba0e13457a1de1b64742b84aafe572e629c7fa99b7,Cleaned fine-grained classification image. Class: Blackheads. Blur score: 32.92.
tiswan_000096,tiswan,cleaned_v1,datasets/skin/acne/final/subtype_classification/train/open_comedo/tiswan_000096.jpg,train,open_comedo,borderline,non_expert,subtype_classification,acne,1.0,37d6d03a216c070334ae436f90bcb24f38e549a62413057e9fdcd02641cad193,Cleaned fine-grained classification image. Class: Blackheads. Blur score: 38.65.
tiswan_000097,tiswan,cleaned_v1,datasets/skin/acne/final/subtype_classification/train/open_comedo/tiswan_000097.jpg,train,open_comedo,borderline,non_expert,subtype_classification,acne,1.0,479f6aa4c777055b766dc18bac062243fb8aac13b9769b1a828ec2d93f1da363,Cleaned fine-grained classification image. Class: Blackheads. Blur score: 36.94.
tiswan_000098,tiswan,cleaned_v1,datasets/skin/acne/final/subtype_classification/train/open_comedo/tiswan_000098.jpg,train,open_comedo,borderline,non_expert,subtype_classification,acne,1.0,3376aa39b47bd15cb52fced306d9a201a92945422e5b753fe27ab9b0fd9b64f8,Cleaned fine-grained classification image. Class: Blackheads. Blur score: 57.99.
tiswan_000099,tiswan,cleaned_v1,datasets/skin/acne/final/subtype_classification/train/open_comedo/tiswan_000099.jpg,train,open_comedo,borderline,non_expert,subtype_classification,acne,1.0,961b034c865b5a29aace5b5709b2f50d887451c6b7d0acef2a9fa2ee732b80ce,Cleaned fine-grained classification image. Class: Blackheads. Blur score: 42.56.
tiswan_000100,tiswan,cleaned_v1,datasets/skin/acne/final/subtype_classification/train/open_comedo/tiswan_000100.jpg,train,open_comedo,borderline,non_expert,subtype_classification,acne,1.0,5385d49578fbe37b18e981096b3b7e4e7acd3ce1aac20a04438850eb6e4d8d4b,Cleaned fine-grained classification image. Class: Blackheads. Blur score: 45.31.
tiswan_000101,tiswan,cleaned_v1,datasets/skin/acne/final/subtype_classification/train/open_comedo/tiswan_000101.jpg,train,open_comedo,borderline,non_expert,subtype_classification,acne,1.0,490707b2ee257155c13ea7ce7d4fa7dc0e7ff93d4ba185bd7b04756d6d8e3616,Cleaned fine-grained classification image. Class: Blackheads. Blur score: 46.88.
tiswan_000102,tiswan,cleaned_v1,datasets/skin/acne/final/subtype_classification/train/open_comedo/tiswan_000102.jpg,train,open_comedo,usable,non_expert,subtype_classification,acne,1.0,f41ef965980c96053e8aedcdebe1d0a4aea802b8db34c2a232ec12621674abdc,Cleaned fine-grained classification image. Class: Blackheads. Blur score: 61.55.
tiswan_000103,tiswan,cleaned_v1,datasets/skin/acne/final/subtype_classification/train/open_comedo/tiswan_000103.jpg,train,open_comedo,borderline,non_expert,subtype_classification,acne,1.0,9d4dbff92d2555d75873a9b4ae6c7d4da77d92c4db00154c87b2d344a907624e,Cleaned fine-grained classification image. Class: Blackheads. Blur score: 30.87.
tiswan_000104,tiswan,cleaned_v1,datasets/skin/acne/final/subtype_classification/train/open_comedo/tiswan_000104.jpg,train,open_comedo,usable,non_expert,subtype_classification,acne,1.0,5678cc64cc6c365a52a33325677070ada6501254d4f6c07d6ddd11c0d46bdb7d,Cleaned fine-grained classification image. Class: Blackheads. Blur score: 75.63.
tiswan_000105,tiswan,cleaned_v1,datasets/skin/acne/final/subtype_classification/train/open_comedo/tiswan_000105.jpg,train,open_comedo,borderline,non_expert,subtype_classification,acne,1.0,cb2e01f63990c2783cf1d2b6be60eaeaafc2c8471163a660af5793ef0fdbd78d,Cleaned fine-grained classification image. Class: Blackheads. Blur score: 49.08.
tiswan_000106,tiswan,cleaned_v1,datasets/skin/acne/final/subtype_classification/train/open_comedo/tiswan_000106.jpg,train,open_comedo,borderline,non_expert,subtype_classification,acne,1.0,ac89d943c5771ef98c02c1cc0315b1ef3159d12a8b424ac5380ee40d54abe64a,Cleaned fine-grained classification image. Class: Blackheads. Blur score: 32.98.
tiswan_000107,tiswan,cleaned_v1,datasets/skin/acne/final/subtype_classification/train/open_comedo/tiswan_000107.jpg,train,open_comedo,borderline,non_expert,subtype_classification,acne,1.0,5bf72940a40194d90e00034eaf8a77aa3195b9a8d628af129c3ff44c98182a7e,Cleaned fine-grained classification image. Class: Blackheads. Blur score: 56.0.
tiswan_000108,tiswan,cleaned_v1,datasets/skin/acne/final/subtype_classification/train/open_comedo/tiswan_000108.jpg,train,open_comedo,borderline,non_expert,subtype_classification,acne,1.0,dcb814c2500f31cf2f3c66c270b54d76bbb1087d18837962801231b653f85afc,Cleaned fine-grained classification image. Class: Blackheads. Blur score: 47.65.
tiswan_000109,tiswan,cleaned_v1,datasets/skin/acne/final/subtype_classification/train/open_comedo/tiswan_000109.jpg,train,open_comedo,borderline,non_expert,subtype_classification,acne,1.0,626609d38e65eff456e611cae8d65412dc431c11638ef61d84dfe3ca8c81ffc7,Cleaned fine-grained classification image. Class: Blackheads. Blur score: 59.47.
tiswan_000110,tiswan,cleaned_v1,datasets/skin/acne/final/subtype_classification/train/open_comedo/tiswan_000110.jpg,train,open_comedo,borderline,non_expert,subtype_classification,acne,1.0,92801b75f592510bfb36025cf7a584ff3125d3e3e4df6478d654d6962e2f3b88,Cleaned fine-grained classification image. Class: Blackheads. Blur score: 55.86.
tiswan_000111,tiswan,cleaned_v1,datasets/skin/acne/final/subtype_classification/train/open_comedo/tiswan_000111.jpg,train,open_comedo,borderline,non_expert,subtype_classification,acne,1.0,6a3f2927d80c35090a84d938cfa56ae5d9e0e916fa463c9dc10f225226f62559,Cleaned fine-grained classification image. Class: Blackheads. Blur score: 43.29.
tiswan_000112,tiswan,cleaned_v1,datasets/skin/acne/final/subtype_classification/train/open_comedo/tiswan_000112.jpg,train,open_comedo,usable,non_expert,subtype_classification,acne,1.0,1ebd3e8c11353ffdb1d38877e1c5e8b681f1d50b9fe5804eae22e8a5595020ae,Cleaned fine-grained classification image. Class: Blackheads. Blur score: 62.56.
tiswan_000113,tiswan,cleaned_v1,datasets/skin/acne/final/subtype_classification/train/open_comedo/tiswan_000113.jpg,train,open_comedo,borderline,non_expert,subtype_classification,acne,1.0,38cd675deb9c4b7d9b6ef6e8e508dd90d000e22db39403b2fc79a3c000c0858d,Cleaned fine-grained classification image. Class: Blackheads. Blur score: 44.68.
tiswan_000114,tiswan,cleaned_v1,datasets/skin/acne/final/subtype_classification/train/open_comedo/tiswan_000114.jpg,train,open_comedo,borderline,non_expert,subtype_classification,acne,1.0,5b4c5152ebb63dfff4df429d24cd47bddf665a8fab50f0fbf007ffcae09ba547,Cleaned fine-grained classification image. Class: Blackheads. Blur score: 46.69.
tiswan_000115,tiswan,cleaned_v1,datasets/skin/acne/final/subtype_classification/train/open_comedo/tiswan_000115.jpg,train,open_comedo,borderline,non_expert,subtype_classification,acne,1.0,b6521885ca42fd9145f9af5a3d1435b4571b4110d85414be82a5d8885a2de63b,Cleaned fine-grained classification image. Class: Blackheads. Blur score: 40.83.
tiswan_000116,tiswan,cleaned_v1,datasets/skin/acne/final/subtype_classification/train/open_comedo/tiswan_000116.jpg,train,open_comedo,usable,non_expert,subtype_classification,acne,1.0,581cb49467639e6897a8e543ac8929d38497a63b2ba5f2430bd94638fd773948,Cleaned fine-grained classification image. Class: Blackheads. Blur score: 63.41.
tiswan_000117,tiswan,cleaned_v1,datasets/skin/acne/final/subtype_classification/train/open_comedo/tiswan_000117.jpg,train,open_comedo,borderline,non_expert,subtype_classification,acne,1.0,a5b82004652e6862323b49d74c279deea172290ff8f73812fb007336b938f3b4,Cleaned fine-grained classification image. Class: Blackheads. Blur score: 59.77.
tiswan_000118,tiswan,cleaned_v1,datasets/skin/acne/final/subtype_classification/train/open_comedo/tiswan_000118.jpg,train,open_comedo,usable,non_expert,subtype_classification,acne,1.0,5f35ad539aa9648a3137bdd635bac7ae977e8b6124cf01b080350bfed684d577,Cleaned fine-grained classification image. Class: Blackheads. Blur score: 80.38.
tiswan_000119,tiswan,cleaned_v1,datasets/skin/acne/final/subtype_classification/train/open_comedo/tiswan_000119.jpg,train,open_comedo,borderline,non_expert,subtype_classification,acne,1.0,de0daa4236ad6081037c191be2a657b3c2494f1b5e77d599e958e355ae4bc018,Cleaned fine-grained classification image. Class: Blackheads. Blur score: 52.66.
tiswan_000120,tiswan,cleaned_v1,datasets/skin/acne/final/subtype_classification/train/open_comedo/tiswan_000120.jpg,train,open_comedo,borderline,non_expert,subtype_classification,acne,1.0,b46ae07006d0b8150ab8e9001c8b704bacf92cb5a88c2a1a7447a106fb233fc8,Cleaned fine-grained classification image. Class: Blackheads. Blur score: 46.98.
tiswan_000121,tiswan,cleaned_v1,datasets/skin/acne/final/subtype_classification/train/open_comedo/tiswan_000121.jpg,train,open_comedo,borderline,non_expert,subtype_classification,acne,1.0,65f369f87a1e502964c3cc975cbf3013da190c0c32a859c12f20a08a05842f52,Cleaned fine-grained classification image. Class: Blackheads. Blur score: 58.02.
tiswan_000122,tiswan,cleaned_v1,datasets/skin/acne/final/subtype_classification/train/open_comedo/tiswan_000122.jpg,train,open_comedo,usable,non_expert,subtype_classification,acne,1.0,a96f54478b8fa6456791c63a25f97918660c89ada80e82cced716d8dbdc8d0e9,Cleaned fine-grained classification image. Class: Blackheads. Blur score: 73.17.
tiswan_000123,tiswan,cleaned_v1,datasets/skin/acne/final/subtype_classification/train/open_comedo/tiswan_000123.jpg,train,open_comedo,borderline,non_expert,subtype_classification,acne,1.0,a3143dd4ce4467366c1e6a2397cbddc1d35b03efcb6c9c8545936125dc23c11c,Cleaned fine-grained classification image. Class: Blackheads. Blur score: 30.6.
tiswan_000124,tiswan,cleaned_v1,datasets/skin/acne/final/subtype_classification/train/open_comedo/tiswan_000124.jpg,train,open_comedo,usable,non_expert,subtype_classification,acne,1.0,df0427ee7e41a3603c618e4dce9e5c4816e6bcddbc4df0aabe754c9fff3c116a,Cleaned fine-grained classification image. Class: Blackheads. Blur score: 69.95.
tiswan_000125,tiswan,cleaned_v1,datasets/skin/acne/final/subtype_classification/train/open_comedo/tiswan_000125.jpg,train,open_comedo,usable,non_expert,subtype_classification,acne,1.0,90d06b0015e8879cff122d6e02717753493149103a347f2781fd0c33c88b7dd0,Cleaned fine-grained classification image. Class: Blackheads. Blur score: 78.8.
tiswan_000126,tiswan,cleaned_v1,datasets/skin/acne/final/subtype_classification/train/open_comedo/tiswan_000126.jpg,train,open_comedo,usable,non_expert,subtype_classification,acne,1.0,e7c8e291c68bf19877558fd8e5114c36254abc08ca79ca926fcf45610c52b726,Cleaned fine-grained classification image. Class: Blackheads. Blur score: 92.59.
tiswan_000127,tiswan,cleaned_v1,datasets/skin/acne/final/subtype_classification/train/open_comedo/tiswan_000127.jpg,train,open_comedo,borderline,non_expert,subtype_classification,acne,1.0,8d4656b7cd1095c6320d2b8343fb3dc03d78000b8891b760b232b095cf1db687,Cleaned fine-grained classification image. Class: Blackheads. Blur score: 45.44.
tiswan_000128,tiswan,cleaned_v1,datasets/skin/acne/final/subtype_classification/train/open_comedo/tiswan_000128.jpg,train,open_comedo,usable,non_expert,subtype_classification,acne,1.0,4afc20dd98f68ec19b27aab0983b1e197ee1f5965808708d194e5982d07436a8,Cleaned fine-grained classification image. Class: Blackheads. Blur score: 83.94.
tiswan_000129,tiswan,cleaned_v1,datasets/skin/acne/final/subtype_classification/train/open_comedo/tiswan_000129.jpg,train,open_comedo,usable,non_expert,subtype_classification,acne,1.0,b50f0840233005119c2c879a131fc3bd2e674a5d79a287f95209e4f902c0ec81,Cleaned fine-grained classification image. Class: Blackheads. Blur score: 60.95.
tiswan_000130,tiswan,cleaned_v1,datasets/skin/acne/final/subtype_classification/train/open_comedo/tiswan_000130.jpg,train,open_comedo,borderline,non_expert,subtype_classification,acne,1.0,fa4e6a50effad0dd79e702545b663088c93e8bc42410672984cb642d757710f3,Cleaned fine-grained classification image. Class: Blackheads. Blur score: 49.87.
tiswan_000131,tiswan,cleaned_v1,datasets/skin/acne/final/subtype_classification/train/open_comedo/tiswan_000131.jpg,train,open_comedo,borderline,non_expert,subtype_classification,acne,1.0,4062be33c3be6313bb294b60a07f545fd34e02819a7c6ae773a4abafa3deb143,Cleaned fine-grained classification image. Class: Blackheads. Blur score: 44.79.
tiswan_000132,tiswan,cleaned_v1,datasets/skin/acne/final/subtype_classification/train/open_comedo/tiswan_000132.jpg,train,open_comedo,borderline,non_expert,subtype_classification,acne,1.0,959065fa0915fc68f93410b3b9634d1b6b0ef6eeb894191c46c5cf834453d005,Cleaned fine-grained classification image. Class: Blackheads. Blur score: 31.62.
tiswan_000133,tiswan,cleaned_v1,datasets/skin/acne/final/subtype_classification/train/open_comedo/tiswan_000133.jpg,train,open_comedo,usable,non_expert,subtype_classification,acne,1.0,89802b3096d3ac23d83d8cad08ad10f71fe55f8d608a512d6b169b57396ffb5f,Cleaned fine-grained classification image. Class: Blackheads. Blur score: 66.72.
tiswan_000134,tiswan,cleaned_v1,datasets/skin/acne/final/subtype_classification/train/open_comedo/tiswan_000134.jpg,train,open_comedo,borderline,non_expert,subtype_classification,acne,1.0,0acd322e77a30fc8cc1c7ceef6b1045b921511fc0a1500e54470d3d3b1465d9b,Cleaned fine-grained classification image. Class: Blackheads. Blur score: 53.7.
tiswan_000135,tiswan,cleaned_v1,datasets/skin/acne/final/subtype_classification/train/open_comedo/tiswan_000135.jpg,train,open_comedo,usable,non_expert,subtype_classification,acne,1.0,5fcd6a40f2565ae011e0f0271ce144dd09b7a7da753c367bcf70736ff92fc969,Cleaned fine-grained classification image. Class: Blackheads. Blur score: 73.56.
tiswan_000136,tiswan,cleaned_v1,datasets/skin/acne/final/subtype_classification/train/open_comedo/tiswan_000136.jpg,train,open_comedo,borderline,non_expert,subtype_classification,acne,1.0,3a42441e10fe3d218eb2b0939e1b8fdc4a3c40514549b39839134bc2d9ab65f3,Cleaned fine-grained classification image. Class: Blackheads. Blur score: 47.16.
tiswan_000137,tiswan,cleaned_v1,datasets/skin/acne/final/subtype_classification/train/open_comedo/tiswan_000137.jpg,train,open_comedo,usable,non_expert,subtype_classification,acne,1.0,cada023d7c3b066db06fded06b27588ace48d217e5ac1ac1d6aaa4b1ae427020,Cleaned fine-grained classification image. Class: Blackheads. Blur score: 90.92.
tiswan_000138,tiswan,cleaned_v1,datasets/skin/acne/final/subtype_classification/train/open_comedo/tiswan_000138.jpg,train,open_comedo,usable,non_expert,subtype_classification,acne,1.0,3e05eaa0da0be5d81ca060f66516c0104625599bbd07540b7eb56d1bf66cce3c,Cleaned fine-grained classification image. Class: Blackheads. Blur score: 84.65.
tiswan_000139,tiswan,cleaned_v1,datasets/skin/acne/final/subtype_classification/train/open_comedo/tiswan_000139.jpg,train,open_comedo,usable,non_expert,subtype_classification,acne,1.0,c0c5a5f12781dfe62aafeff60d9ab17830b1d566a9fdc7c430629323fbf6e463,Cleaned fine-grained classification image. Class: Blackheads. Blur score: 76.51.
tiswan_000140,tiswan,cleaned_v1,datasets/skin/acne/final/subtype_classification/train/open_comedo/tiswan_000140.jpg,train,open_comedo,usable,non_expert,subtype_classification,acne,1.0,c6b46414d3b6b56f790008e5ac8a8d71e8de3d5eae7581888399f0a6582097b2,Cleaned fine-grained classification image. Class: Blackheads. Blur score: 91.13.
tiswan_000141,tiswan,cleaned_v1,datasets/skin/acne/final/subtype_classification/train/open_comedo/tiswan_000141.jpg,train,open_comedo,usable,non_expert,subtype_classification,acne,1.0,583508561c2b4c204c307e22b1412b5c4c7262e9bc32ef927d56ecfbfbf47870,Cleaned fine-grained classification image. Class: Blackheads. Blur score: 139.7.
tiswan_000142,tiswan,cleaned_v1,datasets/skin/acne/final/subtype_classification/train/open_comedo/tiswan_000142.jpg,train,open_comedo,usable,non_expert,subtype_classification,acne,1.0,a0ee1fdae2bdd58646eabb9404ea8f0805c5ca4c21e19e064c601f2710da98c0,Cleaned fine-grained classification image. Class: Blackheads. Blur score: 70.33.
tiswan_000143,tiswan,cleaned_v1,datasets/skin/acne/final/subtype_classification/train/open_comedo/tiswan_000143.jpg,train,open_comedo,usable,non_expert,subtype_classification,acne,1.0,dfbb140b7085b5cc6fdac48dc2dd6b9e05a1ca544dfe9f64ff3836431787219d,Cleaned fine-grained classification image. Class: Blackheads. Blur score: 121.77.
tiswan_000144,tiswan,cleaned_v1,datasets/skin/acne/final/subtype_classification/train/open_comedo/tiswan_000144.jpg,train,open_comedo,usable,non_expert,subtype_classification,acne,1.0,5abda4b1f06ce658f40238171563a33eebba605668b929c01495fff5dab6c5b4,Cleaned fine-grained classification image. Class: Blackheads. Blur score: 124.22.
tiswan_000145,tiswan,cleaned_v1,datasets/skin/acne/final/subtype_classification/train/open_comedo/tiswan_000145.jpg,train,open_comedo,borderline,non_expert,subtype_classification,acne,1.0,7610d550c340b0afa5318718d822f775e7a51c0507b1e92c7818c482988e7ade,Cleaned fine-grained classification image. Class: Blackheads. Blur score: 51.65.
tiswan_000146,tiswan,cleaned_v1,datasets/skin/acne/final/subtype_classification/train/open_comedo/tiswan_000146.jpg,train,open_comedo,borderline,non_expert,subtype_classification,acne,1.0,e83fb87b2f3e01e61688a592695032de3ce1493c3156a66acec5179bfc4fa66e,Cleaned fine-grained classification image. Class: Blackheads. Blur score: 40.76.
tiswan_000147,tiswan,cleaned_v1,datasets/skin/acne/final/subtype_classification/train/open_comedo/tiswan_000147.jpg,train,open_comedo,usable,non_expert,subtype_classification,acne,1.0,9929a1a105a0537030ece0a42ecb08fd40603476442fe42d5c11632ae905f71a,Cleaned fine-grained classification image. Class: Blackheads. Blur score: 81.64.
tiswan_000148,tiswan,cleaned_v1,datasets/skin/acne/final/subtype_classification/train/open_comedo/tiswan_000148.jpg,train,open_comedo,borderline,non_expert,subtype_classification,acne,1.0,2ee38c7602111438216ae1118322a059cc626ee85c3339a690fb25f7fc02764e,Cleaned fine-grained classification image. Class: Blackheads. Blur score: 46.14.
tiswan_000149,tiswan,cleaned_v1,datasets/skin/acne/final/subtype_classification/train/open_comedo/tiswan_000149.jpg,train,open_comedo,borderline,non_expert,subtype_classification,acne,1.0,658a3ce5b45bdca82d6128cb15169ca581eea6041cc8fb8c91fd3570b32c0940,Cleaned fine-grained classification image. Class: Blackheads. Blur score: 58.89.
tiswan_000150,tiswan,cleaned_v1,datasets/skin/acne/final/subtype_classification/train/open_comedo/tiswan_000150.jpg,train,open_comedo,borderline,non_expert,subtype_classification,acne,1.0,6d39f77f59f32779a411addc87dede292d4ae0bf48c5ae1d5a26139b7b1a3547,Cleaned fine-grained classification image. Class: Blackheads. Blur score: 59.15.
tiswan_000151,tiswan,cleaned_v1,datasets/skin/acne/final/subtype_classification/train/open_comedo/tiswan_000151.jpg,train,open_comedo,borderline,non_expert,subtype_classification,acne,1.0,97a02f25305aed988183fb5d9ec961bcb1b2be8e1309deceb95b7e0eec3b48c2,Cleaned fine-grained classification image. Class: Blackheads. Blur score: 40.33.
tiswan_000152,tiswan,cleaned_v1,datasets/skin/acne/final/subtype_classification/train/open_comedo/tiswan_000152.jpg,train,open_comedo,borderline,non_expert,subtype_classification,acne,1.0,1c37018c21802857826bb6ef712eda65897b8373197f46514b9835fc01ee7b67,Cleaned fine-grained classification image. Class: Blackheads. Blur score: 59.53.
tiswan_000153,tiswan,cleaned_v1,datasets/skin/acne/final/subtype_classification/train/open_comedo/tiswan_000153.jpg,train,open_comedo,usable,non_expert,subtype_classification,acne,1.0,af6bb4e8e6fe01c57aa8fe8b1b4038058897434499a3b05dfea74504fe088a0e,Cleaned fine-grained classification image. Class: Blackheads. Blur score: 70.14.
tiswan_000154,tiswan,cleaned_v1,datasets/skin/acne/final/subtype_classification/train/open_comedo/tiswan_000154.jpg,train,open_comedo,borderline,non_expert,subtype_classification,acne,1.0,91aba4cc0ab841e69766ec52b767efdfbfde7cc1b2fa154868b18e37aa587886,Cleaned fine-grained classification image. Class: Blackheads. Blur score: 59.21.
tiswan_000155,tiswan,cleaned_v1,datasets/skin/acne/final/subtype_classification/train/open_comedo/tiswan_000155.jpg,train,open_comedo,usable,non_expert,subtype_classification,acne,1.0,8b1ef18b70a926cd865d953727b56816c1850f03d2e463d166b51f1a027755e6,Cleaned fine-grained classification image. Class: Blackheads. Blur score: 77.18.
tiswan_000156,tiswan,cleaned_v1,datasets/skin/acne/final/subtype_classification/train/open_comedo/tiswan_000156.jpg,train,open_comedo,usable,non_expert,subtype_classification,acne,1.0,7aa0abefedf05506b5c3e478e14f39173a9a9a19d48b68c36e2207795e6678b9,Cleaned fine-grained classification image. Class: Blackheads. Blur score: 65.05.
tiswan_000157,tiswan,cleaned_v1,datasets/skin/acne/final/subtype_classification/train/open_comedo/tiswan_000157.jpg,train,open_comedo,borderline,non_expert,subtype_classification,acne,1.0,3fa0843f23d68aaf1be0a71bf45a01cfe92c352d848b2486b3a38dcba50bf1f8,Cleaned fine-grained classification image. Class: Blackheads. Blur score: 58.01.
tiswan_000158,tiswan,cleaned_v1,datasets/skin/acne/final/subtype_classification/train/open_comedo/tiswan_000158.jpg,train,open_comedo,borderline,non_expert,subtype_classification,acne,1.0,434d4c0c84bf8585251631475896bbbe06766c00b861dd4276d52d2101d7af77,Cleaned fine-grained classification image. Class: Blackheads. Blur score: 47.77.
tiswan_000159,tiswan,cleaned_v1,datasets/skin/acne/final/subtype_classification/train/open_comedo/tiswan_000159.jpg,train,open_comedo,borderline,non_expert,subtype_classification,acne,1.0,3c161bc104819e1bd2736cb42872868f3b839efceb5346036c180a3f5ff619b3,Cleaned fine-grained classification image. Class: Blackheads. Blur score: 49.74.
tiswan_000160,tiswan,cleaned_v1,datasets/skin/acne/final/subtype_classification/train/open_comedo/tiswan_000160.jpg,train,open_comedo,borderline,non_expert,subtype_classification,acne,1.0,8f8629d5f35416888d255d3d46994587d1a780b2886f735fa00721ff88288e88,Cleaned fine-grained classification image. Class: Blackheads. Blur score: 51.05.
tiswan_000161,tiswan,cleaned_v1,datasets/skin/acne/final/subtype_classification/train/open_comedo/tiswan_000161.jpg,train,open_comedo,borderline,non_expert,subtype_classification,acne,1.0,9b4e12907e9570118b62f02e31a19e3be1a50fc5808d5cd2e532198fea213c04,Cleaned fine-grained classification image. Class: Blackheads. Blur score: 50.26.
tiswan_000162,tiswan,cleaned_v1,datasets/skin/acne/final/subtype_classification/train/open_comedo/tiswan_000162.jpg,train,open_comedo,borderline,non_expert,subtype_classification,acne,1.0,fede8b6f61530cae5b66948c108563aa7efe0f2ebab159c2a8696e0693c40ace,Cleaned fine-grained classification image. Class: Blackheads. Blur score: 42.15.
tiswan_000163,tiswan,cleaned_v1,datasets/skin/acne/final/subtype_classification/train/open_comedo/tiswan_000163.jpg,train,open_comedo,borderline,non_expert,subtype_classification,acne,1.0,4c18aa2899c50cefd7db6ab509b6484f0edc273b306e7427671a01dc4058c162,Cleaned fine-grained classification image. Class: Blackheads. Blur score: 44.36.
tiswan_000164,tiswan,cleaned_v1,datasets/skin/acne/final/subtype_classification/train/open_comedo/tiswan_000164.jpg,train,open_comedo,borderline,non_expert,subtype_classification,acne,1.0,902f0dd146044018e14b92fc4eba1db177b27582561d45f3e131b04db07f48ab,Cleaned fine-grained classification image. Class: Blackheads. Blur score: 53.58.
tiswan_000165,tiswan,cleaned_v1,datasets/skin/acne/final/subtype_classification/train/open_comedo/tiswan_000165.jpg,train,open_comedo,usable,non_expert,subtype_classification,acne,1.0,5af0ad6c8cbab3d3981bbbb78fbbfd5a81a77bf5d99ba9f6aa931d373a03bac7,Cleaned fine-grained classification image. Class: Blackheads. Blur score: 68.81.
tiswan_000166,tiswan,cleaned_v1,datasets/skin/acne/final/subtype_classification/train/open_comedo/tiswan_000166.jpg,train,open_comedo,usable,non_expert,subtype_classification,acne,1.0,1b70cefd2ee79fc3f5edbce3c53a98e27c0aacc5c83507406dc0a2a23279d615,Cleaned fine-grained classification image. Class: Blackheads. Blur score: 63.3.
tiswan_000167,tiswan,cleaned_v1,datasets/skin/acne/final/subtype_classification/train/open_comedo/tiswan_000167.jpg,train,open_comedo,usable,non_expert,subtype_classification,acne,1.0,20cd2a62ec17774019f6863125c7e19220fa92386002f8af697fffa689f54d49,Cleaned fine-grained classification image. Class: Blackheads. Blur score: 106.47.
tiswan_000168,tiswan,cleaned_v1,datasets/skin/acne/final/subtype_classification/train/open_comedo/tiswan_000168.jpg,train,open_comedo,usable,non_expert,subtype_classification,acne,1.0,daed4a7b6453405b675f9c38dc971dc91c6445d723f8d59ff2439648c3bf8a25,Cleaned fine-grained classification image. Class: Blackheads. Blur score: 64.18.
tiswan_000169,tiswan,cleaned_v1,datasets/skin/acne/final/subtype_classification/train/open_comedo/tiswan_000169.jpg,train,open_comedo,usable,non_expert,subtype_classification,acne,1.0,bae0d5b3eaa1a8f1adc8c4dc0dfdd1283ccf9cbc0bb6377c1a8d585058cbc358,Cleaned fine-grained classification image. Class: Blackheads. Blur score: 66.27.
tiswan_000170,tiswan,cleaned_v1,datasets/skin/acne/final/subtype_classification/train/open_comedo/tiswan_000170.jpg,train,open_comedo,usable,non_expert,subtype_classification,acne,1.0,1fc1c3a4247f937528c2a5572038477b97698d93916350f51957818b5745ee53,Cleaned fine-grained classification image. Class: Blackheads. Blur score: 108.43.
tiswan_000171,tiswan,cleaned_v1,datasets/skin/acne/final/subtype_classification/train/open_comedo/tiswan_000171.jpg,train,open_comedo,usable,non_expert,subtype_classification,acne,1.0,68135199631467d8a97b67328792c6d2c87e6ec2a73aab89923540799c5aa571,Cleaned fine-grained classification image. Class: Blackheads. Blur score: 95.4.
tiswan_000172,tiswan,cleaned_v1,datasets/skin/acne/final/subtype_classification/train/open_comedo/tiswan_000172.jpg,train,open_comedo,borderline,non_expert,subtype_classification,acne,1.0,14ac5a442a0963ba98923c131b04622ca7d150acd5155af805612b5bb6ec39a7,Cleaned fine-grained classification image. Class: Blackheads. Blur score: 37.06.
tiswan_000173,tiswan,cleaned_v1,datasets/skin/acne/final/subtype_classification/train/open_comedo/tiswan_000173.jpg,train,open_comedo,usable,non_expert,subtype_classification,acne,1.0,4b79434038de261e566b58d4f6b05f3f7a17f1efbca9ab9da185f6421268f187,Cleaned fine-grained classification image. Class: Blackheads. Blur score: 63.79.
tiswan_000174,tiswan,cleaned_v1,datasets/skin/acne/final/subtype_classification/train/open_comedo/tiswan_000174.jpg,train,open_comedo,usable,non_expert,subtype_classification,acne,1.0,cfc11ae7c63bc2e5dfc1a8872ba79191d1d9bee1fa3c1bfefe5f9961a110d80f,Cleaned fine-grained classification image. Class: Blackheads. Blur score: 68.45.
tiswan_000175,tiswan,cleaned_v1,datasets/skin/acne/final/subtype_classification/train/open_comedo/tiswan_000175.jpg,train,open_comedo,borderline,non_expert,subtype_classification,acne,1.0,a2c1f8b8138f995fb8c1cb47bbe6973f415350e5c1e3a95233594b39b28b5c08,Cleaned fine-grained classification image. Class: Blackheads. Blur score: 58.63.
tiswan_000176,tiswan,cleaned_v1,datasets/skin/acne/final/subtype_classification/train/open_comedo/tiswan_000176.jpg,train,open_comedo,usable,non_expert,subtype_classification,acne,1.0,323cc5e0845c70c86f77098143d45ca478c78f036136dcdaccf8b374db35164c,Cleaned fine-grained classification image. Class: Blackheads. Blur score: 72.53.
tiswan_000177,tiswan,cleaned_v1,datasets/skin/acne/final/subtype_classification/train/open_comedo/tiswan_000177.jpg,train,open_comedo,usable,non_expert,subtype_classification,acne,1.0,bf240bf35b033e58e585f7870f991c0e649800fc1e5676fccb8f58d1fcc8d3a6,Cleaned fine-grained classification image. Class: Blackheads. Blur score: 64.21.
tiswan_000178,tiswan,cleaned_v1,datasets/skin/acne/final/subtype_classification/train/open_comedo/tiswan_000178.jpg,train,open_comedo,borderline,non_expert,subtype_classification,acne,1.0,60b9eb5d4b4ff6f4504ec328670d3935a7f0ec7b3232357d46e8644e39d20ca3,Cleaned fine-grained classification image. Class: Blackheads. Blur score: 47.76.
tiswan_000179,tiswan,cleaned_v1,datasets/skin/acne/final/subtype_classification/train/open_comedo/tiswan_000179.jpg,train,open_comedo,borderline,non_expert,subtype_classification,acne,1.0,43894b11a5f77a978590766ce7780f71c705c0d364f794db50afc12547f93497,Cleaned fine-grained classification image. Class: Blackheads. Blur score: 57.71.
tiswan_000180,tiswan,cleaned_v1,datasets/skin/acne/final/subtype_classification/train/open_comedo/tiswan_000180.jpg,train,open_comedo,borderline,non_expert,subtype_classification,acne,1.0,2219cf4ae4469125f9083a484da22690fe01fc46caf0a4c323358b334a915912,Cleaned fine-grained classification image. Class: Blackheads. Blur score: 50.66.
tiswan_000181,tiswan,cleaned_v1,datasets/skin/acne/final/subtype_classification/train/open_comedo/tiswan_000181.jpg,train,open_comedo,borderline,non_expert,subtype_classification,acne,1.0,b40fb4d0375ab771321b0ffc4ba1d7ca0f8b4d36e36d17ac7513fcf2d671dbdb,Cleaned fine-grained classification image. Class: Blackheads. Blur score: 55.54.
tiswan_000182,tiswan,cleaned_v1,datasets/skin/acne/final/subtype_classification/train/open_comedo/tiswan_000182.jpg,train,open_comedo,borderline,non_expert,subtype_classification,acne,1.0,cb6bd88f5954fee739248a633739545cea02cb7937ef97459243aac96794bce4,Cleaned fine-grained classification image. Class: Blackheads. Blur score: 34.62.
tiswan_000183,tiswan,cleaned_v1,datasets/skin/acne/final/subtype_classification/train/open_comedo/tiswan_000183.jpg,train,open_comedo,borderline,non_expert,subtype_classification,acne,1.0,c68853eae299ef3479bf14a7ef2bdcce631d632b50e63e788cf7d0da8087c864,Cleaned fine-grained classification image. Class: Blackheads. Blur score: 46.76.
tiswan_000184,tiswan,cleaned_v1,datasets/skin/acne/final/subtype_classification/train/open_comedo/tiswan_000184.jpg,train,open_comedo,borderline,non_expert,subtype_classification,acne,1.0,0551e8fe17fdd1634e19d8272a82fbc6c276bb1db34835db4a5a8f09c61f55dc,Cleaned fine-grained classification image. Class: Blackheads. Blur score: 50.38.
tiswan_000185,tiswan,cleaned_v1,datasets/skin/acne/final/subtype_classification/train/open_comedo/tiswan_000185.jpg,train,open_comedo,borderline,non_expert,subtype_classification,acne,1.0,b3bb843fd7c3ef536e4353a3de595bf472760c87b18643e578708e2c70080538,Cleaned fine-grained classification image. Class: Blackheads. Blur score: 45.57.
tiswan_000186,tiswan,cleaned_v1,datasets/skin/acne/final/subtype_classification/train/open_comedo/tiswan_000186.jpg,train,open_comedo,borderline,non_expert,subtype_classification,acne,1.0,c35f0e84ffbdc5d2e03f3889943cb82f6f527e82f44753a4a0f7099b14a29ef1,Cleaned fine-grained classification image. Class: Blackheads. Blur score: 48.73.
tiswan_000187,tiswan,cleaned_v1,datasets/skin/acne/final/subtype_classification/train/open_comedo/tiswan_000187.jpg,train,open_comedo,borderline,non_expert,subtype_classification,acne,1.0,ba15edb9af8cb0c9448b5c58670277cbbecfc59bdeabe76ae6c02519c76d23a4,Cleaned fine-grained classification image. Class: Blackheads. Blur score: 32.56.
tiswan_000188,tiswan,cleaned_v1,datasets/skin/acne/final/subtype_classification/train/open_comedo/tiswan_000188.jpg,train,open_comedo,borderline,non_expert,subtype_classification,acne,1.0,69d8ee77a7c4769c161e96d6fdfd91f8929b98530e13ebfce0ee281891e09684,Cleaned fine-grained classification image. Class: Blackheads. Blur score: 38.12.
tiswan_000189,tiswan,cleaned_v1,datasets/skin/acne/final/subtype_classification/train/open_comedo/tiswan_000189.jpg,train,open_comedo,borderline,non_expert,subtype_classification,acne,1.0,57ce52e01a8671e7f1e0fc72b3caf1d441fdd2af54a8e43bc61d4bdedff8971a,Cleaned fine-grained classification image. Class: Blackheads. Blur score: 48.16.
tiswan_000190,tiswan,cleaned_v1,datasets/skin/acne/final/subtype_classification/train/open_comedo/tiswan_000190.jpg,train,open_comedo,borderline,non_expert,subtype_classification,acne,1.0,3aaba14ecab5d888bc0e6a6c01c40b159bb4b177c9010dff6ed9d64fb9183102,Cleaned fine-grained classification image. Class: Blackheads. Blur score: 38.4.
tiswan_000191,tiswan,cleaned_v1,datasets/skin/acne/final/subtype_classification/train/open_comedo/tiswan_000191.jpg,train,open_comedo,usable,non_expert,subtype_classification,acne,1.0,261949b16a821b2d89b8ba7ec815f9954b0634eb21af9760a6d6bc37be4f073d,Cleaned fine-grained classification image. Class: Blackheads. Blur score: 110.46.
tiswan_000192,tiswan,cleaned_v1,datasets/skin/acne/final/subtype_classification/train/open_comedo/tiswan_000192.jpg,train,open_comedo,usable,non_expert,subtype_classification,acne,1.0,5655e43cdd2a9f8908dbb21db8f67fc08a317ea987d2c2b7237819835a097087,Cleaned fine-grained classification image. Class: Blackheads. Blur score: 104.9.
tiswan_000193,tiswan,cleaned_v1,datasets/skin/acne/final/subtype_classification/train/open_comedo/tiswan_000193.jpg,train,open_comedo,usable,non_expert,subtype_classification,acne,1.0,77dca919374ad66565fba27505e2b4fbcadc49b9e5bb5ed266da745182db66bc,Cleaned fine-grained classification image. Class: Blackheads. Blur score: 119.65.
tiswan_000194,tiswan,cleaned_v1,datasets/skin/acne/final/subtype_classification/train/open_comedo/tiswan_000194.jpg,train,open_comedo,usable,non_expert,subtype_classification,acne,1.0,3ba0558c9d4ce19185ce4ac0ba3115c25971ea0e4d39fd04e487ee2f50816671,Cleaned fine-grained classification image. Class: Blackheads. Blur score: 68.77.
tiswan_000195,tiswan,cleaned_v1,datasets/skin/acne/final/subtype_classification/train/open_comedo/tiswan_000195.jpg,train,open_comedo,usable,non_expert,subtype_classification,acne,1.0,9b5166c8ce4e25360cce3809befe1e4254e723c6a09681b02c50bdeff86d3857,Cleaned fine-grained classification image. Class: Blackheads. Blur score: 80.7.
tiswan_000196,tiswan,cleaned_v1,datasets/skin/acne/final/subtype_classification/train/open_comedo/tiswan_000196.jpg,train,open_comedo,usable,non_expert,subtype_classification,acne,1.0,8e2172b0e1d2a9daa3f056a05ca06ee3b549695d25dc93729fbc627cce680423,Cleaned fine-grained classification image. Class: Blackheads. Blur score: 112.74.
tiswan_000197,tiswan,cleaned_v1,datasets/skin/acne/final/subtype_classification/train/open_comedo/tiswan_000197.jpg,train,open_comedo,usable,non_expert,subtype_classification,acne,1.0,87d8ec74c9db4abba4869ed8d708e55c1ab77679eb97977cb084b1c6690e1261,Cleaned fine-grained classification image. Class: Blackheads. Blur score: 121.7.
tiswan_000198,tiswan,cleaned_v1,datasets/skin/acne/final/subtype_classification/train/open_comedo/tiswan_000198.jpg,train,open_comedo,borderline,non_expert,subtype_classification,acne,1.0,2701a50e5d699519b6a48746e3af17b8cbb6f46ebf634ab04b1f69a58d3ae9db,Cleaned fine-grained classification image. Class: Blackheads. Blur score: 53.16.
tiswan_000199,tiswan,cleaned_v1,datasets/skin/acne/final/subtype_classification/train/open_comedo/tiswan_000199.jpg,train,open_comedo,usable,non_expert,subtype_classification,acne,1.0,6c13a45d99a881327c88a614bf58650cbc3154a086b50a4ce223220ed8c7bcb1,Cleaned fine-grained classification image. Class: Blackheads. Blur score: 91.9.
tiswan_000200,tiswan,cleaned_v1,datasets/skin/acne/final/subtype_classification/train/open_comedo/tiswan_000200.jpg,train,open_comedo,usable,non_expert,subtype_classification,acne,1.0,475da3ef1266cb18fb7b00cf8f51cb49429e97746b98ccf85f3008f2ae3a761c,Cleaned fine-grained classification image. Class: Blackheads. Blur score: 95.0.
tiswan_000201,tiswan,cleaned_v1,datasets/skin/acne/final/subtype_classification/train/open_comedo/tiswan_000201.jpg,train,open_comedo,usable,non_expert,subtype_classification,acne,1.0,4d70ca0788e1e00483fc638b7b1f767df8d5504278de493ea8679e37894e646e,Cleaned fine-grained classification image. Class: Blackheads. Blur score: 66.12.
tiswan_000202,tiswan,cleaned_v1,datasets/skin/acne/final/subtype_classification/train/open_comedo/tiswan_000202.jpg,train,open_comedo,usable,non_expert,subtype_classification,acne,1.0,e7a2f4daf6c9f89e5fb118470942bf0d7380b785e661d2248e50dfb723ac61b5,Cleaned fine-grained classification image. Class: Blackheads. Blur score: 75.65.
tiswan_000203,tiswan,cleaned_v1,datasets/skin/acne/final/subtype_classification/train/open_comedo/tiswan_000203.jpg,train,open_comedo,usable,non_expert,subtype_classification,acne,1.0,7d3637d6c1cb6aca9d905bff7b1f8e972400ae00ae61cc774859ef1fba772a34,Cleaned fine-grained classification image. Class: Blackheads. Blur score: 96.91.
tiswan_000204,tiswan,cleaned_v1,datasets/skin/acne/final/subtype_classification/train/open_comedo/tiswan_000204.jpg,train,open_comedo,usable,non_expert,subtype_classification,acne,1.0,6a36eb1520d73a7971868fd899b1e12ea4f0bbd9fbe5a90e735320151c2cd24e,Cleaned fine-grained classification image. Class: Blackheads. Blur score: 100.21.
tiswan_000205,tiswan,cleaned_v1,datasets/skin/acne/final/subtype_classification/train/open_comedo/tiswan_000205.jpg,train,open_comedo,usable,non_expert,subtype_classification,acne,1.0,70506bdd485e827ea1cbad5606a667e87483289101d2547a47947004bd936c64,Cleaned fine-grained classification image. Class: Blackheads. Blur score: 68.44.
tiswan_000206,tiswan,cleaned_v1,datasets/skin/acne/final/subtype_classification/train/open_comedo/tiswan_000206.jpg,train,open_comedo,usable,non_expert,subtype_classification,acne,1.0,40cff688af20c6df37c1ca2d883d8e50c05ed1e97bfa1319ffd882aa657c8179,Cleaned fine-grained classification image. Class: Blackheads. Blur score: 75.66.
tiswan_000207,tiswan,cleaned_v1,datasets/skin/acne/final/subtype_classification/train/open_comedo/tiswan_000207.jpg,train,open_comedo,usable,non_expert,subtype_classification,acne,1.0,72168d19f1afcfb65eaa5e4b44f93d6f7895d5583c698e8793608890c5e83343,Cleaned fine-grained classification image. Class: Blackheads. Blur score: 74.99.
tiswan_000208,tiswan,cleaned_v1,datasets/skin/acne/final/subtype_classification/train/open_comedo/tiswan_000208.jpg,train,open_comedo,usable,non_expert,subtype_classification,acne,1.0,053975bd8f1eb665acee95cd19a22f334d183a4e3f38193984f14d42e9c59a4b,Cleaned fine-grained classification image. Class: Blackheads. Blur score: 98.41.
tiswan_000209,tiswan,cleaned_v1,datasets/skin/acne/final/subtype_classification/train/open_comedo/tiswan_000209.jpg,train,open_comedo,usable,non_expert,subtype_classification,acne,1.0,e1fdd3814b7f082ee907191ec558e00a345b84d28cbd0257c01f4e001fc0f67e,Cleaned fine-grained classification image. Class: Blackheads. Blur score: 75.94.
tiswan_000210,tiswan,cleaned_v1,datasets/skin/acne/final/subtype_classification/train/open_comedo/tiswan_000210.jpg,train,open_comedo,borderline,non_expert,subtype_classification,acne,1.0,9e5b56a2b3e133d660f3f3c8cec550eac66ce5641582adfe2026eafae6ac6dbc,Cleaned fine-grained classification image. Class: Blackheads. Blur score: 53.9.
tiswan_000211,tiswan,cleaned_v1,datasets/skin/acne/final/subtype_classification/train/open_comedo/tiswan_000211.jpg,train,open_comedo,usable,non_expert,subtype_classification,acne,1.0,0d590a9c3dd6b9e79af879c0b13b3fe08d3f979d531c8fdd34d3b4c89820e681,Cleaned fine-grained classification image. Class: Blackheads. Blur score: 93.72.
tiswan_000212,tiswan,cleaned_v1,datasets/skin/acne/final/subtype_classification/train/open_comedo/tiswan_000212.jpg,train,open_comedo,usable,non_expert,subtype_classification,acne,1.0,e92e07d0ec539c3d342756f94b82c63d190b1e76d10e639fd73faf4a84ad0bc3,Cleaned fine-grained classification image. Class: Blackheads. Blur score: 91.26.
tiswan_000213,tiswan,cleaned_v1,datasets/skin/acne/final/subtype_classification/train/open_comedo/tiswan_000213.jpg,train,open_comedo,borderline,non_expert,subtype_classification,acne,1.0,9092daf2b29244c5c4296fd6214975c6de1106056b00e3c4a16f1d646a0cf071,Cleaned fine-grained classification image. Class: Blackheads. Blur score: 52.65.
tiswan_000214,tiswan,cleaned_v1,datasets/skin/acne/final/subtype_classification/train/open_comedo/tiswan_000214.jpg,train,open_comedo,borderline,non_expert,subtype_classification,acne,1.0,acba812f1d2b5ed969344e5cd47233d3ae5fe67df18ef6d64ac9a7edc2e93c4a,Cleaned fine-grained classification image. Class: Blackheads. Blur score: 45.86.
tiswan_000215,tiswan,cleaned_v1,datasets/skin/acne/final/subtype_classification/train/open_comedo/tiswan_000215.jpg,train,open_comedo,usable,non_expert,subtype_classification,acne,1.0,182d7d1bc528c7185545a1eaf36a3a8782a486aea5b0965173f9226e798abb08,Cleaned fine-grained classification image. Class: Blackheads. Blur score: 74.42.
tiswan_000216,tiswan,cleaned_v1,datasets/skin/acne/final/subtype_classification/train/open_comedo/tiswan_000216.jpg,train,open_comedo,usable,non_expert,subtype_classification,acne,1.0,f76f6ceba95c3c34e8b7572e83baca55598abab986b047e3e6a89bdd36791eb9,Cleaned fine-grained classification image. Class: Blackheads. Blur score: 72.64.
tiswan_000217,tiswan,cleaned_v1,datasets/skin/acne/final/subtype_classification/train/open_comedo/tiswan_000217.jpg,train,open_comedo,usable,non_expert,subtype_classification,acne,1.0,dcc1d6fe5c6eb1a5d3b8637076152e208b4b20fe445d1d62784a2342aa57e51f,Cleaned fine-grained classification image. Class: Blackheads. Blur score: 66.56.
tiswan_000218,tiswan,cleaned_v1,datasets/skin/acne/final/subtype_classification/train/open_comedo/tiswan_000218.jpg,train,open_comedo,usable,non_expert,subtype_classification,acne,1.0,92ca624cdab612e02860a4087d4fb2510021ec7559cf0369c24ddb57d14ec840,Cleaned fine-grained classification image. Class: Blackheads. Blur score: 66.09.
tiswan_000219,tiswan,cleaned_v1,datasets/skin/acne/final/subtype_classification/train/open_comedo/tiswan_000219.jpg,train,open_comedo,usable,non_expert,subtype_classification,acne,1.0,d9982f25be53e70ceeba46cbdc8467365a257635c6c1adf12ab5cce4080727b4,Cleaned fine-grained classification image. Class: Blackheads. Blur score: 66.88.
tiswan_000220,tiswan,cleaned_v1,datasets/skin/acne/final/subtype_classification/train/open_comedo/tiswan_000220.jpg,train,open_comedo,usable,non_expert,subtype_classification,acne,1.0,69e905a98db3d36b0c51129173c5bfd0a701ea8acb9a19a6f00566972e63a466,Cleaned fine-grained classification image. Class: Blackheads. Blur score: 82.91.
tiswan_000221,tiswan,cleaned_v1,datasets/skin/acne/final/subtype_classification/train/open_comedo/tiswan_000221.jpg,train,open_comedo,usable,non_expert,subtype_classification,acne,1.0,8df6527dacecf277926434001d1a0d6fc35067fa7a01a7cdf17e42c099893364,Cleaned fine-grained classification image. Class: Blackheads. Blur score: 110.54.
tiswan_000222,tiswan,cleaned_v1,datasets/skin/acne/final/subtype_classification/train/open_comedo/tiswan_000222.jpg,train,open_comedo,borderline,non_expert,subtype_classification,acne,1.0,57fd144248ab2e7475ce2d2d41846ceb21b3cf3112b842371993542b4585e8e0,Cleaned fine-grained classification image. Class: Blackheads. Blur score: 34.61.
tiswan_000223,tiswan,cleaned_v1,datasets/skin/acne/final/subtype_classification/train/open_comedo/tiswan_000223.jpg,train,open_comedo,usable,non_expert,subtype_classification,acne,1.0,cdc5c4b3b22b7d6dd0122777ca384d1c589953d0f7adbcd11c08343fae4be9a7,Cleaned fine-grained classification image. Class: Blackheads. Blur score: 103.19.
tiswan_000224,tiswan,cleaned_v1,datasets/skin/acne/final/subtype_classification/train/open_comedo/tiswan_000224.jpg,train,open_comedo,usable,non_expert,subtype_classification,acne,1.0,14a443f8c7eeb0f1ca3b996d868163ab9e0f62de6c549d0019f0e2fa36483c43,Cleaned fine-grained classification image. Class: Blackheads. Blur score: 66.8.
tiswan_000225,tiswan,cleaned_v1,datasets/skin/acne/final/subtype_classification/train/open_comedo/tiswan_000225.jpg,train,open_comedo,borderline,non_expert,subtype_classification,acne,1.0,26801626690b1c6b0653df690dfaadf654f1f746260df038172a409d5d38bb46,Cleaned fine-grained classification image. Class: Blackheads. Blur score: 51.37.
tiswan_000226,tiswan,cleaned_v1,datasets/skin/acne/final/subtype_classification/train/open_comedo/tiswan_000226.jpg,train,open_comedo,usable,non_expert,subtype_classification,acne,1.0,33c589953ad5c2f06099c0e9ca37475e6a70a0a82cdd29a73e914e19d76e2753,Cleaned fine-grained classification image. Class: Blackheads. Blur score: 88.29.
tiswan_000227,tiswan,cleaned_v1,datasets/skin/acne/final/subtype_classification/train/open_comedo/tiswan_000227.jpg,train,open_comedo,usable,non_expert,subtype_classification,acne,1.0,2e2dc646ddbe0fc0d0c13360245d13ea691ee6673052ad3e18189660318e3317,Cleaned fine-grained classification image. Class: Blackheads. Blur score: 67.6.
tiswan_000228,tiswan,cleaned_v1,datasets/skin/acne/final/subtype_classification/train/open_comedo/tiswan_000228.jpg,train,open_comedo,usable,non_expert,subtype_classification,acne,1.0,875ecd5847874f8441bf798b022391bb012df2d9127091b940e5d7de0647fd1a,Cleaned fine-grained classification image. Class: Blackheads. Blur score: 108.09.
tiswan_000229,tiswan,cleaned_v1,datasets/skin/acne/final/subtype_classification/train/open_comedo/tiswan_000229.jpg,train,open_comedo,usable,non_expert,subtype_classification,acne,1.0,536a54e4a5c6ea7840d3fdf77fe3f5894575a53fe5ee8a6143a4918f10f88cce,Cleaned fine-grained classification image. Class: Blackheads. Blur score: 83.76.
tiswan_000230,tiswan,cleaned_v1,datasets/skin/acne/final/subtype_classification/train/open_comedo/tiswan_000230.jpg,train,open_comedo,usable,non_expert,subtype_classification,acne,1.0,83ac4bfc90ec71e3ec458e5cfc111a39549f2617f182d4793390c8c257ac02cc,Cleaned fine-grained classification image. Class: Blackheads. Blur score: 96.74.
tiswan_000231,tiswan,cleaned_v1,datasets/skin/acne/final/subtype_classification/train/open_comedo/tiswan_000231.jpg,train,open_comedo,usable,non_expert,subtype_classification,acne,1.0,9046b013b00bca4d1ad9cb056ce37a3302998fc3985f21692f4087914df2eb79,Cleaned fine-grained classification image. Class: Blackheads. Blur score: 82.69.
tiswan_000232,tiswan,cleaned_v1,datasets/skin/acne/final/subtype_classification/train/open_comedo/tiswan_000232.jpg,train,open_comedo,usable,non_expert,subtype_classification,acne,1.0,fba4daa01f3647f1dd87759f5175975bbd24d4a458d043a75d15c640d97f9c9c,Cleaned fine-grained classification image. Class: Blackheads. Blur score: 72.95.
tiswan_000233,tiswan,cleaned_v1,datasets/skin/acne/final/subtype_classification/train/open_comedo/tiswan_000233.jpg,train,open_comedo,usable,non_expert,subtype_classification,acne,1.0,5ae8fef57e8262721cf932d254531fbd56a4af2519185ca7f8e71b7af13788b3,Cleaned fine-grained classification image. Class: Blackheads. Blur score: 75.78.
tiswan_000234,tiswan,cleaned_v1,datasets/skin/acne/final/subtype_classification/train/open_comedo/tiswan_000234.jpg,train,open_comedo,usable,non_expert,subtype_classification,acne,1.0,5284b71e8f8bd57fdbad1306bfef472eaca3ba464c753040aacfac35a523ea89,Cleaned fine-grained classification image. Class: Blackheads. Blur score: 115.3.
tiswan_000235,tiswan,cleaned_v1,datasets/skin/acne/final/subtype_classification/train/open_comedo/tiswan_000235.jpg,train,open_comedo,usable,non_expert,subtype_classification,acne,1.0,8299c3300d1e204c881a33c7e1e518477602a71a94afa7ece70bddf3d93635c5,Cleaned fine-grained classification image. Class: Blackheads. Blur score: 111.17.
tiswan_000236,tiswan,cleaned_v1,datasets/skin/acne/final/subtype_classification/train/open_comedo/tiswan_000236.jpg,train,open_comedo,usable,non_expert,subtype_classification,acne,1.0,f6b7b104aadb39b60294da0325af1a2f2417155a1acd428694c60117207c0f5c,Cleaned fine-grained classification image. Class: Blackheads. Blur score: 94.62.
tiswan_000237,tiswan,cleaned_v1,datasets/skin/acne/final/subtype_classification/train/open_comedo/tiswan_000237.jpg,train,open_comedo,usable,non_expert,subtype_classification,acne,1.0,6671b25477984d874396b76755e4c08fb710985130ec8c2acaef80dd6408e169,Cleaned fine-grained classification image. Class: Blackheads. Blur score: 104.92.
tiswan_000238,tiswan,cleaned_v1,datasets/skin/acne/final/subtype_classification/train/open_comedo/tiswan_000238.jpg,train,open_comedo,usable,non_expert,subtype_classification,acne,1.0,1ecca0613d4e689ce820197bea823a664472a44dcd2dac0884b90f3ec6120e6a,Cleaned fine-grained classification image. Class: Blackheads. Blur score: 142.25.
tiswan_000239,tiswan,cleaned_v1,datasets/skin/acne/final/subtype_classification/train/open_comedo/tiswan_000239.jpg,train,open_comedo,sharp,non_expert,subtype_classification,acne,1.0,2b1fb05136a53a7cecee12f0200329195f31e3a92f6a3bd90043b8d5b3a9465c,Cleaned fine-grained classification image. Class: Blackheads. Blur score: 162.65.
tiswan_000240,tiswan,cleaned_v1,datasets/skin/acne/final/subtype_classification/train/open_comedo/tiswan_000240.jpg,train,open_comedo,usable,non_expert,subtype_classification,acne,1.0,a8342c07e2f37d657d3dcb2c4639b9da19474c2666630bb030661a6f58aeb8a2,Cleaned fine-grained classification image. Class: Blackheads. Blur score: 101.91.
tiswan_000241,tiswan,cleaned_v1,datasets/skin/acne/final/subtype_classification/train/open_comedo/tiswan_000241.jpg,train,open_comedo,usable,non_expert,subtype_classification,acne,1.0,dbabcae83c19b97f51250439a857b606a9ac30175ae1f7e0cfd21f7bb6e05a45,Cleaned fine-grained classification image. Class: Blackheads. Blur score: 71.59.
tiswan_000242,tiswan,cleaned_v1,datasets/skin/acne/final/subtype_classification/train/open_comedo/tiswan_000242.jpg,train,open_comedo,usable,non_expert,subtype_classification,acne,1.0,b724162380e4cefee4c65704fab0c736f940c97548390b5979c4144c8db8e081,Cleaned fine-grained classification image. Class: Blackheads. Blur score: 95.26.
tiswan_000243,tiswan,cleaned_v1,datasets/skin/acne/final/subtype_classification/train/open_comedo/tiswan_000243.jpg,train,open_comedo,usable,non_expert,subtype_classification,acne,1.0,7a8c97dd99e318328f04bfebd3cf91bef922b5999f514ca619d5ab3a483ffc18,Cleaned fine-grained classification image. Class: Blackheads. Blur score: 94.91.
tiswan_000244,tiswan,cleaned_v1,datasets/skin/acne/final/subtype_classification/train/open_comedo/tiswan_000244.jpg,train,open_comedo,usable,non_expert,subtype_classification,acne,1.0,7c671c2ede722b38b85270b9b1005ad9ba0d9f0341e482e6afeaaba39ffd7cd6,Cleaned fine-grained classification image. Class: Blackheads. Blur score: 76.44.
tiswan_000245,tiswan,cleaned_v1,datasets/skin/acne/final/subtype_classification/train/open_comedo/tiswan_000245.jpg,train,open_comedo,usable,non_expert,subtype_classification,acne,1.0,b428594875e5f23905af04ac40bcfe4ced5589b03abc19cee88c4c22d096fcdd,Cleaned fine-grained classification image. Class: Blackheads. Blur score: 105.97.
tiswan_000246,tiswan,cleaned_v1,datasets/skin/acne/final/subtype_classification/train/open_comedo/tiswan_000246.jpg,train,open_comedo,usable,non_expert,subtype_classification,acne,1.0,b12d25e82b9a0f6365df58fdd6b363ee40bcf1635bd8ea1cfc1c450cf506971c,Cleaned fine-grained classification image. Class: Blackheads. Blur score: 101.11.
tiswan_000247,tiswan,cleaned_v1,datasets/skin/acne/final/subtype_classification/train/open_comedo/tiswan_000247.jpg,train,open_comedo,usable,non_expert,subtype_classification,acne,1.0,f127d8c03b00dea5122806923d17e06fbb633967c29deef6e322c5b03e9df4f7,Cleaned fine-grained classification image. Class: Blackheads. Blur score: 89.81.
tiswan_000248,tiswan,cleaned_v1,datasets/skin/acne/final/subtype_classification/train/open_comedo/tiswan_000248.jpg,train,open_comedo,usable,non_expert,subtype_classification,acne,1.0,56b5d8cad2d4ec0c3713772dd528ca6c164b44c8cf5682a86575a2872c678542,Cleaned fine-grained classification image. Class: Blackheads. Blur score: 66.08.
tiswan_000249,tiswan,cleaned_v1,datasets/skin/acne/final/subtype_classification/train/open_comedo/tiswan_000249.jpg,train,open_comedo,usable,non_expert,subtype_classification,acne,1.0,f7670d8aff222cd9a79ed74fef169c2d27fe67fdb94198522a40dcf385d048b0,Cleaned fine-grained classification image. Class: Blackheads. Blur score: 85.81.
tiswan_000250,tiswan,cleaned_v1,datasets/skin/acne/final/subtype_classification/train/open_comedo/tiswan_000250.jpg,train,open_comedo,usable,non_expert,subtype_classification,acne,1.0,771eaabd3704c1f10e6b6ce6b84a5dc0e5bd4a6935962a47d502bd994d330b33,Cleaned fine-grained classification image. Class: Blackheads. Blur score: 70.87.
tiswan_000251,tiswan,cleaned_v1,datasets/skin/acne/final/subtype_classification/train/open_comedo/tiswan_000251.jpg,train,open_comedo,usable,non_expert,subtype_classification,acne,1.0,ff737c0e91af683ab6be8acbeb4f6a348e714b50d818b9cd06cb15b8e04d2196,Cleaned fine-grained classification image. Class: Blackheads. Blur score: 87.66.
tiswan_000252,tiswan,cleaned_v1,datasets/skin/acne/final/subtype_classification/train/open_comedo/tiswan_000252.jpg,train,open_comedo,usable,non_expert,subtype_classification,acne,1.0,4ec1c3e195197844942ad4cbff14a576f7df4ad6cf94aa17d86e46dadcda523a,Cleaned fine-grained classification image. Class: Blackheads. Blur score: 94.61.
tiswan_000253,tiswan,cleaned_v1,datasets/skin/acne/final/subtype_classification/train/open_comedo/tiswan_000253.jpg,train,open_comedo,usable,non_expert,subtype_classification,acne,1.0,7aa6c1b323614d8a2b46cb15b075e06a29085fc143e13593010da265bba5dfb0,Cleaned fine-grained classification image. Class: Blackheads. Blur score: 63.37.
tiswan_000254,tiswan,cleaned_v1,datasets/skin/acne/final/subtype_classification/train/open_comedo/tiswan_000254.jpg,train,open_comedo,usable,non_expert,subtype_classification,acne,1.0,5234de804dee7480925e199e57077d5a81579ab9e6c774e2073362c71b43535b,Cleaned fine-grained classification image. Class: Blackheads. Blur score: 83.49.
tiswan_000255,tiswan,cleaned_v1,datasets/skin/acne/final/subtype_classification/train/open_comedo/tiswan_000255.jpg,train,open_comedo,usable,non_expert,subtype_classification,acne,1.0,a2bc9ceb012456343893d4b4a0b3437898ef0de083514c44dc3a6576ab96780b,Cleaned fine-grained classification image. Class: Blackheads. Blur score: 95.54.
tiswan_000256,tiswan,cleaned_v1,datasets/skin/acne/final/subtype_classification/train/open_comedo/tiswan_000256.jpg,train,open_comedo,usable,non_expert,subtype_classification,acne,1.0,020196e45a24a2f781bab0170eda17dc361437f21a6df04eb83a944e9ca54aee,Cleaned fine-grained classification image. Class: Blackheads. Blur score: 72.48.
tiswan_000257,tiswan,cleaned_v1,datasets/skin/acne/final/subtype_classification/train/open_comedo/tiswan_000257.jpg,train,open_comedo,usable,non_expert,subtype_classification,acne,1.0,8d86cf7d55aebbc090a69bfd1b44692859bc96ee91bbcddce7e3ff6316b76776,Cleaned fine-grained classification image. Class: Blackheads. Blur score: 98.56.
tiswan_000258,tiswan,cleaned_v1,datasets/skin/acne/final/subtype_classification/train/open_comedo/tiswan_000258.jpg,train,open_comedo,usable,non_expert,subtype_classification,acne,1.0,737eb928605afdac5e3169e5371fddfb03fd038fe988551b280ffaee92e84b8f,Cleaned fine-grained classification image. Class: Blackheads. Blur score: 101.6.
tiswan_000259,tiswan,cleaned_v1,datasets/skin/acne/final/subtype_classification/train/open_comedo/tiswan_000259.jpg,train,open_comedo,usable,non_expert,subtype_classification,acne,1.0,15316797178454ce5692cdc0732e17137b9bfc7f671f96be06437175d85240fc,Cleaned fine-grained classification image. Class: Blackheads. Blur score: 141.32.
tiswan_000260,tiswan,cleaned_v1,datasets/skin/acne/final/subtype_classification/train/open_comedo/tiswan_000260.jpg,train,open_comedo,usable,non_expert,subtype_classification,acne,1.0,7f0ff66e89747e579c8b2f943c62acb5536282e1316c899435b2ed7d8e02cc6a,Cleaned fine-grained classification image. Class: Blackheads. Blur score: 84.08.
tiswan_000261,tiswan,cleaned_v1,datasets/skin/acne/final/subtype_classification/train/open_comedo/tiswan_000261.jpg,train,open_comedo,usable,non_expert,subtype_classification,acne,1.0,f1fccc169a310cd0e3a0967ddf7fa9e8a80a1f7a752e6a5329c8b9e4596d04e8,Cleaned fine-grained classification image. Class: Blackheads. Blur score: 78.42.
tiswan_000262,tiswan,cleaned_v1,datasets/skin/acne/final/subtype_classification/train/open_comedo/tiswan_000262.jpg,train,open_comedo,borderline,non_expert,subtype_classification,acne,1.0,40b99a071fb952007b13867393f7c25ae0b4a8db2dfa5440ddb1b5c21e50ca8a,Cleaned fine-grained classification image. Class: Blackheads. Blur score: 58.65.
tiswan_000263,tiswan,cleaned_v1,datasets/skin/acne/final/subtype_classification/train/open_comedo/tiswan_000263.jpg,train,open_comedo,usable,non_expert,subtype_classification,acne,1.0,c7c01b0b1537a8987f7bd0ba56d99451b24a74a6e95b2cecd4df68ec9ec782e0,Cleaned fine-grained classification image. Class: Blackheads. Blur score: 93.03.
tiswan_000264,tiswan,cleaned_v1,datasets/skin/acne/final/subtype_classification/train/open_comedo/tiswan_000264.jpg,train,open_comedo,usable,non_expert,subtype_classification,acne,1.0,60ed11e9ba87dd4d9528425ce1b2056c1651204e6eebf41fe95e4bcf50aeac45,Cleaned fine-grained classification image. Class: Blackheads. Blur score: 86.42.
tiswan_000265,tiswan,cleaned_v1,datasets/skin/acne/final/subtype_classification/train/open_comedo/tiswan_000265.jpg,train,open_comedo,usable,non_expert,subtype_classification,acne,1.0,6f018671d69823d3dd81e5f0b0245d371a800e714890da3aed93b05abf6dcbef,Cleaned fine-grained classification image. Class: Blackheads. Blur score: 60.05.
tiswan_000266,tiswan,cleaned_v1,datasets/skin/acne/final/subtype_classification/train/open_comedo/tiswan_000266.jpg,train,open_comedo,usable,non_expert,subtype_classification,acne,1.0,16efde1a4fb5f68637626b058a9582b7797a42b795009e616fac51e4deb83a1f,Cleaned fine-grained classification image. Class: Blackheads. Blur score: 85.27.
tiswan_000267,tiswan,cleaned_v1,datasets/skin/acne/final/subtype_classification/train/open_comedo/tiswan_000267.jpg,train,open_comedo,usable,non_expert,subtype_classification,acne,1.0,aaae3e466b3c095764f2f0ded273f2a7de7ebb4c1c3d52f7eb0aef62242b3782,Cleaned fine-grained classification image. Class: Blackheads. Blur score: 85.75.
tiswan_000268,tiswan,cleaned_v1,datasets/skin/acne/final/subtype_classification/train/open_comedo/tiswan_000268.jpg,train,open_comedo,usable,non_expert,subtype_classification,acne,1.0,eadd9ff76775713390ed33d6f2c44fe855ebca29561788b1d356996c169957b9,Cleaned fine-grained classification image. Class: Blackheads. Blur score: 61.97.
tiswan_000269,tiswan,cleaned_v1,datasets/skin/acne/final/subtype_classification/train/open_comedo/tiswan_000269.jpg,train,open_comedo,usable,non_expert,subtype_classification,acne,1.0,e1aac5f3c105e8746dc4bd991fe8e8b5e959eb5d658a146d80fc901ca13b18f4,Cleaned fine-grained classification image. Class: Blackheads. Blur score: 115.21.
tiswan_000270,tiswan,cleaned_v1,datasets/skin/acne/final/subtype_classification/train/open_comedo/tiswan_000270.jpg,train,open_comedo,usable,non_expert,subtype_classification,acne,1.0,c4f77f524ec832d607dede7a7b0d17458f39706e774496648cf97160bcad116c,Cleaned fine-grained classification image. Class: Blackheads. Blur score: 90.87.
tiswan_000271,tiswan,cleaned_v1,datasets/skin/acne/final/subtype_classification/train/open_comedo/tiswan_000271.jpg,train,open_comedo,usable,non_expert,subtype_classification,acne,1.0,2219770f264d42fa103302de07f94e50d9fb0b7196b6695642c011cf29d2b8ca,Cleaned fine-grained classification image. Class: Blackheads. Blur score: 64.19.
tiswan_000272,tiswan,cleaned_v1,datasets/skin/acne/final/subtype_classification/train/open_comedo/tiswan_000272.jpg,train,open_comedo,usable,non_expert,subtype_classification,acne,1.0,c291771045461ae0d9a6dd5c5d88a244eea3d3451c8e14b1d5060dd1615e4427,Cleaned fine-grained classification image. Class: Blackheads. Blur score: 83.43.
tiswan_000273,tiswan,cleaned_v1,datasets/skin/acne/final/subtype_classification/train/open_comedo/tiswan_000273.jpg,train,open_comedo,usable,non_expert,subtype_classification,acne,1.0,e2861cc4b663193e18d61385358cb4cba3943c0296c06083e18b8fdd0e13adad,Cleaned fine-grained classification image. Class: Blackheads. Blur score: 72.67.
tiswan_000274,tiswan,cleaned_v1,datasets/skin/acne/final/subtype_classification/train/open_comedo/tiswan_000274.jpg,train,open_comedo,usable,non_expert,subtype_classification,acne,1.0,f5affc6b00b73bbe67843d8b9fa88ae92cc0d34aafa48ef43878d5f3d637f324,Cleaned fine-grained classification image. Class: Blackheads. Blur score: 130.65.
tiswan_000275,tiswan,cleaned_v1,datasets/skin/acne/final/subtype_classification/train/open_comedo/tiswan_000275.jpg,train,open_comedo,usable,non_expert,subtype_classification,acne,1.0,de6b5e630707f1ede8268f82b8bcf6c04df707d8294925657adfee44e04b19f9,Cleaned fine-grained classification image. Class: Blackheads. Blur score: 107.22.
tiswan_000276,tiswan,cleaned_v1,datasets/skin/acne/final/subtype_classification/train/open_comedo/tiswan_000276.jpg,train,open_comedo,usable,non_expert,subtype_classification,acne,1.0,7f547bff12471e3bfa0ca5de7c014a16ef3ed528473b9cfe87fb98433fdc3dea,Cleaned fine-grained classification image. Class: Blackheads. Blur score: 95.35.
tiswan_000277,tiswan,cleaned_v1,datasets/skin/acne/final/subtype_classification/train/open_comedo/tiswan_000277.jpg,train,open_comedo,usable,non_expert,subtype_classification,acne,1.0,eacd848373b2162c0daed5ddf94cc7a40a97ed1fba02359224f42911d5e94dcc,Cleaned fine-grained classification image. Class: Blackheads. Blur score: 72.02.
tiswan_000278,tiswan,cleaned_v1,datasets/skin/acne/final/subtype_classification/train/open_comedo/tiswan_000278.jpg,train,open_comedo,usable,non_expert,subtype_classification,acne,1.0,cc496683035a5176bfee26ae704780f90f99c8da0c48bce5dca484ed3108fb1e,Cleaned fine-grained classification image. Class: Blackheads. Blur score: 93.06.
tiswan_000279,tiswan,cleaned_v1,datasets/skin/acne/final/subtype_classification/train/open_comedo/tiswan_000279.jpg,train,open_comedo,usable,non_expert,subtype_classification,acne,1.0,b8666a175db9c5c6aa07c90e96acb9705f8208fc09ec380ab4e4a743ddefa93e,Cleaned fine-grained classification image. Class: Blackheads. Blur score: 71.93.
tiswan_000280,tiswan,cleaned_v1,datasets/skin/acne/final/subtype_classification/train/open_comedo/tiswan_000280.jpg,train,open_comedo,borderline,non_expert,subtype_classification,acne,1.0,fb55bf6d10a46572461a797e1303b7fa9595ad0922dd73bb98a3f323e36c8dcc,Cleaned fine-grained classification image. Class: Blackheads. Blur score: 56.31.
tiswan_000281,tiswan,cleaned_v1,datasets/skin/acne/final/subtype_classification/train/open_comedo/tiswan_000281.jpg,train,open_comedo,usable,non_expert,subtype_classification,acne,1.0,19464b2c90297426e64bf1c53346d8dc834b5d1f7fb6dd17bcc6532d06d6d066,Cleaned fine-grained classification image. Class: Blackheads. Blur score: 90.63.
tiswan_000282,tiswan,cleaned_v1,datasets/skin/acne/final/subtype_classification/train/open_comedo/tiswan_000282.jpg,train,open_comedo,usable,non_expert,subtype_classification,acne,1.0,9c53dd1a620476501861c0b35b4f1def686ea67ad6086f2d8998d449e9af311e,Cleaned fine-grained classification image. Class: Blackheads. Blur score: 86.55.
tiswan_000283,tiswan,cleaned_v1,datasets/skin/acne/final/subtype_classification/train/open_comedo/tiswan_000283.jpg,train,open_comedo,usable,non_expert,subtype_classification,acne,1.0,6b531b2a3ff9762897edab54128f1adb05e9f35cda40cc674915cfcbeaceedf6,Cleaned fine-grained classification image. Class: Blackheads. Blur score: 62.36.
tiswan_000284,tiswan,cleaned_v1,datasets/skin/acne/final/subtype_classification/train/open_comedo/tiswan_000284.jpg,train,open_comedo,usable,non_expert,subtype_classification,acne,1.0,bf3b803a76cc6d4e6ce2bce72da6d8f7b72f6a7758dcd74ba4a739ae072858da,Cleaned fine-grained classification image. Class: Blackheads. Blur score: 63.6.
tiswan_000285,tiswan,cleaned_v1,datasets/skin/acne/final/subtype_classification/train/open_comedo/tiswan_000285.jpg,train,open_comedo,borderline,non_expert,subtype_classification,acne,1.0,93bf10d74af0ebb9fb1f3754a00398a0c919d651ee670035a32a74a5e85e91e3,Cleaned fine-grained classification image. Class: Blackheads. Blur score: 45.25.
tiswan_000286,tiswan,cleaned_v1,datasets/skin/acne/final/subtype_classification/train/open_comedo/tiswan_000286.jpg,train,open_comedo,usable,non_expert,subtype_classification,acne,1.0,1b73152d0bea3b6c93bbecc27aaf8a42f95d5aab14fb86e6e66ac0c45848e83d,Cleaned fine-grained classification image. Class: Blackheads. Blur score: 125.86.
tiswan_000287,tiswan,cleaned_v1,datasets/skin/acne/final/subtype_classification/train/open_comedo/tiswan_000287.jpg,train,open_comedo,borderline,non_expert,subtype_classification,acne,1.0,a208390d06b0fad2c7865ca2585685e829434bba15dbf8dc7797df96dfc624b5,Cleaned fine-grained classification image. Class: Blackheads. Blur score: 50.58.
tiswan_000288,tiswan,cleaned_v1,datasets/skin/acne/final/subtype_classification/train/open_comedo/tiswan_000288.jpg,train,open_comedo,usable,non_expert,subtype_classification,acne,1.0,1d572ffd88ac025d1aa358974f7be25ff608338da7efb953b3ed260971529da8,Cleaned fine-grained classification image. Class: Blackheads. Blur score: 83.37.
tiswan_000289,tiswan,cleaned_v1,datasets/skin/acne/final/subtype_classification/train/open_comedo/tiswan_000289.jpg,train,open_comedo,usable,non_expert,subtype_classification,acne,1.0,e27f5ffe69350d37a81adc3adc3ba8c9a2708c0e91dff8c87bc47f480aac8ab9,Cleaned fine-grained classification image. Class: Blackheads. Blur score: 128.12.
tiswan_000290,tiswan,cleaned_v1,datasets/skin/acne/final/subtype_classification/train/open_comedo/tiswan_000290.jpg,train,open_comedo,usable,non_expert,subtype_classification,acne,1.0,737bb9084a15f611e435f12c330a7bb773aa5d4bcb52f5435183aee781832f84,Cleaned fine-grained classification image. Class: Blackheads. Blur score: 78.5.
tiswan_000291,tiswan,cleaned_v1,datasets/skin/acne/final/subtype_classification/train/open_comedo/tiswan_000291.jpg,train,open_comedo,borderline,non_expert,subtype_classification,acne,1.0,ca61fdf6c7a97c8aa142209b86347d7467341df3c0a35d2e701c5d49d08ed3d2,Cleaned fine-grained classification image. Class: Blackheads. Blur score: 46.48.
tiswan_000292,tiswan,cleaned_v1,datasets/skin/acne/final/subtype_classification/train/open_comedo/tiswan_000292.jpg,train,open_comedo,sharp,non_expert,subtype_classification,acne,1.0,a14af5feeb922c5efe19ded45644d5e71e3924021db3dfabe0603e171359b9b5,Cleaned fine-grained classification image. Class: Blackheads. Blur score: 153.6.
tiswan_000293,tiswan,cleaned_v1,datasets/skin/acne/final/subtype_classification/train/open_comedo/tiswan_000293.jpg,train,open_comedo,usable,non_expert,subtype_classification,acne,1.0,eb16106dde050a6c065bc7ac050de51cd41645df3cb7f72e59e1372ca2093110,Cleaned fine-grained classification image. Class: Blackheads. Blur score: 62.49.
tiswan_000294,tiswan,cleaned_v1,datasets/skin/acne/final/subtype_classification/train/open_comedo/tiswan_000294.jpg,train,open_comedo,usable,non_expert,subtype_classification,acne,1.0,93b0465cb6f2899c1367c45f05bbdec3b2882c6c306db88784e366722b08d999,Cleaned fine-grained classification image. Class: Blackheads. Blur score: 140.2.
tiswan_000295,tiswan,cleaned_v1,datasets/skin/acne/final/subtype_classification/train/open_comedo/tiswan_000295.jpg,train,open_comedo,sharp,non_expert,subtype_classification,acne,1.0,838ce640c81e603f15316426f9095c62cad290988d810dbf1eec04903f326414,Cleaned fine-grained classification image. Class: Blackheads. Blur score: 154.02.
tiswan_000296,tiswan,cleaned_v1,datasets/skin/acne/final/subtype_classification/train/open_comedo/tiswan_000296.jpg,train,open_comedo,usable,non_expert,subtype_classification,acne,1.0,f9e2d08b1d1af801c39b53634db73998c0672b112e69fe1f6d5f5db1d6ae347e,Cleaned fine-grained classification image. Class: Blackheads. Blur score: 71.58.
tiswan_000297,tiswan,cleaned_v1,datasets/skin/acne/final/subtype_classification/train/open_comedo/tiswan_000297.jpg,train,open_comedo,usable,non_expert,subtype_classification,acne,1.0,845f88f8756bc24d9b1f26074f881725b3773f4d439d76b10d0dc867d6b4c07e,Cleaned fine-grained classification image. Class: Blackheads. Blur score: 134.13.
tiswan_000298,tiswan,cleaned_v1,datasets/skin/acne/final/subtype_classification/train/open_comedo/tiswan_000298.jpg,train,open_comedo,usable,non_expert,subtype_classification,acne,1.0,5667026d46b688df2fe220b87b54946ca5cbace9b7063256c53b369f7560543a,Cleaned fine-grained classification image. Class: Blackheads. Blur score: 74.83.
tiswan_000299,tiswan,cleaned_v1,datasets/skin/acne/final/subtype_classification/train/open_comedo/tiswan_000299.jpg,train,open_comedo,usable,non_expert,subtype_classification,acne,1.0,16d986d72ffe4bfded828e66e298027dafbd042375a1df6e1018c2b94f448bc4,Cleaned fine-grained classification image. Class: Blackheads. Blur score: 109.6.
tiswan_000300,tiswan,cleaned_v1,datasets/skin/acne/final/subtype_classification/train/open_comedo/tiswan_000300.jpg,train,open_comedo,usable,non_expert,subtype_classification,acne,1.0,2b41da4fc884dd8953b866db29515273df37a42a23752051eb31c2d959c3ced2,Cleaned fine-grained classification image. Class: Blackheads. Blur score: 87.02.
tiswan_000301,tiswan,cleaned_v1,datasets/skin/acne/final/subtype_classification/train/open_comedo/tiswan_000301.jpg,train,open_comedo,usable,non_expert,subtype_classification,acne,1.0,0446d17a4462cc7c3047fa91a9abb04d1e77686832f109e77597ceb320b4d550,Cleaned fine-grained classification image. Class: Blackheads. Blur score: 144.85.
tiswan_000302,tiswan,cleaned_v1,datasets/skin/acne/final/subtype_classification/train/open_comedo/tiswan_000302.jpg,train,open_comedo,sharp,non_expert,subtype_classification,acne,1.0,475a0da4c3744efe743faeb3a8c8d8ed035ad6f6aff8d644a7578121d2e5bd5a,Cleaned fine-grained classification image. Class: Blackheads. Blur score: 152.26.
tiswan_000303,tiswan,cleaned_v1,datasets/skin/acne/final/subtype_classification/train/open_comedo/tiswan_000303.jpg,train,open_comedo,usable,non_expert,subtype_classification,acne,1.0,58f80b765eb19463b70d2ec761347135d48ee1f11d9e2a9ba9482fa038d0c231,Cleaned fine-grained classification image. Class: Blackheads. Blur score: 74.51.
tiswan_000304,tiswan,cleaned_v1,datasets/skin/acne/final/subtype_classification/train/open_comedo/tiswan_000304.jpg,train,open_comedo,usable,non_expert,subtype_classification,acne,1.0,ce95bfa395ec458250105aa2000de94a2ffec96922964e551ec8cff3cfe99f00,Cleaned fine-grained classification image. Class: Blackheads. Blur score: 128.25.
tiswan_000305,tiswan,cleaned_v1,datasets/skin/acne/final/subtype_classification/train/open_comedo/tiswan_000305.jpg,train,open_comedo,usable,non_expert,subtype_classification,acne,1.0,aeca942941a04d6e11135e836608d3851b87856b80853d8b77adcb3072bdf292,Cleaned fine-grained classification image. Class: Blackheads. Blur score: 125.74.
tiswan_000306,tiswan,cleaned_v1,datasets/skin/acne/final/subtype_classification/train/open_comedo/tiswan_000306.jpg,train,open_comedo,usable,non_expert,subtype_classification,acne,1.0,aeb598b337b5663f5f92cb0a4c655da7eaf3be093d9fab721e730bca423e9d4b,Cleaned fine-grained classification image. Class: Blackheads. Blur score: 98.67.
tiswan_000307,tiswan,cleaned_v1,datasets/skin/acne/final/subtype_classification/train/open_comedo/tiswan_000307.jpg,train,open_comedo,sharp,non_expert,subtype_classification,acne,1.0,614f2c71c08fcaf947c9440d60e31667e0c79a04a7445b26146ef97230a8ae82,Cleaned fine-grained classification image. Class: Blackheads. Blur score: 157.17.
tiswan_000308,tiswan,cleaned_v1,datasets/skin/acne/final/subtype_classification/train/open_comedo/tiswan_000308.jpg,train,open_comedo,usable,non_expert,subtype_classification,acne,1.0,6a29428148453f25fae7874aa5ee1f063ae9b701bd690f3ce0284d8fd5a48165,Cleaned fine-grained classification image. Class: Blackheads. Blur score: 140.06.
tiswan_000309,tiswan,cleaned_v1,datasets/skin/acne/final/subtype_classification/train/open_comedo/tiswan_000309.jpg,train,open_comedo,usable,non_expert,subtype_classification,acne,1.0,7ac43a6b6b3af1386a8780b3b4b28e1363e20c555a242c296f48510737533342,Cleaned fine-grained classification image. Class: Blackheads. Blur score: 94.7.
tiswan_000310,tiswan,cleaned_v1,datasets/skin/acne/final/subtype_classification/train/open_comedo/tiswan_000310.jpg,train,open_comedo,sharp,non_expert,subtype_classification,acne,1.0,7b31b1f5dd347dc07eb3a0d972f252c74fee2d1e47541aa28c46e3952a602360,Cleaned fine-grained classification image. Class: Blackheads. Blur score: 152.6.
tiswan_000311,tiswan,cleaned_v1,datasets/skin/acne/final/subtype_classification/train/open_comedo/tiswan_000311.jpg,train,open_comedo,usable,non_expert,subtype_classification,acne,1.0,ad3359cf25866ca337adbbb5e08f07c4eecd09b2f3de2f1f64ee0efb661db9ce,Cleaned fine-grained classification image. Class: Blackheads. Blur score: 119.7.
tiswan_000312,tiswan,cleaned_v1,datasets/skin/acne/final/subtype_classification/train/open_comedo/tiswan_000312.jpg,train,open_comedo,usable,non_expert,subtype_classification,acne,1.0,fa358b3ccc96eda7506bb071fce2b0eda55492da9ba80f39dda02e950c4277a0,Cleaned fine-grained classification image. Class: Blackheads. Blur score: 60.83.
tiswan_000313,tiswan,cleaned_v1,datasets/skin/acne/final/subtype_classification/train/open_comedo/tiswan_000313.jpg,train,open_comedo,borderline,non_expert,subtype_classification,acne,1.0,78e11cdaf5420937ce3236a4bc41726c413c1f97c2553f408ef29f0f10caa859,Cleaned fine-grained classification image. Class: Blackheads. Blur score: 42.92.
tiswan_000314,tiswan,cleaned_v1,datasets/skin/acne/final/subtype_classification/train/open_comedo/tiswan_000314.jpg,train,open_comedo,borderline,non_expert,subtype_classification,acne,1.0,f88a086bfcfc9afc501ef9b6e66a21bcf7af09dc155e3d11bdf9335f7ea24e5a,Cleaned fine-grained classification image. Class: Blackheads. Blur score: 51.28.
tiswan_000315,tiswan,cleaned_v1,datasets/skin/acne/final/subtype_classification/train/open_comedo/tiswan_000315.jpg,train,open_comedo,usable,non_expert,subtype_classification,acne,1.0,a7ed5314b8c4b88cf11486adbbc6b0d6e09113967554ff8d8a243b53d8bc24f1,Cleaned fine-grained classification image. Class: Blackheads. Blur score: 66.09.
tiswan_000316,tiswan,cleaned_v1,datasets/skin/acne/final/subtype_classification/train/open_comedo/tiswan_000316.jpg,train,open_comedo,borderline,non_expert,subtype_classification,acne,1.0,43959d0dccbb68bb5d3c57b92cb1e61b0643a788a7b67180822f33484cc7e1b8,Cleaned fine-grained classification image. Class: Blackheads. Blur score: 51.43.
tiswan_000317,tiswan,cleaned_v1,datasets/skin/acne/final/subtype_classification/train/open_comedo/tiswan_000317.jpg,train,open_comedo,borderline,non_expert,subtype_classification,acne,1.0,9510dd0f89b92d90b5140777cf425591aa457c24f5c9e88557cbb2b0e13059a7,Cleaned fine-grained classification image. Class: Blackheads. Blur score: 43.47.
tiswan_000318,tiswan,cleaned_v1,datasets/skin/acne/final/subtype_classification/train/open_comedo/tiswan_000318.jpg,train,open_comedo,borderline,non_expert,subtype_classification,acne,1.0,92118eca0fe58b3e2384fdb31614a9b0ee7481d24b6f1d122cc35b296439e4ce,Cleaned fine-grained classification image. Class: Blackheads. Blur score: 38.16.
tiswan_000319,tiswan,cleaned_v1,datasets/skin/acne/final/subtype_classification/train/open_comedo/tiswan_000319.jpg,train,open_comedo,usable,non_expert,subtype_classification,acne,1.0,fcaaee02cc05dd8950f85ac86526bf9cf139aa2bc8efceae6bd15cddda017719,Cleaned fine-grained classification image. Class: Blackheads. Blur score: 66.02.
tiswan_000320,tiswan,cleaned_v1,datasets/skin/acne/final/subtype_classification/train/open_comedo/tiswan_000320.jpg,train,open_comedo,usable,non_expert,subtype_classification,acne,1.0,f8ca63637ef72e41b4d3e202df714e40f3b92286d9bba0e784c26c182925acb8,Cleaned fine-grained classification image. Class: Blackheads. Blur score: 66.65.
tiswan_000321,tiswan,cleaned_v1,datasets/skin/acne/final/subtype_classification/train/open_comedo/tiswan_000321.jpg,train,open_comedo,borderline,non_expert,subtype_classification,acne,1.0,5ecf3d01c802de85ab1ce93da955223a24f24b17622f3c6f0fe195557441dcd0,Cleaned fine-grained classification image. Class: Blackheads. Blur score: 45.58.
tiswan_000322,tiswan,cleaned_v1,datasets/skin/acne/final/subtype_classification/train/open_comedo/tiswan_000322.jpg,train,open_comedo,usable,non_expert,subtype_classification,acne,1.0,ce223cb889b9945f58aa7c497e266d735e05064274829796e7dc7c908761b9c8,Cleaned fine-grained classification image. Class: Blackheads. Blur score: 67.22.
tiswan_000323,tiswan,cleaned_v1,datasets/skin/acne/final/subtype_classification/train/open_comedo/tiswan_000323.jpg,train,open_comedo,usable,non_expert,subtype_classification,acne,1.0,634f30c8d676eb171828018c11f836c3a3ce437046ecadbed5b0c46ce32106a5,Cleaned fine-grained classification image. Class: Blackheads. Blur score: 74.78.
tiswan_000324,tiswan,cleaned_v1,datasets/skin/acne/final/subtype_classification/train/open_comedo/tiswan_000324.jpg,train,open_comedo,usable,non_expert,subtype_classification,acne,1.0,32eb1494ed5a8b7bc61ea344951ea6fb1280a2cff7d9caddef0699179f068571,Cleaned fine-grained classification image. Class: Blackheads. Blur score: 74.65.
tiswan_000325,tiswan,cleaned_v1,datasets/skin/acne/final/subtype_classification/train/open_comedo/tiswan_000325.jpg,train,open_comedo,usable,non_expert,subtype_classification,acne,1.0,e7d125b2fbf1295812a289a86858e1530657bb274c92b32631242999e90c8ba3,Cleaned fine-grained classification image. Class: Blackheads. Blur score: 63.56.
tiswan_000326,tiswan,cleaned_v1,datasets/skin/acne/final/subtype_classification/train/open_comedo/tiswan_000326.jpg,train,open_comedo,usable,non_expert,subtype_classification,acne,1.0,69232796d25d1482135cf327f5e3e1eadc1a4673cbe51e8c2326c39701807478,Cleaned fine-grained classification image. Class: Blackheads. Blur score: 90.65.
tiswan_000327,tiswan,cleaned_v1,datasets/skin/acne/final/subtype_classification/train/open_comedo/tiswan_000327.jpg,train,open_comedo,usable,non_expert,subtype_classification,acne,1.0,aa9f2421e1d45ad2b505d62037e1646f43af1760f848aff767929e3fea9ab8b0,Cleaned fine-grained classification image. Class: Blackheads. Blur score: 61.26.
tiswan_000328,tiswan,cleaned_v1,datasets/skin/acne/final/subtype_classification/train/open_comedo/tiswan_000328.jpg,train,open_comedo,usable,non_expert,subtype_classification,acne,1.0,c0feaff586524a25130a55418acf3bf80ef09535ae5b507c4023b972b4bbc210,Cleaned fine-grained classification image. Class: Blackheads. Blur score: 95.82.
tiswan_000329,tiswan,cleaned_v1,datasets/skin/acne/final/subtype_classification/train/open_comedo/tiswan_000329.jpg,train,open_comedo,usable,non_expert,subtype_classification,acne,1.0,71394d79e2721a270a25db8d510a54448c782ea478828d342ff8bbb3f2401786,Cleaned fine-grained classification image. Class: Blackheads. Blur score: 110.69.
tiswan_000330,tiswan,cleaned_v1,datasets/skin/acne/final/subtype_classification/train/open_comedo/tiswan_000330.jpg,train,open_comedo,usable,non_expert,subtype_classification,acne,1.0,8a1ba4827319200dd65e0e585ba400ad1b77ff40db1ef503e12a07dc76d5d950,Cleaned fine-grained classification image. Class: Blackheads. Blur score: 91.53.
tiswan_000331,tiswan,cleaned_v1,datasets/skin/acne/final/subtype_classification/train/open_comedo/tiswan_000331.jpg,train,open_comedo,usable,non_expert,subtype_classification,acne,1.0,42cbd63a46cb80f5fc703f0a820febabeac6062f67e6e32a135956bd84ee380b,Cleaned fine-grained classification image. Class: Blackheads. Blur score: 102.61.
tiswan_000332,tiswan,cleaned_v1,datasets/skin/acne/final/subtype_classification/train/open_comedo/tiswan_000332.jpg,train,open_comedo,usable,non_expert,subtype_classification,acne,1.0,3ee22a275dd52881b51e887a2cf1d9eaa570cb0e6f23ca35bbcd71e8f571791b,Cleaned fine-grained classification image. Class: Blackheads. Blur score: 95.58.
tiswan_000333,tiswan,cleaned_v1,datasets/skin/acne/final/subtype_classification/train/open_comedo/tiswan_000333.jpg,train,open_comedo,usable,non_expert,subtype_classification,acne,1.0,f3ebefed44343e023050dd5b45b2a2673fc171c83a4426fb3625aba1cbf56a36,Cleaned fine-grained classification image. Class: Blackheads. Blur score: 98.13.
tiswan_000334,tiswan,cleaned_v1,datasets/skin/acne/final/subtype_classification/train/open_comedo/tiswan_000334.jpg,train,open_comedo,usable,non_expert,subtype_classification,acne,1.0,cdc98d825a5637a77108c67fba3c79720dedca96ec919282329e07ef7d59fbc8,Cleaned fine-grained classification image. Class: Blackheads. Blur score: 87.43.
tiswan_000335,tiswan,cleaned_v1,datasets/skin/acne/final/subtype_classification/train/open_comedo/tiswan_000335.jpg,train,open_comedo,usable,non_expert,subtype_classification,acne,1.0,6036efa2b75e40e1a8aae46dc690dd7b4299b8d830b0fbe0a2b7a02b30fae713,Cleaned fine-grained classification image. Class: Blackheads. Blur score: 85.18.
tiswan_000336,tiswan,cleaned_v1,datasets/skin/acne/final/subtype_classification/train/open_comedo/tiswan_000336.jpg,train,open_comedo,usable,non_expert,subtype_classification,acne,1.0,b05b54b3e910979251e08bbe78109e91c9e359daecdb3c66c4fdb6bf191813fe,Cleaned fine-grained classification image. Class: Blackheads. Blur score: 91.66.
tiswan_000337,tiswan,cleaned_v1,datasets/skin/acne/final/subtype_classification/train/open_comedo/tiswan_000337.jpg,train,open_comedo,usable,non_expert,subtype_classification,acne,1.0,1c43f28046d41db324dc9cc1328b4dd5cf071c85483537e65670b8254103c663,Cleaned fine-grained classification image. Class: Blackheads. Blur score: 96.95.
tiswan_000338,tiswan,cleaned_v1,datasets/skin/acne/final/subtype_classification/train/open_comedo/tiswan_000338.jpg,train,open_comedo,borderline,non_expert,subtype_classification,acne,1.0,4c2777c3ea9888e901d7b379aa4b79b33b75e0112be55e49b8c13efb67cddec6,Cleaned fine-grained classification image. Class: Blackheads. Blur score: 57.06.
tiswan_000339,tiswan,cleaned_v1,datasets/skin/acne/final/subtype_classification/train/open_comedo/tiswan_000339.jpg,train,open_comedo,usable,non_expert,subtype_classification,acne,1.0,722dfbba3649cfc55062f2293d2af82255959500f719d3f80b07b5f5fc5df4c1,Cleaned fine-grained classification image. Class: Blackheads. Blur score: 98.02.
tiswan_000340,tiswan,cleaned_v1,datasets/skin/acne/final/subtype_classification/train/open_comedo/tiswan_000340.jpg,train,open_comedo,usable,non_expert,subtype_classification,acne,1.0,5f89939c2f447a75a817ff5f1ac92aaabaefe8b2835db7af0c54eebccc1f02e3,Cleaned fine-grained classification image. Class: Blackheads. Blur score: 87.27.
tiswan_000341,tiswan,cleaned_v1,datasets/skin/acne/final/subtype_classification/train/open_comedo/tiswan_000341.jpg,train,open_comedo,borderline,non_expert,subtype_classification,acne,1.0,57298edc83aa3ba5ff27ea50a5193c705a8d4946311ef9f82d0fad822433a17b,Cleaned fine-grained classification image. Class: Blackheads. Blur score: 55.76.
tiswan_000342,tiswan,cleaned_v1,datasets/skin/acne/final/subtype_classification/train/open_comedo/tiswan_000342.jpg,train,open_comedo,usable,non_expert,subtype_classification,acne,1.0,36caf30a6087a5cd14f74da55d1c8832761d4ea58aff772be3586823ceba6b77,Cleaned fine-grained classification image. Class: Blackheads. Blur score: 69.37.
tiswan_000343,tiswan,cleaned_v1,datasets/skin/acne/final/subtype_classification/train/open_comedo/tiswan_000343.jpg,train,open_comedo,usable,non_expert,subtype_classification,acne,1.0,c7096196281c5f86a90f86f8d3f3fa85fd926768c47c316cfdcf4e6003f94b0f,Cleaned fine-grained classification image. Class: Blackheads. Blur score: 97.34.
tiswan_000344,tiswan,cleaned_v1,datasets/skin/acne/final/subtype_classification/train/open_comedo/tiswan_000344.jpg,train,open_comedo,usable,non_expert,subtype_classification,acne,1.0,a47587476fe2577eabf821613a57bd031c15197526ed6976f8227b5b60fab54a,Cleaned fine-grained classification image. Class: Blackheads. Blur score: 81.3.
tiswan_000345,tiswan,cleaned_v1,datasets/skin/acne/final/subtype_classification/train/open_comedo/tiswan_000345.jpg,train,open_comedo,usable,non_expert,subtype_classification,acne,1.0,847bff3ee551c5e0c82cfbc1d1889e4efe48b655c2f81d75aa02e038b3098601,Cleaned fine-grained classification image. Class: Blackheads. Blur score: 104.93.
tiswan_000346,tiswan,cleaned_v1,datasets/skin/acne/final/subtype_classification/train/open_comedo/tiswan_000346.jpg,train,open_comedo,usable,non_expert,subtype_classification,acne,1.0,ea3aa348ad3c9bb5c6b7339b7e8ac5bccfa87fd44ec007b5e7508f87db760b6c,Cleaned fine-grained classification image. Class: Blackheads. Blur score: 101.95.
tiswan_000347,tiswan,cleaned_v1,datasets/skin/acne/final/subtype_classification/train/open_comedo/tiswan_000347.jpg,train,open_comedo,borderline,non_expert,subtype_classification,acne,1.0,c85a9706c1044a7c08614d8a1bace8825b567d7363527e0258614938c9262e5f,Cleaned fine-grained classification image. Class: Blackheads. Blur score: 46.98.
tiswan_000348,tiswan,cleaned_v1,datasets/skin/acne/final/subtype_classification/train/open_comedo/tiswan_000348.jpg,train,open_comedo,usable,non_expert,subtype_classification,acne,1.0,7146e085cad8c2dff2b1af85ad0dd924c8c6073f1cb3097401d1958e9a4a1e06,Cleaned fine-grained classification image. Class: Blackheads. Blur score: 86.3.
tiswan_000349,tiswan,cleaned_v1,datasets/skin/acne/final/subtype_classification/train/open_comedo/tiswan_000349.jpg,train,open_comedo,usable,non_expert,subtype_classification,acne,1.0,2a383e273da1236fa634229f1ea37f14c5ae57d4b74433a6c801952f19333ea9,Cleaned fine-grained classification image. Class: Blackheads. Blur score: 94.37.
tiswan_000350,tiswan,cleaned_v1,datasets/skin/acne/final/subtype_classification/train/open_comedo/tiswan_000350.jpg,train,open_comedo,usable,non_expert,subtype_classification,acne,1.0,c796fb249098f1d40dd223c4b60643c3aaec197e2395034ca4bb0e768517db85,Cleaned fine-grained classification image. Class: Blackheads. Blur score: 73.87.
tiswan_000351,tiswan,cleaned_v1,datasets/skin/acne/final/subtype_classification/train/open_comedo/tiswan_000351.jpg,train,open_comedo,usable,non_expert,subtype_classification,acne,1.0,f980f25ba42db45bca762743687e50ab45690b1e31f33c06009b0541694f4ae7,Cleaned fine-grained classification image. Class: Blackheads. Blur score: 93.27.
tiswan_000352,tiswan,cleaned_v1,datasets/skin/acne/final/subtype_classification/train/open_comedo/tiswan_000352.jpg,train,open_comedo,usable,non_expert,subtype_classification,acne,1.0,033bdd62f76c9f09f08796f37cf6f71c1c9f6284c31822e15cd5046b7adfeb70,Cleaned fine-grained classification image. Class: Blackheads. Blur score: 96.92.
tiswan_000353,tiswan,cleaned_v1,datasets/skin/acne/final/subtype_classification/train/open_comedo/tiswan_000353.jpg,train,open_comedo,usable,non_expert,subtype_classification,acne,1.0,57db476e41425c3bb26715f88bb92ea6826541396c7e53a64790e5efe1fe805c,Cleaned fine-grained classification image. Class: Blackheads. Blur score: 93.79.
tiswan_000354,tiswan,cleaned_v1,datasets/skin/acne/final/subtype_classification/train/open_comedo/tiswan_000354.jpg,train,open_comedo,usable,non_expert,subtype_classification,acne,1.0,aef49fbb94a598ef25c146a8fa7509c35b447d9abddc00e926f0bd0d24dd784f,Cleaned fine-grained classification image. Class: Blackheads. Blur score: 109.04.
tiswan_000355,tiswan,cleaned_v1,datasets/skin/acne/final/subtype_classification/train/open_comedo/tiswan_000355.jpg,train,open_comedo,usable,non_expert,subtype_classification,acne,1.0,19a092208e3af1eb37f08f4048034904114f951b28e8f2f733859fe954c879e7,Cleaned fine-grained classification image. Class: Blackheads. Blur score: 73.77.
tiswan_000356,tiswan,cleaned_v1,datasets/skin/acne/final/subtype_classification/train/open_comedo/tiswan_000356.jpg,train,open_comedo,usable,non_expert,subtype_classification,acne,1.0,6a7a89cebba4fdf59cf331ae52f9b8ab6cf6b08af9e83c4feda9eb46ffa09d37,Cleaned fine-grained classification image. Class: Blackheads. Blur score: 105.37.
tiswan_000357,tiswan,cleaned_v1,datasets/skin/acne/final/subtype_classification/train/open_comedo/tiswan_000357.jpg,train,open_comedo,usable,non_expert,subtype_classification,acne,1.0,f09165d882b7a28e1156187ca58e3a5662759940276bbabe4fbeb00c9b775b50,Cleaned fine-grained classification image. Class: Blackheads. Blur score: 73.54.
tiswan_000358,tiswan,cleaned_v1,datasets/skin/acne/final/subtype_classification/train/open_comedo/tiswan_000358.jpg,train,open_comedo,usable,non_expert,subtype_classification,acne,1.0,be5aed3998ba8e3a4857b4655cc231ff6b8463e352ea050df2c6f3d7c30e4a4d,Cleaned fine-grained classification image. Class: Blackheads. Blur score: 71.42.
tiswan_000359,tiswan,cleaned_v1,datasets/skin/acne/final/subtype_classification/train/open_comedo/tiswan_000359.jpg,train,open_comedo,usable,non_expert,subtype_classification,acne,1.0,1af9c5234fcb20fe62b7c7f03b6ffc2605fe90b73476b0a564a36eab7044dd99,Cleaned fine-grained classification image. Class: Blackheads. Blur score: 95.26.
tiswan_000360,tiswan,cleaned_v1,datasets/skin/acne/final/subtype_classification/train/open_comedo/tiswan_000360.jpg,train,open_comedo,usable,non_expert,subtype_classification,acne,1.0,5e8138207f8469ff7e5ed3845ee7b3679253f0d14e64283278fd33bfd55caad6,Cleaned fine-grained classification image. Class: Blackheads. Blur score: 65.51.
tiswan_000361,tiswan,cleaned_v1,datasets/skin/acne/final/subtype_classification/train/open_comedo/tiswan_000361.jpg,train,open_comedo,usable,non_expert,subtype_classification,acne,1.0,5292941d269d272d6071dd72fe942457a7315aa44cb143a2fe797331ad970b1b,Cleaned fine-grained classification image. Class: Blackheads. Blur score: 107.02.
tiswan_000362,tiswan,cleaned_v1,datasets/skin/acne/final/subtype_classification/train/open_comedo/tiswan_000362.jpg,train,open_comedo,usable,non_expert,subtype_classification,acne,1.0,fe24eea604a8b397b420b11a7bacf58298a727880c5c4baccd93e910ffc8ca74,Cleaned fine-grained classification image. Class: Blackheads. Blur score: 76.68.
tiswan_000363,tiswan,cleaned_v1,datasets/skin/acne/final/subtype_classification/train/open_comedo/tiswan_000363.jpg,train,open_comedo,usable,non_expert,subtype_classification,acne,1.0,26fef087b5a3b53dda0b7a3fe979a5cc1efa6f3ee89bd9815ba555828d7578de,Cleaned fine-grained classification image. Class: Blackheads. Blur score: 82.29.
tiswan_000364,tiswan,cleaned_v1,datasets/skin/acne/final/subtype_classification/train/open_comedo/tiswan_000364.jpg,train,open_comedo,usable,non_expert,subtype_classification,acne,1.0,0d04c1d31f2e0d7875fc053e5415acb1849298ca7e02b38ec2c2e97593097d24,Cleaned fine-grained classification image. Class: Blackheads. Blur score: 61.42.
tiswan_000365,tiswan,cleaned_v1,datasets/skin/acne/final/subtype_classification/train/open_comedo/tiswan_000365.jpg,train,open_comedo,borderline,non_expert,subtype_classification,acne,1.0,055e90a90ed97403c99572940b9757bb8912117ca1cdf963398cda4f394c1387,Cleaned fine-grained classification image. Class: Blackheads. Blur score: 48.36.
tiswan_000366,tiswan,cleaned_v1,datasets/skin/acne/final/subtype_classification/train/open_comedo/tiswan_000366.jpg,train,open_comedo,usable,non_expert,subtype_classification,acne,1.0,adc997bd840beaa74efae84d570692e920436390b49e025bd49fae0a2bc1db39,Cleaned fine-grained classification image. Class: Blackheads. Blur score: 94.04.
tiswan_000367,tiswan,cleaned_v1,datasets/skin/acne/final/subtype_classification/train/open_comedo/tiswan_000367.jpg,train,open_comedo,usable,non_expert,subtype_classification,acne,1.0,e541e3e632aae401b97b3842e205332246c4c3700eaa87cd400520e6d6b2973d,Cleaned fine-grained classification image. Class: Blackheads. Blur score: 102.44.
tiswan_000368,tiswan,cleaned_v1,datasets/skin/acne/final/subtype_classification/train/open_comedo/tiswan_000368.jpg,train,open_comedo,usable,non_expert,subtype_classification,acne,1.0,2abafc07ee36e2361e7d407f829ee234a9f88aaa8d62eb6d3d57e6bad0bd0861,Cleaned fine-grained classification image. Class: Blackheads. Blur score: 68.21.
tiswan_000369,tiswan,cleaned_v1,datasets/skin/acne/final/subtype_classification/train/open_comedo/tiswan_000369.jpg,train,open_comedo,usable,non_expert,subtype_classification,acne,1.0,dfc721f61bcc5b8200d892e476dfd69e806d72bb23152cd5964bff613b345340,Cleaned fine-grained classification image. Class: Blackheads. Blur score: 67.96.
tiswan_000370,tiswan,cleaned_v1,datasets/skin/acne/final/subtype_classification/train/open_comedo/tiswan_000370.jpg,train,open_comedo,borderline,non_expert,subtype_classification,acne,1.0,d57107a4922858ce414500f5c23b52b0c40404590e725908db22881375696141,Cleaned fine-grained classification image. Class: Blackheads. Blur score: 55.55.
tiswan_000371,tiswan,cleaned_v1,datasets/skin/acne/final/subtype_classification/train/open_comedo/tiswan_000371.jpg,train,open_comedo,usable,non_expert,subtype_classification,acne,1.0,8961807528df928e54cec251be00e85b563f9df518f0649c1f72c547696dd482,Cleaned fine-grained classification image. Class: Blackheads. Blur score: 82.88.
tiswan_000372,tiswan,cleaned_v1,datasets/skin/acne/final/subtype_classification/train/open_comedo/tiswan_000372.jpg,train,open_comedo,usable,non_expert,subtype_classification,acne,1.0,4c5f16a79531a779610a479d36ccb025fa92fd1a0d2f4ccf456438fa8ff32c57,Cleaned fine-grained classification image. Class: Blackheads. Blur score: 86.03.
tiswan_000373,tiswan,cleaned_v1,datasets/skin/acne/final/subtype_classification/train/open_comedo/tiswan_000373.jpg,train,open_comedo,usable,non_expert,subtype_classification,acne,1.0,c11d7d47383a28a744422ac83aa3d08ca9e054f138e518fe4dfe1347ea2e4eae,Cleaned fine-grained classification image. Class: Blackheads. Blur score: 117.19.
tiswan_000374,tiswan,cleaned_v1,datasets/skin/acne/final/subtype_classification/train/open_comedo/tiswan_000374.jpg,train,open_comedo,borderline,non_expert,subtype_classification,acne,1.0,4674311bd9be7c8be7b95dfae7bcd2c1154ea8ea58f079eeb580a35c5773d6e6,Cleaned fine-grained classification image. Class: Blackheads. Blur score: 57.69.
tiswan_000375,tiswan,cleaned_v1,datasets/skin/acne/final/subtype_classification/train/open_comedo/tiswan_000375.jpg,train,open_comedo,usable,non_expert,subtype_classification,acne,1.0,ce2d379df4b2b2460b1a65560d9e9bc6947303c6defe0d797ca5619e100fdf57,Cleaned fine-grained classification image. Class: Blackheads. Blur score: 64.81.
tiswan_000376,tiswan,cleaned_v1,datasets/skin/acne/final/subtype_classification/train/open_comedo/tiswan_000376.jpg,train,open_comedo,usable,non_expert,subtype_classification,acne,1.0,2180af6ef40768ec52fbf7c2075acf8780c224b81afa1289acd082a7161ef718,Cleaned fine-grained classification image. Class: Blackheads. Blur score: 89.75.
tiswan_000377,tiswan,cleaned_v1,datasets/skin/acne/final/subtype_classification/train/open_comedo/tiswan_000377.jpg,train,open_comedo,usable,non_expert,subtype_classification,acne,1.0,8629d5587189be94da2c9bceeb4cfb76d2302531f82886d1e50020fa83f2d43d,Cleaned fine-grained classification image. Class: Blackheads. Blur score: 68.69.
tiswan_000378,tiswan,cleaned_v1,datasets/skin/acne/final/subtype_classification/train/open_comedo/tiswan_000378.jpg,train,open_comedo,usable,non_expert,subtype_classification,acne,1.0,1da6f900ead4c92e2618024362e0d88316eb910518b2d3730dc96dcf468cb3d0,Cleaned fine-grained classification image. Class: Blackheads. Blur score: 72.23.
tiswan_000379,tiswan,cleaned_v1,datasets/skin/acne/final/subtype_classification/train/open_comedo/tiswan_000379.jpg,train,open_comedo,usable,non_expert,subtype_classification,acne,1.0,785317f34672b4c113c2867e2df6b294ed9d0ec92725f62ba2457e75db15814b,Cleaned fine-grained classification image. Class: Blackheads. Blur score: 113.2.
tiswan_000380,tiswan,cleaned_v1,datasets/skin/acne/final/subtype_classification/train/open_comedo/tiswan_000380.jpg,train,open_comedo,borderline,non_expert,subtype_classification,acne,1.0,e009114105d2cc12c48f66ed13a35d63d668aa9d65234483c54b347b25c942a3,Cleaned fine-grained classification image. Class: Blackheads. Blur score: 46.94.
tiswan_000381,tiswan,cleaned_v1,datasets/skin/acne/final/subtype_classification/train/open_comedo/tiswan_000381.jpg,train,open_comedo,usable,non_expert,subtype_classification,acne,1.0,e19ce6b0e82467a8b58371fc289ca8b7a348618e214ef433e1d683c343f93087,Cleaned fine-grained classification image. Class: Blackheads. Blur score: 77.77.
tiswan_000382,tiswan,cleaned_v1,datasets/skin/acne/final/subtype_classification/train/open_comedo/tiswan_000382.jpg,train,open_comedo,usable,non_expert,subtype_classification,acne,1.0,03e0f69f08f1c6abc5644faada2c07c106fc325990d01fb05a80e118e29e19fa,Cleaned fine-grained classification image. Class: Blackheads. Blur score: 118.81.
tiswan_000383,tiswan,cleaned_v1,datasets/skin/acne/final/subtype_classification/train/open_comedo/tiswan_000383.jpg,train,open_comedo,usable,non_expert,subtype_classification,acne,1.0,b095291cfd909f2bf0c514e4b0399f6b464653ea0ee9b714375121d652810fd3,Cleaned fine-grained classification image. Class: Blackheads. Blur score: 84.67.
tiswan_000384,tiswan,cleaned_v1,datasets/skin/acne/final/subtype_classification/train/open_comedo/tiswan_000384.jpg,train,open_comedo,sharp,non_expert,subtype_classification,acne,1.0,9fd188753a778d1d4db48e180502aff3097418018a1dc365e64513e9d297fa63,Cleaned fine-grained classification image. Class: Blackheads. Blur score: 161.43.
tiswan_000385,tiswan,cleaned_v1,datasets/skin/acne/final/subtype_classification/train/open_comedo/tiswan_000385.jpg,train,open_comedo,usable,non_expert,subtype_classification,acne,1.0,52493dc258911220fdd4345bd40535e15685164bffbdace47c31d32f2c2374b6,Cleaned fine-grained classification image. Class: Blackheads. Blur score: 99.3.
tiswan_000386,tiswan,cleaned_v1,datasets/skin/acne/final/subtype_classification/train/open_comedo/tiswan_000386.jpg,train,open_comedo,borderline,non_expert,subtype_classification,acne,1.0,6b71af885136edbc9a572bc6ab61355e8630e07f9d36bca813ae0df6d305b5c8,Cleaned fine-grained classification image. Class: Blackheads. Blur score: 57.22.
tiswan_000387,tiswan,cleaned_v1,datasets/skin/acne/final/subtype_classification/train/open_comedo/tiswan_000387.jpg,train,open_comedo,usable,non_expert,subtype_classification,acne,1.0,947a84d4733ed3a99184a37f49de27d83b7fd7c7149777c7240a6e58771a09c5,Cleaned fine-grained classification image. Class: Blackheads. Blur score: 83.83.
tiswan_000388,tiswan,cleaned_v1,datasets/skin/acne/final/subtype_classification/train/open_comedo/tiswan_000388.jpg,train,open_comedo,usable,non_expert,subtype_classification,acne,1.0,976e3ed02db7b9709c091cde6534039985c49e8fa85d12cd4b5cfe755de1c88c,Cleaned fine-grained classification image. Class: Blackheads. Blur score: 96.07.
tiswan_000389,tiswan,cleaned_v1,datasets/skin/acne/final/subtype_classification/train/open_comedo/tiswan_000389.jpg,train,open_comedo,usable,non_expert,subtype_classification,acne,1.0,1f0c638fb85a109d0b97870d600e1492b546789752a77c90effaaf36c6adb648,Cleaned fine-grained classification image. Class: Blackheads. Blur score: 106.33.
tiswan_000390,tiswan,cleaned_v1,datasets/skin/acne/final/subtype_classification/train/open_comedo/tiswan_000390.jpg,train,open_comedo,borderline,non_expert,subtype_classification,acne,1.0,3689eea4df2736efb0b5bcf4270da761f17996bbd7178ee324ba7f0cceb4d272,Cleaned fine-grained classification image. Class: Blackheads. Blur score: 42.86.
tiswan_000391,tiswan,cleaned_v1,datasets/skin/acne/final/subtype_classification/train/open_comedo/tiswan_000391.jpg,train,open_comedo,usable,non_expert,subtype_classification,acne,1.0,cb1cb72fe49a54a6c4db6122e0a18b9ad7dd2836aee30a3ee6b0d4e22d068c8c,Cleaned fine-grained classification image. Class: Blackheads. Blur score: 89.46.
tiswan_000392,tiswan,cleaned_v1,datasets/skin/acne/final/subtype_classification/train/open_comedo/tiswan_000392.jpg,train,open_comedo,usable,non_expert,subtype_classification,acne,1.0,cd650e7fdd7b796b5658714357a54abb87aaf6dee1960e276266da57e799a545,Cleaned fine-grained classification image. Class: Blackheads. Blur score: 116.18.
tiswan_000393,tiswan,cleaned_v1,datasets/skin/acne/final/subtype_classification/train/open_comedo/tiswan_000393.jpg,train,open_comedo,borderline,non_expert,subtype_classification,acne,1.0,644e6085000300110a0015201a212c1f5d622f0c850f0304b3311d3177b21882,Cleaned fine-grained classification image. Class: Blackheads. Blur score: 58.13.
tiswan_000394,tiswan,cleaned_v1,datasets/skin/acne/final/subtype_classification/train/open_comedo/tiswan_000394.jpg,train,open_comedo,borderline,non_expert,subtype_classification,acne,1.0,dcba8a0f58322bb9de1458639326a678861a789206d6e83ca044f22f0583554c,Cleaned fine-grained classification image. Class: Blackheads. Blur score: 53.78.
tiswan_000395,tiswan,cleaned_v1,datasets/skin/acne/final/subtype_classification/train/open_comedo/tiswan_000395.jpg,train,open_comedo,usable,non_expert,subtype_classification,acne,1.0,99e2f1219f685ef24bb36883c246c2c79bf3be7b5163779b54fea7d087c5265d,Cleaned fine-grained classification image. Class: Blackheads. Blur score: 83.22.
tiswan_000396,tiswan,cleaned_v1,datasets/skin/acne/final/subtype_classification/train/open_comedo/tiswan_000396.jpg,train,open_comedo,usable,non_expert,subtype_classification,acne,1.0,6a94b7fd36ea3045cf8a10f8673b78669174ca88443f1986b8740e01beabf643,Cleaned fine-grained classification image. Class: Blackheads. Blur score: 80.38.
tiswan_000397,tiswan,cleaned_v1,datasets/skin/acne/final/subtype_classification/train/open_comedo/tiswan_000397.jpg,train,open_comedo,usable,non_expert,subtype_classification,acne,1.0,b26a81aac16db401a0abb737cd6658656d1e02e4174254b3e5ef9c249f56677f,Cleaned fine-grained classification image. Class: Blackheads. Blur score: 83.92.
tiswan_000398,tiswan,cleaned_v1,datasets/skin/acne/final/subtype_classification/train/open_comedo/tiswan_000398.jpg,train,open_comedo,usable,non_expert,subtype_classification,acne,1.0,d7fb25ccdac0f23809b27cf80a6421aa6e554d7e87375a2c320d42eee78fb2ec,Cleaned fine-grained classification image. Class: Blackheads. Blur score: 93.57.
tiswan_000399,tiswan,cleaned_v1,datasets/skin/acne/final/subtype_classification/train/open_comedo/tiswan_000399.jpg,train,open_comedo,usable,non_expert,subtype_classification,acne,1.0,76d6ff4141f041a825ea6032d5d4a7d282ab04740cb69f3eb7a4a96a273ca029,Cleaned fine-grained classification image. Class: Blackheads. Blur score: 69.69.
tiswan_000400,tiswan,cleaned_v1,datasets/skin/acne/final/subtype_classification/train/open_comedo/tiswan_000400.jpg,train,open_comedo,usable,non_expert,subtype_classification,acne,1.0,eae41f2bbab860c14f25bb01a9b69e9fa3fa66c0f5fc9f136bc2cf0239b22de2,Cleaned fine-grained classification image. Class: Blackheads. Blur score: 114.12.
tiswan_000401,tiswan,cleaned_v1,datasets/skin/acne/final/subtype_classification/train/open_comedo/tiswan_000401.jpg,train,open_comedo,usable,non_expert,subtype_classification,acne,1.0,9d171d25f1e139ce9e261669f05a1a7febbecef1c6e5ec3311c55fe48245ddc6,Cleaned fine-grained classification image. Class: Blackheads. Blur score: 103.33.
tiswan_000402,tiswan,cleaned_v1,datasets/skin/acne/final/subtype_classification/train/open_comedo/tiswan_000402.jpg,train,open_comedo,usable,non_expert,subtype_classification,acne,1.0,cb081881ca8c1b9ebd0d8b8f98457f412da6a514cc6819baa0cae4ee09aab746,Cleaned fine-grained classification image. Class: Blackheads. Blur score: 102.78.
tiswan_000403,tiswan,cleaned_v1,datasets/skin/acne/final/subtype_classification/train/open_comedo/tiswan_000403.jpg,train,open_comedo,usable,non_expert,subtype_classification,acne,1.0,4aa493e8c1a07597a17edb9f2f2a3e52ecc71a3bc4165a8956dd784237d00c90,Cleaned fine-grained classification image. Class: Blackheads. Blur score: 98.13.
tiswan_000404,tiswan,cleaned_v1,datasets/skin/acne/final/subtype_classification/train/open_comedo/tiswan_000404.jpg,train,open_comedo,usable,non_expert,subtype_classification,acne,1.0,28062e6f9ebb78bc8ae9bd0e4560e158c6ecaa893ac42f6868918f7e121766fd,Cleaned fine-grained classification image. Class: Blackheads. Blur score: 66.86.
tiswan_000405,tiswan,cleaned_v1,datasets/skin/acne/final/subtype_classification/train/open_comedo/tiswan_000405.jpg,train,open_comedo,usable,non_expert,subtype_classification,acne,1.0,31c5255bf8acd5d092e3fe5a9bf5cf2620255ffea00dd75ddb3da2b5d530d203,Cleaned fine-grained classification image. Class: Blackheads. Blur score: 110.98.
tiswan_000406,tiswan,cleaned_v1,datasets/skin/acne/final/subtype_classification/train/open_comedo/tiswan_000406.jpg,train,open_comedo,sharp,non_expert,subtype_classification,acne,1.0,bcc7d856a743bc30f10571f1ddc064970f7f79c287f688f0cdbb743f9e464efe,Cleaned fine-grained classification image. Class: Blackheads. Blur score: 153.4.
tiswan_000407,tiswan,cleaned_v1,datasets/skin/acne/final/subtype_classification/train/open_comedo/tiswan_000407.jpg,train,open_comedo,borderline,non_expert,subtype_classification,acne,1.0,d454b1053fa9d7a5d4dfbda94da102c5245f36ba4ac68d09992f9319353a708a,Cleaned fine-grained classification image. Class: Blackheads. Blur score: 36.43.
tiswan_000408,tiswan,cleaned_v1,datasets/skin/acne/final/subtype_classification/train/open_comedo/tiswan_000408.jpg,train,open_comedo,usable,non_expert,subtype_classification,acne,1.0,bab3a80151c628fbd25496b21fb8ed4e51a57a3c0c681ebabd62514c096b3c92,Cleaned fine-grained classification image. Class: Blackheads. Blur score: 61.2.
tiswan_000409,tiswan,cleaned_v1,datasets/skin/acne/final/subtype_classification/train/open_comedo/tiswan_000409.jpg,train,open_comedo,borderline,non_expert,subtype_classification,acne,1.0,e18ce2993dab3ff96edca6702c7ee1507d62b3a942061df898bd9cb53cd85a93,Cleaned fine-grained classification image. Class: Blackheads. Blur score: 59.78.
tiswan_000410,tiswan,cleaned_v1,datasets/skin/acne/final/subtype_classification/train/open_comedo/tiswan_000410.jpg,train,open_comedo,sharp,non_expert,subtype_classification,acne,1.0,2a1e6cb79527a4e6fa36c56427f7341069989985bfb57dc12478dc0219a387af,Cleaned fine-grained classification image. Class: Blackheads. Blur score: 272.75.
tiswan_000411,tiswan,cleaned_v1,datasets/skin/acne/final/subtype_classification/train/open_comedo/tiswan_000411.jpg,train,open_comedo,usable,non_expert,subtype_classification,acne,1.0,79a003be275a1d67d0fbaed50ca748fd15c8c55d7090de5a684e9e4d4a327527,Cleaned fine-grained classification image. Class: Blackheads. Blur score: 129.45.
tiswan_000412,tiswan,cleaned_v1,datasets/skin/acne/final/subtype_classification/train/open_comedo/tiswan_000412.jpg,train,open_comedo,sharp,non_expert,subtype_classification,acne,1.0,48b716368b9ca34eb04467ae2f1d571bd3a26e28f0121b4f4a75c2b84027a19b,Cleaned fine-grained classification image. Class: Blackheads. Blur score: 154.43.
tiswan_000413,tiswan,cleaned_v1,datasets/skin/acne/final/subtype_classification/train/open_comedo/tiswan_000413.jpg,train,open_comedo,usable,non_expert,subtype_classification,acne,1.0,7b11db70339f9af77495f135eda4ecab482dfcb8e4dd0a043004160bf73148c1,Cleaned fine-grained classification image. Class: Blackheads. Blur score: 107.58.
tiswan_000414,tiswan,cleaned_v1,datasets/skin/acne/final/subtype_classification/train/open_comedo/tiswan_000414.jpg,train,open_comedo,usable,non_expert,subtype_classification,acne,1.0,1186accf54b0b10b867cfbc0f432386dbc059313ee33cc0b190e3aa76b7eaa74,Cleaned fine-grained classification image. Class: Blackheads. Blur score: 101.31.
tiswan_000415,tiswan,cleaned_v1,datasets/skin/acne/final/subtype_classification/train/open_comedo/tiswan_000415.jpg,train,open_comedo,sharp,non_expert,subtype_classification,acne,1.0,e01b58996a756169c1c2ac51b68e5933c05d4298397daf0c95f040e82646e276,Cleaned fine-grained classification image. Class: Blackheads. Blur score: 197.37.
tiswan_000416,tiswan,cleaned_v1,datasets/skin/acne/final/subtype_classification/train/open_comedo/tiswan_000416.jpg,train,open_comedo,sharp,non_expert,subtype_classification,acne,1.0,93c58bc4fa4f9c8a3d0d90d3cfaf6b1586258f3f3685d694cd66749d02788e6b,Cleaned fine-grained classification image. Class: Blackheads. Blur score: 365.79.
tiswan_000417,tiswan,cleaned_v1,datasets/skin/acne/final/subtype_classification/train/open_comedo/tiswan_000417.jpg,train,open_comedo,usable,non_expert,subtype_classification,acne,1.0,3dd228c1effa0146bd030988c5f182ecedb6f28be75daf6d6284064e5dc27d0c,Cleaned fine-grained classification image. Class: Blackheads. Blur score: 97.41.
tiswan_000418,tiswan,cleaned_v1,datasets/skin/acne/final/subtype_classification/train/open_comedo/tiswan_000418.jpg,train,open_comedo,usable,non_expert,subtype_classification,acne,1.0,162291454906da7f17ebdf2bb136f451ce7750d5d7cb55da05d7c2639422d780,Cleaned fine-grained classification image. Class: Blackheads. Blur score: 101.68.
tiswan_000419,tiswan,cleaned_v1,datasets/skin/acne/final/subtype_classification/train/open_comedo/tiswan_000419.jpg,train,open_comedo,usable,non_expert,subtype_classification,acne,1.0,6ac8699e63c0af5d4e0128c8279da72d53531419ee5bdeb65eea46d7629a377d,Cleaned fine-grained classification image. Class: Blackheads. Blur score: 71.48.
tiswan_000420,tiswan,cleaned_v1,datasets/skin/acne/final/subtype_classification/train/open_comedo/tiswan_000420.jpg,train,open_comedo,sharp,non_expert,subtype_classification,acne,1.0,506c9fc89731d54c4191ee55b0f27e9db657620790fab9f45a8b181bcabb2349,Cleaned fine-grained classification image. Class: Blackheads. Blur score: 443.75.
tiswan_000421,tiswan,cleaned_v1,datasets/skin/acne/final/subtype_classification/train/open_comedo/tiswan_000421.jpg,train,open_comedo,sharp,non_expert,subtype_classification,acne,1.0,2e07516264313d6a3319e9b17b2630a376fb4faea8f425a9ee47073a30cacce3,Cleaned fine-grained classification image. Class: Blackheads. Blur score: 192.43.
tiswan_000422,tiswan,cleaned_v1,datasets/skin/acne/final/subtype_classification/train/open_comedo/tiswan_000422.jpg,train,open_comedo,usable,non_expert,subtype_classification,acne,1.0,822593a9db268a8849227bd8e5594274dde3b6ae00c1693ab9993146a1262b65,Cleaned fine-grained classification image. Class: Blackheads. Blur score: 76.97.
tiswan_000423,tiswan,cleaned_v1,datasets/skin/acne/final/subtype_classification/train/open_comedo/tiswan_000423.jpg,train,open_comedo,usable,non_expert,subtype_classification,acne,1.0,2fbfd566770d78b0a2516489040b0b5614d44fe479815741464f36065d960a0a,Cleaned fine-grained classification image. Class: Blackheads. Blur score: 69.67.
tiswan_000424,tiswan,cleaned_v1,datasets/skin/acne/final/subtype_classification/train/open_comedo/tiswan_000424.jpg,train,open_comedo,sharp,non_expert,subtype_classification,acne,1.0,f70103192e13f199433fca368280cb8664a90a2f1fac93b7476ad8a868e1d452,Cleaned fine-grained classification image. Class: Blackheads. Blur score: 162.96.
tiswan_000425,tiswan,cleaned_v1,datasets/skin/acne/final/subtype_classification/train/open_comedo/tiswan_000425.jpg,train,open_comedo,sharp,non_expert,subtype_classification,acne,1.0,cc7a483605672ef538550b321e00dd34ea1ab616e5b4b874eb7f50313fc8d28f,Cleaned fine-grained classification image. Class: Blackheads. Blur score: 168.03.
tiswan_000426,tiswan,cleaned_v1,datasets/skin/acne/final/subtype_classification/train/open_comedo/tiswan_000426.jpg,train,open_comedo,sharp,non_expert,subtype_classification,acne,1.0,fb54ef73e6e3222e09457c33909d874aeca0a905869ebd3f4a2f863b29ef436e,Cleaned fine-grained classification image. Class: Blackheads. Blur score: 152.88.
tiswan_000427,tiswan,cleaned_v1,datasets/skin/acne/final/subtype_classification/train/open_comedo/tiswan_000427.jpg,train,open_comedo,usable,non_expert,subtype_classification,acne,1.0,956a8889f3b3c24467af9193a8d022c39ff940fee307f6b317d3aafceeda85fa,Cleaned fine-grained classification image. Class: Blackheads. Blur score: 70.15.
tiswan_000428,tiswan,cleaned_v1,datasets/skin/acne/final/subtype_classification/train/open_comedo/tiswan_000428.jpg,train,open_comedo,usable,non_expert,subtype_classification,acne,1.0,37db1ceecd331e531ddaeafba197e516b7f1094cdfdbba5b6db574de83d07624,Cleaned fine-grained classification image. Class: Blackheads. Blur score: 145.93.
tiswan_000429,tiswan,cleaned_v1,datasets/skin/acne/final/subtype_classification/train/open_comedo/tiswan_000429.jpg,train,open_comedo,borderline,non_expert,subtype_classification,acne,1.0,83bc42441f37492b064ebf7cdd4b878d58eafd7c422864810336ea88c78f819d,Cleaned fine-grained classification image. Class: Blackheads. Blur score: 34.29.
tiswan_000430,tiswan,cleaned_v1,datasets/skin/acne/final/subtype_classification/train/open_comedo/tiswan_000430.jpg,train,open_comedo,usable,non_expert,subtype_classification,acne,1.0,80d38ce9cb11af3242137a12094d511ddcc3b8d98848234518f4e7ef2502277b,Cleaned fine-grained classification image. Class: Blackheads. Blur score: 103.45.
tiswan_000431,tiswan,cleaned_v1,datasets/skin/acne/final/subtype_classification/train/open_comedo/tiswan_000431.jpg,train,open_comedo,sharp,non_expert,subtype_classification,acne,1.0,fbbe3a4ea54216d2bad82ef8cbf72144b31bbb3449e7eb7e7b9c8b228706659c,Cleaned fine-grained classification image. Class: Blackheads. Blur score: 154.81.
tiswan_000432,tiswan,cleaned_v1,datasets/skin/acne/final/subtype_classification/train/open_comedo/tiswan_000432.jpg,train,open_comedo,usable,non_expert,subtype_classification,acne,1.0,c96aa87107d8001345f35454a25f9531a9821111220b210109b524a15f1efb45,Cleaned fine-grained classification image. Class: Blackheads. Blur score: 149.52.
tiswan_000433,tiswan,cleaned_v1,datasets/skin/acne/final/subtype_classification/train/open_comedo/tiswan_000433.jpg,train,open_comedo,borderline,non_expert,subtype_classification,acne,1.0,7c7143848a125e6afd64833d8abbe607841eb0fb9c9df6567706eacd41c5830b,Cleaned fine-grained classification image. Class: Blackheads. Blur score: 33.12.
tiswan_000434,tiswan,cleaned_v1,datasets/skin/acne/final/subtype_classification/train/open_comedo/tiswan_000434.jpg,train,open_comedo,usable,non_expert,subtype_classification,acne,1.0,ad196587093e4d393c5a664e78ea347d0d0f80de02dccb0ee2c42744021e1deb,Cleaned fine-grained classification image. Class: Blackheads. Blur score: 113.38.
tiswan_000435,tiswan,cleaned_v1,datasets/skin/acne/final/subtype_classification/train/open_comedo/tiswan_000435.jpg,train,open_comedo,usable,non_expert,subtype_classification,acne,1.0,b04c186fe7574eb2901e697b1546a21d2ffb20e559a83cb7072b06c79be492fb,Cleaned fine-grained classification image. Class: Blackheads. Blur score: 63.6.
tiswan_000436,tiswan,cleaned_v1,datasets/skin/acne/final/subtype_classification/train/open_comedo/tiswan_000436.jpg,train,open_comedo,usable,non_expert,subtype_classification,acne,1.0,c0f0b617657967297401ac099114820121eb995003dcd54aff9963e2404486ea,Cleaned fine-grained classification image. Class: Blackheads. Blur score: 105.03.
tiswan_000437,tiswan,cleaned_v1,datasets/skin/acne/final/subtype_classification/train/open_comedo/tiswan_000437.jpg,train,open_comedo,usable,non_expert,subtype_classification,acne,1.0,838ed011528bd024afdfb4b387a06707211a7fcc9f7ac50291db1bff760c402e,Cleaned fine-grained classification image. Class: Blackheads. Blur score: 116.6.
tiswan_000438,tiswan,cleaned_v1,datasets/skin/acne/final/subtype_classification/train/open_comedo/tiswan_000438.jpg,train,open_comedo,usable,non_expert,subtype_classification,acne,1.0,0741d0aff35bb440f2929d22b2ad83ab2e49d5edc3f4e39eb4300acf22a164ca,Cleaned fine-grained classification image. Class: Blackheads. Blur score: 73.29.
tiswan_000439,tiswan,cleaned_v1,datasets/skin/acne/final/subtype_classification/train/open_comedo/tiswan_000439.jpg,train,open_comedo,usable,non_expert,subtype_classification,acne,1.0,6b87e32436df83bf77314af02ec6c833e19e20d1478dff681c41412796c36aac,Cleaned fine-grained classification image. Class: Blackheads. Blur score: 108.33.
tiswan_000440,tiswan,cleaned_v1,datasets/skin/acne/final/subtype_classification/train/open_comedo/tiswan_000440.jpg,train,open_comedo,usable,non_expert,subtype_classification,acne,1.0,ef80ca839a3ef4907bcb291744f866d5ebd6553fae942fa2337a8c529db6616d,Cleaned fine-grained classification image. Class: Blackheads. Blur score: 71.05.
tiswan_000441,tiswan,cleaned_v1,datasets/skin/acne/final/subtype_classification/train/open_comedo/tiswan_000441.jpg,train,open_comedo,usable,non_expert,subtype_classification,acne,1.0,0745bf5329e9d04d2912382cef3ab175e17111663f6f99a27f2fa682dab47575,Cleaned fine-grained classification image. Class: Blackheads. Blur score: 109.78.
tiswan_000442,tiswan,cleaned_v1,datasets/skin/acne/final/subtype_classification/train/open_comedo/tiswan_000442.jpg,train,open_comedo,sharp,non_expert,subtype_classification,acne,1.0,6f225cb23886ea4c5a24fcbd2e3b9dbaf2f5c987796631aebc8304b499cda923,Cleaned fine-grained classification image. Class: Blackheads. Blur score: 179.7.
tiswan_000443,tiswan,cleaned_v1,datasets/skin/acne/final/subtype_classification/train/open_comedo/tiswan_000443.jpg,train,open_comedo,usable,non_expert,subtype_classification,acne,1.0,ae2f08d10a466cb002cf2f571eed8d2c09de96b10772c9fac5cbb24eca875159,Cleaned fine-grained classification image. Class: Blackheads. Blur score: 101.94.
tiswan_000444,tiswan,cleaned_v1,datasets/skin/acne/final/subtype_classification/train/open_comedo/tiswan_000444.jpg,train,open_comedo,usable,non_expert,subtype_classification,acne,1.0,032b69c79ae4de633a665b2181d56ae823203d7b1bf6be63ab69299b4a5bc40b,Cleaned fine-grained classification image. Class: Blackheads. Blur score: 92.33.
tiswan_000445,tiswan,cleaned_v1,datasets/skin/acne/final/subtype_classification/train/open_comedo/tiswan_000445.jpg,train,open_comedo,usable,non_expert,subtype_classification,acne,1.0,62b3a5eecadb4a84539ee11099eaa93dfe96514017b44b93a24f5db173986bc9,Cleaned fine-grained classification image. Class: Blackheads. Blur score: 64.19.
tiswan_000446,tiswan,cleaned_v1,datasets/skin/acne/final/subtype_classification/train/open_comedo/tiswan_000446.jpg,train,open_comedo,borderline,non_expert,subtype_classification,acne,1.0,c847028a4b7f47bc4f79875987989344c7cf1d6d737b1f54ed4241188596db09,Cleaned fine-grained classification image. Class: Blackheads. Blur score: 41.26.
tiswan_000447,tiswan,cleaned_v1,datasets/skin/acne/final/subtype_classification/train/open_comedo/tiswan_000447.jpg,train,open_comedo,borderline,non_expert,subtype_classification,acne,1.0,a803d1c5055daeecde075f7d46466999bac3d12c0919aaf032de8ecf3713f7ff,Cleaned fine-grained classification image. Class: Blackheads. Blur score: 40.6.
tiswan_000448,tiswan,cleaned_v1,datasets/skin/acne/final/subtype_classification/train/open_comedo/tiswan_000448.jpg,train,open_comedo,usable,non_expert,subtype_classification,acne,1.0,37a90c6d2fd34390b39fb5ccb3522d1d5bff3d2a6b3d258801bb1a87bd016d28,Cleaned fine-grained classification image. Class: Blackheads. Blur score: 80.67.
tiswan_000449,tiswan,cleaned_v1,datasets/skin/acne/final/subtype_classification/train/open_comedo/tiswan_000449.jpg,train,open_comedo,usable,non_expert,subtype_classification,acne,1.0,88d3ad29c88766bf5e04b46cdfff4420e23afbffd1f12cb54a028c0746ad62ba,Cleaned fine-grained classification image. Class: Blackheads. Blur score: 61.0.
tiswan_000450,tiswan,cleaned_v1,datasets/skin/acne/final/subtype_classification/train/open_comedo/tiswan_000450.jpg,train,open_comedo,usable,non_expert,subtype_classification,acne,1.0,b2d236b3ca80968604a768666ba037fe441dc4079672728b753c1a19d8610fae,Cleaned fine-grained classification image. Class: Blackheads. Blur score: 87.59.
tiswan_000451,tiswan,cleaned_v1,datasets/skin/acne/final/subtype_classification/train/open_comedo/tiswan_000451.jpg,train,open_comedo,usable,non_expert,subtype_classification,acne,1.0,9c1ef9fce2f15c657fa9a171944860b2a8f395a4b0314fa540d2efa6584eeb78,Cleaned fine-grained classification image. Class: Blackheads. Blur score: 74.6.
tiswan_000452,tiswan,cleaned_v1,datasets/skin/acne/final/subtype_classification/train/open_comedo/tiswan_000452.jpg,train,open_comedo,usable,non_expert,subtype_classification,acne,1.0,db99ec9babb7b4273bd7aac7877feaa04d9f8a9cc52e031f67e75f37c2b77263,Cleaned fine-grained classification image. Class: Blackheads. Blur score: 102.58.
tiswan_000453,tiswan,cleaned_v1,datasets/skin/acne/final/subtype_classification/train/open_comedo/tiswan_000453.jpg,train,open_comedo,usable,non_expert,subtype_classification,acne,1.0,7310b1de2d9db83f1b34421c742f9f14fa0c4de5a4ca25886a4ce46e98b030ed,Cleaned fine-grained classification image. Class: Blackheads. Blur score: 102.12.
tiswan_000454,tiswan,cleaned_v1,datasets/skin/acne/final/subtype_classification/train/open_comedo/tiswan_000454.jpg,train,open_comedo,usable,non_expert,subtype_classification,acne,1.0,cce9cd40020e0682eb1874cf8a5856dc9c060da5bb0f5c35d28fb63c287d228e,Cleaned fine-grained classification image. Class: Blackheads. Blur score: 63.29.
tiswan_000455,tiswan,cleaned_v1,datasets/skin/acne/final/subtype_classification/train/open_comedo/tiswan_000455.jpg,train,open_comedo,usable,non_expert,subtype_classification,acne,1.0,15516aed09faecdb341077a5a998860381c28d2ac2226fb035cf8b77876347e7,Cleaned fine-grained classification image. Class: Blackheads. Blur score: 89.69.
tiswan_000456,tiswan,cleaned_v1,datasets/skin/acne/final/subtype_classification/train/open_comedo/tiswan_000456.jpg,train,open_comedo,borderline,non_expert,subtype_classification,acne,1.0,068a79941669df47d5b072e6ab199dd5b66770ecd1071433382c753b51bfd741,Cleaned fine-grained classification image. Class: Blackheads. Blur score: 47.37.
tiswan_000457,tiswan,cleaned_v1,datasets/skin/acne/final/subtype_classification/train/open_comedo/tiswan_000457.jpg,train,open_comedo,borderline,non_expert,subtype_classification,acne,1.0,793bf6e73b2cc660a09321ab098ccb7d26eb4abbc3344cc56644ceb46bb08c96,Cleaned fine-grained classification image. Class: Blackheads. Blur score: 56.99.
tiswan_000458,tiswan,cleaned_v1,datasets/skin/acne/final/subtype_classification/train/open_comedo/tiswan_000458.jpg,train,open_comedo,borderline,non_expert,subtype_classification,acne,1.0,5986dee858b501cdf814c9cc93ad31e0133e264c0ad992d677d2619f67ab0bf1,Cleaned fine-grained classification image. Class: Blackheads. Blur score: 45.74.
tiswan_000459,tiswan,cleaned_v1,datasets/skin/acne/final/subtype_classification/train/open_comedo/tiswan_000459.jpg,train,open_comedo,usable,non_expert,subtype_classification,acne,1.0,8d041585219e22f71cc48018c18371eda6d1140831a3cc56296486e2967a1117,Cleaned fine-grained classification image. Class: Blackheads. Blur score: 62.73.
tiswan_000460,tiswan,cleaned_v1,datasets/skin/acne/final/subtype_classification/train/open_comedo/tiswan_000460.jpg,train,open_comedo,usable,non_expert,subtype_classification,acne,1.0,62af6eb40eec4b5eb8e514851ca09ebf9d739432f1362652f35f3332249fcb7c,Cleaned fine-grained classification image. Class: Blackheads. Blur score: 72.56.
tiswan_000461,tiswan,cleaned_v1,datasets/skin/acne/final/subtype_classification/train/open_comedo/tiswan_000461.jpg,train,open_comedo,usable,non_expert,subtype_classification,acne,1.0,5fe683e14eab9ca9b6ed6d418132ef7b54706af46a496bf795cb4e783337ebd0,Cleaned fine-grained classification image. Class: Blackheads. Blur score: 75.23.
tiswan_000462,tiswan,cleaned_v1,datasets/skin/acne/final/subtype_classification/train/open_comedo/tiswan_000462.jpg,train,open_comedo,borderline,non_expert,subtype_classification,acne,1.0,399dc4e93c9148863de4d2ab10632e48bd44a6c60cd45ebbeba32f5b406efe15,Cleaned fine-grained classification image. Class: Blackheads. Blur score: 54.21.
tiswan_000463,tiswan,cleaned_v1,datasets/skin/acne/final/subtype_classification/train/open_comedo/tiswan_000463.jpg,train,open_comedo,usable,non_expert,subtype_classification,acne,1.0,d684be5b07330ca6c6a57f68888a2584acf334d82d07285fdf445215ca84e301,Cleaned fine-grained classification image. Class: Blackheads. Blur score: 93.79.
tiswan_000464,tiswan,cleaned_v1,datasets/skin/acne/final/subtype_classification/train/open_comedo/tiswan_000464.jpg,train,open_comedo,borderline,non_expert,subtype_classification,acne,1.0,5c5d1bcfc2dd3fec7cfbecd1fa9d2375825ec8ae11ebd64a77ee6b735dad65e0,Cleaned fine-grained classification image. Class: Blackheads. Blur score: 40.07.
tiswan_000465,tiswan,cleaned_v1,datasets/skin/acne/final/subtype_classification/train/open_comedo/tiswan_000465.jpg,train,open_comedo,borderline,non_expert,subtype_classification,acne,1.0,fc0914856178d286743271a532eaf83ebf895880e8c8e58ddd55d0e484a2b0a1,Cleaned fine-grained classification image. Class: Blackheads. Blur score: 54.07.
tiswan_000466,tiswan,cleaned_v1,datasets/skin/acne/final/subtype_classification/train/open_comedo/tiswan_000466.jpg,train,open_comedo,usable,non_expert,subtype_classification,acne,1.0,eaa0e8b0ea2f1a835693b4d6c4b98b6fb490846164f9ed7e8ea1e9a96b744d31,Cleaned fine-grained classification image. Class: Blackheads. Blur score: 82.4.
tiswan_000467,tiswan,cleaned_v1,datasets/skin/acne/final/subtype_classification/train/open_comedo/tiswan_000467.jpg,train,open_comedo,usable,non_expert,subtype_classification,acne,1.0,2fda5e85afbdd0c6290b8167c34cdbd255888009ae88863dc1b2cfa625b95b9c,Cleaned fine-grained classification image. Class: Blackheads. Blur score: 62.1.
tiswan_000468,tiswan,cleaned_v1,datasets/skin/acne/final/subtype_classification/train/open_comedo/tiswan_000468.jpg,train,open_comedo,usable,non_expert,subtype_classification,acne,1.0,cad4810f11f52b9622855e4970e42f4ce9aff011ccfd91b11f37657c7ff47303,Cleaned fine-grained classification image. Class: Blackheads. Blur score: 129.53.
tiswan_000469,tiswan,cleaned_v1,datasets/skin/acne/final/subtype_classification/train/open_comedo/tiswan_000469.jpg,train,open_comedo,usable,non_expert,subtype_classification,acne,1.0,c73a0b78bd8112cfb6be5bac0b4f091277ef8b413e2244e284303bf8cc067284,Cleaned fine-grained classification image. Class: Blackheads. Blur score: 105.47.
tiswan_000470,tiswan,cleaned_v1,datasets/skin/acne/final/subtype_classification/train/open_comedo/tiswan_000470.jpg,train,open_comedo,usable,non_expert,subtype_classification,acne,1.0,63421d710cb0af6416a71dedc8a8bf9e0aeff9c43ef9e70ccbf6b3e2215ea6a6,Cleaned fine-grained classification image. Class: Blackheads. Blur score: 89.46.
tiswan_000471,tiswan,cleaned_v1,datasets/skin/acne/final/subtype_classification/train/open_comedo/tiswan_000471.jpg,train,open_comedo,usable,non_expert,subtype_classification,acne,1.0,22a570e0004cd4471f35db02a8b469bf00727a001cd5c002869d86e5192fa2ed,Cleaned fine-grained classification image. Class: Blackheads. Blur score: 99.59.
tiswan_000472,tiswan,cleaned_v1,datasets/skin/acne/final/subtype_classification/train/open_comedo/tiswan_000472.jpg,train,open_comedo,borderline,non_expert,subtype_classification,acne,1.0,a93e783ad74619a010ad7fe80482e8cd16195760377566f0161c21f00771f483,Cleaned fine-grained classification image. Class: Blackheads. Blur score: 51.07.
tiswan_000473,tiswan,cleaned_v1,datasets/skin/acne/final/subtype_classification/train/open_comedo/tiswan_000473.jpg,train,open_comedo,usable,non_expert,subtype_classification,acne,1.0,1f9e2e97cdc89be6bd6a908bb1cdd0a49559d2d02852f738a466596ce3ffbda8,Cleaned fine-grained classification image. Class: Blackheads. Blur score: 67.24.
tiswan_000474,tiswan,cleaned_v1,datasets/skin/acne/final/subtype_classification/train/open_comedo/tiswan_000474.jpg,train,open_comedo,borderline,non_expert,subtype_classification,acne,1.0,da25c660a75562ec9290a158cc28c37c873796aa6e991aef8051893d7d412c2c,Cleaned fine-grained classification image. Class: Blackheads. Blur score: 49.02.
tiswan_000475,tiswan,cleaned_v1,datasets/skin/acne/final/subtype_classification/train/open_comedo/tiswan_000475.jpg,train,open_comedo,usable,non_expert,subtype_classification,acne,1.0,e99dc7d71e7110722945c4145dabfa56e4e7e119671f38ad0d61e44265154b40,Cleaned fine-grained classification image. Class: Blackheads. Blur score: 72.28.
tiswan_000476,tiswan,cleaned_v1,datasets/skin/acne/final/subtype_classification/train/open_comedo/tiswan_000476.jpg,train,open_comedo,usable,non_expert,subtype_classification,acne,1.0,f32c233bc08fd538e71f7238417ddf39b802f9aab9121b2801d3c971bb9f45c5,Cleaned fine-grained classification image. Class: Blackheads. Blur score: 65.41.
tiswan_000477,tiswan,cleaned_v1,datasets/skin/acne/final/subtype_classification/train/open_comedo/tiswan_000477.jpg,train,open_comedo,usable,non_expert,subtype_classification,acne,1.0,b56d4e5edc9936fdf66346b1a2e6509e44d05c0e9d4187a705000c52a86c7e7b,Cleaned fine-grained classification image. Class: Blackheads. Blur score: 113.17.
tiswan_000478,tiswan,cleaned_v1,datasets/skin/acne/final/subtype_classification/train/open_comedo/tiswan_000478.jpg,train,open_comedo,borderline,non_expert,subtype_classification,acne,1.0,363d7ccf273015709554ae4a9ab20a20a1311fd213f54b830e2c020df4b0c68b,Cleaned fine-grained classification image. Class: Blackheads. Blur score: 51.09.
tiswan_000479,tiswan,cleaned_v1,datasets/skin/acne/final/subtype_classification/train/open_comedo/tiswan_000479.jpg,train,open_comedo,usable,non_expert,subtype_classification,acne,1.0,90d1b1227df28338658a5e15cba0fe0164b7e498771102775d85d296825fb5d4,Cleaned fine-grained classification image. Class: Blackheads. Blur score: 103.24.
tiswan_000480,tiswan,cleaned_v1,datasets/skin/acne/final/subtype_classification/train/cystic/tiswan_000480.jpg,train,cystic,borderline,non_expert,subtype_classification,acne,1.0,d84123f4f0631050231fd8777f953c84c7a44545083c3a2bf38b1cf1cbb75105,Cleaned fine-grained classification image. Class: Cyst. Blur score: 40.5.
tiswan_000481,tiswan,cleaned_v1,datasets/skin/acne/final/subtype_classification/train/cystic/tiswan_000481.jpg,train,cystic,usable,non_expert,subtype_classification,acne,1.0,7458821fbf8e1c5ec50a0fcca80716a03b5d14ebb7adab5a3aee89ea94ad3089,Cleaned fine-grained classification image. Class: Cyst. Blur score: 89.4.
tiswan_000482,tiswan,cleaned_v1,datasets/skin/acne/final/subtype_classification/train/cystic/tiswan_000482.jpg,train,cystic,usable,non_expert,subtype_classification,acne,1.0,b74caf94d7788671f9d676f1cf2dca7c4e7f032b8035eb2c65f2d845c368278c,Cleaned fine-grained classification image. Class: Cyst. Blur score: 120.9.
tiswan_000483,tiswan,cleaned_v1,datasets/skin/acne/final/subtype_classification/train/cystic/tiswan_000483.jpg,train,cystic,usable,non_expert,subtype_classification,acne,1.0,469f0febc5ee8b663ea38850faab10cc35a63bbee53d4aa9b93c063e64902c2b,Cleaned fine-grained classification image. Class: Cyst. Blur score: 60.23.
tiswan_000484,tiswan,cleaned_v1,datasets/skin/acne/final/subtype_classification/train/cystic/tiswan_000484.jpg,train,cystic,usable,non_expert,subtype_classification,acne,1.0,bf919ac7259370b6f2501b236f1bd4ae677151e8f95e08e674ae748f80d392cf,Cleaned fine-grained classification image. Class: Cyst. Blur score: 77.94.
tiswan_000485,tiswan,cleaned_v1,datasets/skin/acne/final/subtype_classification/train/cystic/tiswan_000485.jpg,train,cystic,usable,non_expert,subtype_classification,acne,1.0,3dce06536011040e622d9f42206e35dea99e6b31f548b1ea63ba145936254641,Cleaned fine-grained classification image. Class: Cyst. Blur score: 99.94.
tiswan_000486,tiswan,cleaned_v1,datasets/skin/acne/final/subtype_classification/train/cystic/tiswan_000486.jpg,train,cystic,usable,non_expert,subtype_classification,acne,1.0,50b371928e74396bffe3c5de94d7d774a9a126007806ec7cde9e365bd84e0b64,Cleaned fine-grained classification image. Class: Cyst. Blur score: 121.0.
tiswan_000487,tiswan,cleaned_v1,datasets/skin/acne/final/subtype_classification/train/cystic/tiswan_000487.jpg,train,cystic,usable,non_expert,subtype_classification,acne,1.0,3ca9ef6990a3cecd40d2d3b2c783c3f9429dbbc2bf148e8c95eccf22b3fb630b,Cleaned fine-grained classification image. Class: Cyst. Blur score: 70.32.
tiswan_000488,tiswan,cleaned_v1,datasets/skin/acne/final/subtype_classification/train/cystic/tiswan_000488.jpg,train,cystic,sharp,non_expert,subtype_classification,acne,1.0,315ec64027697a4089d2837b841128466996248d321b8477557f1033dfb0d4fc,Cleaned fine-grained classification image. Class: Cyst. Blur score: 361.68.
tiswan_000489,tiswan,cleaned_v1,datasets/skin/acne/final/subtype_classification/train/cystic/tiswan_000489.jpg,train,cystic,usable,non_expert,subtype_classification,acne,1.0,43131e2f2e235beea0a27fc318d893fdd05ae4c9223c5373606cf7f2c33858eb,Cleaned fine-grained classification image. Class: Cyst. Blur score: 118.27.
tiswan_000490,tiswan,cleaned_v1,datasets/skin/acne/final/subtype_classification/train/cystic/tiswan_000490.jpg,train,cystic,sharp,non_expert,subtype_classification,acne,1.0,3d5eaaad1ab294e2d18ffb8ab63235be8f5af864554a76df4166e28cb732f9e3,Cleaned fine-grained classification image. Class: Cyst. Blur score: 383.49.
tiswan_000491,tiswan,cleaned_v1,datasets/skin/acne/final/subtype_classification/train/cystic/tiswan_000491.jpg,train,cystic,usable,non_expert,subtype_classification,acne,1.0,09b13d52d9623cbd6c972ef5fa8e1e6db07438340d2fbd6537c4b350ced69421,Cleaned fine-grained classification image. Class: Cyst. Blur score: 79.03.
tiswan_000492,tiswan,cleaned_v1,datasets/skin/acne/final/subtype_classification/train/cystic/tiswan_000492.jpg,train,cystic,usable,non_expert,subtype_classification,acne,1.0,9c67cc0ee825a15c8b0741a9aea59ed1f9f95e5e4af2c63b636b54fd58f9b123,Cleaned fine-grained classification image. Class: Cyst. Blur score: 79.07.
tiswan_000493,tiswan,cleaned_v1,datasets/skin/acne/final/subtype_classification/train/cystic/tiswan_000493.jpg,train,cystic,usable,non_expert,subtype_classification,acne,1.0,d8f17e0bf3ce52699c7fb756e548c7ba436544b6f2dcddae1177b1272323bb55,Cleaned fine-grained classification image. Class: Cyst. Blur score: 96.09.
tiswan_000494,tiswan,cleaned_v1,datasets/skin/acne/final/subtype_classification/train/cystic/tiswan_000494.jpg,train,cystic,usable,non_expert,subtype_classification,acne,1.0,accd15dc718a5915273e3dda43513a4154bd8ddf9b4b93cd44cb08b326571b08,Cleaned fine-grained classification image. Class: Cyst. Blur score: 110.07.
tiswan_000495,tiswan,cleaned_v1,datasets/skin/acne/final/subtype_classification/train/cystic/tiswan_000495.jpg,train,cystic,borderline,non_expert,subtype_classification,acne,1.0,082b9e59336d1f7c46b1f8d08b31175d5726f2018d5cfe7386c5ed1a7cc6f1db,Cleaned fine-grained classification image. Class: Cyst. Blur score: 59.57.
tiswan_000496,tiswan,cleaned_v1,datasets/skin/acne/final/subtype_classification/train/cystic/tiswan_000496.jpg,train,cystic,usable,non_expert,subtype_classification,acne,1.0,0c09509d79407a73301e9568fa0b3f63a5ba26dc336490dcacda19a7a5fed25f,Cleaned fine-grained classification image. Class: Cyst. Blur score: 97.84.
tiswan_000497,tiswan,cleaned_v1,datasets/skin/acne/final/subtype_classification/train/cystic/tiswan_000497.jpg,train,cystic,usable,non_expert,subtype_classification,acne,1.0,26f1e1cf8e66e7095c2ed566aa68fc6127197be6b4c09624db8c5c2e2c3d475a,Cleaned fine-grained classification image. Class: Cyst. Blur score: 94.95.
tiswan_000498,tiswan,cleaned_v1,datasets/skin/acne/final/subtype_classification/train/cystic/tiswan_000498.jpg,train,cystic,usable,non_expert,subtype_classification,acne,1.0,00ffd4271cb38c102a008f23ebfdbd9b3d28ab4861f5e2f5f4a07fba1246e981,Cleaned fine-grained classification image. Class: Cyst. Blur score: 85.8.
tiswan_000499,tiswan,cleaned_v1,datasets/skin/acne/final/subtype_classification/train/cystic/tiswan_000499.jpg,train,cystic,sharp,non_expert,subtype_classification,acne,1.0,9a65451b917f70e58263eb3a0d752e5b80a52c472e472235d2c395aecf1b009c,Cleaned fine-grained classification image. Class: Cyst. Blur score: 150.88.
tiswan_000500,tiswan,cleaned_v1,datasets/skin/acne/final/subtype_classification/train/cystic/tiswan_000500.jpg,train,cystic,usable,non_expert,subtype_classification,acne,1.0,50cb82edf906b6ddd0dabdf71413538fafe30ce05839c08ac0c7aac87d11f76a,Cleaned fine-grained classification image. Class: Cyst. Blur score: 85.48.
tiswan_000501,tiswan,cleaned_v1,datasets/skin/acne/final/subtype_classification/train/cystic/tiswan_000501.jpg,train,cystic,borderline,non_expert,subtype_classification,acne,1.0,a7b735ae9c4fa3d30376a629ecf18fa70168de7447532aa17b4f24914e1adafa,Cleaned fine-grained classification image. Class: Cyst. Blur score: 52.86.
tiswan_000502,tiswan,cleaned_v1,datasets/skin/acne/final/subtype_classification/train/cystic/tiswan_000502.jpg,train,cystic,usable,non_expert,subtype_classification,acne,1.0,577c1e74da8842f19f658b70f7d758cbde866332bc41b77e3e3b62fed501067f,Cleaned fine-grained classification image. Class: Cyst. Blur score: 61.63.
tiswan_000503,tiswan,cleaned_v1,datasets/skin/acne/final/subtype_classification/train/cystic/tiswan_000503.jpg,train,cystic,usable,non_expert,subtype_classification,acne,1.0,94ca7b9df455c920b14f023bab14dd24f7c1d31a14a68b3dd56b4741106a31af,Cleaned fine-grained classification image. Class: Cyst. Blur score: 81.75.
tiswan_000504,tiswan,cleaned_v1,datasets/skin/acne/final/subtype_classification/train/cystic/tiswan_000504.jpg,train,cystic,usable,non_expert,subtype_classification,acne,1.0,8e5b767656c216b76023ff5cea970ea9e5eb8175543f50a91f387c6bc81ae229,Cleaned fine-grained classification image. Class: Cyst. Blur score: 81.87.
tiswan_000505,tiswan,cleaned_v1,datasets/skin/acne/final/subtype_classification/train/cystic/tiswan_000505.jpg,train,cystic,usable,non_expert,subtype_classification,acne,1.0,7b151347e5ac397a0a0c77e18a14fa7513c2c4a1e2e012fa626a0db624bfd157,Cleaned fine-grained classification image. Class: Cyst. Blur score: 74.03.
tiswan_000506,tiswan,cleaned_v1,datasets/skin/acne/final/subtype_classification/train/cystic/tiswan_000506.jpg,train,cystic,usable,non_expert,subtype_classification,acne,1.0,2618ffa8e0be3ab66d0fe9a168c2838170e532c95694f90af7f7aa2c07c430d2,Cleaned fine-grained classification image. Class: Cyst. Blur score: 74.05.
tiswan_000507,tiswan,cleaned_v1,datasets/skin/acne/final/subtype_classification/train/cystic/tiswan_000507.jpg,train,cystic,usable,non_expert,subtype_classification,acne,1.0,65df764de88605cc3286eee8a583e3a724fa3aa851ff84cb0eef6407885aa49e,Cleaned fine-grained classification image. Class: Cyst. Blur score: 75.54.
tiswan_000508,tiswan,cleaned_v1,datasets/skin/acne/final/subtype_classification/train/cystic/tiswan_000508.jpg,train,cystic,usable,non_expert,subtype_classification,acne,1.0,61ba22a64ca3603f87d2ac61170cbccb8024104daff74dd81557a38f5e688d89,Cleaned fine-grained classification image. Class: Cyst. Blur score: 142.27.
tiswan_000509,tiswan,cleaned_v1,datasets/skin/acne/final/subtype_classification/train/cystic/tiswan_000509.jpg,train,cystic,usable,non_expert,subtype_classification,acne,1.0,1152cfa4a05242acc55fa04c179fc89091cd3ad78d277d5260b7b9a970aff02b,Cleaned fine-grained classification image. Class: Cyst. Blur score: 148.84.
tiswan_000510,tiswan,cleaned_v1,datasets/skin/acne/final/subtype_classification/train/cystic/tiswan_000510.jpg,train,cystic,usable,non_expert,subtype_classification,acne,1.0,0ed8a68ecb9cb71d3e0b31ef402723ce19d0ae8dfa61c32f79b38108bfaada5d,Cleaned fine-grained classification image. Class: Cyst. Blur score: 77.64.
tiswan_000511,tiswan,cleaned_v1,datasets/skin/acne/final/subtype_classification/train/cystic/tiswan_000511.jpg,train,cystic,usable,non_expert,subtype_classification,acne,1.0,d7c03257ce71168cdc1c60200fabcaade47d543f128bd892491f0f33ec732d96,Cleaned fine-grained classification image. Class: Cyst. Blur score: 84.8.
tiswan_000512,tiswan,cleaned_v1,datasets/skin/acne/final/subtype_classification/train/cystic/tiswan_000512.jpg,train,cystic,sharp,non_expert,subtype_classification,acne,1.0,e9481774a6b57117b831c3e2fbae1a060d00747ae4b8bd0ff585005d5aa6e048,Cleaned fine-grained classification image. Class: Cyst. Blur score: 173.59.
tiswan_000513,tiswan,cleaned_v1,datasets/skin/acne/final/subtype_classification/train/cystic/tiswan_000513.jpg,train,cystic,sharp,non_expert,subtype_classification,acne,1.0,61bbc2bc6fec9829a8249ea1172f65c38cb796f52f0a7ccf3f852f7c0184a44f,Cleaned fine-grained classification image. Class: Cyst. Blur score: 345.92.
tiswan_000514,tiswan,cleaned_v1,datasets/skin/acne/final/subtype_classification/train/cystic/tiswan_000514.jpg,train,cystic,usable,non_expert,subtype_classification,acne,1.0,167ea98ab7b2ca68a8d71634de633235625972f0bbc2e2ef3f9defcd8f2bd78f,Cleaned fine-grained classification image. Class: Cyst. Blur score: 67.64.
tiswan_000515,tiswan,cleaned_v1,datasets/skin/acne/final/subtype_classification/train/cystic/tiswan_000515.jpg,train,cystic,usable,non_expert,subtype_classification,acne,1.0,295d8a733283d95fe720a947083478643753c57c0971dbd8280c683a59080dc2,Cleaned fine-grained classification image. Class: Cyst. Blur score: 123.93.
tiswan_000516,tiswan,cleaned_v1,datasets/skin/acne/final/subtype_classification/train/cystic/tiswan_000516.jpg,train,cystic,usable,non_expert,subtype_classification,acne,1.0,5897deb072929bcaa6608a650aff1a348e647c500f7ec89860cefeaf003c9fb9,Cleaned fine-grained classification image. Class: Cyst. Blur score: 78.6.
tiswan_000517,tiswan,cleaned_v1,datasets/skin/acne/final/subtype_classification/train/cystic/tiswan_000517.jpg,train,cystic,usable,non_expert,subtype_classification,acne,1.0,321d9a992bd960d4cd54acb4800bfa630e901da5d543ce9eb9cb9362302f9467,Cleaned fine-grained classification image. Class: Cyst. Blur score: 69.37.
tiswan_000518,tiswan,cleaned_v1,datasets/skin/acne/final/subtype_classification/train/cystic/tiswan_000518.jpg,train,cystic,usable,non_expert,subtype_classification,acne,1.0,96716fcbd920a434450d4af6be8dcc49dc749322d43f409a546f14d041925b50,Cleaned fine-grained classification image. Class: Cyst. Blur score: 89.45.
tiswan_000519,tiswan,cleaned_v1,datasets/skin/acne/final/subtype_classification/train/cystic/tiswan_000519.jpg,train,cystic,usable,non_expert,subtype_classification,acne,1.0,b7213397045834425b19b2de804dad7e0ffb1d379b9f2d10168d21e07fde9717,Cleaned fine-grained classification image. Class: Cyst. Blur score: 120.44.
tiswan_000520,tiswan,cleaned_v1,datasets/skin/acne/final/subtype_classification/train/cystic/tiswan_000520.jpg,train,cystic,usable,non_expert,subtype_classification,acne,1.0,4d46f110d445f27a98324d80c72e194a68741a37efad042f09489f13bf46bb73,Cleaned fine-grained classification image. Class: Cyst. Blur score: 95.94.
tiswan_000521,tiswan,cleaned_v1,datasets/skin/acne/final/subtype_classification/train/cystic/tiswan_000521.jpg,train,cystic,usable,non_expert,subtype_classification,acne,1.0,db0e5b9915aef710b2d0d9cae4712ac57bf6e67bef63a2dbc346dfdb823dacb2,Cleaned fine-grained classification image. Class: Cyst. Blur score: 102.2.
tiswan_000522,tiswan,cleaned_v1,datasets/skin/acne/final/subtype_classification/train/cystic/tiswan_000522.jpg,train,cystic,usable,non_expert,subtype_classification,acne,1.0,c73f0fb1ed1905dc6dcb783964589e00309ceb50237ece3e318831abcd8b1b8e,Cleaned fine-grained classification image. Class: Cyst. Blur score: 100.34.
tiswan_000523,tiswan,cleaned_v1,datasets/skin/acne/final/subtype_classification/train/cystic/tiswan_000523.jpg,train,cystic,usable,non_expert,subtype_classification,acne,1.0,b1881e61410439ed18abc7cd85323baadea6e3ab0878a3a196156832a121f806,Cleaned fine-grained classification image. Class: Cyst. Blur score: 116.14.
tiswan_000524,tiswan,cleaned_v1,datasets/skin/acne/final/subtype_classification/train/cystic/tiswan_000524.jpg,train,cystic,usable,non_expert,subtype_classification,acne,1.0,9a843f648f05e6b5bd8f033ed698a6e406a352f0f58511a313942223618281dd,Cleaned fine-grained classification image. Class: Cyst. Blur score: 95.55.
tiswan_000525,tiswan,cleaned_v1,datasets/skin/acne/final/subtype_classification/train/cystic/tiswan_000525.jpg,train,cystic,usable,non_expert,subtype_classification,acne,1.0,e553c9cc27562346db57d51344c68b35785a9e2d8c91a5b3f27d42cfb56c95c0,Cleaned fine-grained classification image. Class: Cyst. Blur score: 69.23.
tiswan_000526,tiswan,cleaned_v1,datasets/skin/acne/final/subtype_classification/train/cystic/tiswan_000526.jpg,train,cystic,usable,non_expert,subtype_classification,acne,1.0,4a5edf52b3f2b1d340afaecfe39980c04d4b6d7c52eaf90abb67bea7763aa19d,Cleaned fine-grained classification image. Class: Cyst. Blur score: 76.47.
tiswan_000527,tiswan,cleaned_v1,datasets/skin/acne/final/subtype_classification/train/cystic/tiswan_000527.jpg,train,cystic,borderline,non_expert,subtype_classification,acne,1.0,e2e4999375bedee682cd0e194ed952cfc24b01514f728951535eeceeed875d32,Cleaned fine-grained classification image. Class: Cyst. Blur score: 49.3.
tiswan_000528,tiswan,cleaned_v1,datasets/skin/acne/final/subtype_classification/train/cystic/tiswan_000528.jpg,train,cystic,borderline,non_expert,subtype_classification,acne,1.0,0cfc92907d4c1fd953b7bd6de57642c90c5b3454503cdc071734c1a04c642890,Cleaned fine-grained classification image. Class: Cyst. Blur score: 34.01.
tiswan_000529,tiswan,cleaned_v1,datasets/skin/acne/final/subtype_classification/train/cystic/tiswan_000529.jpg,train,cystic,sharp,non_expert,subtype_classification,acne,1.0,a31ff2be467302fc587eab6e4e1f3bcd2d1bc8708debf155f4ce9db5738c888d,Cleaned fine-grained classification image. Class: Cyst. Blur score: 151.47.
tiswan_000530,tiswan,cleaned_v1,datasets/skin/acne/final/subtype_classification/train/cystic/tiswan_000530.jpg,train,cystic,usable,non_expert,subtype_classification,acne,1.0,a123fd839b5af3e02934ce1011b7239f51579012115db4c8df6315fccdaef097,Cleaned fine-grained classification image. Class: Cyst. Blur score: 101.95.
tiswan_000531,tiswan,cleaned_v1,datasets/skin/acne/final/subtype_classification/train/cystic/tiswan_000531.jpg,train,cystic,usable,non_expert,subtype_classification,acne,1.0,3a5797bb2c824cd0fa16a2fa954a123fdb044dff94f4865c6865247cbd9dc64c,Cleaned fine-grained classification image. Class: Cyst. Blur score: 74.39.
tiswan_000532,tiswan,cleaned_v1,datasets/skin/acne/final/subtype_classification/train/cystic/tiswan_000532.jpg,train,cystic,usable,non_expert,subtype_classification,acne,1.0,457a789f06c37e523fb93d34a0f8397c56101567425d31817e3e1fc5b4534d05,Cleaned fine-grained classification image. Class: Cyst. Blur score: 70.57.
tiswan_000533,tiswan,cleaned_v1,datasets/skin/acne/final/subtype_classification/train/cystic/tiswan_000533.jpg,train,cystic,usable,non_expert,subtype_classification,acne,1.0,a1dd122543084a56523e87260f31e8342300ee9374941c3bdcb05790fe912050,Cleaned fine-grained classification image. Class: Cyst. Blur score: 130.17.
tiswan_000534,tiswan,cleaned_v1,datasets/skin/acne/final/subtype_classification/train/cystic/tiswan_000534.jpg,train,cystic,usable,non_expert,subtype_classification,acne,1.0,82202b5fbd95c571772c3b7999fd7206adf690743d47ffa219dbb81ccc73a0cf,Cleaned fine-grained classification image. Class: Cyst. Blur score: 136.05.
tiswan_000535,tiswan,cleaned_v1,datasets/skin/acne/final/subtype_classification/train/cystic/tiswan_000535.jpg,train,cystic,usable,non_expert,subtype_classification,acne,1.0,03ce678d01802dde327ca1b87ee4c80008d8e4a33c82734cf030f82f00b40735,Cleaned fine-grained classification image. Class: Cyst. Blur score: 84.07.
tiswan_000536,tiswan,cleaned_v1,datasets/skin/acne/final/subtype_classification/train/cystic/tiswan_000536.jpg,train,cystic,usable,non_expert,subtype_classification,acne,1.0,021609bfa1b0e24ebd74dc744ffe483c1b40431baf2b14d65529e618d514c47e,Cleaned fine-grained classification image. Class: Cyst. Blur score: 68.7.
tiswan_000537,tiswan,cleaned_v1,datasets/skin/acne/final/subtype_classification/train/cystic/tiswan_000537.jpg,train,cystic,usable,non_expert,subtype_classification,acne,1.0,111e7705bbd4a687703e419d5079ede6b8307493a651e980b947122029a2bb23,Cleaned fine-grained classification image. Class: Cyst. Blur score: 114.21.
tiswan_000538,tiswan,cleaned_v1,datasets/skin/acne/final/subtype_classification/train/cystic/tiswan_000538.jpg,train,cystic,usable,non_expert,subtype_classification,acne,1.0,df42095577e942046fe06b12f563dea73a5b01522572989611fe3554b00807be,Cleaned fine-grained classification image. Class: Cyst. Blur score: 110.65.
tiswan_000539,tiswan,cleaned_v1,datasets/skin/acne/final/subtype_classification/train/cystic/tiswan_000539.jpg,train,cystic,usable,non_expert,subtype_classification,acne,1.0,f467c23b952fc7e6e1a5033f4fa3310309a1e8f13051dffeea82ba63cddbbc3f,Cleaned fine-grained classification image. Class: Cyst. Blur score: 77.89.
tiswan_000540,tiswan,cleaned_v1,datasets/skin/acne/final/subtype_classification/train/cystic/tiswan_000540.jpg,train,cystic,usable,non_expert,subtype_classification,acne,1.0,022625a7965f160b324e3ad60658dce0872504927024beec3b5e29206b730398,Cleaned fine-grained classification image. Class: Cyst. Blur score: 96.26.
tiswan_000541,tiswan,cleaned_v1,datasets/skin/acne/final/subtype_classification/train/cystic/tiswan_000541.jpg,train,cystic,borderline,non_expert,subtype_classification,acne,1.0,89ea2c0b46483391b5aca2627e9489b4165ac2268a9ede65dfb29f7235ba75a5,Cleaned fine-grained classification image. Class: Cyst. Blur score: 37.28.
tiswan_000542,tiswan,cleaned_v1,datasets/skin/acne/final/subtype_classification/train/cystic/tiswan_000542.jpg,train,cystic,usable,non_expert,subtype_classification,acne,1.0,32501a3abdb24bf771ffce07f81724948a41b1cd6aab506e1c5c319188681f27,Cleaned fine-grained classification image. Class: Cyst. Blur score: 83.86.
tiswan_000543,tiswan,cleaned_v1,datasets/skin/acne/final/subtype_classification/train/cystic/tiswan_000543.jpg,train,cystic,usable,non_expert,subtype_classification,acne,1.0,1295d3f848c519ac29f5bc84e28601f478d750e248763aa11315dce50ae02014,Cleaned fine-grained classification image. Class: Cyst. Blur score: 102.75.
tiswan_000544,tiswan,cleaned_v1,datasets/skin/acne/final/subtype_classification/train/cystic/tiswan_000544.jpg,train,cystic,borderline,non_expert,subtype_classification,acne,1.0,1cc4647d010dc77ad8b1f71849e9f7cd375b9ee84d862001e8e6e18017a023d0,Cleaned fine-grained classification image. Class: Cyst. Blur score: 59.19.
tiswan_000545,tiswan,cleaned_v1,datasets/skin/acne/final/subtype_classification/train/cystic/tiswan_000545.jpg,train,cystic,usable,non_expert,subtype_classification,acne,1.0,0087d2a58b14c4ef28c165371f7e21135a94e176adb127395e5342e625ddddfd,Cleaned fine-grained classification image. Class: Cyst. Blur score: 101.31.
tiswan_000546,tiswan,cleaned_v1,datasets/skin/acne/final/subtype_classification/train/cystic/tiswan_000546.jpg,train,cystic,usable,non_expert,subtype_classification,acne,1.0,ae64986c3de153b906a92d89ab7a6317c7e208bf1375c22fe64e3108925c183a,Cleaned fine-grained classification image. Class: Cyst. Blur score: 69.88.
tiswan_000547,tiswan,cleaned_v1,datasets/skin/acne/final/subtype_classification/train/cystic/tiswan_000547.jpg,train,cystic,borderline,non_expert,subtype_classification,acne,1.0,529ef0b1370ee9b227751478ace99b7d10b0ff722b13245961711c88c41a9b0c,Cleaned fine-grained classification image. Class: Cyst. Blur score: 59.16.
tiswan_000548,tiswan,cleaned_v1,datasets/skin/acne/final/subtype_classification/train/cystic/tiswan_000548.jpg,train,cystic,usable,non_expert,subtype_classification,acne,1.0,e68cdb080f4885d4efb22ce62f461143b9556ed8d3023bf30ddc6e45905b77e3,Cleaned fine-grained classification image. Class: Cyst. Blur score: 107.69.
tiswan_000549,tiswan,cleaned_v1,datasets/skin/acne/final/subtype_classification/train/cystic/tiswan_000549.jpg,train,cystic,usable,non_expert,subtype_classification,acne,1.0,64dfa61fe2de68f130e9b84094c71cd7f3ff4c45c88640a0557f0c6028cbd754,Cleaned fine-grained classification image. Class: Cyst. Blur score: 89.25.
tiswan_000550,tiswan,cleaned_v1,datasets/skin/acne/final/subtype_classification/train/cystic/tiswan_000550.jpg,train,cystic,usable,non_expert,subtype_classification,acne,1.0,9df81864b57d03b76ad2c7d75187172064a9bc0b83d4415d5081577d1dc2a29f,Cleaned fine-grained classification image. Class: Cyst. Blur score: 90.59.
tiswan_000551,tiswan,cleaned_v1,datasets/skin/acne/final/subtype_classification/train/cystic/tiswan_000551.jpg,train,cystic,usable,non_expert,subtype_classification,acne,1.0,251ab1472ebd3691ba5c494b13bf9795c4a001f0a14c74ab95cf251c7ced71c2,Cleaned fine-grained classification image. Class: Cyst. Blur score: 89.48.
tiswan_000552,tiswan,cleaned_v1,datasets/skin/acne/final/subtype_classification/train/cystic/tiswan_000552.jpg,train,cystic,usable,non_expert,subtype_classification,acne,1.0,5c021dad07e593e887526cc4050fa8da8de5f31ae7663059aa26e78858cdf58c,Cleaned fine-grained classification image. Class: Cyst. Blur score: 82.79.
tiswan_000553,tiswan,cleaned_v1,datasets/skin/acne/final/subtype_classification/train/cystic/tiswan_000553.jpg,train,cystic,usable,non_expert,subtype_classification,acne,1.0,e6260c91739f998db68eb2a14c3ece05eeadfed85e74cfa78a083ad0198af480,Cleaned fine-grained classification image. Class: Cyst. Blur score: 116.57.
tiswan_000554,tiswan,cleaned_v1,datasets/skin/acne/final/subtype_classification/train/cystic/tiswan_000554.jpg,train,cystic,usable,non_expert,subtype_classification,acne,1.0,e792d3fe6c41f7a907f38c78c15a0a8f00a6a9b47d8672eed8a46831e38e019b,Cleaned fine-grained classification image. Class: Cyst. Blur score: 72.15.
tiswan_000555,tiswan,cleaned_v1,datasets/skin/acne/final/subtype_classification/train/cystic/tiswan_000555.jpg,train,cystic,usable,non_expert,subtype_classification,acne,1.0,b1f24a9b96e13dc70512140e8e526d43fae3dcbf4c449b89eeabef8bcafdfe30,Cleaned fine-grained classification image. Class: Cyst. Blur score: 61.59.
tiswan_000556,tiswan,cleaned_v1,datasets/skin/acne/final/subtype_classification/train/cystic/tiswan_000556.jpg,train,cystic,usable,non_expert,subtype_classification,acne,1.0,a5b246f1d07858ae9a8f31eba8254628821d5471591a0a28126a7273dd096213,Cleaned fine-grained classification image. Class: Cyst. Blur score: 62.75.
tiswan_000557,tiswan,cleaned_v1,datasets/skin/acne/final/subtype_classification/train/cystic/tiswan_000557.jpg,train,cystic,usable,non_expert,subtype_classification,acne,1.0,e53b46c0558d37df0a9fd4f142f0c38613dc78613986dbf4a2142682de843143,Cleaned fine-grained classification image. Class: Cyst. Blur score: 111.4.
tiswan_000558,tiswan,cleaned_v1,datasets/skin/acne/final/subtype_classification/train/cystic/tiswan_000558.jpg,train,cystic,usable,non_expert,subtype_classification,acne,1.0,3fa0867a8c3499adbd106290d10c00df54d59a945786730f34b2f7d94447d9e9,Cleaned fine-grained classification image. Class: Cyst. Blur score: 92.7.
tiswan_000559,tiswan,cleaned_v1,datasets/skin/acne/final/subtype_classification/train/cystic/tiswan_000559.jpg,train,cystic,usable,non_expert,subtype_classification,acne,1.0,e03b99f1cb2428d2b1840bc3e1c36017dc6791d3791e119807b160355edfa306,Cleaned fine-grained classification image. Class: Cyst. Blur score: 95.41.
tiswan_000560,tiswan,cleaned_v1,datasets/skin/acne/final/subtype_classification/train/cystic/tiswan_000560.jpg,train,cystic,usable,non_expert,subtype_classification,acne,1.0,759d1f2c3d857646cfeb7167d06d64c70bf564a2e31d145092bbd042f5e50617,Cleaned fine-grained classification image. Class: Cyst. Blur score: 85.26.
tiswan_000561,tiswan,cleaned_v1,datasets/skin/acne/final/subtype_classification/train/cystic/tiswan_000561.jpg,train,cystic,sharp,non_expert,subtype_classification,acne,1.0,651c75992b765b44886c80511a320fa7f81b7381cbd9579c7b1eff22bc1e14fc,Cleaned fine-grained classification image. Class: Cyst. Blur score: 435.09.
tiswan_000562,tiswan,cleaned_v1,datasets/skin/acne/final/subtype_classification/train/cystic/tiswan_000562.jpg,train,cystic,usable,non_expert,subtype_classification,acne,1.0,decf1fb36284cc90a6bef9457f4434724102dd78df75fb7b9cc2bba27d43f7bf,Cleaned fine-grained classification image. Class: Cyst. Blur score: 94.3.
tiswan_000563,tiswan,cleaned_v1,datasets/skin/acne/final/subtype_classification/train/cystic/tiswan_000563.jpg,train,cystic,sharp,non_expert,subtype_classification,acne,1.0,cda7465a55c578653e2c7c3239fb506a4ceef3cc290f03632582e0d12ef9f40a,Cleaned fine-grained classification image. Class: Cyst. Blur score: 379.91.
tiswan_000564,tiswan,cleaned_v1,datasets/skin/acne/final/subtype_classification/train/cystic/tiswan_000564.jpg,train,cystic,borderline,non_expert,subtype_classification,acne,1.0,a72fdc1872047d76fba24fe3fb4e2dfb859bb6847aefd15ea41d1806aa3d277d,Cleaned fine-grained classification image. Class: Cyst. Blur score: 54.44.
tiswan_000565,tiswan,cleaned_v1,datasets/skin/acne/final/subtype_classification/train/cystic/tiswan_000565.jpg,train,cystic,usable,non_expert,subtype_classification,acne,1.0,371855a64b3ae5422bb6dfc7f79a1ecb68590e2442644b8f780ae96a125813ab,Cleaned fine-grained classification image. Class: Cyst. Blur score: 89.06.
tiswan_000566,tiswan,cleaned_v1,datasets/skin/acne/final/subtype_classification/train/cystic/tiswan_000566.jpg,train,cystic,usable,non_expert,subtype_classification,acne,1.0,064c7c97241a24343ad0d2daa2a9a1560882cf7e33399777d3035f79dad54a06,Cleaned fine-grained classification image. Class: Cyst. Blur score: 105.07.
tiswan_000567,tiswan,cleaned_v1,datasets/skin/acne/final/subtype_classification/train/cystic/tiswan_000567.jpg,train,cystic,usable,non_expert,subtype_classification,acne,1.0,cd1a0d76cf831d3818bf3d9f42d0dd70350894ae2008eed8bd4ffd20b66bf289,Cleaned fine-grained classification image. Class: Cyst. Blur score: 77.84.
tiswan_000568,tiswan,cleaned_v1,datasets/skin/acne/final/subtype_classification/train/cystic/tiswan_000568.jpg,train,cystic,sharp,non_expert,subtype_classification,acne,1.0,5d625fedb5c5f494a18d3024e6df70e06dba75eefa2df86420df062b7c18b9fc,Cleaned fine-grained classification image. Class: Cyst. Blur score: 243.02.
tiswan_000569,tiswan,cleaned_v1,datasets/skin/acne/final/subtype_classification/train/cystic/tiswan_000569.jpg,train,cystic,usable,non_expert,subtype_classification,acne,1.0,3449ada8bf8b435db4c49440fb34dd61c21e1da0746700f3fc29a2bf70be1ef3,Cleaned fine-grained classification image. Class: Cyst. Blur score: 115.9.
tiswan_000570,tiswan,cleaned_v1,datasets/skin/acne/final/subtype_classification/train/cystic/tiswan_000570.jpg,train,cystic,borderline,non_expert,subtype_classification,acne,1.0,4c519d0fe1735d2db1f7d19671c0f90a612add2c57886efe32b1856c99b8930a,Cleaned fine-grained classification image. Class: Cyst. Blur score: 37.39.
tiswan_000571,tiswan,cleaned_v1,datasets/skin/acne/final/subtype_classification/train/cystic/tiswan_000571.jpg,train,cystic,usable,non_expert,subtype_classification,acne,1.0,22ccb4a4c024ce8549014b05bfc59aecad83f5d359d655d2091fba5fe2caf90a,Cleaned fine-grained classification image. Class: Cyst. Blur score: 66.19.
tiswan_000572,tiswan,cleaned_v1,datasets/skin/acne/final/subtype_classification/train/cystic/tiswan_000572.jpg,train,cystic,usable,non_expert,subtype_classification,acne,1.0,815a8750e831a990138ca41cf4a79f9ddba2c44314a7218273db54cb5d3bd4ee,Cleaned fine-grained classification image. Class: Cyst. Blur score: 135.38.
tiswan_000573,tiswan,cleaned_v1,datasets/skin/acne/final/subtype_classification/train/cystic/tiswan_000573.jpg,train,cystic,usable,non_expert,subtype_classification,acne,1.0,1ccafc89faa0156a2943cc4fc9bb13100f3dcf85087a3d766b0476062fbe94ef,Cleaned fine-grained classification image. Class: Cyst. Blur score: 121.08.
tiswan_000574,tiswan,cleaned_v1,datasets/skin/acne/final/subtype_classification/train/cystic/tiswan_000574.jpg,train,cystic,usable,non_expert,subtype_classification,acne,1.0,1b90a469fa48ecbbbea021e6630183d5b3570b1d78034090bdf9d9e8e909ee36,Cleaned fine-grained classification image. Class: Cyst. Blur score: 63.61.
tiswan_000575,tiswan,cleaned_v1,datasets/skin/acne/final/subtype_classification/train/cystic/tiswan_000575.jpg,train,cystic,usable,non_expert,subtype_classification,acne,1.0,4eb6e64702f6c1a0daac021d0d0e4aa27a117545a178d51984df0a2ea8dc7588,Cleaned fine-grained classification image. Class: Cyst. Blur score: 102.48.
tiswan_000576,tiswan,cleaned_v1,datasets/skin/acne/final/subtype_classification/train/cystic/tiswan_000576.jpg,train,cystic,borderline,non_expert,subtype_classification,acne,1.0,ce22623ff10e875833d491545e052f9753bd3b933f5a12ce61b479a32c29e580,Cleaned fine-grained classification image. Class: Cyst. Blur score: 57.96.
tiswan_000577,tiswan,cleaned_v1,datasets/skin/acne/final/subtype_classification/train/cystic/tiswan_000577.jpg,train,cystic,usable,non_expert,subtype_classification,acne,1.0,7f4a4178cd24b276501931c6e85acfb3fc133facc49ed7512967fc5438b4ed93,Cleaned fine-grained classification image. Class: Cyst. Blur score: 98.07.
tiswan_000578,tiswan,cleaned_v1,datasets/skin/acne/final/subtype_classification/train/cystic/tiswan_000578.jpg,train,cystic,usable,non_expert,subtype_classification,acne,1.0,73d13af0f1b8552c992e85ea991d0ef4efd7524c643eae2afd9c3cccbb52b409,Cleaned fine-grained classification image. Class: Cyst. Blur score: 91.18.
tiswan_000579,tiswan,cleaned_v1,datasets/skin/acne/final/subtype_classification/train/cystic/tiswan_000579.jpg,train,cystic,usable,non_expert,subtype_classification,acne,1.0,3a9bdb1d921c9d04f54bcf04bb96be71535abfcdafe8018a0485b19321e0efd2,Cleaned fine-grained classification image. Class: Cyst. Blur score: 128.28.
tiswan_000580,tiswan,cleaned_v1,datasets/skin/acne/final/subtype_classification/train/cystic/tiswan_000580.jpg,train,cystic,borderline,non_expert,subtype_classification,acne,1.0,7a8dab92f00ebec8f82d77c295f09d99f47562083c79ff42e60f5237db41b2ee,Cleaned fine-grained classification image. Class: Cyst. Blur score: 41.6.
tiswan_000581,tiswan,cleaned_v1,datasets/skin/acne/final/subtype_classification/train/cystic/tiswan_000581.jpg,train,cystic,usable,non_expert,subtype_classification,acne,1.0,5153b9f6378e496072759751593129c976fc39132440f075612ef094b48ef45e,Cleaned fine-grained classification image. Class: Cyst. Blur score: 131.76.
tiswan_000582,tiswan,cleaned_v1,datasets/skin/acne/final/subtype_classification/train/cystic/tiswan_000582.jpg,train,cystic,sharp,non_expert,subtype_classification,acne,1.0,c6c943add0f30ca126698cf01b983f91931f703b98e9c556d8f6a395fb20e9a4,Cleaned fine-grained classification image. Class: Cyst. Blur score: 177.6.
tiswan_000583,tiswan,cleaned_v1,datasets/skin/acne/final/subtype_classification/train/cystic/tiswan_000583.jpg,train,cystic,borderline,non_expert,subtype_classification,acne,1.0,cb4cb383053037210c44c3a910cfafc83cc09d97cfb8fad4336a3ac0b6cdaa63,Cleaned fine-grained classification image. Class: Cyst. Blur score: 59.34.
tiswan_000584,tiswan,cleaned_v1,datasets/skin/acne/final/subtype_classification/train/cystic/tiswan_000584.jpg,train,cystic,usable,non_expert,subtype_classification,acne,1.0,1d671e8dc0ffd578646e9ef8a2e986f67267f58738f5c91e134512c0986cbfb0,Cleaned fine-grained classification image. Class: Cyst. Blur score: 116.99.
tiswan_000585,tiswan,cleaned_v1,datasets/skin/acne/final/subtype_classification/train/cystic/tiswan_000585.jpg,train,cystic,borderline,non_expert,subtype_classification,acne,1.0,df17ee061bedd1f6af880cddfdb89ec266a56e4caf299fd059afc36b1433a091,Cleaned fine-grained classification image. Class: Cyst. Blur score: 52.65.
tiswan_000586,tiswan,cleaned_v1,datasets/skin/acne/final/subtype_classification/train/cystic/tiswan_000586.jpg,train,cystic,usable,non_expert,subtype_classification,acne,1.0,fb58ff702f3be2b84add523cf1beeecf059e9bff57cb1b744fdf48729fe49130,Cleaned fine-grained classification image. Class: Cyst. Blur score: 60.57.
tiswan_000587,tiswan,cleaned_v1,datasets/skin/acne/final/subtype_classification/train/cystic/tiswan_000587.jpg,train,cystic,usable,non_expert,subtype_classification,acne,1.0,01e0aa9a5b00f8df07454f04aa38c92f6518645af0edbcbc683f26f301ab1c4e,Cleaned fine-grained classification image. Class: Cyst. Blur score: 92.85.
tiswan_000588,tiswan,cleaned_v1,datasets/skin/acne/final/subtype_classification/train/cystic/tiswan_000588.jpg,train,cystic,usable,non_expert,subtype_classification,acne,1.0,94f084c5e69f7f2fe2ce3742ae5e3843ac012f5b30c8c2fcf024c274312c1457,Cleaned fine-grained classification image. Class: Cyst. Blur score: 105.93.
tiswan_000589,tiswan,cleaned_v1,datasets/skin/acne/final/subtype_classification/train/cystic/tiswan_000589.jpg,train,cystic,usable,non_expert,subtype_classification,acne,1.0,12576bd2bdc9d7e2b7802de9cfc5ef3859c912045a5bf01da04fcb90d7a10f8e,Cleaned fine-grained classification image. Class: Cyst. Blur score: 124.48.
tiswan_000590,tiswan,cleaned_v1,datasets/skin/acne/final/subtype_classification/train/cystic/tiswan_000590.jpg,train,cystic,usable,non_expert,subtype_classification,acne,1.0,5dfb206d08db6c65ba254fd26deb68d7824f68cbed89d01bacd9f61987965e96,Cleaned fine-grained classification image. Class: Cyst. Blur score: 121.27.
tiswan_000591,tiswan,cleaned_v1,datasets/skin/acne/final/subtype_classification/train/cystic/tiswan_000591.jpg,train,cystic,usable,non_expert,subtype_classification,acne,1.0,ef9408eca307005f32f7f4202e27dc143f47a9771ed1da34b5ca121a4c30b146,Cleaned fine-grained classification image. Class: Cyst. Blur score: 84.9.
tiswan_000592,tiswan,cleaned_v1,datasets/skin/acne/final/subtype_classification/train/cystic/tiswan_000592.jpg,train,cystic,usable,non_expert,subtype_classification,acne,1.0,843543160de4e45b36eaf8befdb9c750f2322f4121e432e488d63d0cb0660fc2,Cleaned fine-grained classification image. Class: Cyst. Blur score: 69.95.
tiswan_000593,tiswan,cleaned_v1,datasets/skin/acne/final/subtype_classification/train/cystic/tiswan_000593.jpg,train,cystic,sharp,non_expert,subtype_classification,acne,1.0,02db314c0b9b03260668b4bd17e37ab61602f9f464592108ab848805439b1fd2,Cleaned fine-grained classification image. Class: Cyst. Blur score: 289.64.
tiswan_000594,tiswan,cleaned_v1,datasets/skin/acne/final/subtype_classification/train/cystic/tiswan_000594.jpg,train,cystic,sharp,non_expert,subtype_classification,acne,1.0,a3df8e2271d370c41ceb3364959b2420cf9b0a0871ff1cd4bbdb5b5a68e05ac0,Cleaned fine-grained classification image. Class: Cyst. Blur score: 234.21.
tiswan_000595,tiswan,cleaned_v1,datasets/skin/acne/final/subtype_classification/train/cystic/tiswan_000595.jpg,train,cystic,usable,non_expert,subtype_classification,acne,1.0,cc06228abf26bec0cc2f006907baa771f60651604d7bcfc4c4842d35ba7d00e9,Cleaned fine-grained classification image. Class: Cyst. Blur score: 117.04.
tiswan_000596,tiswan,cleaned_v1,datasets/skin/acne/final/subtype_classification/train/cystic/tiswan_000596.jpg,train,cystic,sharp,non_expert,subtype_classification,acne,1.0,04b14eb872744b9f37c38b884be4c8ee70ca965e1587f19021e97167dc7e8842,Cleaned fine-grained classification image. Class: Cyst. Blur score: 426.07.
tiswan_000597,tiswan,cleaned_v1,datasets/skin/acne/final/subtype_classification/train/cystic/tiswan_000597.jpg,train,cystic,borderline,non_expert,subtype_classification,acne,1.0,576d735121b12a96fc20227e7206152db0c39322585d3e75730e10c90bb9191d,Cleaned fine-grained classification image. Class: Cyst. Blur score: 46.37.
tiswan_000598,tiswan,cleaned_v1,datasets/skin/acne/final/subtype_classification/train/cystic/tiswan_000598.jpg,train,cystic,usable,non_expert,subtype_classification,acne,1.0,0628f8cc598087948d93d7fb5140a8ed1c53a51dc3644feff44b7ea64213fac4,Cleaned fine-grained classification image. Class: Cyst. Blur score: 87.82.
tiswan_000599,tiswan,cleaned_v1,datasets/skin/acne/final/subtype_classification/train/cystic/tiswan_000599.jpg,train,cystic,usable,non_expert,subtype_classification,acne,1.0,41a04ebbc20f8af65cf6982ee491f12460bb0b0c9769291c59d9e061c9b79225,Cleaned fine-grained classification image. Class: Cyst. Blur score: 94.03.
tiswan_000600,tiswan,cleaned_v1,datasets/skin/acne/final/subtype_classification/train/cystic/tiswan_000600.jpg,train,cystic,usable,non_expert,subtype_classification,acne,1.0,ffcb2936fb19bf736974f7730db381a1cf20d6d6ec6909b5dcf532e3dcb200dc,Cleaned fine-grained classification image. Class: Cyst. Blur score: 92.6.
tiswan_000601,tiswan,cleaned_v1,datasets/skin/acne/final/subtype_classification/train/cystic/tiswan_000601.jpg,train,cystic,usable,non_expert,subtype_classification,acne,1.0,ff1e0915b479e08b0ab7f0089b9d7d93b64c367672a7bbf7e04933b2c6bef271,Cleaned fine-grained classification image. Class: Cyst. Blur score: 97.7.
tiswan_000602,tiswan,cleaned_v1,datasets/skin/acne/final/subtype_classification/train/cystic/tiswan_000602.jpg,train,cystic,usable,non_expert,subtype_classification,acne,1.0,f4fd4a9412da0c43acee2bae5b42fc50ce87b8de0ec286f38a8e997b8d8d4021,Cleaned fine-grained classification image. Class: Cyst. Blur score: 78.2.
tiswan_000603,tiswan,cleaned_v1,datasets/skin/acne/final/subtype_classification/train/cystic/tiswan_000603.jpg,train,cystic,usable,non_expert,subtype_classification,acne,1.0,40b6b3a1fe7e7bb25bacd004ea5e6cdd96b635bd1889b7e56189a1c850360284,Cleaned fine-grained classification image. Class: Cyst. Blur score: 84.69.
tiswan_000604,tiswan,cleaned_v1,datasets/skin/acne/final/subtype_classification/train/cystic/tiswan_000604.jpg,train,cystic,usable,non_expert,subtype_classification,acne,1.0,243838ae5ae6c580644e91c7dc6411fe84a498d45e308ef47e0d063d6c273a02,Cleaned fine-grained classification image. Class: Cyst. Blur score: 78.21.
tiswan_000605,tiswan,cleaned_v1,datasets/skin/acne/final/subtype_classification/train/cystic/tiswan_000605.jpg,train,cystic,usable,non_expert,subtype_classification,acne,1.0,62e654c04fbff6ba886a31bd2ed72fdf10fa35a9fae71123cbf3c552ed7692e0,Cleaned fine-grained classification image. Class: Cyst. Blur score: 68.41.
tiswan_000606,tiswan,cleaned_v1,datasets/skin/acne/final/subtype_classification/train/cystic/tiswan_000606.jpg,train,cystic,usable,non_expert,subtype_classification,acne,1.0,a1f9d68d3fdab3bac6de6b6158d1b1d99acb2e6a68ab191e53af0174e0f7cade,Cleaned fine-grained classification image. Class: Cyst. Blur score: 80.41.
tiswan_000607,tiswan,cleaned_v1,datasets/skin/acne/final/subtype_classification/train/cystic/tiswan_000607.jpg,train,cystic,usable,non_expert,subtype_classification,acne,1.0,b6b3e03af43a521ac972be817f5558f95d59871e8cb01c6d599cf0ebbb52f8fc,Cleaned fine-grained classification image. Class: Cyst. Blur score: 61.56.
tiswan_000608,tiswan,cleaned_v1,datasets/skin/acne/final/subtype_classification/train/cystic/tiswan_000608.jpg,train,cystic,sharp,non_expert,subtype_classification,acne,1.0,94a26f84e06de4d230acb801cb4c9836163e140d962010a63a47e5983b593e4c,Cleaned fine-grained classification image. Class: Cyst. Blur score: 318.32.
tiswan_000609,tiswan,cleaned_v1,datasets/skin/acne/final/subtype_classification/train/cystic/tiswan_000609.jpg,train,cystic,usable,non_expert,subtype_classification,acne,1.0,ff686e7a6f71f62ae36d80f6c4614f6315dad5d9c77aa953b18db55d97a482e5,Cleaned fine-grained classification image. Class: Cyst. Blur score: 62.93.
tiswan_000610,tiswan,cleaned_v1,datasets/skin/acne/final/subtype_classification/train/cystic/tiswan_000610.jpg,train,cystic,usable,non_expert,subtype_classification,acne,1.0,a42ecc10ee10f9c5608aea3a8088c2ed91222abdb671e53864ad392fb36b2d05,Cleaned fine-grained classification image. Class: Cyst. Blur score: 65.32.
tiswan_000611,tiswan,cleaned_v1,datasets/skin/acne/final/subtype_classification/train/cystic/tiswan_000611.jpg,train,cystic,usable,non_expert,subtype_classification,acne,1.0,483bec8581e46229e2c6fa4cb977306ab908ed924a9676f2bddaf90b864d5218,Cleaned fine-grained classification image. Class: Cyst. Blur score: 94.64.
tiswan_000612,tiswan,cleaned_v1,datasets/skin/acne/final/subtype_classification/train/cystic/tiswan_000612.jpg,train,cystic,usable,non_expert,subtype_classification,acne,1.0,57b767963dd8583c24f21f74f8487291014de3e3cb4548c8afcd636e522c9616,Cleaned fine-grained classification image. Class: Cyst. Blur score: 99.04.
tiswan_000613,tiswan,cleaned_v1,datasets/skin/acne/final/subtype_classification/train/cystic/tiswan_000613.jpg,train,cystic,borderline,non_expert,subtype_classification,acne,1.0,43c3dc00096dc317a44420388ef0809dba6b6ece8bab465fc7e6752b7665ad7e,Cleaned fine-grained classification image. Class: Cyst. Blur score: 34.06.
tiswan_000614,tiswan,cleaned_v1,datasets/skin/acne/final/subtype_classification/train/cystic/tiswan_000614.jpg,train,cystic,usable,non_expert,subtype_classification,acne,1.0,30565a73a75a5e5ec8fa0803645e38e4b4b9cda9db4dab791770c405e668607c,Cleaned fine-grained classification image. Class: Cyst. Blur score: 98.46.
tiswan_000615,tiswan,cleaned_v1,datasets/skin/acne/final/subtype_classification/train/cystic/tiswan_000615.jpg,train,cystic,usable,non_expert,subtype_classification,acne,1.0,c2c4759e566ce1c43e8e76f1347942f1c086eee7a57967f18e77d62babae3623,Cleaned fine-grained classification image. Class: Cyst. Blur score: 72.5.
tiswan_000616,tiswan,cleaned_v1,datasets/skin/acne/final/subtype_classification/train/cystic/tiswan_000616.jpg,train,cystic,usable,non_expert,subtype_classification,acne,1.0,9cf70cb5aa6e76b0f48f530dbc90d47adb9047e0c8c4fa6701de036d8ac7804b,Cleaned fine-grained classification image. Class: Cyst. Blur score: 65.05.
tiswan_000617,tiswan,cleaned_v1,datasets/skin/acne/final/subtype_classification/train/cystic/tiswan_000617.jpg,train,cystic,usable,non_expert,subtype_classification,acne,1.0,3bea2ea52e5d654db39ed7c36edfbd6694bde303732b938125dd3db7755f6301,Cleaned fine-grained classification image. Class: Cyst. Blur score: 69.44.
tiswan_000618,tiswan,cleaned_v1,datasets/skin/acne/final/subtype_classification/train/cystic/tiswan_000618.jpg,train,cystic,usable,non_expert,subtype_classification,acne,1.0,df919065502f030ffa7ff3fcb6c7c7b2cda0b29647d7619c717b991612eb28b0,Cleaned fine-grained classification image. Class: Cyst. Blur score: 103.58.
tiswan_000619,tiswan,cleaned_v1,datasets/skin/acne/final/subtype_classification/train/cystic/tiswan_000619.jpg,train,cystic,borderline,non_expert,subtype_classification,acne,1.0,08ee6985d6768d5db054f3650faa768679ac687a05f671e3b53ecb0b9f3716d5,Cleaned fine-grained classification image. Class: Cyst. Blur score: 43.36.
tiswan_000620,tiswan,cleaned_v1,datasets/skin/acne/final/subtype_classification/train/cystic/tiswan_000620.jpg,train,cystic,usable,non_expert,subtype_classification,acne,1.0,a9a2007441a7e20a44fc3399d41fd90b034aacacc87aefda96a1811d40b8f018,Cleaned fine-grained classification image. Class: Cyst. Blur score: 96.18.
tiswan_000621,tiswan,cleaned_v1,datasets/skin/acne/final/subtype_classification/train/cystic/tiswan_000621.jpg,train,cystic,sharp,non_expert,subtype_classification,acne,1.0,cf731a35d6f5179b4538db147cb9f04e0d385c07fa09ea5c454be926776f592f,Cleaned fine-grained classification image. Class: Cyst. Blur score: 174.05.
tiswan_000622,tiswan,cleaned_v1,datasets/skin/acne/final/subtype_classification/train/cystic/tiswan_000622.jpg,train,cystic,usable,non_expert,subtype_classification,acne,1.0,8fb0e78dc562519078e324b1c2660d0a5feab49dff4d9ae366c00ed5e7219d21,Cleaned fine-grained classification image. Class: Cyst. Blur score: 77.12.
tiswan_000623,tiswan,cleaned_v1,datasets/skin/acne/final/subtype_classification/train/cystic/tiswan_000623.jpg,train,cystic,usable,non_expert,subtype_classification,acne,1.0,6732e54c172ec20974d0d5c8245e08f989d1980129a87723a2e02e76e16db4ce,Cleaned fine-grained classification image. Class: Cyst. Blur score: 82.36.
tiswan_000624,tiswan,cleaned_v1,datasets/skin/acne/final/subtype_classification/train/cystic/tiswan_000624.jpg,train,cystic,usable,non_expert,subtype_classification,acne,1.0,c7e322fcc405d1de0cc2a0e4942076f0852a9e1fbcf652beaa670cf3651b73b2,Cleaned fine-grained classification image. Class: Cyst. Blur score: 62.98.
tiswan_000625,tiswan,cleaned_v1,datasets/skin/acne/final/subtype_classification/train/cystic/tiswan_000625.jpg,train,cystic,usable,non_expert,subtype_classification,acne,1.0,d93c3086e005fcee90f469b3012a61bcbf98572887c5cb4e30e4cce124bbb855,Cleaned fine-grained classification image. Class: Cyst. Blur score: 114.38.
tiswan_000626,tiswan,cleaned_v1,datasets/skin/acne/final/subtype_classification/train/cystic/tiswan_000626.jpg,train,cystic,usable,non_expert,subtype_classification,acne,1.0,e2d3d68b354b3fa57b075622fcecfa471d86c283952725e7d1d3dfc59b38abb8,Cleaned fine-grained classification image. Class: Cyst. Blur score: 78.09.
tiswan_000627,tiswan,cleaned_v1,datasets/skin/acne/final/subtype_classification/train/cystic/tiswan_000627.jpg,train,cystic,sharp,non_expert,subtype_classification,acne,1.0,2c7c2f8a08801835dad52b1a138166407e50e883daf8c09ae9120a1fb5c32bbb,Cleaned fine-grained classification image. Class: Cyst. Blur score: 337.47.
tiswan_000628,tiswan,cleaned_v1,datasets/skin/acne/final/subtype_classification/train/cystic/tiswan_000628.jpg,train,cystic,usable,non_expert,subtype_classification,acne,1.0,237f14d9bb066fdc7ad1d2eb6c02f87c6680aa85b75dcc4bace321f5e6a19317,Cleaned fine-grained classification image. Class: Cyst. Blur score: 62.5.
tiswan_000629,tiswan,cleaned_v1,datasets/skin/acne/final/subtype_classification/train/cystic/tiswan_000629.jpg,train,cystic,usable,non_expert,subtype_classification,acne,1.0,d5d447bb423e0434cebd4a9a6043c954c50f794b268248e9ac49edcae54bbb00,Cleaned fine-grained classification image. Class: Cyst. Blur score: 85.71.
tiswan_000630,tiswan,cleaned_v1,datasets/skin/acne/final/subtype_classification/train/cystic/tiswan_000630.jpg,train,cystic,sharp,non_expert,subtype_classification,acne,1.0,48be5dd083adff6e52e44114738feeea7c9a3112b594d57b45bafb38ec933729,Cleaned fine-grained classification image. Class: Cyst. Blur score: 442.43.
tiswan_000631,tiswan,cleaned_v1,datasets/skin/acne/final/subtype_classification/train/cystic/tiswan_000631.jpg,train,cystic,usable,non_expert,subtype_classification,acne,1.0,ae624765977bdb95cac82147a0f247c6ca4d97fc1cf8ff710594f2659ba83a3d,Cleaned fine-grained classification image. Class: Cyst. Blur score: 79.73.
tiswan_000632,tiswan,cleaned_v1,datasets/skin/acne/final/subtype_classification/train/cystic/tiswan_000632.jpg,train,cystic,usable,non_expert,subtype_classification,acne,1.0,4debfa03eb0987111baec6f9cb0422aa340564068ddd59359a4f599466c75743,Cleaned fine-grained classification image. Class: Cyst. Blur score: 61.7.
tiswan_000633,tiswan,cleaned_v1,datasets/skin/acne/final/subtype_classification/train/cystic/tiswan_000633.jpg,train,cystic,usable,non_expert,subtype_classification,acne,1.0,6a7724b4dda03b63802a223585a9350b16b94f85121069f638621c7e9ac8103d,Cleaned fine-grained classification image. Class: Cyst. Blur score: 89.58.
tiswan_000634,tiswan,cleaned_v1,datasets/skin/acne/final/subtype_classification/train/cystic/tiswan_000634.jpg,train,cystic,borderline,non_expert,subtype_classification,acne,1.0,af0988884e91d830f1db4901aeff142384b85e440f94a3283af64e3a899b9a62,Cleaned fine-grained classification image. Class: Cyst. Blur score: 48.5.
tiswan_000635,tiswan,cleaned_v1,datasets/skin/acne/final/subtype_classification/train/cystic/tiswan_000635.jpg,train,cystic,usable,non_expert,subtype_classification,acne,1.0,7ddedc57034d33a4750da881e2f7f3701c86959cda55554eb315996c24fc3aa6,Cleaned fine-grained classification image. Class: Cyst. Blur score: 99.65.
tiswan_000636,tiswan,cleaned_v1,datasets/skin/acne/final/subtype_classification/train/cystic/tiswan_000636.jpg,train,cystic,borderline,non_expert,subtype_classification,acne,1.0,032c3730d840032a5325dfd754e079d4b747a95b2bf435a706527da7ad90d6a3,Cleaned fine-grained classification image. Class: Cyst. Blur score: 38.11.
tiswan_000637,tiswan,cleaned_v1,datasets/skin/acne/final/subtype_classification/train/cystic/tiswan_000637.jpg,train,cystic,usable,non_expert,subtype_classification,acne,1.0,bd13ac9f9c2aff61dce72706ab6613292bab7b692e6683c5d87bece39f8547e0,Cleaned fine-grained classification image. Class: Cyst. Blur score: 64.29.
tiswan_000638,tiswan,cleaned_v1,datasets/skin/acne/final/subtype_classification/train/cystic/tiswan_000638.jpg,train,cystic,usable,non_expert,subtype_classification,acne,1.0,e0e83102a25f681b559a6b302137ae9f5b6d360365a613ed93a0a18e85a166f5,Cleaned fine-grained classification image. Class: Cyst. Blur score: 95.22.
tiswan_000639,tiswan,cleaned_v1,datasets/skin/acne/final/subtype_classification/train/cystic/tiswan_000639.jpg,train,cystic,usable,non_expert,subtype_classification,acne,1.0,f20ea5f3c3e56d14b93131ab20a4d37f0e7b8ba056a74993a580512ec52c88b4,Cleaned fine-grained classification image. Class: Cyst. Blur score: 94.63.
tiswan_000640,tiswan,cleaned_v1,datasets/skin/acne/final/subtype_classification/train/cystic/tiswan_000640.jpg,train,cystic,sharp,non_expert,subtype_classification,acne,1.0,4fd211bb5096e65fc01906179780e7416ffbbbdd7d22e7e8b1f1701840b0f654,Cleaned fine-grained classification image. Class: Cyst. Blur score: 166.53.
tiswan_000641,tiswan,cleaned_v1,datasets/skin/acne/final/subtype_classification/train/cystic/tiswan_000641.jpg,train,cystic,usable,non_expert,subtype_classification,acne,1.0,ca6e5d4445c3e7bd28471a149b19acdde261797061e23e3587b8febf166b04f9,Cleaned fine-grained classification image. Class: Cyst. Blur score: 97.7.
tiswan_000642,tiswan,cleaned_v1,datasets/skin/acne/final/subtype_classification/train/cystic/tiswan_000642.jpg,train,cystic,usable,non_expert,subtype_classification,acne,1.0,fa9030acf983207e46d6c5959831866f154204984a23126ebe69f6ea37e1113f,Cleaned fine-grained classification image. Class: Cyst. Blur score: 87.37.
tiswan_000643,tiswan,cleaned_v1,datasets/skin/acne/final/subtype_classification/train/cystic/tiswan_000643.jpg,train,cystic,usable,non_expert,subtype_classification,acne,1.0,892ed271692f28865ad93ebcaf56148389901f163096360c0b05c576d9d17807,Cleaned fine-grained classification image. Class: Cyst. Blur score: 104.72.
tiswan_000644,tiswan,cleaned_v1,datasets/skin/acne/final/subtype_classification/train/cystic/tiswan_000644.jpg,train,cystic,usable,non_expert,subtype_classification,acne,1.0,9bfbe2691d176c88f85035fbf6e99573af29bd1d6c72679a6812c7168ebe5f76,Cleaned fine-grained classification image. Class: Cyst. Blur score: 106.55.
tiswan_000645,tiswan,cleaned_v1,datasets/skin/acne/final/subtype_classification/train/cystic/tiswan_000645.jpg,train,cystic,usable,non_expert,subtype_classification,acne,1.0,c7588260d7533240ab0507c5c22adae32587a09b4d5a2b8b755a10c69d4069c9,Cleaned fine-grained classification image. Class: Cyst. Blur score: 64.9.
tiswan_000646,tiswan,cleaned_v1,datasets/skin/acne/final/subtype_classification/train/cystic/tiswan_000646.jpg,train,cystic,borderline,non_expert,subtype_classification,acne,1.0,2e63d2414cff99974b2d33b6b57dcfe90a1f2a5f302f4c73d469a08625f55dd2,Cleaned fine-grained classification image. Class: Cyst. Blur score: 59.32.
tiswan_000647,tiswan,cleaned_v1,datasets/skin/acne/final/subtype_classification/train/cystic/tiswan_000647.jpg,train,cystic,usable,non_expert,subtype_classification,acne,1.0,906c6679bbff00655fb937eeef2d8ef5a497c3cc1afcb4fe869e251910355135,Cleaned fine-grained classification image. Class: Cyst. Blur score: 77.03.
tiswan_000648,tiswan,cleaned_v1,datasets/skin/acne/final/subtype_classification/train/cystic/tiswan_000648.jpg,train,cystic,usable,non_expert,subtype_classification,acne,1.0,d4f751632462efc9fcf7b21adff51159ddebae2ffc6175e9231685113658f8ef,Cleaned fine-grained classification image. Class: Cyst. Blur score: 80.06.
tiswan_000649,tiswan,cleaned_v1,datasets/skin/acne/final/subtype_classification/train/cystic/tiswan_000649.jpg,train,cystic,usable,non_expert,subtype_classification,acne,1.0,518a07eab73cd2ba6e6140ecc7a00a1e97d0ebd7622037cc3fc1eefb12f11b0c,Cleaned fine-grained classification image. Class: Cyst. Blur score: 121.77.
tiswan_000650,tiswan,cleaned_v1,datasets/skin/acne/final/subtype_classification/train/cystic/tiswan_000650.jpg,train,cystic,usable,non_expert,subtype_classification,acne,1.0,5983786de48b9753481fb70e442c4481698bc1fd74ac73cdfa8f120810dbd2f2,Cleaned fine-grained classification image. Class: Cyst. Blur score: 77.14.
tiswan_000651,tiswan,cleaned_v1,datasets/skin/acne/final/subtype_classification/train/cystic/tiswan_000651.jpg,train,cystic,usable,non_expert,subtype_classification,acne,1.0,6ba5096c60df7756b7216854300f037f2a03dc8b385439a7695e7a834ce93519,Cleaned fine-grained classification image. Class: Cyst. Blur score: 108.25.
tiswan_000652,tiswan,cleaned_v1,datasets/skin/acne/final/subtype_classification/train/cystic/tiswan_000652.jpg,train,cystic,sharp,non_expert,subtype_classification,acne,1.0,3c66ece9174d4f224055c1292c3c39fa8e36550eb64648039f913ef22fedc222,Cleaned fine-grained classification image. Class: Cyst. Blur score: 441.99.
tiswan_000653,tiswan,cleaned_v1,datasets/skin/acne/final/subtype_classification/train/cystic/tiswan_000653.jpg,train,cystic,sharp,non_expert,subtype_classification,acne,1.0,871430577f66d12648527c3bc4f24cc95952b948184bc132715e690d135e94a9,Cleaned fine-grained classification image. Class: Cyst. Blur score: 160.84.
tiswan_000654,tiswan,cleaned_v1,datasets/skin/acne/final/subtype_classification/train/cystic/tiswan_000654.jpg,train,cystic,usable,non_expert,subtype_classification,acne,1.0,44d8029668677b120eb820180eb815047bc8f3e1f30559f786f5c8292d46a9c2,Cleaned fine-grained classification image. Class: Cyst. Blur score: 102.62.
tiswan_000655,tiswan,cleaned_v1,datasets/skin/acne/final/subtype_classification/train/cystic/tiswan_000655.jpg,train,cystic,borderline,non_expert,subtype_classification,acne,1.0,8b9ba905b38c6d8e1c5e60f3d9f3729221a38389e2c25160e3bb5611a9bfbbf1,Cleaned fine-grained classification image. Class: Cyst. Blur score: 35.44.
tiswan_000656,tiswan,cleaned_v1,datasets/skin/acne/final/subtype_classification/train/cystic/tiswan_000656.jpg,train,cystic,usable,non_expert,subtype_classification,acne,1.0,bb722285579c023286e08dbfd8f1423438a26109964b96224b40ba5d3dbbbbbe,Cleaned fine-grained classification image. Class: Cyst. Blur score: 67.83.
tiswan_000657,tiswan,cleaned_v1,datasets/skin/acne/final/subtype_classification/train/cystic/tiswan_000657.jpg,train,cystic,usable,non_expert,subtype_classification,acne,1.0,7aa2dd7f6d924be64d624245a9a7ab9b8f79e53084fdab62c2339e5c559a7e80,Cleaned fine-grained classification image. Class: Cyst. Blur score: 114.91.
tiswan_000658,tiswan,cleaned_v1,datasets/skin/acne/final/subtype_classification/train/cystic/tiswan_000658.jpg,train,cystic,usable,non_expert,subtype_classification,acne,1.0,c8ef62dcc11217ca430fe29a0bd322653e664d6e8244dcd6582b2d8e234cf790,Cleaned fine-grained classification image. Class: Cyst. Blur score: 144.67.
tiswan_000659,tiswan,cleaned_v1,datasets/skin/acne/final/subtype_classification/train/cystic/tiswan_000659.jpg,train,cystic,usable,non_expert,subtype_classification,acne,1.0,7aa7d4c2a365debc7556a14a23cf56a24c655d4c9bb4e94a07bcd220d25dc37b,Cleaned fine-grained classification image. Class: Cyst. Blur score: 74.29.
tiswan_000660,tiswan,cleaned_v1,datasets/skin/acne/final/subtype_classification/train/cystic/tiswan_000660.jpg,train,cystic,usable,non_expert,subtype_classification,acne,1.0,4ceb3e83c293a1679ae185f1a01ccabfbc0bc54758373182a1d51f46c68072c1,Cleaned fine-grained classification image. Class: Cyst. Blur score: 100.61.
tiswan_000661,tiswan,cleaned_v1,datasets/skin/acne/final/subtype_classification/train/cystic/tiswan_000661.jpg,train,cystic,usable,non_expert,subtype_classification,acne,1.0,4a24fc962969b189403764fdc7950ce4b8b2a3ce4ece7a5ffa567bddee3410d2,Cleaned fine-grained classification image. Class: Cyst. Blur score: 67.8.
tiswan_000662,tiswan,cleaned_v1,datasets/skin/acne/final/subtype_classification/train/cystic/tiswan_000662.jpg,train,cystic,usable,non_expert,subtype_classification,acne,1.0,be644ecec0680a51b9b798ded23f5a789e0fcea62ac4a4c45480cc5cdb87e08f,Cleaned fine-grained classification image. Class: Cyst. Blur score: 90.46.
tiswan_000663,tiswan,cleaned_v1,datasets/skin/acne/final/subtype_classification/train/cystic/tiswan_000663.jpg,train,cystic,usable,non_expert,subtype_classification,acne,1.0,239ae4ab567897fd18e1c230ec34824716f78f0321fdcd334cfcc67e266a531f,Cleaned fine-grained classification image. Class: Cyst. Blur score: 71.27.
tiswan_000664,tiswan,cleaned_v1,datasets/skin/acne/final/subtype_classification/train/cystic/tiswan_000664.jpg,train,cystic,sharp,non_expert,subtype_classification,acne,1.0,456b400457ae49fc172ab15d02d0c38d1bedcf1c98901cb16785e533411242d5,Cleaned fine-grained classification image. Class: Cyst. Blur score: 165.27.
tiswan_000665,tiswan,cleaned_v1,datasets/skin/acne/final/subtype_classification/train/cystic/tiswan_000665.jpg,train,cystic,sharp,non_expert,subtype_classification,acne,1.0,f50cd4ee71f124648f5b1ddd918ad29934e96d4b6689345e4b9b6a04f43af8c9,Cleaned fine-grained classification image. Class: Cyst. Blur score: 266.96.
tiswan_000666,tiswan,cleaned_v1,datasets/skin/acne/final/subtype_classification/train/cystic/tiswan_000666.jpg,train,cystic,borderline,non_expert,subtype_classification,acne,1.0,d7a5516a71d89e019c7bc129b7e69b9b36c9cfcda923c4cd78d2302014297304,Cleaned fine-grained classification image. Class: Cyst. Blur score: 56.87.
tiswan_000667,tiswan,cleaned_v1,datasets/skin/acne/final/subtype_classification/train/cystic/tiswan_000667.jpg,train,cystic,usable,non_expert,subtype_classification,acne,1.0,ed9e2b3915016e65cf65f6f6f11d6ea69ead2b2d5d36cb2f4dedcaed19036c9d,Cleaned fine-grained classification image. Class: Cyst. Blur score: 92.12.
tiswan_000668,tiswan,cleaned_v1,datasets/skin/acne/final/subtype_classification/train/cystic/tiswan_000668.jpg,train,cystic,borderline,non_expert,subtype_classification,acne,1.0,c62cdaa5d11b31d045a9be19c0bdc6474fbcb8a18f460c6a731421914432809b,Cleaned fine-grained classification image. Class: Cyst. Blur score: 59.57.
tiswan_000669,tiswan,cleaned_v1,datasets/skin/acne/final/subtype_classification/train/cystic/tiswan_000669.jpg,train,cystic,usable,non_expert,subtype_classification,acne,1.0,32cd3291e99d734af882c475b798a1c01ab02d678e6a85b064913f35069c3670,Cleaned fine-grained classification image. Class: Cyst. Blur score: 106.65.
tiswan_000670,tiswan,cleaned_v1,datasets/skin/acne/final/subtype_classification/train/cystic/tiswan_000670.jpg,train,cystic,usable,non_expert,subtype_classification,acne,1.0,6c752bf37bd13dea3bc770150dcc7c8fe9b9ceaab8bdc9cfb0755e3c970dea2c,Cleaned fine-grained classification image. Class: Cyst. Blur score: 79.18.
tiswan_000671,tiswan,cleaned_v1,datasets/skin/acne/final/subtype_classification/train/cystic/tiswan_000671.jpg,train,cystic,usable,non_expert,subtype_classification,acne,1.0,fd5c9233ef5a06ebddfd4d0cf425be10634244ce90914e3950c462e2238f2292,Cleaned fine-grained classification image. Class: Cyst. Blur score: 83.19.
tiswan_000672,tiswan,cleaned_v1,datasets/skin/acne/final/subtype_classification/train/cystic/tiswan_000672.jpg,train,cystic,usable,non_expert,subtype_classification,acne,1.0,943b46fade40f95fd937195a1036c8c48209141e9c34ebcc6408b92e36e03337,Cleaned fine-grained classification image. Class: Cyst. Blur score: 83.25.
tiswan_000673,tiswan,cleaned_v1,datasets/skin/acne/final/subtype_classification/train/cystic/tiswan_000673.jpg,train,cystic,usable,non_expert,subtype_classification,acne,1.0,e0e474ce63d43e9ba3cb4a58685dee48e020f7eab05940161fc359ea98404b39,Cleaned fine-grained classification image. Class: Cyst. Blur score: 67.73.
tiswan_000674,tiswan,cleaned_v1,datasets/skin/acne/final/subtype_classification/train/cystic/tiswan_000674.jpg,train,cystic,sharp,non_expert,subtype_classification,acne,1.0,222113c11939d706826b0679ea2f049379195fd0a1c65726dfec34b5cc3f6962,Cleaned fine-grained classification image. Class: Cyst. Blur score: 358.77.
tiswan_000675,tiswan,cleaned_v1,datasets/skin/acne/final/subtype_classification/train/cystic/tiswan_000675.jpg,train,cystic,borderline,non_expert,subtype_classification,acne,1.0,b9e93ddb5a17523b05467df472e40a2614edb9f70bc37fa301a087f8a5d031f8,Cleaned fine-grained classification image. Class: Cyst. Blur score: 48.42.
tiswan_000676,tiswan,cleaned_v1,datasets/skin/acne/final/subtype_classification/train/cystic/tiswan_000676.jpg,train,cystic,usable,non_expert,subtype_classification,acne,1.0,5bc97747c54bcc45c89b889c39174e8a6bd483c3f801c84d4c1f52852abefb43,Cleaned fine-grained classification image. Class: Cyst. Blur score: 133.76.
tiswan_000677,tiswan,cleaned_v1,datasets/skin/acne/final/subtype_classification/train/cystic/tiswan_000677.jpg,train,cystic,usable,non_expert,subtype_classification,acne,1.0,e6724efdf8994ed568c7618dccd8be42691e706baac707e869db7ca9fba56487,Cleaned fine-grained classification image. Class: Cyst. Blur score: 67.58.
tiswan_000678,tiswan,cleaned_v1,datasets/skin/acne/final/subtype_classification/train/cystic/tiswan_000678.jpg,train,cystic,usable,non_expert,subtype_classification,acne,1.0,ec572f44bb40763b6a719f90b9dd9de5d3f93d4e500c8aeaabf2128e958ce475,Cleaned fine-grained classification image. Class: Cyst. Blur score: 140.39.
tiswan_000679,tiswan,cleaned_v1,datasets/skin/acne/final/subtype_classification/train/cystic/tiswan_000679.jpg,train,cystic,usable,non_expert,subtype_classification,acne,1.0,a11b3d3813ffd1103318fc50ca1d330d75952dff916d626868446310de2c8a48,Cleaned fine-grained classification image. Class: Cyst. Blur score: 60.66.
tiswan_000680,tiswan,cleaned_v1,datasets/skin/acne/final/subtype_classification/train/cystic/tiswan_000680.jpg,train,cystic,sharp,non_expert,subtype_classification,acne,1.0,046f3c021a090e312e23e4a958868bc544276456e71735dc15beb6618693c590,Cleaned fine-grained classification image. Class: Cyst. Blur score: 511.76.
tiswan_000681,tiswan,cleaned_v1,datasets/skin/acne/final/subtype_classification/train/cystic/tiswan_000681.jpg,train,cystic,usable,non_expert,subtype_classification,acne,1.0,91a4033d7cc1bb6e80cd26cb8ea5e488edd9f02a957ef853f43ad036149068c8,Cleaned fine-grained classification image. Class: Cyst. Blur score: 104.38.
tiswan_000682,tiswan,cleaned_v1,datasets/skin/acne/final/subtype_classification/train/cystic/tiswan_000682.jpg,train,cystic,usable,non_expert,subtype_classification,acne,1.0,451abec1c7da546342454080579179e446e2bcc5f8730fcd06c377236922314e,Cleaned fine-grained classification image. Class: Cyst. Blur score: 147.67.
tiswan_000683,tiswan,cleaned_v1,datasets/skin/acne/final/subtype_classification/train/cystic/tiswan_000683.jpg,train,cystic,usable,non_expert,subtype_classification,acne,1.0,57aa7b83204be0253fdad16d68ad404c2b05031e1f7500a71d36b2c296c08249,Cleaned fine-grained classification image. Class: Cyst. Blur score: 61.55.
tiswan_000684,tiswan,cleaned_v1,datasets/skin/acne/final/subtype_classification/train/cystic/tiswan_000684.jpg,train,cystic,usable,non_expert,subtype_classification,acne,1.0,850a5f424f5fc594747265c5cf05e9463c8c8aba61acf4ff9bd42979f93d4c4d,Cleaned fine-grained classification image. Class: Cyst. Blur score: 143.92.
tiswan_000685,tiswan,cleaned_v1,datasets/skin/acne/final/subtype_classification/train/cystic/tiswan_000685.jpg,train,cystic,usable,non_expert,subtype_classification,acne,1.0,65cb808e05b5ff1cffebb395039f8a278f725c85d762395f774e8080d7e7a97d,Cleaned fine-grained classification image. Class: Cyst. Blur score: 87.73.
tiswan_000686,tiswan,cleaned_v1,datasets/skin/acne/final/subtype_classification/train/cystic/tiswan_000686.jpg,train,cystic,sharp,non_expert,subtype_classification,acne,1.0,b6211c3a2ba8ac071be3d985c8c4b855b22937a4357d9df4d298c7400f16dc5c,Cleaned fine-grained classification image. Class: Cyst. Blur score: 150.44.
tiswan_000687,tiswan,cleaned_v1,datasets/skin/acne/final/subtype_classification/train/cystic/tiswan_000687.jpg,train,cystic,usable,non_expert,subtype_classification,acne,1.0,655806898b11aee10f4082016c8134124460f12c3b27da1ed42efc1e251d2439,Cleaned fine-grained classification image. Class: Cyst. Blur score: 116.15.
tiswan_000688,tiswan,cleaned_v1,datasets/skin/acne/final/subtype_classification/train/cystic/tiswan_000688.jpg,train,cystic,usable,non_expert,subtype_classification,acne,1.0,2ce87f0ce28883bb515bdae8d9cbc5b2ea1bb23b724c905e2fd3cd2b52eb050b,Cleaned fine-grained classification image. Class: Cyst. Blur score: 98.82.
tiswan_000689,tiswan,cleaned_v1,datasets/skin/acne/final/subtype_classification/train/cystic/tiswan_000689.jpg,train,cystic,usable,non_expert,subtype_classification,acne,1.0,ad9ee099c2d18e1dd90915bfcc65e13393487806ce8b5ae3c4d846013ff3b416,Cleaned fine-grained classification image. Class: Cyst. Blur score: 67.61.
tiswan_000690,tiswan,cleaned_v1,datasets/skin/acne/final/subtype_classification/train/cystic/tiswan_000690.jpg,train,cystic,usable,non_expert,subtype_classification,acne,1.0,be1fb7328e1c98c6b59dd93367a11976d2727c2915698f3f188d5daf63e7f996,Cleaned fine-grained classification image. Class: Cyst. Blur score: 94.86.
tiswan_000691,tiswan,cleaned_v1,datasets/skin/acne/final/subtype_classification/train/cystic/tiswan_000691.jpg,train,cystic,usable,non_expert,subtype_classification,acne,1.0,cec6237b4116458facfedde2e023fe4b21887837632524c4ffae0706f29f567b,Cleaned fine-grained classification image. Class: Cyst. Blur score: 133.64.
tiswan_000692,tiswan,cleaned_v1,datasets/skin/acne/final/subtype_classification/train/cystic/tiswan_000692.jpg,train,cystic,borderline,non_expert,subtype_classification,acne,1.0,68d09e03a7d61f35d9a8a181ec51a511901a566449e4faa5d5116753748c637c,Cleaned fine-grained classification image. Class: Cyst. Blur score: 53.38.
tiswan_000693,tiswan,cleaned_v1,datasets/skin/acne/final/subtype_classification/train/cystic/tiswan_000693.jpg,train,cystic,usable,non_expert,subtype_classification,acne,1.0,858e54fab4ed35eb7b10e898cd8e0ada263016dde0667f1e8b3fe7c445cb2e09,Cleaned fine-grained classification image. Class: Cyst. Blur score: 145.58.
tiswan_000694,tiswan,cleaned_v1,datasets/skin/acne/final/subtype_classification/train/cystic/tiswan_000694.jpg,train,cystic,borderline,non_expert,subtype_classification,acne,1.0,69e649730b1e67a5ef6d10c8c0c64ac16f3487495014539c8cc0ed4b8b803ab5,Cleaned fine-grained classification image. Class: Cyst. Blur score: 57.21.
tiswan_000695,tiswan,cleaned_v1,datasets/skin/acne/final/subtype_classification/train/cystic/tiswan_000695.jpg,train,cystic,sharp,non_expert,subtype_classification,acne,1.0,25394b41cd9df3496af6c8b423f42bd4fc44aa3b528b53e0d4c5a7b3033390c2,Cleaned fine-grained classification image. Class: Cyst. Blur score: 395.74.
tiswan_000696,tiswan,cleaned_v1,datasets/skin/acne/final/subtype_classification/train/cystic/tiswan_000696.jpg,train,cystic,usable,non_expert,subtype_classification,acne,1.0,9228fecc05f1f740921bb0f68c96586a7b5c9aa9591c5a0d117f6c08d0507ee0,Cleaned fine-grained classification image. Class: Cyst. Blur score: 146.07.
tiswan_000697,tiswan,cleaned_v1,datasets/skin/acne/final/subtype_classification/train/cystic/tiswan_000697.jpg,train,cystic,usable,non_expert,subtype_classification,acne,1.0,6d973939b052a1bd88529fac1d50b8259add84913fe4a5aab1fd010a04f7f384,Cleaned fine-grained classification image. Class: Cyst. Blur score: 69.77.
tiswan_000698,tiswan,cleaned_v1,datasets/skin/acne/final/subtype_classification/train/cystic/tiswan_000698.jpg,train,cystic,usable,non_expert,subtype_classification,acne,1.0,f930a1818fbecaec348a8c4e9d586eba1219fbb61ce6d0d8c514587698a31201,Cleaned fine-grained classification image. Class: Cyst. Blur score: 93.67.
tiswan_000699,tiswan,cleaned_v1,datasets/skin/acne/final/subtype_classification/train/cystic/tiswan_000699.jpg,train,cystic,usable,non_expert,subtype_classification,acne,1.0,2de68cb8a97bddb5cf942115af41be483cdcbd3f68fa7ec84aae1159f8e91b55,Cleaned fine-grained classification image. Class: Cyst. Blur score: 94.84.
tiswan_000700,tiswan,cleaned_v1,datasets/skin/acne/final/subtype_classification/train/cystic/tiswan_000700.jpg,train,cystic,usable,non_expert,subtype_classification,acne,1.0,0792e1867b93473e23b24316cbeef15b94514f36992597036b80f1f6980795f3,Cleaned fine-grained classification image. Class: Cyst. Blur score: 73.86.
tiswan_000701,tiswan,cleaned_v1,datasets/skin/acne/final/subtype_classification/train/cystic/tiswan_000701.jpg,train,cystic,borderline,non_expert,subtype_classification,acne,1.0,ecbbdd207aad7eb038a6d69cc4e6634057070866c64f4dbaac08ae54e888f439,Cleaned fine-grained classification image. Class: Cyst. Blur score: 53.93.
tiswan_000702,tiswan,cleaned_v1,datasets/skin/acne/final/subtype_classification/train/cystic/tiswan_000702.jpg,train,cystic,usable,non_expert,subtype_classification,acne,1.0,99a1043b4f91473016951fd3b8b600e3762e014435118238edb878e9a63d932d,Cleaned fine-grained classification image. Class: Cyst. Blur score: 67.41.
tiswan_000703,tiswan,cleaned_v1,datasets/skin/acne/final/subtype_classification/train/cystic/tiswan_000703.jpg,train,cystic,sharp,non_expert,subtype_classification,acne,1.0,3711b38d07330d9c2dd187b8dca836f8d3ce27bc19da0343734bdb6f1784bfaa,Cleaned fine-grained classification image. Class: Cyst. Blur score: 203.28.
tiswan_000704,tiswan,cleaned_v1,datasets/skin/acne/final/subtype_classification/train/cystic/tiswan_000704.jpg,train,cystic,borderline,non_expert,subtype_classification,acne,1.0,d0e4a5812d1cb6aa4611ce258dd05cbc4e96429f5b0d4e65794b0039d303c3e7,Cleaned fine-grained classification image. Class: Cyst. Blur score: 43.39.
tiswan_000705,tiswan,cleaned_v1,datasets/skin/acne/final/subtype_classification/train/cystic/tiswan_000705.jpg,train,cystic,usable,non_expert,subtype_classification,acne,1.0,593b1fb22fa8ac2864ea83777600a3fd96b762a7beff129f710c05aa0c07a519,Cleaned fine-grained classification image. Class: Cyst. Blur score: 79.18.
tiswan_000706,tiswan,cleaned_v1,datasets/skin/acne/final/subtype_classification/train/cystic/tiswan_000706.jpg,train,cystic,borderline,non_expert,subtype_classification,acne,1.0,7ce703add4865a14cd90c76efe9859687bb55fef93ce7c3a5db390e7741be9df,Cleaned fine-grained classification image. Class: Cyst. Blur score: 50.24.
tiswan_000707,tiswan,cleaned_v1,datasets/skin/acne/final/subtype_classification/train/cystic/tiswan_000707.jpg,train,cystic,usable,non_expert,subtype_classification,acne,1.0,5cab1d1e4fad0b80809d722bab728ead23e21bcb3fd9016fa33144d9ccf2d715,Cleaned fine-grained classification image. Class: Cyst. Blur score: 65.46.
tiswan_000708,tiswan,cleaned_v1,datasets/skin/acne/final/subtype_classification/train/cystic/tiswan_000708.jpg,train,cystic,borderline,non_expert,subtype_classification,acne,1.0,85902bd69b664566bba41dfafdc67354243166dd971bdcb08b8eb7ad2031b09e,Cleaned fine-grained classification image. Class: Cyst. Blur score: 58.27.
tiswan_000709,tiswan,cleaned_v1,datasets/skin/acne/final/subtype_classification/train/cystic/tiswan_000709.jpg,train,cystic,usable,non_expert,subtype_classification,acne,1.0,f0b6e8983746478fdbde381689d280f31861cf3b64606e485a17e59f397a8321,Cleaned fine-grained classification image. Class: Cyst. Blur score: 92.4.
tiswan_000710,tiswan,cleaned_v1,datasets/skin/acne/final/subtype_classification/train/cystic/tiswan_000710.jpg,train,cystic,usable,non_expert,subtype_classification,acne,1.0,f79d9f3d5cc8589da705b50feac901717e351df1d8533df356d916e3c6dfa6bf,Cleaned fine-grained classification image. Class: Cyst. Blur score: 102.67.
tiswan_000711,tiswan,cleaned_v1,datasets/skin/acne/final/subtype_classification/train/cystic/tiswan_000711.jpg,train,cystic,sharp,non_expert,subtype_classification,acne,1.0,ba48ba744039bb38f192ae7e9531becbc23b474665d034914806f7692d2c234f,Cleaned fine-grained classification image. Class: Cyst. Blur score: 209.13.
tiswan_000712,tiswan,cleaned_v1,datasets/skin/acne/final/subtype_classification/train/cystic/tiswan_000712.jpg,train,cystic,usable,non_expert,subtype_classification,acne,1.0,d09f739da331fcd90614fcbd64394d04b2db869cf06a220c4140ec6590db9201,Cleaned fine-grained classification image. Class: Cyst. Blur score: 95.7.
tiswan_000713,tiswan,cleaned_v1,datasets/skin/acne/final/subtype_classification/train/cystic/tiswan_000713.jpg,train,cystic,usable,non_expert,subtype_classification,acne,1.0,ea650b2ff9d611c906c0deee3f7b6628ce858d41c98e3b2b6205c0000238d4b5,Cleaned fine-grained classification image. Class: Cyst. Blur score: 74.29.
tiswan_000714,tiswan,cleaned_v1,datasets/skin/acne/final/subtype_classification/train/cystic/tiswan_000714.jpg,train,cystic,usable,non_expert,subtype_classification,acne,1.0,65b8e985efbe1e5b7051443dd263355ca570991dbd8baf470f3596564f0dcd5e,Cleaned fine-grained classification image. Class: Cyst. Blur score: 126.72.
tiswan_000715,tiswan,cleaned_v1,datasets/skin/acne/final/subtype_classification/train/cystic/tiswan_000715.jpg,train,cystic,usable,non_expert,subtype_classification,acne,1.0,2258eed6a83343acb7a5b9813e9a7f96e0b60c204503ba5bfdc24e8069e67b08,Cleaned fine-grained classification image. Class: Cyst. Blur score: 118.58.
tiswan_000716,tiswan,cleaned_v1,datasets/skin/acne/final/subtype_classification/train/cystic/tiswan_000716.jpg,train,cystic,usable,non_expert,subtype_classification,acne,1.0,9d1b05c00faf4f925bcff4db2fdb5ba2c877fb53582c14e588859c7312a0759e,Cleaned fine-grained classification image. Class: Cyst. Blur score: 70.33.
tiswan_000717,tiswan,cleaned_v1,datasets/skin/acne/final/subtype_classification/train/cystic/tiswan_000717.jpg,train,cystic,usable,non_expert,subtype_classification,acne,1.0,2b8f2e114295f97bed2b934a0a2d22ce49c8ea000da8d371448efbecd8639db7,Cleaned fine-grained classification image. Class: Cyst. Blur score: 135.81.
tiswan_000718,tiswan,cleaned_v1,datasets/skin/acne/final/subtype_classification/train/cystic/tiswan_000718.jpg,train,cystic,usable,non_expert,subtype_classification,acne,1.0,5db31546f3ac560b3832b193f8bafbce84ae5f68dc20e4b79227aa5fc29665d2,Cleaned fine-grained classification image. Class: Cyst. Blur score: 88.71.
tiswan_000719,tiswan,cleaned_v1,datasets/skin/acne/final/subtype_classification/train/cystic/tiswan_000719.jpg,train,cystic,sharp,non_expert,subtype_classification,acne,1.0,24911f4b420cd95f2140941fc39c4351319966d6e4be363c357b11167aa34f64,Cleaned fine-grained classification image. Class: Cyst. Blur score: 284.46.
tiswan_000720,tiswan,cleaned_v1,datasets/skin/acne/final/subtype_classification/train/cystic/tiswan_000720.jpg,train,cystic,usable,non_expert,subtype_classification,acne,1.0,9ff3455fdad24abdf1eeaf3a198ef2a3e6c2fa995c12c543afcf4cd60ccc18fb,Cleaned fine-grained classification image. Class: Cyst. Blur score: 140.51.
tiswan_000721,tiswan,cleaned_v1,datasets/skin/acne/final/subtype_classification/train/cystic/tiswan_000721.jpg,train,cystic,borderline,non_expert,subtype_classification,acne,1.0,3e4423ad2e2980decbe0209c72c34b4cedf9debb61059d9c6235d48b8553974c,Cleaned fine-grained classification image. Class: Cyst. Blur score: 49.82.
tiswan_000722,tiswan,cleaned_v1,datasets/skin/acne/final/subtype_classification/train/cystic/tiswan_000722.jpg,train,cystic,sharp,non_expert,subtype_classification,acne,1.0,4f479acc036c62429c7a1afba9ed04ece005903a9cae134f0f1dbabae4c4b437,Cleaned fine-grained classification image. Class: Cyst. Blur score: 326.68.
tiswan_000723,tiswan,cleaned_v1,datasets/skin/acne/final/subtype_classification/train/cystic/tiswan_000723.jpg,train,cystic,usable,non_expert,subtype_classification,acne,1.0,5e9383b0a18bb2ae21e5b3ec472b5d8a8c386f8fc792bb4402d376d039fb4eff,Cleaned fine-grained classification image. Class: Cyst. Blur score: 81.2.
tiswan_000724,tiswan,cleaned_v1,datasets/skin/acne/final/subtype_classification/train/cystic/tiswan_000724.jpg,train,cystic,usable,non_expert,subtype_classification,acne,1.0,1f1941d6733081c3727047a1933d2d3ab795cb1a212fddba1f322fcecd848cd0,Cleaned fine-grained classification image. Class: Cyst. Blur score: 80.54.
tiswan_000725,tiswan,cleaned_v1,datasets/skin/acne/final/subtype_classification/train/cystic/tiswan_000725.jpg,train,cystic,usable,non_expert,subtype_classification,acne,1.0,d6638cee1820087977b18867983263bdc20c0e52d4b158a1760da0fad47ca101,Cleaned fine-grained classification image. Class: Cyst. Blur score: 74.59.
tiswan_000726,tiswan,cleaned_v1,datasets/skin/acne/final/subtype_classification/train/cystic/tiswan_000726.jpg,train,cystic,usable,non_expert,subtype_classification,acne,1.0,50b6bf419d878025ede24237d965f5abee2b414e39df1a62b2a2810cdf8a100a,Cleaned fine-grained classification image. Class: Cyst. Blur score: 82.8.
tiswan_000727,tiswan,cleaned_v1,datasets/skin/acne/final/subtype_classification/train/cystic/tiswan_000727.jpg,train,cystic,usable,non_expert,subtype_classification,acne,1.0,98a629cc94ea8c7d5b951c010e96529d28a5c2cf357f712921575c47580d3014,Cleaned fine-grained classification image. Class: Cyst. Blur score: 109.34.
tiswan_000728,tiswan,cleaned_v1,datasets/skin/acne/final/subtype_classification/train/cystic/tiswan_000728.jpg,train,cystic,usable,non_expert,subtype_classification,acne,1.0,d86d1097a5c72c7705da299db224a8916a396494c1ff88647f2c3fcca32da1a2,Cleaned fine-grained classification image. Class: Cyst. Blur score: 142.02.
tiswan_000729,tiswan,cleaned_v1,datasets/skin/acne/final/subtype_classification/train/cystic/tiswan_000729.jpg,train,cystic,usable,non_expert,subtype_classification,acne,1.0,1fef5082b5dc8451ae899e1013fba3c11d0c40b0668c6b7ec32d794c8ac92926,Cleaned fine-grained classification image. Class: Cyst. Blur score: 138.55.
tiswan_000730,tiswan,cleaned_v1,datasets/skin/acne/final/subtype_classification/train/cystic/tiswan_000730.jpg,train,cystic,usable,non_expert,subtype_classification,acne,1.0,7f14ed74927e688d64ede9d503cf6066056b256c3a0ccb587f03f4569f6fa169,Cleaned fine-grained classification image. Class: Cyst. Blur score: 87.29.
tiswan_000731,tiswan,cleaned_v1,datasets/skin/acne/final/subtype_classification/train/cystic/tiswan_000731.jpg,train,cystic,borderline,non_expert,subtype_classification,acne,1.0,21d99c11b21e2a74219910a02709df8954b16d14943f225996bcd746a46cd529,Cleaned fine-grained classification image. Class: Cyst. Blur score: 56.56.
tiswan_000732,tiswan,cleaned_v1,datasets/skin/acne/final/subtype_classification/train/cystic/tiswan_000732.jpg,train,cystic,sharp,non_expert,subtype_classification,acne,1.0,7f9010ab61b89723f552615bfdd982a9def4bb1c77fa4081c451f061057d15f9,Cleaned fine-grained classification image. Class: Cyst. Blur score: 330.05.
tiswan_000733,tiswan,cleaned_v1,datasets/skin/acne/final/subtype_classification/train/cystic/tiswan_000733.jpg,train,cystic,usable,non_expert,subtype_classification,acne,1.0,e470702d76607beb09ae99756f57784c302cc3049ead71fa95d5126bd96bf8be,Cleaned fine-grained classification image. Class: Cyst. Blur score: 65.89.
tiswan_000734,tiswan,cleaned_v1,datasets/skin/acne/final/subtype_classification/train/cystic/tiswan_000734.jpg,train,cystic,borderline,non_expert,subtype_classification,acne,1.0,bd351f6c445634f31198d4e013b2a9e0d04c09a2995979c21e896a15fddf7184,Cleaned fine-grained classification image. Class: Cyst. Blur score: 32.74.
tiswan_000735,tiswan,cleaned_v1,datasets/skin/acne/final/subtype_classification/train/cystic/tiswan_000735.jpg,train,cystic,usable,non_expert,subtype_classification,acne,1.0,79f625843bb257c9f0679ec81666cfb198b07b5011bd3715bce5df2f7a5ec421,Cleaned fine-grained classification image. Class: Cyst. Blur score: 65.05.
tiswan_000736,tiswan,cleaned_v1,datasets/skin/acne/final/subtype_classification/train/cystic/tiswan_000736.jpg,train,cystic,usable,non_expert,subtype_classification,acne,1.0,f879a9557344a72978365397931bd992944e9d04de279467e0a474fb94e706b9,Cleaned fine-grained classification image. Class: Cyst. Blur score: 76.56.
tiswan_000737,tiswan,cleaned_v1,datasets/skin/acne/final/subtype_classification/train/cystic/tiswan_000737.jpg,train,cystic,usable,non_expert,subtype_classification,acne,1.0,de9f0f25982d9de3a4cb6953aeb49900d991f0ad0f99a4cd35f8765d33dc926b,Cleaned fine-grained classification image. Class: Cyst. Blur score: 124.9.
tiswan_000738,tiswan,cleaned_v1,datasets/skin/acne/final/subtype_classification/train/cystic/tiswan_000738.jpg,train,cystic,borderline,non_expert,subtype_classification,acne,1.0,102fa67d3aa162d3559a723d6a915f078d8300ce9f240e4949e4ae31e0a0583a,Cleaned fine-grained classification image. Class: Cyst. Blur score: 53.73.
tiswan_000739,tiswan,cleaned_v1,datasets/skin/acne/final/subtype_classification/train/cystic/tiswan_000739.jpg,train,cystic,usable,non_expert,subtype_classification,acne,1.0,ad797d105b3d2e8e8d24b7faa9bb20a57169bfb76a62f27ca2158bf7b6aaa205,Cleaned fine-grained classification image. Class: Cyst. Blur score: 102.98.
tiswan_000740,tiswan,cleaned_v1,datasets/skin/acne/final/subtype_classification/train/cystic/tiswan_000740.jpg,train,cystic,usable,non_expert,subtype_classification,acne,1.0,047b86ef29f600dea83ff965c8af932af7f71e01b7fe6e351cfd17f57b05e43a,Cleaned fine-grained classification image. Class: Cyst. Blur score: 117.86.
tiswan_000741,tiswan,cleaned_v1,datasets/skin/acne/final/subtype_classification/train/cystic/tiswan_000741.jpg,train,cystic,usable,non_expert,subtype_classification,acne,1.0,4ec488efff6c5b3d6d0b91aa6264bac278a02a180b6f132453e0c6c2489e7af5,Cleaned fine-grained classification image. Class: Cyst. Blur score: 70.45.
tiswan_000742,tiswan,cleaned_v1,datasets/skin/acne/final/subtype_classification/train/cystic/tiswan_000742.jpg,train,cystic,borderline,non_expert,subtype_classification,acne,1.0,2594d0642d1db6f58b2bec34bd0420b29a25b8b3c26241650ec3ffccfad8a3ef,Cleaned fine-grained classification image. Class: Cyst. Blur score: 54.74.
tiswan_000743,tiswan,cleaned_v1,datasets/skin/acne/final/subtype_classification/train/cystic/tiswan_000743.jpg,train,cystic,usable,non_expert,subtype_classification,acne,1.0,17a40ffaad5508e1ca570a10234ba612e1ba8ec603a06eb745f38fbd611c21aa,Cleaned fine-grained classification image. Class: Cyst. Blur score: 96.32.
tiswan_000744,tiswan,cleaned_v1,datasets/skin/acne/final/subtype_classification/train/cystic/tiswan_000744.jpg,train,cystic,usable,non_expert,subtype_classification,acne,1.0,0bc0c378662821c66d44a9a1929beaa70bc1ce8740947fca259ba3f2d1795ddf,Cleaned fine-grained classification image. Class: Cyst. Blur score: 67.94.
tiswan_000745,tiswan,cleaned_v1,datasets/skin/acne/final/subtype_classification/train/cystic/tiswan_000745.jpg,train,cystic,usable,non_expert,subtype_classification,acne,1.0,960dff0f759ba71345ee3e1e66dd9712e9ea02447f3b718afca1a0006af496f3,Cleaned fine-grained classification image. Class: Cyst. Blur score: 69.24.
tiswan_000746,tiswan,cleaned_v1,datasets/skin/acne/final/subtype_classification/train/cystic/tiswan_000746.jpg,train,cystic,usable,non_expert,subtype_classification,acne,1.0,d588054f23cd4cd137e2f82e240d64c2a29cd6469116cb1ae93a0f2762c21a19,Cleaned fine-grained classification image. Class: Cyst. Blur score: 65.66.
tiswan_000747,tiswan,cleaned_v1,datasets/skin/acne/final/subtype_classification/train/cystic/tiswan_000747.jpg,train,cystic,usable,non_expert,subtype_classification,acne,1.0,1b79240ad8905214a0b88b522be7ddf3569ba1ee6cbe5c19fb07604728f5f179,Cleaned fine-grained classification image. Class: Cyst. Blur score: 88.38.
tiswan_000748,tiswan,cleaned_v1,datasets/skin/acne/final/subtype_classification/train/cystic/tiswan_000748.jpg,train,cystic,usable,non_expert,subtype_classification,acne,1.0,7b40213031f63eb1b4a3722bbf94c099a45a6a0d1e0c8f0253fcb97decc0fa79,Cleaned fine-grained classification image. Class: Cyst. Blur score: 124.95.
tiswan_000749,tiswan,cleaned_v1,datasets/skin/acne/final/subtype_classification/train/cystic/tiswan_000749.jpg,train,cystic,sharp,non_expert,subtype_classification,acne,1.0,f4c3e2e10bb5fbaee9a072af495716820b7950feaece34c1246b8527d3aeaf65,Cleaned fine-grained classification image. Class: Cyst. Blur score: 479.62.
tiswan_000750,tiswan,cleaned_v1,datasets/skin/acne/final/subtype_classification/train/cystic/tiswan_000750.jpg,train,cystic,usable,non_expert,subtype_classification,acne,1.0,46dc5c21aa219924671629e65d0454fd42d49c7dec20aae9780099dcc399d698,Cleaned fine-grained classification image. Class: Cyst. Blur score: 67.92.
tiswan_000751,tiswan,cleaned_v1,datasets/skin/acne/final/subtype_classification/train/cystic/tiswan_000751.jpg,train,cystic,usable,non_expert,subtype_classification,acne,1.0,32dc3f19f216be023d610bbac82598a440b5852964b53e756ec8f6f2f4fde70f,Cleaned fine-grained classification image. Class: Cyst. Blur score: 81.4.
tiswan_000752,tiswan,cleaned_v1,datasets/skin/acne/final/subtype_classification/train/cystic/tiswan_000752.jpg,train,cystic,usable,non_expert,subtype_classification,acne,1.0,26a51776dd11f2fd3b9a5a32c4648781bd1a7bb42b97b49b0f9c2bddcd5cd894,Cleaned fine-grained classification image. Class: Cyst. Blur score: 69.22.
tiswan_000753,tiswan,cleaned_v1,datasets/skin/acne/final/subtype_classification/train/cystic/tiswan_000753.jpg,train,cystic,usable,non_expert,subtype_classification,acne,1.0,1d9ba49f315cadf88437e47fd301de02774e7d5e7f1e4c4faf29e004979369f7,Cleaned fine-grained classification image. Class: Cyst. Blur score: 89.56.
tiswan_000754,tiswan,cleaned_v1,datasets/skin/acne/final/subtype_classification/train/cystic/tiswan_000754.jpg,train,cystic,usable,non_expert,subtype_classification,acne,1.0,afe6529e0f24b0f8462b5750c09388b1ed540b347805f0a0d76feb68cf0040cf,Cleaned fine-grained classification image. Class: Cyst. Blur score: 124.16.
tiswan_000755,tiswan,cleaned_v1,datasets/skin/acne/final/subtype_classification/train/cystic/tiswan_000755.jpg,train,cystic,borderline,non_expert,subtype_classification,acne,1.0,06f9bcaf1bf0733f00b0dfd38d57d37103eb77ebc222bc104fdc08503d6060c8,Cleaned fine-grained classification image. Class: Cyst. Blur score: 57.41.
tiswan_000756,tiswan,cleaned_v1,datasets/skin/acne/final/subtype_classification/train/cystic/tiswan_000756.jpg,train,cystic,usable,non_expert,subtype_classification,acne,1.0,c58025968a9904dfcc0e1b007a01ff6c72e588de231201957365cf10eeb78ad6,Cleaned fine-grained classification image. Class: Cyst. Blur score: 104.21.
tiswan_000757,tiswan,cleaned_v1,datasets/skin/acne/final/subtype_classification/train/cystic/tiswan_000757.jpg,train,cystic,usable,non_expert,subtype_classification,acne,1.0,eb67904e3f57f650fa02e1fc00af878a8fb81b106c611f4fca58ddef953dc5c1,Cleaned fine-grained classification image. Class: Cyst. Blur score: 101.73.
tiswan_000758,tiswan,cleaned_v1,datasets/skin/acne/final/subtype_classification/train/cystic/tiswan_000758.jpg,train,cystic,usable,non_expert,subtype_classification,acne,1.0,33258b9d8d86daa01e6bee93f8a1ea57a7db603b5df9cfe17d5ab85d002d2c48,Cleaned fine-grained classification image. Class: Cyst. Blur score: 73.69.
tiswan_000759,tiswan,cleaned_v1,datasets/skin/acne/final/subtype_classification/train/cystic/tiswan_000759.jpg,train,cystic,usable,non_expert,subtype_classification,acne,1.0,520b72dce7953b22a6dcfff29ecad3ff62e6af936b50e03da71b398421111a21,Cleaned fine-grained classification image. Class: Cyst. Blur score: 97.64.
tiswan_000760,tiswan,cleaned_v1,datasets/skin/acne/final/subtype_classification/train/cystic/tiswan_000760.jpg,train,cystic,usable,non_expert,subtype_classification,acne,1.0,685fafc1035ded5e4befe5ba7377b151ad38b0b1773f486f1aa864313180efb2,Cleaned fine-grained classification image. Class: Cyst. Blur score: 118.01.
tiswan_000761,tiswan,cleaned_v1,datasets/skin/acne/final/subtype_classification/train/cystic/tiswan_000761.jpg,train,cystic,usable,non_expert,subtype_classification,acne,1.0,5e27bf64320c76ec33d2903abea3a4f1f7415fb0895f90b00c898ea4a0536512,Cleaned fine-grained classification image. Class: Cyst. Blur score: 106.75.
tiswan_000762,tiswan,cleaned_v1,datasets/skin/acne/final/subtype_classification/train/cystic/tiswan_000762.jpg,train,cystic,usable,non_expert,subtype_classification,acne,1.0,04fe109bf2081746415753c704a420010c31a1b896a9de32f52b63cf73fa6dd1,Cleaned fine-grained classification image. Class: Cyst. Blur score: 90.67.
tiswan_000763,tiswan,cleaned_v1,datasets/skin/acne/final/subtype_classification/train/cystic/tiswan_000763.jpg,train,cystic,usable,non_expert,subtype_classification,acne,1.0,39732fc1bfdd0769f369d2d9d97b3ad2537af36ce1a0dd9af15e426c8b6fddab,Cleaned fine-grained classification image. Class: Cyst. Blur score: 74.11.
tiswan_000764,tiswan,cleaned_v1,datasets/skin/acne/final/subtype_classification/train/cystic/tiswan_000764.jpg,train,cystic,usable,non_expert,subtype_classification,acne,1.0,4c34db33df6f0750f38ec9e7086d095cefb28bc8a44ca445a392c664b0786d11,Cleaned fine-grained classification image. Class: Cyst. Blur score: 88.03.
tiswan_000765,tiswan,cleaned_v1,datasets/skin/acne/final/subtype_classification/train/cystic/tiswan_000765.jpg,train,cystic,usable,non_expert,subtype_classification,acne,1.0,75c6cb3f20f5b1dc72e9fa08cc4e3a0225e2663e02c64e13293f830fdcd5b00a,Cleaned fine-grained classification image. Class: Cyst. Blur score: 140.01.
tiswan_000766,tiswan,cleaned_v1,datasets/skin/acne/final/subtype_classification/train/cystic/tiswan_000766.jpg,train,cystic,borderline,non_expert,subtype_classification,acne,1.0,b75c5ef85512d537a6c436173be7ab79d72af690a7aa40ffdfd889af3fd614f0,Cleaned fine-grained classification image. Class: Cyst. Blur score: 32.67.
tiswan_000767,tiswan,cleaned_v1,datasets/skin/acne/final/subtype_classification/train/cystic/tiswan_000767.jpg,train,cystic,usable,non_expert,subtype_classification,acne,1.0,48e6440e81e725aab6186dd7d712692c1b37ffb0ee90b84eb98b3886f1e15aa6,Cleaned fine-grained classification image. Class: Cyst. Blur score: 114.44.
tiswan_000768,tiswan,cleaned_v1,datasets/skin/acne/final/subtype_classification/train/cystic/tiswan_000768.jpg,train,cystic,sharp,non_expert,subtype_classification,acne,1.0,c46a0008f5c2d3c106a2103ced85a3b5513ca795f0ac6285e723c1ccc5fe5af1,Cleaned fine-grained classification image. Class: Cyst. Blur score: 613.1.
tiswan_000769,tiswan,cleaned_v1,datasets/skin/acne/final/subtype_classification/train/cystic/tiswan_000769.jpg,train,cystic,usable,non_expert,subtype_classification,acne,1.0,8d32620837d6db87fa5e5ff1efd65dad7e8e79a3454b7431208e2f0c35628096,Cleaned fine-grained classification image. Class: Cyst. Blur score: 128.34.
tiswan_000770,tiswan,cleaned_v1,datasets/skin/acne/final/subtype_classification/train/cystic/tiswan_000770.jpg,train,cystic,usable,non_expert,subtype_classification,acne,1.0,a3ea9d534386483d4554efa9d6e4500f9f392528632bd4842763b949685d9451,Cleaned fine-grained classification image. Class: Cyst. Blur score: 92.16.
tiswan_000771,tiswan,cleaned_v1,datasets/skin/acne/final/subtype_classification/train/cystic/tiswan_000771.jpg,train,cystic,sharp,non_expert,subtype_classification,acne,1.0,788fc1a8e5c0919c6264a417b0bba3084fb6eaeaf3aa62ca67b6be09227f7f2c,Cleaned fine-grained classification image. Class: Cyst. Blur score: 180.57.
tiswan_000772,tiswan,cleaned_v1,datasets/skin/acne/final/subtype_classification/train/cystic/tiswan_000772.jpg,train,cystic,sharp,non_expert,subtype_classification,acne,1.0,90c95a11ad82b3fa61a24281e4c9b93e9adb65926066da3405cfcefbda2d73f6,Cleaned fine-grained classification image. Class: Cyst. Blur score: 371.51.
tiswan_000773,tiswan,cleaned_v1,datasets/skin/acne/final/subtype_classification/train/cystic/tiswan_000773.jpg,train,cystic,usable,non_expert,subtype_classification,acne,1.0,92f82267f2263c2fbcebb66531008c7a4d66b702023da1cd2b7c4d3d78b84627,Cleaned fine-grained classification image. Class: Cyst. Blur score: 127.33.
tiswan_000774,tiswan,cleaned_v1,datasets/skin/acne/final/subtype_classification/train/cystic/tiswan_000774.jpg,train,cystic,usable,non_expert,subtype_classification,acne,1.0,22ff651c5d93f84bdd88d45d4e792b0d53801f1ee4284a2b2b00649cf73582f6,Cleaned fine-grained classification image. Class: Cyst. Blur score: 149.86.
tiswan_000775,tiswan,cleaned_v1,datasets/skin/acne/final/subtype_classification/train/cystic/tiswan_000775.jpg,train,cystic,sharp,non_expert,subtype_classification,acne,1.0,f1c6085435ba536a28638706b876089967688274da2c4a518fcb1a30b923e111,Cleaned fine-grained classification image. Class: Cyst. Blur score: 160.26.
tiswan_000776,tiswan,cleaned_v1,datasets/skin/acne/final/subtype_classification/train/cystic/tiswan_000776.jpg,train,cystic,usable,non_expert,subtype_classification,acne,1.0,8b1b153e1fa73ef8ac83e131e33831ad966db312ba6eff8d9597c98d7db65eec,Cleaned fine-grained classification image. Class: Cyst. Blur score: 75.75.
tiswan_000777,tiswan,cleaned_v1,datasets/skin/acne/final/subtype_classification/train/cystic/tiswan_000777.jpg,train,cystic,usable,non_expert,subtype_classification,acne,1.0,11df81ef75e1db7f4a1330f8adc8f00cb95d0505a87bcb91c95f603e6861f3dc,Cleaned fine-grained classification image. Class: Cyst. Blur score: 123.7.
tiswan_000778,tiswan,cleaned_v1,datasets/skin/acne/final/subtype_classification/train/cystic/tiswan_000778.jpg,train,cystic,sharp,non_expert,subtype_classification,acne,1.0,f6f14a98ebce5cf85c5597253cbee90a835215aa786afb672972eded0ca53c7c,Cleaned fine-grained classification image. Class: Cyst. Blur score: 191.41.
tiswan_000779,tiswan,cleaned_v1,datasets/skin/acne/final/subtype_classification/train/cystic/tiswan_000779.jpg,train,cystic,usable,non_expert,subtype_classification,acne,1.0,bd55d6d82276f0d9ab50075cda29d79a8dfea705cd51a552b029e274f39c2c06,Cleaned fine-grained classification image. Class: Cyst. Blur score: 108.47.
tiswan_000780,tiswan,cleaned_v1,datasets/skin/acne/final/subtype_classification/train/cystic/tiswan_000780.jpg,train,cystic,sharp,non_expert,subtype_classification,acne,1.0,d8236b08cad3b1429f5437658ea0f57aefe85ad235e459a7704a83e6b4090e76,Cleaned fine-grained classification image. Class: Cyst. Blur score: 237.25.
tiswan_000781,tiswan,cleaned_v1,datasets/skin/acne/final/subtype_classification/train/cystic/tiswan_000781.jpg,train,cystic,usable,non_expert,subtype_classification,acne,1.0,f2ffd011b8c871d35cadc41f319836924a0f35ab22a23633e6ef67d85c137ecb,Cleaned fine-grained classification image. Class: Cyst. Blur score: 121.08.
tiswan_000782,tiswan,cleaned_v1,datasets/skin/acne/final/subtype_classification/train/cystic/tiswan_000782.jpg,train,cystic,sharp,non_expert,subtype_classification,acne,1.0,5306cb10504b158f2b194f5caaf3fae795c2a71b8b9bc0a239627fe47b8eadb0,Cleaned fine-grained classification image. Class: Cyst. Blur score: 194.42.
tiswan_000783,tiswan,cleaned_v1,datasets/skin/acne/final/subtype_classification/train/cystic/tiswan_000783.jpg,train,cystic,usable,non_expert,subtype_classification,acne,1.0,02f60e916fee0b1a05334d31d0571344e23b6545d51ce57ae4859ee9678af9d7,Cleaned fine-grained classification image. Class: Cyst. Blur score: 146.21.
tiswan_000784,tiswan,cleaned_v1,datasets/skin/acne/final/subtype_classification/train/cystic/tiswan_000784.jpg,train,cystic,usable,non_expert,subtype_classification,acne,1.0,75ae1128ac8a9a3fd4293ae13196db5519233af9fd19098fbec25133297fa069,Cleaned fine-grained classification image. Class: Cyst. Blur score: 91.07.
tiswan_000785,tiswan,cleaned_v1,datasets/skin/acne/final/subtype_classification/train/cystic/tiswan_000785.jpg,train,cystic,usable,non_expert,subtype_classification,acne,1.0,d98fce294305f4d7c422e3c5c25c67dc4f62ac65faff89ce592dedaef51edc40,Cleaned fine-grained classification image. Class: Cyst. Blur score: 87.56.
tiswan_000786,tiswan,cleaned_v1,datasets/skin/acne/final/subtype_classification/train/cystic/tiswan_000786.jpg,train,cystic,sharp,non_expert,subtype_classification,acne,1.0,840bbd998ff67c11c79a014a81b62a2c6ad4d4deb4250de6836cf50a5697703f,Cleaned fine-grained classification image. Class: Cyst. Blur score: 238.87.
tiswan_000787,tiswan,cleaned_v1,datasets/skin/acne/final/subtype_classification/train/cystic/tiswan_000787.jpg,train,cystic,usable,non_expert,subtype_classification,acne,1.0,c839dfb4aa1ff201cb6df2ca837306542f10d0a154969441c8ee0d989ce242b2,Cleaned fine-grained classification image. Class: Cyst. Blur score: 126.34.
tiswan_000788,tiswan,cleaned_v1,datasets/skin/acne/final/subtype_classification/train/cystic/tiswan_000788.jpg,train,cystic,usable,non_expert,subtype_classification,acne,1.0,35637858687a487f5447f29a2f24e7fe8c2db50bfee60d1a0ed9ae3ff2707927,Cleaned fine-grained classification image. Class: Cyst. Blur score: 132.4.
tiswan_000789,tiswan,cleaned_v1,datasets/skin/acne/final/subtype_classification/train/cystic/tiswan_000789.jpg,train,cystic,usable,non_expert,subtype_classification,acne,1.0,b958ad7e9ccbb774adce1c9c234902547a3bc1c28f4211e0677dec86e2c30bee,Cleaned fine-grained classification image. Class: Cyst. Blur score: 86.44.
tiswan_000790,tiswan,cleaned_v1,datasets/skin/acne/final/subtype_classification/train/cystic/tiswan_000790.jpg,train,cystic,usable,non_expert,subtype_classification,acne,1.0,5fbcce30b2e429f00ab1a96fe7e73ccbbe93d77001123b986c3e046881fe892a,Cleaned fine-grained classification image. Class: Cyst. Blur score: 90.53.
tiswan_000791,tiswan,cleaned_v1,datasets/skin/acne/final/subtype_classification/train/cystic/tiswan_000791.jpg,train,cystic,usable,non_expert,subtype_classification,acne,1.0,72b01d560988983d1b596d205e12ad81235c2f3742da6734c4d4227bbdb2ea49,Cleaned fine-grained classification image. Class: Cyst. Blur score: 92.09.
tiswan_000792,tiswan,cleaned_v1,datasets/skin/acne/final/subtype_classification/train/cystic/tiswan_000792.jpg,train,cystic,sharp,non_expert,subtype_classification,acne,1.0,e35bdf9b744813348b1da97d9eff8b6e4319bad5e13f30f9937086e556c4c962,Cleaned fine-grained classification image. Class: Cyst. Blur score: 188.08.
tiswan_000793,tiswan,cleaned_v1,datasets/skin/acne/final/subtype_classification/train/cystic/tiswan_000793.jpg,train,cystic,usable,non_expert,subtype_classification,acne,1.0,09e33701d6b786495651ce075b8175c4e3f6ba2efe9c57967f4087917c55dc1b,Cleaned fine-grained classification image. Class: Cyst. Blur score: 129.14.
tiswan_000794,tiswan,cleaned_v1,datasets/skin/acne/final/subtype_classification/train/cystic/tiswan_000794.jpg,train,cystic,usable,non_expert,subtype_classification,acne,1.0,87e75b25daabb287380cdaaeff8835bc316088b1d4876571a5338728e82b3a64,Cleaned fine-grained classification image. Class: Cyst. Blur score: 86.75.
tiswan_000795,tiswan,cleaned_v1,datasets/skin/acne/final/subtype_classification/train/cystic/tiswan_000795.jpg,train,cystic,usable,non_expert,subtype_classification,acne,1.0,5e0876d15346d4974c233f6208d483827bfa76026395668ed4296bd2ee88846c,Cleaned fine-grained classification image. Class: Cyst. Blur score: 83.28.
tiswan_000796,tiswan,cleaned_v1,datasets/skin/acne/final/subtype_classification/train/cystic/tiswan_000796.jpg,train,cystic,usable,non_expert,subtype_classification,acne,1.0,2a58fc9c5b78b1bcd7f118971413a3d7d1a7967498b9d58bab1f216860d80e0b,Cleaned fine-grained classification image. Class: Cyst. Blur score: 92.78.
tiswan_000797,tiswan,cleaned_v1,datasets/skin/acne/final/subtype_classification/train/cystic/tiswan_000797.jpg,train,cystic,sharp,non_expert,subtype_classification,acne,1.0,8a21490c8de853aeb01be4af096e2c6d6a07ac080d2131b3b57ee19e1db65459,Cleaned fine-grained classification image. Class: Cyst. Blur score: 236.52.
tiswan_000798,tiswan,cleaned_v1,datasets/skin/acne/final/subtype_classification/train/cystic/tiswan_000798.jpg,train,cystic,sharp,non_expert,subtype_classification,acne,1.0,8cc8da7b00c45660762b6259e59d53ca1b0ef591976217ee6514d96eb8f5ed56,Cleaned fine-grained classification image. Class: Cyst. Blur score: 191.44.
tiswan_000799,tiswan,cleaned_v1,datasets/skin/acne/final/subtype_classification/train/cystic/tiswan_000799.jpg,train,cystic,usable,non_expert,subtype_classification,acne,1.0,9ff8b9be43aea9035a5dcc0d517633b78f4b95c9ed86c7f92dc16b6d713f9493,Cleaned fine-grained classification image. Class: Cyst. Blur score: 93.68.
tiswan_000800,tiswan,cleaned_v1,datasets/skin/acne/final/subtype_classification/train/cystic/tiswan_000800.jpg,train,cystic,usable,non_expert,subtype_classification,acne,1.0,c438714c53586f89bbb1e7204748e6b061f5995247f02e062e379eca812bca3b,Cleaned fine-grained classification image. Class: Cyst. Blur score: 120.68.
tiswan_000801,tiswan,cleaned_v1,datasets/skin/acne/final/subtype_classification/train/cystic/tiswan_000801.jpg,train,cystic,sharp,non_expert,subtype_classification,acne,1.0,1747f423e982a51d5434f2c9b251422e7ec0e0e69feded3b897af318fbcc2372,Cleaned fine-grained classification image. Class: Cyst. Blur score: 446.86.
tiswan_000802,tiswan,cleaned_v1,datasets/skin/acne/final/subtype_classification/train/cystic/tiswan_000802.jpg,train,cystic,usable,non_expert,subtype_classification,acne,1.0,456013457f6eba4048a3db5584bd3068d799e7ad577c64301246a117c30ed303,Cleaned fine-grained classification image. Class: Cyst. Blur score: 136.3.
tiswan_000803,tiswan,cleaned_v1,datasets/skin/acne/final/subtype_classification/train/cystic/tiswan_000803.jpg,train,cystic,usable,non_expert,subtype_classification,acne,1.0,59f129421a04a2fd8fa876646c31d0ce049c57fbbd94608a62ee4b1ad4549738,Cleaned fine-grained classification image. Class: Cyst. Blur score: 116.09.
tiswan_000804,tiswan,cleaned_v1,datasets/skin/acne/final/subtype_classification/train/cystic/tiswan_000804.jpg,train,cystic,usable,non_expert,subtype_classification,acne,1.0,9a9882904cbc7fd1d2abe5dc4e0c40e4c02f5ddba3af135435acd72b9b6573cd,Cleaned fine-grained classification image. Class: Cyst. Blur score: 144.94.
tiswan_000805,tiswan,cleaned_v1,datasets/skin/acne/final/subtype_classification/train/cystic/tiswan_000805.jpg,train,cystic,usable,non_expert,subtype_classification,acne,1.0,b26e3d93700476565ad8ea5c909dd978779fe4a87e2a24d826bd5f82c4bfda6e,Cleaned fine-grained classification image. Class: Cyst. Blur score: 94.0.
tiswan_000806,tiswan,cleaned_v1,datasets/skin/acne/final/subtype_classification/train/cystic/tiswan_000806.jpg,train,cystic,sharp,non_expert,subtype_classification,acne,1.0,86e1b9d0c0698efe0fb2d7f1920ea2bcf4b5672f8dbfa51f7da133fcbe323517,Cleaned fine-grained classification image. Class: Cyst. Blur score: 283.71.
tiswan_000807,tiswan,cleaned_v1,datasets/skin/acne/final/subtype_classification/train/cystic/tiswan_000807.jpg,train,cystic,usable,non_expert,subtype_classification,acne,1.0,84fda96ff269a10a18ad046805cb050da52d034fb21c9361730bb23e51d4e61c,Cleaned fine-grained classification image. Class: Cyst. Blur score: 69.53.
tiswan_000808,tiswan,cleaned_v1,datasets/skin/acne/final/subtype_classification/train/cystic/tiswan_000808.jpg,train,cystic,usable,non_expert,subtype_classification,acne,1.0,c0ca83a2ced86c65e1162fbad687e1e4a3f3741515af068aced3b612defb9908,Cleaned fine-grained classification image. Class: Cyst. Blur score: 72.59.
tiswan_000809,tiswan,cleaned_v1,datasets/skin/acne/final/subtype_classification/train/cystic/tiswan_000809.jpg,train,cystic,usable,non_expert,subtype_classification,acne,1.0,b56477238dac054dd52738fff7cba48788aa975db07131009c4694dcbb164bd9,Cleaned fine-grained classification image. Class: Cyst. Blur score: 81.46.
tiswan_000810,tiswan,cleaned_v1,datasets/skin/acne/final/subtype_classification/train/cystic/tiswan_000810.jpg,train,cystic,usable,non_expert,subtype_classification,acne,1.0,3b3f1d60a1de1f0d0905bb6e1eb6198a6a14146cae9fc5f7d656fc595ff92568,Cleaned fine-grained classification image. Class: Cyst. Blur score: 117.72.
tiswan_000811,tiswan,cleaned_v1,datasets/skin/acne/final/subtype_classification/train/cystic/tiswan_000811.jpg,train,cystic,usable,non_expert,subtype_classification,acne,1.0,607759a57ae1546b78bf501f7e3f6f10632be665f91b82f7a646d8019a168682,Cleaned fine-grained classification image. Class: Cyst. Blur score: 94.96.
tiswan_000812,tiswan,cleaned_v1,datasets/skin/acne/final/subtype_classification/train/cystic/tiswan_000812.jpg,train,cystic,sharp,non_expert,subtype_classification,acne,1.0,b6f6a2fc8bfe6405aa1cf3c816b6ca77cdb142b3e98df594973e4d6a37495b8f,Cleaned fine-grained classification image. Class: Cyst. Blur score: 322.16.
tiswan_000813,tiswan,cleaned_v1,datasets/skin/acne/final/subtype_classification/train/cystic/tiswan_000813.jpg,train,cystic,borderline,non_expert,subtype_classification,acne,1.0,a050007ca1a5f64d5d1137c10e5f107938f82c90f6f4b66f660a7f24757e159c,Cleaned fine-grained classification image. Class: Cyst. Blur score: 54.86.
tiswan_000814,tiswan,cleaned_v1,datasets/skin/acne/final/subtype_classification/train/cystic/tiswan_000814.jpg,train,cystic,usable,non_expert,subtype_classification,acne,1.0,cb0cc726b3978e0cedb0f96856e665f13e8fc014ce8ba9ac8f284f518b10f2e0,Cleaned fine-grained classification image. Class: Cyst. Blur score: 132.48.
tiswan_000815,tiswan,cleaned_v1,datasets/skin/acne/final/subtype_classification/train/cystic/tiswan_000815.jpg,train,cystic,usable,non_expert,subtype_classification,acne,1.0,d225d938679db049cd38a80ed89c55e04d644c65ed0f4901ce687e06dac8b62d,Cleaned fine-grained classification image. Class: Cyst. Blur score: 74.07.
tiswan_000816,tiswan,cleaned_v1,datasets/skin/acne/final/subtype_classification/train/cystic/tiswan_000816.jpg,train,cystic,usable,non_expert,subtype_classification,acne,1.0,7be1a74e42241948783a479ad307532497b14a262311a42fb484fa92bc46bb93,Cleaned fine-grained classification image. Class: Cyst. Blur score: 76.31.
tiswan_000817,tiswan,cleaned_v1,datasets/skin/acne/final/subtype_classification/train/cystic/tiswan_000817.jpg,train,cystic,usable,non_expert,subtype_classification,acne,1.0,b28e026f9f9708118cb935a1b35ee991dfd46eab5e721a237b8e3b113b1bf7cd,Cleaned fine-grained classification image. Class: Cyst. Blur score: 99.07.
tiswan_000818,tiswan,cleaned_v1,datasets/skin/acne/final/subtype_classification/train/cystic/tiswan_000818.jpg,train,cystic,usable,non_expert,subtype_classification,acne,1.0,fad4da7ced752bb6ba6e6e5001818101234124e793513b438698ed95b7e56d03,Cleaned fine-grained classification image. Class: Cyst. Blur score: 64.21.
tiswan_000819,tiswan,cleaned_v1,datasets/skin/acne/final/subtype_classification/train/cystic/tiswan_000819.jpg,train,cystic,usable,non_expert,subtype_classification,acne,1.0,912a400dcb2064de3d600bfdd17213609c0505483f42ca2f7a021d6a844b5611,Cleaned fine-grained classification image. Class: Cyst. Blur score: 65.34.
tiswan_000820,tiswan,cleaned_v1,datasets/skin/acne/final/subtype_classification/train/cystic/tiswan_000820.jpg,train,cystic,usable,non_expert,subtype_classification,acne,1.0,08696ffc4395fc151e3ff02b07e27cb5220cd8cc66d6b22542dfaab3fb2e7685,Cleaned fine-grained classification image. Class: Cyst. Blur score: 83.12.
tiswan_000821,tiswan,cleaned_v1,datasets/skin/acne/final/subtype_classification/train/cystic/tiswan_000821.jpg,train,cystic,usable,non_expert,subtype_classification,acne,1.0,51dba8aa4e63d126694bd56cc443569e27f0db1bd9b2ea0851336d235f2f2b80,Cleaned fine-grained classification image. Class: Cyst. Blur score: 131.66.
tiswan_000822,tiswan,cleaned_v1,datasets/skin/acne/final/subtype_classification/train/cystic/tiswan_000822.jpg,train,cystic,usable,non_expert,subtype_classification,acne,1.0,7a5f0765748199538b8a4bbc3b9e6d2798cd9943a6bd89f7925067be491d8ebf,Cleaned fine-grained classification image. Class: Cyst. Blur score: 107.56.
tiswan_000823,tiswan,cleaned_v1,datasets/skin/acne/final/subtype_classification/train/cystic/tiswan_000823.jpg,train,cystic,usable,non_expert,subtype_classification,acne,1.0,d143e50673be794ddfd058962eb875ad5a7334d0a10e3be6f29709ec9ff29cdb,Cleaned fine-grained classification image. Class: Cyst. Blur score: 120.69.
tiswan_000824,tiswan,cleaned_v1,datasets/skin/acne/final/subtype_classification/train/cystic/tiswan_000824.jpg,train,cystic,usable,non_expert,subtype_classification,acne,1.0,188ea6484b42eb4bd5060337ddc951cb8b5ecbf794f469bb74bccb3603f8d62c,Cleaned fine-grained classification image. Class: Cyst. Blur score: 148.68.
tiswan_000825,tiswan,cleaned_v1,datasets/skin/acne/final/subtype_classification/train/cystic/tiswan_000825.jpg,train,cystic,usable,non_expert,subtype_classification,acne,1.0,74d9c6a5e80d1ee82b46fcfe0298f99064ffadc59f76c6b385cbc8069aebb2d9,Cleaned fine-grained classification image. Class: Cyst. Blur score: 82.28.
tiswan_000826,tiswan,cleaned_v1,datasets/skin/acne/final/subtype_classification/train/cystic/tiswan_000826.jpg,train,cystic,sharp,non_expert,subtype_classification,acne,1.0,e594d6863bd79c9b045adc46bfd53a434652e76d7a927e923e79e785b7ceb473,Cleaned fine-grained classification image. Class: Cyst. Blur score: 343.81.
tiswan_000827,tiswan,cleaned_v1,datasets/skin/acne/final/subtype_classification/train/cystic/tiswan_000827.jpg,train,cystic,usable,non_expert,subtype_classification,acne,1.0,e9052f509979b14a869d935b83a1edbd4dec9050966a61358d2d07fa6a21c146,Cleaned fine-grained classification image. Class: Cyst. Blur score: 86.0.
tiswan_000828,tiswan,cleaned_v1,datasets/skin/acne/final/subtype_classification/train/cystic/tiswan_000828.jpg,train,cystic,sharp,non_expert,subtype_classification,acne,1.0,e552b91a6a8bfd1cb0d13392de00cd38c26dcd182310dbd9ded3a2ae37e09682,Cleaned fine-grained classification image. Class: Cyst. Blur score: 186.8.
tiswan_000829,tiswan,cleaned_v1,datasets/skin/acne/final/subtype_classification/train/cystic/tiswan_000829.jpg,train,cystic,usable,non_expert,subtype_classification,acne,1.0,55a10aff9f495cc8bb0bc82a4cfbbcea6d1be90f9b02cf49dc979e0d265aa6d2,Cleaned fine-grained classification image. Class: Cyst. Blur score: 72.53.
tiswan_000830,tiswan,cleaned_v1,datasets/skin/acne/final/subtype_classification/train/cystic/tiswan_000830.jpg,train,cystic,borderline,non_expert,subtype_classification,acne,1.0,6b1ceb4637b278a2486757e450fb1eedf9c41093165e490036989deddd8c7993,Cleaned fine-grained classification image. Class: Cyst. Blur score: 37.81.
tiswan_000831,tiswan,cleaned_v1,datasets/skin/acne/final/subtype_classification/train/cystic/tiswan_000831.jpg,train,cystic,usable,non_expert,subtype_classification,acne,1.0,1d4f14f4b3bc68546aa755d06204fd689f38afda969dede05c7894d735a64278,Cleaned fine-grained classification image. Class: Cyst. Blur score: 99.36.
tiswan_000832,tiswan,cleaned_v1,datasets/skin/acne/final/subtype_classification/train/cystic/tiswan_000832.jpg,train,cystic,usable,non_expert,subtype_classification,acne,1.0,0b0eb9faaa0e7e97ba97fed2b2430936e6c0f71714231fe7a8a02ed065ba3d73,Cleaned fine-grained classification image. Class: Cyst. Blur score: 113.47.
tiswan_000833,tiswan,cleaned_v1,datasets/skin/acne/final/subtype_classification/train/cystic/tiswan_000833.jpg,train,cystic,usable,non_expert,subtype_classification,acne,1.0,61ea59bd8faea9061b5d60133185b4a491626acf1ab2aecdf5a95123cd33b1f5,Cleaned fine-grained classification image. Class: Cyst. Blur score: 98.55.
tiswan_000834,tiswan,cleaned_v1,datasets/skin/acne/final/subtype_classification/train/cystic/tiswan_000834.jpg,train,cystic,usable,non_expert,subtype_classification,acne,1.0,af42d6962fb7e85f909ccfadada8049c3558fa2d318fa1a780b2ef641523e516,Cleaned fine-grained classification image. Class: Cyst. Blur score: 118.1.
tiswan_000835,tiswan,cleaned_v1,datasets/skin/acne/final/subtype_classification/train/cystic/tiswan_000835.jpg,train,cystic,usable,non_expert,subtype_classification,acne,1.0,a153405e875250ac9a41e6041845eb2a288ffbc6f403cc81372a5a5d0fa7292b,Cleaned fine-grained classification image. Class: Cyst. Blur score: 71.97.
tiswan_000836,tiswan,cleaned_v1,datasets/skin/acne/final/subtype_classification/train/cystic/tiswan_000836.jpg,train,cystic,usable,non_expert,subtype_classification,acne,1.0,de830c66792056d6500f357098f15430e5993577381f57c11a4aa9ad1b4efa01,Cleaned fine-grained classification image. Class: Cyst. Blur score: 72.76.
tiswan_000837,tiswan,cleaned_v1,datasets/skin/acne/final/subtype_classification/train/cystic/tiswan_000837.jpg,train,cystic,usable,non_expert,subtype_classification,acne,1.0,ff05392540887be40b073a9de1b5f809c628fd356598a8cae8640428b77d82b7,Cleaned fine-grained classification image. Class: Cyst. Blur score: 114.29.
tiswan_000838,tiswan,cleaned_v1,datasets/skin/acne/final/subtype_classification/train/cystic/tiswan_000838.jpg,train,cystic,usable,non_expert,subtype_classification,acne,1.0,ce9fe0c2aa7d6d10356f53e3171f4be86607161ef2fd15925b387364d5838248,Cleaned fine-grained classification image. Class: Cyst. Blur score: 126.59.
tiswan_000839,tiswan,cleaned_v1,datasets/skin/acne/final/subtype_classification/train/cystic/tiswan_000839.jpg,train,cystic,usable,non_expert,subtype_classification,acne,1.0,7c5f5717c038137c97a30f2447010042fa8ac05a188b765a5024d41ee6939143,Cleaned fine-grained classification image. Class: Cyst. Blur score: 64.07.
tiswan_000840,tiswan,cleaned_v1,datasets/skin/acne/final/subtype_classification/train/cystic/tiswan_000840.jpg,train,cystic,usable,non_expert,subtype_classification,acne,1.0,e47372072ce7ada42f9bf24fb3902b05114a6bb54db37696ae358ee3f3c29f60,Cleaned fine-grained classification image. Class: Cyst. Blur score: 83.52.
tiswan_000841,tiswan,cleaned_v1,datasets/skin/acne/final/subtype_classification/train/cystic/tiswan_000841.jpg,train,cystic,usable,non_expert,subtype_classification,acne,1.0,3b348f824763d1e50045d20ea7aa777cfec104e6cbbd26523a2040660122171f,Cleaned fine-grained classification image. Class: Cyst. Blur score: 68.22.
tiswan_000842,tiswan,cleaned_v1,datasets/skin/acne/final/subtype_classification/train/cystic/tiswan_000842.jpg,train,cystic,usable,non_expert,subtype_classification,acne,1.0,d266a8b6f4537dfb0f6c24e15c3df9064a320e57480d9efd2cb69b9770dd91ac,Cleaned fine-grained classification image. Class: Cyst. Blur score: 99.0.
tiswan_000843,tiswan,cleaned_v1,datasets/skin/acne/final/subtype_classification/train/cystic/tiswan_000843.jpg,train,cystic,usable,non_expert,subtype_classification,acne,1.0,62e2168716d57a624f6e41d5a757ebcfa0f10be7aa1519e19fef18c6ecd34a8f,Cleaned fine-grained classification image. Class: Cyst. Blur score: 93.72.
tiswan_000844,tiswan,cleaned_v1,datasets/skin/acne/final/subtype_classification/train/cystic/tiswan_000844.jpg,train,cystic,usable,non_expert,subtype_classification,acne,1.0,0729f2690addcbdf94e37b48a152b8e6ad1fbda83d8bbcdd79489b12c8766a93,Cleaned fine-grained classification image. Class: Cyst. Blur score: 134.65.
tiswan_000845,tiswan,cleaned_v1,datasets/skin/acne/final/subtype_classification/train/cystic/tiswan_000845.jpg,train,cystic,usable,non_expert,subtype_classification,acne,1.0,28b4c442409c749b372d18b825aea446a9284c6d5c3c64b4040c63d3de1ff362,Cleaned fine-grained classification image. Class: Cyst. Blur score: 68.01.
tiswan_000846,tiswan,cleaned_v1,datasets/skin/acne/final/subtype_classification/train/cystic/tiswan_000846.jpg,train,cystic,usable,non_expert,subtype_classification,acne,1.0,e6e0beceffe3a59c2e88867f11489f6d0bf222d82b60b7dd59866d20d16285a5,Cleaned fine-grained classification image. Class: Cyst. Blur score: 87.26.
tiswan_000847,tiswan,cleaned_v1,datasets/skin/acne/final/subtype_classification/train/cystic/tiswan_000847.jpg,train,cystic,borderline,non_expert,subtype_classification,acne,1.0,b68dcbdb42ff61284f8d911466fbe0be8f63495776381c44ff3ce79d9828304e,Cleaned fine-grained classification image. Class: Cyst. Blur score: 56.75.
tiswan_000848,tiswan,cleaned_v1,datasets/skin/acne/final/subtype_classification/train/cystic/tiswan_000848.jpg,train,cystic,borderline,non_expert,subtype_classification,acne,1.0,41ee1cea82a083117319a5d38a8e144079714d89bfba0ac76beff3322adbad1a,Cleaned fine-grained classification image. Class: Cyst. Blur score: 45.43.
tiswan_000849,tiswan,cleaned_v1,datasets/skin/acne/final/subtype_classification/train/cystic/tiswan_000849.jpg,train,cystic,usable,non_expert,subtype_classification,acne,1.0,a93cf41debbaaf8b80fe208fa8e50568b5b4712c8c8e1477276e35037e91308c,Cleaned fine-grained classification image. Class: Cyst. Blur score: 71.47.
tiswan_000850,tiswan,cleaned_v1,datasets/skin/acne/final/subtype_classification/train/cystic/tiswan_000850.jpg,train,cystic,usable,non_expert,subtype_classification,acne,1.0,683b00065f852f2064a827354b4db354116fb918da6c249165880f1262402090,Cleaned fine-grained classification image. Class: Cyst. Blur score: 115.14.
tiswan_000851,tiswan,cleaned_v1,datasets/skin/acne/final/subtype_classification/train/cystic/tiswan_000851.jpg,train,cystic,usable,non_expert,subtype_classification,acne,1.0,4f5bd4badd51cbc5eeb1eea0f304ad563e675b498342c37c8bcdad03e81d6c88,Cleaned fine-grained classification image. Class: Cyst. Blur score: 106.88.
tiswan_000852,tiswan,cleaned_v1,datasets/skin/acne/final/subtype_classification/train/cystic/tiswan_000852.jpg,train,cystic,sharp,non_expert,subtype_classification,acne,1.0,22e754f3e535e8a1b04fa2f2577983bf50ef75f985f9c82538c88e1d4fb34420,Cleaned fine-grained classification image. Class: Cyst. Blur score: 320.87.
tiswan_000853,tiswan,cleaned_v1,datasets/skin/acne/final/subtype_classification/train/cystic/tiswan_000853.jpg,train,cystic,usable,non_expert,subtype_classification,acne,1.0,7007973e5cd279427fb2ddb36cf6f75ab10c2328d5b505f6ffaec9343b6380e2,Cleaned fine-grained classification image. Class: Cyst. Blur score: 82.58.
tiswan_000854,tiswan,cleaned_v1,datasets/skin/acne/final/subtype_classification/train/cystic/tiswan_000854.jpg,train,cystic,usable,non_expert,subtype_classification,acne,1.0,8815853f4f6b63ea16bd6705c7e4695c69111421a3aab98bb0ef66cb5eb2bcfb,Cleaned fine-grained classification image. Class: Cyst. Blur score: 107.63.
tiswan_000855,tiswan,cleaned_v1,datasets/skin/acne/final/subtype_classification/train/cystic/tiswan_000855.jpg,train,cystic,borderline,non_expert,subtype_classification,acne,1.0,3774b87cceee87da12b3ba521e746a6d00dec160b80648a2e2d4337be9a6d62e,Cleaned fine-grained classification image. Class: Cyst. Blur score: 50.96.
tiswan_000856,tiswan,cleaned_v1,datasets/skin/acne/final/subtype_classification/train/cystic/tiswan_000856.jpg,train,cystic,usable,non_expert,subtype_classification,acne,1.0,519443207fe5e3e4ddcf550dc6f12ed982785e5e3c856a68ed1e74b96591b3b9,Cleaned fine-grained classification image. Class: Cyst. Blur score: 66.99.
tiswan_000857,tiswan,cleaned_v1,datasets/skin/acne/final/subtype_classification/train/cystic/tiswan_000857.jpg,train,cystic,usable,non_expert,subtype_classification,acne,1.0,fb22feeae0381666c83f04f1db6a2bccf850627038115e71f25741cc5225471e,Cleaned fine-grained classification image. Class: Cyst. Blur score: 83.36.
tiswan_000858,tiswan,cleaned_v1,datasets/skin/acne/final/subtype_classification/train/cystic/tiswan_000858.jpg,train,cystic,usable,non_expert,subtype_classification,acne,1.0,544af0e3483c9c985e055b34b422afe954e8f87c0e67c8710676bbba12ad9c16,Cleaned fine-grained classification image. Class: Cyst. Blur score: 98.12.
tiswan_000859,tiswan,cleaned_v1,datasets/skin/acne/final/subtype_classification/train/cystic/tiswan_000859.jpg,train,cystic,usable,non_expert,subtype_classification,acne,1.0,49df72a87d254dff3cb74b812d2657a0e03a31066f09836079685197f0dec44f,Cleaned fine-grained classification image. Class: Cyst. Blur score: 84.06.
tiswan_000860,tiswan,cleaned_v1,datasets/skin/acne/final/subtype_classification/train/cystic/tiswan_000860.jpg,train,cystic,usable,non_expert,subtype_classification,acne,1.0,8fb805f26e93317b7691862655168e33e3d720555d397fc2efc70e9c7e131855,Cleaned fine-grained classification image. Class: Cyst. Blur score: 92.49.
tiswan_000861,tiswan,cleaned_v1,datasets/skin/acne/final/subtype_classification/train/cystic/tiswan_000861.jpg,train,cystic,borderline,non_expert,subtype_classification,acne,1.0,a76ec72551a60f324ff981d2cf5e96404540e95d2c0029012ed9b6f42a4babb3,Cleaned fine-grained classification image. Class: Cyst. Blur score: 56.2.
tiswan_000862,tiswan,cleaned_v1,datasets/skin/acne/final/subtype_classification/train/cystic/tiswan_000862.jpg,train,cystic,borderline,non_expert,subtype_classification,acne,1.0,8199dde3ff80d66ea89e92b228441f45a535690e4a89388cdb973d23f3489936,Cleaned fine-grained classification image. Class: Cyst. Blur score: 53.71.
tiswan_000863,tiswan,cleaned_v1,datasets/skin/acne/final/subtype_classification/train/cystic/tiswan_000863.jpg,train,cystic,usable,non_expert,subtype_classification,acne,1.0,0eac5bafde1fc9858bd164ba765ee78b32a57e396e4cc696cbede4542e1a3235,Cleaned fine-grained classification image. Class: Cyst. Blur score: 60.99.
tiswan_000864,tiswan,cleaned_v1,datasets/skin/acne/final/subtype_classification/train/cystic/tiswan_000864.jpg,train,cystic,usable,non_expert,subtype_classification,acne,1.0,333b55375eda20c430c3361d78ccba634454452bc2482f84eebf9f5b0c015254,Cleaned fine-grained classification image. Class: Cyst. Blur score: 75.59.
tiswan_000865,tiswan,cleaned_v1,datasets/skin/acne/final/subtype_classification/train/cystic/tiswan_000865.jpg,train,cystic,usable,non_expert,subtype_classification,acne,1.0,528dcba27752cc8c2576fca348f9d0d25fab41b3c4747df82788abc904be2732,Cleaned fine-grained classification image. Class: Cyst. Blur score: 66.7.
tiswan_000866,tiswan,cleaned_v1,datasets/skin/acne/final/subtype_classification/train/cystic/tiswan_000866.jpg,train,cystic,usable,non_expert,subtype_classification,acne,1.0,6b0938ccb6965750516c36ecfaae7b4c7a8459b4dbfb362b5a9bca6625eb7474,Cleaned fine-grained classification image. Class: Cyst. Blur score: 81.92.
tiswan_000867,tiswan,cleaned_v1,datasets/skin/acne/final/subtype_classification/train/cystic/tiswan_000867.jpg,train,cystic,borderline,non_expert,subtype_classification,acne,1.0,d085478bdbc85b2cd221f4b67cb0184727bc48ee3dd868fad69480d5c97e5687,Cleaned fine-grained classification image. Class: Cyst. Blur score: 38.53.
tiswan_000868,tiswan,cleaned_v1,datasets/skin/acne/final/subtype_classification/train/cystic/tiswan_000868.jpg,train,cystic,usable,non_expert,subtype_classification,acne,1.0,d9f45ccd3cdaf29677228c002e715aed47832e2bdf98f872ae4dd9ddbffe9f78,Cleaned fine-grained classification image. Class: Cyst. Blur score: 120.33.
tiswan_000869,tiswan,cleaned_v1,datasets/skin/acne/final/subtype_classification/train/cystic/tiswan_000869.jpg,train,cystic,usable,non_expert,subtype_classification,acne,1.0,e81a7090cb627996204583cfb3fa9c4c9d69eb2cda49cf2d98de682ee9d0cb9a,Cleaned fine-grained classification image. Class: Cyst. Blur score: 127.48.
tiswan_000870,tiswan,cleaned_v1,datasets/skin/acne/final/subtype_classification/train/cystic/tiswan_000870.jpg,train,cystic,usable,non_expert,subtype_classification,acne,1.0,5939617911a64706e29bb3f4935b903247ebf0fe5e73d3973849d6e6e05d522a,Cleaned fine-grained classification image. Class: Cyst. Blur score: 63.23.
tiswan_000871,tiswan,cleaned_v1,datasets/skin/acne/final/subtype_classification/train/cystic/tiswan_000871.jpg,train,cystic,borderline,non_expert,subtype_classification,acne,1.0,d8d3413368a5b75e435e3ea71d3a29529b8647641546ee2483f023665ce01628,Cleaned fine-grained classification image. Class: Cyst. Blur score: 59.73.
tiswan_000872,tiswan,cleaned_v1,datasets/skin/acne/final/subtype_classification/train/cystic/tiswan_000872.jpg,train,cystic,usable,non_expert,subtype_classification,acne,1.0,700f9cd62b6655dea3d82af2728d21bb81072a33daeeda63c799bbfda78b84d3,Cleaned fine-grained classification image. Class: Cyst. Blur score: 94.82.
tiswan_000873,tiswan,cleaned_v1,datasets/skin/acne/final/subtype_classification/train/cystic/tiswan_000873.jpg,train,cystic,usable,non_expert,subtype_classification,acne,1.0,bbcb6769c138a5f547c4806fdab2c5847105c4b95b6d7e0c6d537d7db823c126,Cleaned fine-grained classification image. Class: Cyst. Blur score: 67.0.
tiswan_000874,tiswan,cleaned_v1,datasets/skin/acne/final/subtype_classification/train/cystic/tiswan_000874.jpg,train,cystic,borderline,non_expert,subtype_classification,acne,1.0,2056c4cb61d86c50c0860e824ec0cf568c686b68cfe30ffd84099529fb6ec05b,Cleaned fine-grained classification image. Class: Cyst. Blur score: 54.29.
tiswan_000875,tiswan,cleaned_v1,datasets/skin/acne/final/subtype_classification/train/cystic/tiswan_000875.jpg,train,cystic,usable,non_expert,subtype_classification,acne,1.0,7e841c224304cc738a3c9cb7db5829689f1db6a71a807e0ca6ac21c199e7f48d,Cleaned fine-grained classification image. Class: Cyst. Blur score: 81.61.
tiswan_000876,tiswan,cleaned_v1,datasets/skin/acne/final/subtype_classification/train/cystic/tiswan_000876.jpg,train,cystic,usable,non_expert,subtype_classification,acne,1.0,f3cf7e72fc120d4d66ebddeeae2554bffc898f8c7476f13129ebec35c395c810,Cleaned fine-grained classification image. Class: Cyst. Blur score: 60.11.
tiswan_000877,tiswan,cleaned_v1,datasets/skin/acne/final/subtype_classification/train/cystic/tiswan_000877.jpg,train,cystic,usable,non_expert,subtype_classification,acne,1.0,47c7e1ef12c69b99368bab950c99453e165c0d9342c99112aa01abbcabcdc857,Cleaned fine-grained classification image. Class: Cyst. Blur score: 99.08.
tiswan_000878,tiswan,cleaned_v1,datasets/skin/acne/final/subtype_classification/train/cystic/tiswan_000878.jpg,train,cystic,borderline,non_expert,subtype_classification,acne,1.0,f44cee8bf455b5992614f228317c0c3bdeef75f84fdc20381e6cb40294910407,Cleaned fine-grained classification image. Class: Cyst. Blur score: 59.0.
tiswan_000879,tiswan,cleaned_v1,datasets/skin/acne/final/subtype_classification/train/cystic/tiswan_000879.jpg,train,cystic,usable,non_expert,subtype_classification,acne,1.0,6cf2cc69a7c37d03eaf215be851bbda9c1ff4d73a744f275a3253732f0b83392,Cleaned fine-grained classification image. Class: Cyst. Blur score: 109.67.
tiswan_000880,tiswan,cleaned_v1,datasets/skin/acne/final/subtype_classification/train/cystic/tiswan_000880.jpg,train,cystic,sharp,non_expert,subtype_classification,acne,1.0,f89a56cdf3704928154b35a15d5ef6a7f0af45bda0ed81a50a2d13e486b4cc3c,Cleaned fine-grained classification image. Class: Cyst. Blur score: 213.59.
tiswan_000881,tiswan,cleaned_v1,datasets/skin/acne/final/subtype_classification/train/cystic/tiswan_000881.jpg,train,cystic,usable,non_expert,subtype_classification,acne,1.0,7c15b17478b5d3c22326b82a9b919726023c0fe9eeb8c2aec0014b0142875834,Cleaned fine-grained classification image. Class: Cyst. Blur score: 91.62.
tiswan_000882,tiswan,cleaned_v1,datasets/skin/acne/final/subtype_classification/train/cystic/tiswan_000882.jpg,train,cystic,usable,non_expert,subtype_classification,acne,1.0,3b272f1570db9f2e862bc90c90ab1f2acbbda65c324104fa526747ef52c6c0a2,Cleaned fine-grained classification image. Class: Cyst. Blur score: 103.28.
tiswan_000883,tiswan,cleaned_v1,datasets/skin/acne/final/subtype_classification/train/cystic/tiswan_000883.jpg,train,cystic,usable,non_expert,subtype_classification,acne,1.0,caa8d2295e4b66a2f9f0dab64a6bbea7690ebcbde8f803991c745e2a32929059,Cleaned fine-grained classification image. Class: Cyst. Blur score: 130.18.
tiswan_000884,tiswan,cleaned_v1,datasets/skin/acne/final/subtype_classification/train/cystic/tiswan_000884.jpg,train,cystic,usable,non_expert,subtype_classification,acne,1.0,bd367c43c6945cfbbf0952251ad2204c2982c59692b958646e7e53f01e7995e1,Cleaned fine-grained classification image. Class: Cyst. Blur score: 80.26.
tiswan_000885,tiswan,cleaned_v1,datasets/skin/acne/final/subtype_classification/train/cystic/tiswan_000885.jpg,train,cystic,usable,non_expert,subtype_classification,acne,1.0,cc73d06c0781eab5b1850bea529f396db6bc21dbad7c681499880ea217cd6aaa,Cleaned fine-grained classification image. Class: Cyst. Blur score: 75.03.
tiswan_000886,tiswan,cleaned_v1,datasets/skin/acne/final/subtype_classification/train/cystic/tiswan_000886.jpg,train,cystic,usable,non_expert,subtype_classification,acne,1.0,ca6eec6e95460b7e448c97ae6062119b23343b02f0e507aacdbeb45ef6f37ff8,Cleaned fine-grained classification image. Class: Cyst. Blur score: 99.36.
tiswan_000887,tiswan,cleaned_v1,datasets/skin/acne/final/subtype_classification/train/cystic/tiswan_000887.jpg,train,cystic,sharp,non_expert,subtype_classification,acne,1.0,4f014dd00f1909ddb566fa73bd008b11688327bb302cc136ab030644120899c4,Cleaned fine-grained classification image. Class: Cyst. Blur score: 202.67.
tiswan_000888,tiswan,cleaned_v1,datasets/skin/acne/final/subtype_classification/train/cystic/tiswan_000888.jpg,train,cystic,usable,non_expert,subtype_classification,acne,1.0,2255afd389746dc1083a79967a13ce214a81eaea36cd1510be7d77816c3d1710,Cleaned fine-grained classification image. Class: Cyst. Blur score: 120.68.
tiswan_000889,tiswan,cleaned_v1,datasets/skin/acne/final/subtype_classification/train/cystic/tiswan_000889.jpg,train,cystic,usable,non_expert,subtype_classification,acne,1.0,568fb65ba702dd93bddab9ae0c01f22b05213e5adb06e01c116e096f55c43c4d,Cleaned fine-grained classification image. Class: Cyst. Blur score: 68.1.
tiswan_000890,tiswan,cleaned_v1,datasets/skin/acne/final/subtype_classification/train/cystic/tiswan_000890.jpg,train,cystic,usable,non_expert,subtype_classification,acne,1.0,34dcacd45bb39776b3dbd8d8d654cf11a20cafc52791232241e60a2d66040645,Cleaned fine-grained classification image. Class: Cyst. Blur score: 88.23.
tiswan_000891,tiswan,cleaned_v1,datasets/skin/acne/final/subtype_classification/train/cystic/tiswan_000891.jpg,train,cystic,borderline,non_expert,subtype_classification,acne,1.0,88a6ffb14b7de6ed6cffc1fd980831d822306cffb49589573620e2ad940b7903,Cleaned fine-grained classification image. Class: Cyst. Blur score: 55.65.
tiswan_000892,tiswan,cleaned_v1,datasets/skin/acne/final/subtype_classification/train/cystic/tiswan_000892.jpg,train,cystic,usable,non_expert,subtype_classification,acne,1.0,e9a3e095e91003052e0c9a47a02c86f218201fb5ba91ebcfcca7f49f3d3b9300,Cleaned fine-grained classification image. Class: Cyst. Blur score: 83.99.
tiswan_000893,tiswan,cleaned_v1,datasets/skin/acne/final/subtype_classification/train/cystic/tiswan_000893.jpg,train,cystic,sharp,non_expert,subtype_classification,acne,1.0,b9dd9bb6236976648b25011350c2b7e946ce2fa66e0562caa4477188d40d8240,Cleaned fine-grained classification image. Class: Cyst. Blur score: 151.08.
tiswan_000894,tiswan,cleaned_v1,datasets/skin/acne/final/subtype_classification/train/cystic/tiswan_000894.jpg,train,cystic,usable,non_expert,subtype_classification,acne,1.0,c2b97c7af1ea4ef717d032a90cecce47ffa910c6eab0a0eb6a988fd41aeba6d6,Cleaned fine-grained classification image. Class: Cyst. Blur score: 62.63.
tiswan_000895,tiswan,cleaned_v1,datasets/skin/acne/final/subtype_classification/train/cystic/tiswan_000895.jpg,train,cystic,usable,non_expert,subtype_classification,acne,1.0,2664419c5adad6b30df0d43a3669a377ac8e688a941eae8334f416620fa3c3a5,Cleaned fine-grained classification image. Class: Cyst. Blur score: 131.1.
tiswan_000896,tiswan,cleaned_v1,datasets/skin/acne/final/subtype_classification/train/cystic/tiswan_000896.jpg,train,cystic,usable,non_expert,subtype_classification,acne,1.0,4bb1b935b4fe93589ad6a30c0aa24ece39d902e4bad2789695bd9a045ec4577b,Cleaned fine-grained classification image. Class: Cyst. Blur score: 66.69.
tiswan_000897,tiswan,cleaned_v1,datasets/skin/acne/final/subtype_classification/train/cystic/tiswan_000897.jpg,train,cystic,usable,non_expert,subtype_classification,acne,1.0,537671e55f73320bbcd2ab6baf89670ed0e495223774ef23c5344d77213c9dd7,Cleaned fine-grained classification image. Class: Cyst. Blur score: 76.49.
tiswan_000898,tiswan,cleaned_v1,datasets/skin/acne/final/subtype_classification/train/cystic/tiswan_000898.jpg,train,cystic,borderline,non_expert,subtype_classification,acne,1.0,ef39385fb666a63111b29576360abbcc96b46c90f147f635aa12491a12ad6582,Cleaned fine-grained classification image. Class: Cyst. Blur score: 39.33.
tiswan_000899,tiswan,cleaned_v1,datasets/skin/acne/final/subtype_classification/train/cystic/tiswan_000899.jpg,train,cystic,usable,non_expert,subtype_classification,acne,1.0,ad621d4b7c7a65bc0b9e002c6dae55a0e44540235649f7da3a021b49f73af23c,Cleaned fine-grained classification image. Class: Cyst. Blur score: 102.52.
tiswan_000900,tiswan,cleaned_v1,datasets/skin/acne/final/subtype_classification/train/cystic/tiswan_000900.jpg,train,cystic,usable,non_expert,subtype_classification,acne,1.0,35b5de95f3bacb0483e14ffba3ad2ed5a8313feda6323f8ba64aeb1bcb8f6f4f,Cleaned fine-grained classification image. Class: Cyst. Blur score: 145.51.
tiswan_000901,tiswan,cleaned_v1,datasets/skin/acne/final/subtype_classification/train/cystic/tiswan_000901.jpg,train,cystic,usable,non_expert,subtype_classification,acne,1.0,83147c12cae77ab44023be2cd934b0c1fb32e7dd899448b01927224c2bcd02c2,Cleaned fine-grained classification image. Class: Cyst. Blur score: 86.96.
tiswan_000902,tiswan,cleaned_v1,datasets/skin/acne/final/subtype_classification/train/cystic/tiswan_000902.jpg,train,cystic,usable,non_expert,subtype_classification,acne,1.0,370ed33b200bc26df4c03b76e32158ef6935e5681e2ad6caa75123b134147d4f,Cleaned fine-grained classification image. Class: Cyst. Blur score: 65.84.
tiswan_000903,tiswan,cleaned_v1,datasets/skin/acne/final/subtype_classification/train/cystic/tiswan_000903.jpg,train,cystic,usable,non_expert,subtype_classification,acne,1.0,6ca5c554ddc1fd042df09d3a435791c4550194e11cfcc094ea24235ba18a9959,Cleaned fine-grained classification image. Class: Cyst. Blur score: 91.33.
tiswan_000904,tiswan,cleaned_v1,datasets/skin/acne/final/subtype_classification/train/cystic/tiswan_000904.jpg,train,cystic,usable,non_expert,subtype_classification,acne,1.0,a88c8ae130f2da4fa61fc4f9ecb833f7f1e843daa37137664bb5cd0ecdd45484,Cleaned fine-grained classification image. Class: Cyst. Blur score: 69.72.
tiswan_000905,tiswan,cleaned_v1,datasets/skin/acne/final/subtype_classification/train/cystic/tiswan_000905.jpg,train,cystic,usable,non_expert,subtype_classification,acne,1.0,95dc0fdaf18ba0b6dc45514ed11004cb8a480e8a6d2d8ed3b0ec3f716d64c034,Cleaned fine-grained classification image. Class: Cyst. Blur score: 60.66.
tiswan_000906,tiswan,cleaned_v1,datasets/skin/acne/final/subtype_classification/train/cystic/tiswan_000906.jpg,train,cystic,usable,non_expert,subtype_classification,acne,1.0,aca15ba0b5de21c056404ed91f1bca566b05141c715de42d7a5605e7c0790ab6,Cleaned fine-grained classification image. Class: Cyst. Blur score: 81.94.
tiswan_000907,tiswan,cleaned_v1,datasets/skin/acne/final/subtype_classification/train/cystic/tiswan_000907.jpg,train,cystic,usable,non_expert,subtype_classification,acne,1.0,417af69e2be39db4efb244d427d432928023a01d4df58d2bb7c2ef19d083d06c,Cleaned fine-grained classification image. Class: Cyst. Blur score: 74.66.
tiswan_000908,tiswan,cleaned_v1,datasets/skin/acne/final/subtype_classification/train/cystic/tiswan_000908.jpg,train,cystic,usable,non_expert,subtype_classification,acne,1.0,b0949c1926953b27f108be3f1ae4a9104ef9585dbba82d1e68d0d2aeb7f6b43a,Cleaned fine-grained classification image. Class: Cyst. Blur score: 60.48.
tiswan_000909,tiswan,cleaned_v1,datasets/skin/acne/final/subtype_classification/train/cystic/tiswan_000909.jpg,train,cystic,borderline,non_expert,subtype_classification,acne,1.0,ecfee72017723536eba95bd6c9fdbd5e7b197321293218e73cc11469b16be027,Cleaned fine-grained classification image. Class: Cyst. Blur score: 53.07.
tiswan_000910,tiswan,cleaned_v1,datasets/skin/acne/final/subtype_classification/train/cystic/tiswan_000910.jpg,train,cystic,usable,non_expert,subtype_classification,acne,1.0,9016da061f138ef908ac9463290f28a58d52f8252b4b45a0f79b958edb99e09d,Cleaned fine-grained classification image. Class: Cyst. Blur score: 78.54.
tiswan_000911,tiswan,cleaned_v1,datasets/skin/acne/final/subtype_classification/train/cystic/tiswan_000911.jpg,train,cystic,usable,non_expert,subtype_classification,acne,1.0,dbbf63f1f11cb842eeef67d5c34081b02346f2a3f7b4aa9879681373273ca8d2,Cleaned fine-grained classification image. Class: Cyst. Blur score: 93.82.
tiswan_000912,tiswan,cleaned_v1,datasets/skin/acne/final/subtype_classification/train/cystic/tiswan_000912.jpg,train,cystic,usable,non_expert,subtype_classification,acne,1.0,28b63d69a7ed5d18a49ae077c436c2af5dd76186ae2b4cd20d7135776465928e,Cleaned fine-grained classification image. Class: Cyst. Blur score: 77.48.
tiswan_000913,tiswan,cleaned_v1,datasets/skin/acne/final/subtype_classification/train/cystic/tiswan_000913.jpg,train,cystic,borderline,non_expert,subtype_classification,acne,1.0,e64d1c9862eaabdf8b5418455b032b0587244b06160c092d1655f8e4202512b2,Cleaned fine-grained classification image. Class: Cyst. Blur score: 40.36.
tiswan_000914,tiswan,cleaned_v1,datasets/skin/acne/final/subtype_classification/train/cystic/tiswan_000914.jpg,train,cystic,borderline,non_expert,subtype_classification,acne,1.0,72011bbef9e32d9c1cc6204ceaabf3f047a48575b409cd75e6402a85684bfbd8,Cleaned fine-grained classification image. Class: Cyst. Blur score: 33.82.
tiswan_000915,tiswan,cleaned_v1,datasets/skin/acne/final/subtype_classification/train/cystic/tiswan_000915.jpg,train,cystic,borderline,non_expert,subtype_classification,acne,1.0,870641f1817129dc0fbbdb8df0853ed3c0a32ba91eddba16b6a1435affcb7ac7,Cleaned fine-grained classification image. Class: Cyst. Blur score: 35.1.
tiswan_000916,tiswan,cleaned_v1,datasets/skin/acne/final/subtype_classification/train/cystic/tiswan_000916.jpg,train,cystic,usable,non_expert,subtype_classification,acne,1.0,1e56c77f380c4ac51c06e3f41c70c9eccf67a9b36d796973876daaab3b2bab74,Cleaned fine-grained classification image. Class: Cyst. Blur score: 64.23.
tiswan_000917,tiswan,cleaned_v1,datasets/skin/acne/final/subtype_classification/train/cystic/tiswan_000917.jpg,train,cystic,borderline,non_expert,subtype_classification,acne,1.0,1a6977c960c206f95ce8e1f8d7b192fce12a894bdf1c1bd95163e5d260b6cf15,Cleaned fine-grained classification image. Class: Cyst. Blur score: 35.0.
tiswan_000918,tiswan,cleaned_v1,datasets/skin/acne/final/subtype_classification/train/cystic/tiswan_000918.jpg,train,cystic,borderline,non_expert,subtype_classification,acne,1.0,a90899765311ed0950ad6b5191909713f92d851cd5002772393acd3d36275572,Cleaned fine-grained classification image. Class: Cyst. Blur score: 54.44.
tiswan_000919,tiswan,cleaned_v1,datasets/skin/acne/final/subtype_classification/train/cystic/tiswan_000919.jpg,train,cystic,borderline,non_expert,subtype_classification,acne,1.0,a2e1b9ad47339fcd9878843722c189bda1ce03725b832a66061dddbd9ec09fb4,Cleaned fine-grained classification image. Class: Cyst. Blur score: 40.34.
tiswan_000920,tiswan,cleaned_v1,datasets/skin/acne/final/subtype_classification/train/cystic/tiswan_000920.jpg,train,cystic,borderline,non_expert,subtype_classification,acne,1.0,ee5ab32971835e3011bf26710882a20f350b6f4cc6113c1ade5d2e827891428c,Cleaned fine-grained classification image. Class: Cyst. Blur score: 36.53.
tiswan_000921,tiswan,cleaned_v1,datasets/skin/acne/final/subtype_classification/train/cystic/tiswan_000921.jpg,train,cystic,usable,non_expert,subtype_classification,acne,1.0,2afd844ba5e40c21a061a49720e9f3994db2df7dad4a3d178978753159a3fd12,Cleaned fine-grained classification image. Class: Cyst. Blur score: 97.19.
tiswan_000922,tiswan,cleaned_v1,datasets/skin/acne/final/subtype_classification/train/cystic/tiswan_000922.jpg,train,cystic,usable,non_expert,subtype_classification,acne,1.0,bf91bb0ba3917bb66cfea41ccdae7aef04d19afab91dda9ad8487cbbea0bb042,Cleaned fine-grained classification image. Class: Cyst. Blur score: 74.06.
tiswan_000923,tiswan,cleaned_v1,datasets/skin/acne/final/subtype_classification/train/cystic/tiswan_000923.jpg,train,cystic,usable,non_expert,subtype_classification,acne,1.0,8ae979363f5385b4f6dda29a37272afb8c190bddedc9e1fe3f2d896339c4da29,Cleaned fine-grained classification image. Class: Cyst. Blur score: 108.21.
tiswan_000924,tiswan,cleaned_v1,datasets/skin/acne/final/subtype_classification/train/cystic/tiswan_000924.jpg,train,cystic,borderline,non_expert,subtype_classification,acne,1.0,13966ab343fb6ebf6e508f691752104f30d74c7b7d668ef004cf9397dc5f7d09,Cleaned fine-grained classification image. Class: Cyst. Blur score: 40.47.
tiswan_000925,tiswan,cleaned_v1,datasets/skin/acne/final/subtype_classification/train/cystic/tiswan_000925.jpg,train,cystic,usable,non_expert,subtype_classification,acne,1.0,1b4c7bd8f2e614cf6e2b6989cfcd03e9836b41333818fe01aa953caf7b86c73b,Cleaned fine-grained classification image. Class: Cyst. Blur score: 74.56.
tiswan_000926,tiswan,cleaned_v1,datasets/skin/acne/final/subtype_classification/train/cystic/tiswan_000926.jpg,train,cystic,usable,non_expert,subtype_classification,acne,1.0,27b48d7e260a3217034ec3954099ba97d4c3ec87cdc25a0cb8e3e74c7e6bebcf,Cleaned fine-grained classification image. Class: Cyst. Blur score: 76.12.
tiswan_000927,tiswan,cleaned_v1,datasets/skin/acne/final/subtype_classification/train/papular/tiswan_000927.jpg,train,papular,usable,non_expert,subtype_classification,acne,1.0,38559176b5312cb87c0a0a6c67e4329e103d6a540e0a84226d09ea2a8872e5dc,Cleaned fine-grained classification image. Class: Papules. Blur score: 91.96.
tiswan_000928,tiswan,cleaned_v1,datasets/skin/acne/final/subtype_classification/train/papular/tiswan_000928.jpg,train,papular,usable,non_expert,subtype_classification,acne,1.0,3b81869ac577b638192bffde263ac61824f2bf1652cc4cf3a062aeee0ddf0d25,Cleaned fine-grained classification image. Class: Papules. Blur score: 62.98.
tiswan_000929,tiswan,cleaned_v1,datasets/skin/acne/final/subtype_classification/train/papular/tiswan_000929.jpg,train,papular,borderline,non_expert,subtype_classification,acne,1.0,c74e5857695d584075c103d64b5c4ceb39ed6216787127303640f2f60ee7b5f4,Cleaned fine-grained classification image. Class: Papules. Blur score: 49.55.
tiswan_000930,tiswan,cleaned_v1,datasets/skin/acne/final/subtype_classification/train/papular/tiswan_000930.jpg,train,papular,usable,non_expert,subtype_classification,acne,1.0,777daf5aa47dd096c085c6ac502c7eb012d4d42ec0ec9ab0c0efa4ad55f90b17,Cleaned fine-grained classification image. Class: Papules. Blur score: 65.23.
tiswan_000931,tiswan,cleaned_v1,datasets/skin/acne/final/subtype_classification/train/papular/tiswan_000931.jpg,train,papular,usable,non_expert,subtype_classification,acne,1.0,8065f7025eb745148bdd0b43c498b38869cfcb2dc35e118d4a1d689048e3c9d4,Cleaned fine-grained classification image. Class: Papules. Blur score: 91.25.
tiswan_000932,tiswan,cleaned_v1,datasets/skin/acne/final/subtype_classification/train/papular/tiswan_000932.jpg,train,papular,borderline,non_expert,subtype_classification,acne,1.0,7eb5082e76763387bca32becc8690396c6238f5fa9295c1fc957ad9c892ba12f,Cleaned fine-grained classification image. Class: Papules. Blur score: 38.22.
tiswan_000933,tiswan,cleaned_v1,datasets/skin/acne/final/subtype_classification/train/papular/tiswan_000933.jpg,train,papular,borderline,non_expert,subtype_classification,acne,1.0,674a143983310240fef5267fdbd3a02bd8a2fc077fa5d2205c36a6511bc3923a,Cleaned fine-grained classification image. Class: Papules. Blur score: 31.05.
tiswan_000934,tiswan,cleaned_v1,datasets/skin/acne/final/subtype_classification/train/papular/tiswan_000934.jpg,train,papular,borderline,non_expert,subtype_classification,acne,1.0,24c43f25e35b41f7d7b3dafa0dd997360552baf99a5138055c45ad7f527c009e,Cleaned fine-grained classification image. Class: Papules. Blur score: 54.27.
tiswan_000935,tiswan,cleaned_v1,datasets/skin/acne/final/subtype_classification/train/papular/tiswan_000935.jpg,train,papular,borderline,non_expert,subtype_classification,acne,1.0,8fd7ca191c7989dd6cc3cc95bb709fb4775e4a7fa7f1d6117fc8bc05a1770481,Cleaned fine-grained classification image. Class: Papules. Blur score: 39.82.
tiswan_000936,tiswan,cleaned_v1,datasets/skin/acne/final/subtype_classification/train/papular/tiswan_000936.jpg,train,papular,borderline,non_expert,subtype_classification,acne,1.0,790918bcf2b6bea2545e635dc8d2cd85c2410b4e5679303b2ea896cca1cda2bd,Cleaned fine-grained classification image. Class: Papules. Blur score: 42.39.
tiswan_000937,tiswan,cleaned_v1,datasets/skin/acne/final/subtype_classification/train/papular/tiswan_000937.jpg,train,papular,borderline,non_expert,subtype_classification,acne,1.0,109b53f7668beadf8f0fbcbc09792f2df19893b93b501a83b4f39a291721d32d,Cleaned fine-grained classification image. Class: Papules. Blur score: 42.53.
tiswan_000938,tiswan,cleaned_v1,datasets/skin/acne/final/subtype_classification/train/papular/tiswan_000938.jpg,train,papular,borderline,non_expert,subtype_classification,acne,1.0,5d1fc02ed76cf75b5410d8be9fdeb0f360c55e5a8370561abf1b2afc5ce92158,Cleaned fine-grained classification image. Class: Papules. Blur score: 52.22.
tiswan_000939,tiswan,cleaned_v1,datasets/skin/acne/final/subtype_classification/train/papular/tiswan_000939.jpg,train,papular,borderline,non_expert,subtype_classification,acne,1.0,d764e91cb5b9429b09fbb6503119968d67df78444faf0cbf7b53a2de0534426e,Cleaned fine-grained classification image. Class: Papules. Blur score: 36.0.
tiswan_000940,tiswan,cleaned_v1,datasets/skin/acne/final/subtype_classification/train/papular/tiswan_000940.jpg,train,papular,borderline,non_expert,subtype_classification,acne,1.0,fdad5f34d920397a135564f6592688295e0c61f80f4096c7aad04cdf984accd8,Cleaned fine-grained classification image. Class: Papules. Blur score: 31.56.
tiswan_000941,tiswan,cleaned_v1,datasets/skin/acne/final/subtype_classification/train/papular/tiswan_000941.jpg,train,papular,usable,non_expert,subtype_classification,acne,1.0,71d930cb2e733d4341ca9d33e1bc7c58039cdcd90cd48d30aea4bbf3f9b5b8f9,Cleaned fine-grained classification image. Class: Papules. Blur score: 86.78.
tiswan_000942,tiswan,cleaned_v1,datasets/skin/acne/final/subtype_classification/train/papular/tiswan_000942.jpg,train,papular,borderline,non_expert,subtype_classification,acne,1.0,84f39020f8ea245b54acbe02232622d8a64c6c5f162ad7b08d78553c8ba5aa97,Cleaned fine-grained classification image. Class: Papules. Blur score: 59.75.
tiswan_000943,tiswan,cleaned_v1,datasets/skin/acne/final/subtype_classification/train/papular/tiswan_000943.jpg,train,papular,borderline,non_expert,subtype_classification,acne,1.0,1ac20fa99c1471767e077fb3520ad4a82a912720ef1bd8b8f0d0df1601b3e749,Cleaned fine-grained classification image. Class: Papules. Blur score: 59.52.
tiswan_000944,tiswan,cleaned_v1,datasets/skin/acne/final/subtype_classification/train/papular/tiswan_000944.jpg,train,papular,usable,non_expert,subtype_classification,acne,1.0,baf12e9059a369f45a4df8347ff55a0d60644e04a6f579dfaccc0aed4a0ab06d,Cleaned fine-grained classification image. Class: Papules. Blur score: 106.94.
tiswan_000945,tiswan,cleaned_v1,datasets/skin/acne/final/subtype_classification/train/papular/tiswan_000945.jpg,train,papular,usable,non_expert,subtype_classification,acne,1.0,87cc01db682d783200e933e12c8bf40186027038ef567cf58afb9b02e1d58cb3,Cleaned fine-grained classification image. Class: Papules. Blur score: 94.68.
tiswan_000946,tiswan,cleaned_v1,datasets/skin/acne/final/subtype_classification/train/papular/tiswan_000946.jpg,train,papular,usable,non_expert,subtype_classification,acne,1.0,df0fa88e15c5d81cc73ff940e3e7c77527901af3a1a4a8d65bf3a1702aeae3de,Cleaned fine-grained classification image. Class: Papules. Blur score: 99.72.
tiswan_000947,tiswan,cleaned_v1,datasets/skin/acne/final/subtype_classification/train/papular/tiswan_000947.jpg,train,papular,borderline,non_expert,subtype_classification,acne,1.0,3104cd3849d178796405ecbc1a40b9c4f6db685022512f686ef8a2258f6aecad,Cleaned fine-grained classification image. Class: Papules. Blur score: 46.77.
tiswan_000948,tiswan,cleaned_v1,datasets/skin/acne/final/subtype_classification/train/papular/tiswan_000948.jpg,train,papular,usable,non_expert,subtype_classification,acne,1.0,d9d30be27c3d0002f87e6ee8c9141b2abcd688bdaf8ec3df021e4f785954d1f8,Cleaned fine-grained classification image. Class: Papules. Blur score: 97.79.
tiswan_000949,tiswan,cleaned_v1,datasets/skin/acne/final/subtype_classification/train/papular/tiswan_000949.jpg,train,papular,borderline,non_expert,subtype_classification,acne,1.0,61da9c0f23feba663ba71f8634795f859a31c14cb603008edf37a32cda2c5fa2,Cleaned fine-grained classification image. Class: Papules. Blur score: 50.65.
tiswan_000950,tiswan,cleaned_v1,datasets/skin/acne/final/subtype_classification/train/papular/tiswan_000950.jpg,train,papular,usable,non_expert,subtype_classification,acne,1.0,eb5601c4e9dd458a629bb0e3ee9de2456d197a4fb968170a0faed6f6305eb19b,Cleaned fine-grained classification image. Class: Papules. Blur score: 91.22.
tiswan_000951,tiswan,cleaned_v1,datasets/skin/acne/final/subtype_classification/train/papular/tiswan_000951.jpg,train,papular,usable,non_expert,subtype_classification,acne,1.0,a9d614f9f82cb35621e73fe3537fbb634ee288a6e480b664eb7705abb9051f04,Cleaned fine-grained classification image. Class: Papules. Blur score: 134.9.
tiswan_000952,tiswan,cleaned_v1,datasets/skin/acne/final/subtype_classification/train/papular/tiswan_000952.jpg,train,papular,usable,non_expert,subtype_classification,acne,1.0,3e6e340f245597d95174f06a811892beae5e46dae8c2360806e5667a001bd620,Cleaned fine-grained classification image. Class: Papules. Blur score: 129.07.
tiswan_000953,tiswan,cleaned_v1,datasets/skin/acne/final/subtype_classification/train/papular/tiswan_000953.jpg,train,papular,borderline,non_expert,subtype_classification,acne,1.0,1dc30d7ecfd910117b7f1de50de0394fbf450a925c5218e8c6ab10bf08fcff17,Cleaned fine-grained classification image. Class: Papules. Blur score: 32.67.
tiswan_000954,tiswan,cleaned_v1,datasets/skin/acne/final/subtype_classification/train/papular/tiswan_000954.jpg,train,papular,usable,non_expert,subtype_classification,acne,1.0,e9218feacb80cea77ad6d4dd68c8e438f386d1e6fa350f21d3d8e30697bdb254,Cleaned fine-grained classification image. Class: Papules. Blur score: 60.05.
tiswan_000955,tiswan,cleaned_v1,datasets/skin/acne/final/subtype_classification/train/papular/tiswan_000955.jpg,train,papular,borderline,non_expert,subtype_classification,acne,1.0,0030c2dc5d176c9a7b65e4171362b2e7548bb2c5ff855ef702ae71b3ba169199,Cleaned fine-grained classification image. Class: Papules. Blur score: 49.62.
tiswan_000956,tiswan,cleaned_v1,datasets/skin/acne/final/subtype_classification/train/papular/tiswan_000956.jpg,train,papular,usable,non_expert,subtype_classification,acne,1.0,642760550b327766caab58b04fde2023c597d91588e0f0ce1d6b7e392b3a3bb1,Cleaned fine-grained classification image. Class: Papules. Blur score: 63.57.
tiswan_000957,tiswan,cleaned_v1,datasets/skin/acne/final/subtype_classification/train/papular/tiswan_000957.jpg,train,papular,usable,non_expert,subtype_classification,acne,1.0,02af68af4e9219ca6acec2af6d25300be9ac14e934a2a382c42c7cb17fbeda96,Cleaned fine-grained classification image. Class: Papules. Blur score: 112.42.
tiswan_000958,tiswan,cleaned_v1,datasets/skin/acne/final/subtype_classification/train/papular/tiswan_000958.jpg,train,papular,usable,non_expert,subtype_classification,acne,1.0,2621bcb53a6613e004166aecbd911a4ee731ec27942837a2d1facb7808bcec58,Cleaned fine-grained classification image. Class: Papules. Blur score: 112.69.
tiswan_000959,tiswan,cleaned_v1,datasets/skin/acne/final/subtype_classification/train/papular/tiswan_000959.jpg,train,papular,usable,non_expert,subtype_classification,acne,1.0,3337bc72444c6ea35ffe736d64851300dac5a89e15c6a5917844d1aea0bcacb4,Cleaned fine-grained classification image. Class: Papules. Blur score: 127.17.
tiswan_000960,tiswan,cleaned_v1,datasets/skin/acne/final/subtype_classification/train/papular/tiswan_000960.jpg,train,papular,usable,non_expert,subtype_classification,acne,1.0,96edc1f8a3f8c898e52dff3032af8736b9408e265c374e58faafc8ce9373a6d4,Cleaned fine-grained classification image. Class: Papules. Blur score: 129.8.
tiswan_000961,tiswan,cleaned_v1,datasets/skin/acne/final/subtype_classification/train/papular/tiswan_000961.jpg,train,papular,usable,non_expert,subtype_classification,acne,1.0,52c42705d6d8bc8b3b8299fc3f2e4f654e2d8f1da734202a665c7469fdd4557a,Cleaned fine-grained classification image. Class: Papules. Blur score: 91.77.
tiswan_000962,tiswan,cleaned_v1,datasets/skin/acne/final/subtype_classification/train/papular/tiswan_000962.jpg,train,papular,borderline,non_expert,subtype_classification,acne,1.0,4c1832a15acd2a3a2f9885c8a8c88bb5c1aafff0605a2ab2862c90af3b009dea,Cleaned fine-grained classification image. Class: Papules. Blur score: 40.2.
tiswan_000963,tiswan,cleaned_v1,datasets/skin/acne/final/subtype_classification/train/papular/tiswan_000963.jpg,train,papular,usable,non_expert,subtype_classification,acne,1.0,ff29ae0b6446a105ec1a5e339797241b37ab19dcbcd7355f94c933b62dae0d22,Cleaned fine-grained classification image. Class: Papules. Blur score: 78.12.
tiswan_000964,tiswan,cleaned_v1,datasets/skin/acne/final/subtype_classification/train/papular/tiswan_000964.jpg,train,papular,usable,non_expert,subtype_classification,acne,1.0,5461aa4f796358120521a8b9641129cb720ebee0b1c37feb666683e4fa1186e6,Cleaned fine-grained classification image. Class: Papules. Blur score: 111.02.
tiswan_000965,tiswan,cleaned_v1,datasets/skin/acne/final/subtype_classification/train/papular/tiswan_000965.jpg,train,papular,usable,non_expert,subtype_classification,acne,1.0,e81180df49f19ddbdf3f9754a4f9ed6271feaf031c85ac23ece9573397d7c352,Cleaned fine-grained classification image. Class: Papules. Blur score: 95.37.
tiswan_000966,tiswan,cleaned_v1,datasets/skin/acne/final/subtype_classification/train/papular/tiswan_000966.jpg,train,papular,usable,non_expert,subtype_classification,acne,1.0,3f96dc6770152db992af2b7b3f98b17c44415d2ee6f5190b8a6a3a0530dae214,Cleaned fine-grained classification image. Class: Papules. Blur score: 104.73.
tiswan_000967,tiswan,cleaned_v1,datasets/skin/acne/final/subtype_classification/train/papular/tiswan_000967.jpg,train,papular,usable,non_expert,subtype_classification,acne,1.0,f80f7d79e95935a349aa1d5d7d05d5542324df95488cda5df5538c54a26839cc,Cleaned fine-grained classification image. Class: Papules. Blur score: 99.97.
tiswan_000968,tiswan,cleaned_v1,datasets/skin/acne/final/subtype_classification/train/papular/tiswan_000968.jpg,train,papular,borderline,non_expert,subtype_classification,acne,1.0,ef5fb4e510691fb143d8f3ced477a6ec69bb8ae9dd3f790c7fb8f79e48e3ebf2,Cleaned fine-grained classification image. Class: Papules. Blur score: 31.18.
tiswan_000969,tiswan,cleaned_v1,datasets/skin/acne/final/subtype_classification/train/papular/tiswan_000969.jpg,train,papular,usable,non_expert,subtype_classification,acne,1.0,22dce811393ad620826a4d45cc12809da9ba1a529884fc0a9d15c2a14a5a38b4,Cleaned fine-grained classification image. Class: Papules. Blur score: 101.49.
tiswan_000970,tiswan,cleaned_v1,datasets/skin/acne/final/subtype_classification/train/papular/tiswan_000970.jpg,train,papular,usable,non_expert,subtype_classification,acne,1.0,7cf1b6b9724be35706f6bde8fe0a2102b308909dd0d1da8e643cfdc1fb51aae3,Cleaned fine-grained classification image. Class: Papules. Blur score: 77.98.
tiswan_000971,tiswan,cleaned_v1,datasets/skin/acne/final/subtype_classification/train/papular/tiswan_000971.jpg,train,papular,borderline,non_expert,subtype_classification,acne,1.0,376c99d74e60de8052f5295cdf318173cb4efd4273b8b5e87efba93495d8cc07,Cleaned fine-grained classification image. Class: Papules. Blur score: 47.69.
tiswan_000972,tiswan,cleaned_v1,datasets/skin/acne/final/subtype_classification/train/papular/tiswan_000972.jpg,train,papular,usable,non_expert,subtype_classification,acne,1.0,9bf1417b1111c43141c08498a79303b7287d2def70cb0522817146b87c964b00,Cleaned fine-grained classification image. Class: Papules. Blur score: 71.86.
tiswan_000973,tiswan,cleaned_v1,datasets/skin/acne/final/subtype_classification/train/papular/tiswan_000973.jpg,train,papular,borderline,non_expert,subtype_classification,acne,1.0,4e98468ce12cb58726ffc148104f3fe040c61b30b798ed6ebf96a3ab26c82e0c,Cleaned fine-grained classification image. Class: Papules. Blur score: 52.14.
tiswan_000974,tiswan,cleaned_v1,datasets/skin/acne/final/subtype_classification/train/papular/tiswan_000974.jpg,train,papular,borderline,non_expert,subtype_classification,acne,1.0,d7bbd97e3c5192dd35055a97e5612ad4b9d72844c05479d31fc0ea810084ef76,Cleaned fine-grained classification image. Class: Papules. Blur score: 58.12.
tiswan_000975,tiswan,cleaned_v1,datasets/skin/acne/final/subtype_classification/train/papular/tiswan_000975.jpg,train,papular,borderline,non_expert,subtype_classification,acne,1.0,07cf5a8dd7bf67dc8f557e3c6b725b533b2d5dc8f0924eafff8a88848228e899,Cleaned fine-grained classification image. Class: Papules. Blur score: 43.08.
tiswan_000976,tiswan,cleaned_v1,datasets/skin/acne/final/subtype_classification/train/papular/tiswan_000976.jpg,train,papular,borderline,non_expert,subtype_classification,acne,1.0,dd84475cefe203a026aebdbd2789ad59713a86cc305ac9a4c331c320703fc40d,Cleaned fine-grained classification image. Class: Papules. Blur score: 48.94.
tiswan_000977,tiswan,cleaned_v1,datasets/skin/acne/final/subtype_classification/train/papular/tiswan_000977.jpg,train,papular,borderline,non_expert,subtype_classification,acne,1.0,90f40cd0abbfa879377a3a0005b6214c90786ad8870c90b87bc954ccd017bf99,Cleaned fine-grained classification image. Class: Papules. Blur score: 56.12.
tiswan_000978,tiswan,cleaned_v1,datasets/skin/acne/final/subtype_classification/train/papular/tiswan_000978.jpg,train,papular,borderline,non_expert,subtype_classification,acne,1.0,824fad02ffc450abaa5b9a70431a34e3adcf1e1225f082430d5ed3b6ebd22dda,Cleaned fine-grained classification image. Class: Papules. Blur score: 38.1.
tiswan_000979,tiswan,cleaned_v1,datasets/skin/acne/final/subtype_classification/train/papular/tiswan_000979.jpg,train,papular,usable,non_expert,subtype_classification,acne,1.0,04ea3fdd26631f5316d858a2f20a9db83b1cc39a1973e1b6812f7eb0a835c953,Cleaned fine-grained classification image. Class: Papules. Blur score: 106.26.
tiswan_000980,tiswan,cleaned_v1,datasets/skin/acne/final/subtype_classification/train/papular/tiswan_000980.jpg,train,papular,borderline,non_expert,subtype_classification,acne,1.0,756ea2b93ab9a0de36c951f1ec39793ba9b09101bd72b2fdb55913e8d1b0431c,Cleaned fine-grained classification image. Class: Papules. Blur score: 46.92.
tiswan_000981,tiswan,cleaned_v1,datasets/skin/acne/final/subtype_classification/train/papular/tiswan_000981.jpg,train,papular,usable,non_expert,subtype_classification,acne,1.0,b97e9570231267c70ca45c2134c6717fbde757f283c1116323b66d1cbd702561,Cleaned fine-grained classification image. Class: Papules. Blur score: 93.76.
tiswan_000982,tiswan,cleaned_v1,datasets/skin/acne/final/subtype_classification/train/papular/tiswan_000982.jpg,train,papular,borderline,non_expert,subtype_classification,acne,1.0,0721d0c2767d31fcc4f4fc6745b079b4a567c9b134b3cba4880eaa4644cbb78b,Cleaned fine-grained classification image. Class: Papules. Blur score: 50.2.
tiswan_000983,tiswan,cleaned_v1,datasets/skin/acne/final/subtype_classification/train/papular/tiswan_000983.jpg,train,papular,usable,non_expert,subtype_classification,acne,1.0,fd1ffc3672591de2cca20dc76b48702c573e19edc8a7b1b66146e1345973043d,Cleaned fine-grained classification image. Class: Papules. Blur score: 78.47.
tiswan_000984,tiswan,cleaned_v1,datasets/skin/acne/final/subtype_classification/train/papular/tiswan_000984.jpg,train,papular,usable,non_expert,subtype_classification,acne,1.0,a00b1702e7753391729efe9acffd6e742368eea2e46097b30f6b0abfea36c1c8,Cleaned fine-grained classification image. Class: Papules. Blur score: 70.06.
tiswan_000985,tiswan,cleaned_v1,datasets/skin/acne/final/subtype_classification/train/papular/tiswan_000985.jpg,train,papular,borderline,non_expert,subtype_classification,acne,1.0,aba36c279ebf010dc1e4f2186e4f26236fff0fed8d0319e9d867ed9b11f2137c,Cleaned fine-grained classification image. Class: Papules. Blur score: 30.28.
tiswan_000986,tiswan,cleaned_v1,datasets/skin/acne/final/subtype_classification/train/papular/tiswan_000986.jpg,train,papular,usable,non_expert,subtype_classification,acne,1.0,c517c9aee79258456ac6dd6740b4ec9120ef64f89d9cc551f6c2caed693acefb,Cleaned fine-grained classification image. Class: Papules. Blur score: 75.65.
tiswan_000987,tiswan,cleaned_v1,datasets/skin/acne/final/subtype_classification/train/papular/tiswan_000987.jpg,train,papular,usable,non_expert,subtype_classification,acne,1.0,b7297505e0c56c9dc603c33f13a2be67f06891905360138bbe448cd49d28dd68,Cleaned fine-grained classification image. Class: Papules. Blur score: 67.91.
tiswan_000988,tiswan,cleaned_v1,datasets/skin/acne/final/subtype_classification/train/papular/tiswan_000988.jpg,train,papular,usable,non_expert,subtype_classification,acne,1.0,fe75d39b332fc3ffc07a69a850cd556f004e818c4b84577d5fb6239bfacf4875,Cleaned fine-grained classification image. Class: Papules. Blur score: 70.83.
tiswan_000989,tiswan,cleaned_v1,datasets/skin/acne/final/subtype_classification/train/papular/tiswan_000989.jpg,train,papular,usable,non_expert,subtype_classification,acne,1.0,4f19df846444b7f71c03b187b41411fa869108b6f440b3af949dd71aa1767a5f,Cleaned fine-grained classification image. Class: Papules. Blur score: 60.57.
tiswan_000990,tiswan,cleaned_v1,datasets/skin/acne/final/subtype_classification/train/papular/tiswan_000990.jpg,train,papular,usable,non_expert,subtype_classification,acne,1.0,040bb72aa3d10b38a200c5b3b04813d2e1eadf00e14e2a27793a189db72d7a8b,Cleaned fine-grained classification image. Class: Papules. Blur score: 72.68.
tiswan_000991,tiswan,cleaned_v1,datasets/skin/acne/final/subtype_classification/train/papular/tiswan_000991.jpg,train,papular,borderline,non_expert,subtype_classification,acne,1.0,336c3fe860b3e9c834c567e7b59f49a6e5f328b04107ee3ed9007fceb703cbfe,Cleaned fine-grained classification image. Class: Papules. Blur score: 57.0.
tiswan_000992,tiswan,cleaned_v1,datasets/skin/acne/final/subtype_classification/train/papular/tiswan_000992.jpg,train,papular,usable,non_expert,subtype_classification,acne,1.0,bfc87ff7d59ee871208ca2709f5d6ce5c7639eefd8c2fff2359b0a55e9e3defd,Cleaned fine-grained classification image. Class: Papules. Blur score: 95.46.
tiswan_000993,tiswan,cleaned_v1,datasets/skin/acne/final/subtype_classification/train/papular/tiswan_000993.jpg,train,papular,usable,non_expert,subtype_classification,acne,1.0,f664d7ec6bf94cf44ce7cbdf6356b06dc01b817371cd9faa938a6c49e004f027,Cleaned fine-grained classification image. Class: Papules. Blur score: 107.3.
tiswan_000994,tiswan,cleaned_v1,datasets/skin/acne/final/subtype_classification/train/papular/tiswan_000994.jpg,train,papular,usable,non_expert,subtype_classification,acne,1.0,3a8a7bb6ba6a185d110a1e1c10dbfb69e65aea21ec5efb8c5e39503f86205566,Cleaned fine-grained classification image. Class: Papules. Blur score: 82.2.
tiswan_000995,tiswan,cleaned_v1,datasets/skin/acne/final/subtype_classification/train/papular/tiswan_000995.jpg,train,papular,borderline,non_expert,subtype_classification,acne,1.0,a4e2b6d47b3681122c8d259bc12aff611bc0e635b430124a501a7ba9213b2e90,Cleaned fine-grained classification image. Class: Papules. Blur score: 48.02.
tiswan_000996,tiswan,cleaned_v1,datasets/skin/acne/final/subtype_classification/train/papular/tiswan_000996.jpg,train,papular,usable,non_expert,subtype_classification,acne,1.0,7a838317544a1eadf2872ff1008279444777b2ee7841ccd2ea69aa5acd44ba95,Cleaned fine-grained classification image. Class: Papules. Blur score: 117.23.
tiswan_000997,tiswan,cleaned_v1,datasets/skin/acne/final/subtype_classification/train/papular/tiswan_000997.jpg,train,papular,usable,non_expert,subtype_classification,acne,1.0,d7ba7bd9d090759dc6311cef3e744d5273580e3a805a23b3be19dfdb45d53c98,Cleaned fine-grained classification image. Class: Papules. Blur score: 66.1.
tiswan_000998,tiswan,cleaned_v1,datasets/skin/acne/final/subtype_classification/train/papular/tiswan_000998.jpg,train,papular,borderline,non_expert,subtype_classification,acne,1.0,cf5189fddd26cb46de3bb150c8f670f7e1436c40fcccef4023962c89dcfe07a6,Cleaned fine-grained classification image. Class: Papules. Blur score: 49.36.
tiswan_000999,tiswan,cleaned_v1,datasets/skin/acne/final/subtype_classification/train/papular/tiswan_000999.jpg,train,papular,usable,non_expert,subtype_classification,acne,1.0,44c18dc04392459c8e90c8903556e4a56f51d39e612bb91cc1dbcfe17b57b546,Cleaned fine-grained classification image. Class: Papules. Blur score: 84.08.
tiswan_001000,tiswan,cleaned_v1,datasets/skin/acne/final/subtype_classification/train/papular/tiswan_001000.jpg,train,papular,usable,non_expert,subtype_classification,acne,1.0,db714fe84dfb76be40b184287992485998481a66b78e2fdd758b65e141e7aaf3,Cleaned fine-grained classification image. Class: Papules. Blur score: 88.79.
tiswan_001001,tiswan,cleaned_v1,datasets/skin/acne/final/subtype_classification/train/papular/tiswan_001001.jpg,train,papular,usable,non_expert,subtype_classification,acne,1.0,fe0ac80c989d0a6bf7f3f57cdc6e797ab3b6c0c832f523a5b2e65567cfccf9f0,Cleaned fine-grained classification image. Class: Papules. Blur score: 69.54.
tiswan_001002,tiswan,cleaned_v1,datasets/skin/acne/final/subtype_classification/train/papular/tiswan_001002.jpg,train,papular,usable,non_expert,subtype_classification,acne,1.0,a7954c8837e6743ba92a1645cfeb1f7067bb85fb767c4b8bd1aebe5c66095fde,Cleaned fine-grained classification image. Class: Papules. Blur score: 66.78.
tiswan_001003,tiswan,cleaned_v1,datasets/skin/acne/final/subtype_classification/train/papular/tiswan_001003.jpg,train,papular,usable,non_expert,subtype_classification,acne,1.0,6f417d2a409b9782a401ad990df33f440b79bc0fa22bb6b48473f14f13e6e6b8,Cleaned fine-grained classification image. Class: Papules. Blur score: 63.83.
tiswan_001004,tiswan,cleaned_v1,datasets/skin/acne/final/subtype_classification/train/papular/tiswan_001004.jpg,train,papular,usable,non_expert,subtype_classification,acne,1.0,b5fbe95279a76172f6dff11b883500a93652b2eb1c9fdc5e1fd3dd8d4fa8361b,Cleaned fine-grained classification image. Class: Papules. Blur score: 104.22.
tiswan_001005,tiswan,cleaned_v1,datasets/skin/acne/final/subtype_classification/train/papular/tiswan_001005.jpg,train,papular,borderline,non_expert,subtype_classification,acne,1.0,acb30148dd9e20e11265a6732f24d2ddf223004800a2a5bfc2cac990b1d44e01,Cleaned fine-grained classification image. Class: Papules. Blur score: 56.31.
tiswan_001006,tiswan,cleaned_v1,datasets/skin/acne/final/subtype_classification/train/papular/tiswan_001006.jpg,train,papular,usable,non_expert,subtype_classification,acne,1.0,2e033a565bb4c0431e3792d9de8a272216371c96cad146ae6a567efca19f9e05,Cleaned fine-grained classification image. Class: Papules. Blur score: 63.44.
tiswan_001007,tiswan,cleaned_v1,datasets/skin/acne/final/subtype_classification/train/papular/tiswan_001007.jpg,train,papular,borderline,non_expert,subtype_classification,acne,1.0,80dcabe9f94566f360d1ef6dfe7ee7be50505ffceb6a71106d64fcb54df2c146,Cleaned fine-grained classification image. Class: Papules. Blur score: 32.37.
tiswan_001008,tiswan,cleaned_v1,datasets/skin/acne/final/subtype_classification/train/papular/tiswan_001008.jpg,train,papular,usable,non_expert,subtype_classification,acne,1.0,cebd1b95ebc1d2b378471cd9df8b2a05d408c0cb473b27cb1dff2963e2534698,Cleaned fine-grained classification image. Class: Papules. Blur score: 79.13.
tiswan_001009,tiswan,cleaned_v1,datasets/skin/acne/final/subtype_classification/train/papular/tiswan_001009.jpg,train,papular,usable,non_expert,subtype_classification,acne,1.0,5f1b6453ddf4bcd570f1aa05b8e38dab33e42dfd9e1f685f49853a8e3703241c,Cleaned fine-grained classification image. Class: Papules. Blur score: 63.58.
tiswan_001010,tiswan,cleaned_v1,datasets/skin/acne/final/subtype_classification/train/papular/tiswan_001010.jpg,train,papular,usable,non_expert,subtype_classification,acne,1.0,7f65073a4e5a554ee786a09638e7264f02822afb5057aaad7c52458a85d6312d,Cleaned fine-grained classification image. Class: Papules. Blur score: 68.33.
tiswan_001011,tiswan,cleaned_v1,datasets/skin/acne/final/subtype_classification/train/papular/tiswan_001011.jpg,train,papular,usable,non_expert,subtype_classification,acne,1.0,dcb17060d9c299992d453bc9dabbafaa790ba7ea7a0a4a39e0c940ea6b700a1f,Cleaned fine-grained classification image. Class: Papules. Blur score: 96.07.
tiswan_001012,tiswan,cleaned_v1,datasets/skin/acne/final/subtype_classification/train/papular/tiswan_001012.jpg,train,papular,usable,non_expert,subtype_classification,acne,1.0,c48a025ae5e06caaba1dc7796984ad51b23614af80ac39f3093289f9364a3f3e,Cleaned fine-grained classification image. Class: Papules. Blur score: 76.66.
tiswan_001013,tiswan,cleaned_v1,datasets/skin/acne/final/subtype_classification/train/papular/tiswan_001013.jpg,train,papular,usable,non_expert,subtype_classification,acne,1.0,36a273a683edb7ef3032e413da6c9f57084750d764eeaab1260494e7b6679c88,Cleaned fine-grained classification image. Class: Papules. Blur score: 75.85.
tiswan_001014,tiswan,cleaned_v1,datasets/skin/acne/final/subtype_classification/train/papular/tiswan_001014.jpg,train,papular,usable,non_expert,subtype_classification,acne,1.0,62a58aefa704aef0f59a6d0e9316608974ed309b375eff1b8445998e7b718112,Cleaned fine-grained classification image. Class: Papules. Blur score: 82.82.
tiswan_001015,tiswan,cleaned_v1,datasets/skin/acne/final/subtype_classification/train/papular/tiswan_001015.jpg,train,papular,usable,non_expert,subtype_classification,acne,1.0,7d818adbab3816cdccbaa20d575ff2885a490dbb723e76b3147896c3b6dd1e87,Cleaned fine-grained classification image. Class: Papules. Blur score: 76.15.
tiswan_001016,tiswan,cleaned_v1,datasets/skin/acne/final/subtype_classification/train/papular/tiswan_001016.jpg,train,papular,usable,non_expert,subtype_classification,acne,1.0,5f35d9afc09fe55618b25a24d7bbd3d562d4cc4a1f6fbf9d4353114a652fa414,Cleaned fine-grained classification image. Class: Papules. Blur score: 84.28.
tiswan_001017,tiswan,cleaned_v1,datasets/skin/acne/final/subtype_classification/train/papular/tiswan_001017.jpg,train,papular,usable,non_expert,subtype_classification,acne,1.0,27d9e0c080fcc71ed35557e76f6a023dc30d05bcc0089ed024664aa8d56844f2,Cleaned fine-grained classification image. Class: Papules. Blur score: 88.96.
tiswan_001018,tiswan,cleaned_v1,datasets/skin/acne/final/subtype_classification/train/papular/tiswan_001018.jpg,train,papular,usable,non_expert,subtype_classification,acne,1.0,f907c88deee25b236792849fa0c5deaaeffdc1a84548c979c4201e50f5727e49,Cleaned fine-grained classification image. Class: Papules. Blur score: 80.89.
tiswan_001019,tiswan,cleaned_v1,datasets/skin/acne/final/subtype_classification/train/papular/tiswan_001019.jpg,train,papular,borderline,non_expert,subtype_classification,acne,1.0,4ba90ff2d1b56ce8914347215e38b0f7d11ec3cbf425c1698c913ab9dfb2c8fd,Cleaned fine-grained classification image. Class: Papules. Blur score: 42.23.
tiswan_001020,tiswan,cleaned_v1,datasets/skin/acne/final/subtype_classification/train/papular/tiswan_001020.jpg,train,papular,usable,non_expert,subtype_classification,acne,1.0,5273041f6580b3f3859e2210ff53ca39139873e720f07d8e84e39931fad07b60,Cleaned fine-grained classification image. Class: Papules. Blur score: 120.52.
tiswan_001021,tiswan,cleaned_v1,datasets/skin/acne/final/subtype_classification/train/papular/tiswan_001021.jpg,train,papular,usable,non_expert,subtype_classification,acne,1.0,718e4a5c9317c2f4bc1e3f3edb76bfb0dbc2c6c396314109c30d5c5a3ef997ff,Cleaned fine-grained classification image. Class: Papules. Blur score: 110.78.
tiswan_001022,tiswan,cleaned_v1,datasets/skin/acne/final/subtype_classification/train/papular/tiswan_001022.jpg,train,papular,usable,non_expert,subtype_classification,acne,1.0,1ff992c0d21085614f486e7279892845d8f480a43ba643dd9f68d105cedcb767,Cleaned fine-grained classification image. Class: Papules. Blur score: 79.08.
tiswan_001023,tiswan,cleaned_v1,datasets/skin/acne/final/subtype_classification/train/papular/tiswan_001023.jpg,train,papular,usable,non_expert,subtype_classification,acne,1.0,370eebf8cc0e2c2155ea6a06b6b0dd362808dd384050074e4d9458a71cca0298,Cleaned fine-grained classification image. Class: Papules. Blur score: 102.53.
tiswan_001024,tiswan,cleaned_v1,datasets/skin/acne/final/subtype_classification/train/papular/tiswan_001024.jpg,train,papular,usable,non_expert,subtype_classification,acne,1.0,eccea5c075f254cd46751afc9e941e23ec91bc1cedbc5bc80587952b45d76a82,Cleaned fine-grained classification image. Class: Papules. Blur score: 65.21.
tiswan_001025,tiswan,cleaned_v1,datasets/skin/acne/final/subtype_classification/train/papular/tiswan_001025.jpg,train,papular,usable,non_expert,subtype_classification,acne,1.0,e552e45c99f0815d9313af32315e51c92b32b78bdd60ac14f57bdebf86fc4ac5,Cleaned fine-grained classification image. Class: Papules. Blur score: 119.13.
tiswan_001026,tiswan,cleaned_v1,datasets/skin/acne/final/subtype_classification/train/papular/tiswan_001026.jpg,train,papular,usable,non_expert,subtype_classification,acne,1.0,e7c0b6da2ff0e4da09f30591038e897e526bffad0076554a7c1cd0eff5ff5637,Cleaned fine-grained classification image. Class: Papules. Blur score: 88.28.
tiswan_001027,tiswan,cleaned_v1,datasets/skin/acne/final/subtype_classification/train/papular/tiswan_001027.jpg,train,papular,usable,non_expert,subtype_classification,acne,1.0,771bd374ca5bf3caacd1b358a00c7aebd44d2f2ee42c202c9e3943cc7ee20d90,Cleaned fine-grained classification image. Class: Papules. Blur score: 67.29.
tiswan_001028,tiswan,cleaned_v1,datasets/skin/acne/final/subtype_classification/train/papular/tiswan_001028.jpg,train,papular,usable,non_expert,subtype_classification,acne,1.0,97927f2d66f2869f0a1e26bb41bf5a7479a267d7cb9d7f18de4dac688d9bd7a1,Cleaned fine-grained classification image. Class: Papules. Blur score: 77.68.
tiswan_001029,tiswan,cleaned_v1,datasets/skin/acne/final/subtype_classification/train/papular/tiswan_001029.jpg,train,papular,usable,non_expert,subtype_classification,acne,1.0,d5a8983be13e1c1669aca3340706c7e2ea85023737ac66ae00b015a704461bd9,Cleaned fine-grained classification image. Class: Papules. Blur score: 105.92.
tiswan_001030,tiswan,cleaned_v1,datasets/skin/acne/final/subtype_classification/train/papular/tiswan_001030.jpg,train,papular,usable,non_expert,subtype_classification,acne,1.0,7b138b0e43511ccc69bdc347f5e6c90303d0b691e4496eeb64c77e05a205ba91,Cleaned fine-grained classification image. Class: Papules. Blur score: 93.23.
tiswan_001031,tiswan,cleaned_v1,datasets/skin/acne/final/subtype_classification/train/papular/tiswan_001031.jpg,train,papular,usable,non_expert,subtype_classification,acne,1.0,b4e02941c488fc2e1f759686846cf72bb331b24a6077fe2668dd1eaf25ae3af8,Cleaned fine-grained classification image. Class: Papules. Blur score: 95.07.
tiswan_001032,tiswan,cleaned_v1,datasets/skin/acne/final/subtype_classification/train/papular/tiswan_001032.jpg,train,papular,usable,non_expert,subtype_classification,acne,1.0,318a59761803e1067300de67216d075abba27ff00f13c54248fb76860462a82f,Cleaned fine-grained classification image. Class: Papules. Blur score: 104.65.
tiswan_001033,tiswan,cleaned_v1,datasets/skin/acne/final/subtype_classification/train/papular/tiswan_001033.jpg,train,papular,usable,non_expert,subtype_classification,acne,1.0,5b3a77e1599f788ce1799dc9a60d9fbd6001bfda7bdddf4e62ce217481e777e9,Cleaned fine-grained classification image. Class: Papules. Blur score: 71.56.
tiswan_001034,tiswan,cleaned_v1,datasets/skin/acne/final/subtype_classification/train/papular/tiswan_001034.jpg,train,papular,borderline,non_expert,subtype_classification,acne,1.0,9f13fab66bb89047cda045101a10c0381efe4494584a30f91edd9aef916da210,Cleaned fine-grained classification image. Class: Papules. Blur score: 50.86.
tiswan_001035,tiswan,cleaned_v1,datasets/skin/acne/final/subtype_classification/train/papular/tiswan_001035.jpg,train,papular,borderline,non_expert,subtype_classification,acne,1.0,0bce867b30be65f506b7bfe52d1436cb4206d9638a5de76621cd26c0e34555d7,Cleaned fine-grained classification image. Class: Papules. Blur score: 40.43.
tiswan_001036,tiswan,cleaned_v1,datasets/skin/acne/final/subtype_classification/train/papular/tiswan_001036.jpg,train,papular,usable,non_expert,subtype_classification,acne,1.0,7d423d55a98235c5ade40031d11cae78f480ae6c6b1cd32cc55fafd1cacaf479,Cleaned fine-grained classification image. Class: Papules. Blur score: 101.94.
tiswan_001037,tiswan,cleaned_v1,datasets/skin/acne/final/subtype_classification/train/papular/tiswan_001037.jpg,train,papular,borderline,non_expert,subtype_classification,acne,1.0,2ab6310b0598e2a98a4e331cd4e65a89d50020989f089b966b7850afa383a17c,Cleaned fine-grained classification image. Class: Papules. Blur score: 38.98.
tiswan_001038,tiswan,cleaned_v1,datasets/skin/acne/final/subtype_classification/train/papular/tiswan_001038.jpg,train,papular,usable,non_expert,subtype_classification,acne,1.0,94bc9cbac95c132735ec24689e3beaf6b1bace21ddad97797b56d01ef392fa5e,Cleaned fine-grained classification image. Class: Papules. Blur score: 96.93.
tiswan_001039,tiswan,cleaned_v1,datasets/skin/acne/final/subtype_classification/train/papular/tiswan_001039.jpg,train,papular,usable,non_expert,subtype_classification,acne,1.0,66214d31d1c5d5ac0338944eac5ca3301644ecad9fca84389bd72e7c15c5fe5a,Cleaned fine-grained classification image. Class: Papules. Blur score: 83.46.
tiswan_001040,tiswan,cleaned_v1,datasets/skin/acne/final/subtype_classification/train/papular/tiswan_001040.jpg,train,papular,usable,non_expert,subtype_classification,acne,1.0,9d7b9d4649cdb4849eb31d06b9fda2d71acce10ecfe62fcbb1ccd6aeb5f2bf23,Cleaned fine-grained classification image. Class: Papules. Blur score: 61.86.
tiswan_001041,tiswan,cleaned_v1,datasets/skin/acne/final/subtype_classification/train/papular/tiswan_001041.jpg,train,papular,borderline,non_expert,subtype_classification,acne,1.0,5b7b5c86b0d61910ee4cc4a13b7f985019b6572f0872dd638cc078e0971c9672,Cleaned fine-grained classification image. Class: Papules. Blur score: 52.02.
tiswan_001042,tiswan,cleaned_v1,datasets/skin/acne/final/subtype_classification/train/papular/tiswan_001042.jpg,train,papular,borderline,non_expert,subtype_classification,acne,1.0,cde3a7c6832612fb27857d7ae2e891707b796325d5c1dc7aeb2c5e98ebdbb178,Cleaned fine-grained classification image. Class: Papules. Blur score: 49.1.
tiswan_001043,tiswan,cleaned_v1,datasets/skin/acne/final/subtype_classification/train/papular/tiswan_001043.jpg,train,papular,usable,non_expert,subtype_classification,acne,1.0,95091eca5d79325e15d491925da1f6b7013e86698778210d9307e4f5afead37b,Cleaned fine-grained classification image. Class: Papules. Blur score: 72.22.
tiswan_001044,tiswan,cleaned_v1,datasets/skin/acne/final/subtype_classification/train/papular/tiswan_001044.jpg,train,papular,borderline,non_expert,subtype_classification,acne,1.0,39a734dd423d8a833f8aa014523a3d3e917514015af6277d6bbea04639e839ef,Cleaned fine-grained classification image. Class: Papules. Blur score: 57.56.
tiswan_001045,tiswan,cleaned_v1,datasets/skin/acne/final/subtype_classification/train/papular/tiswan_001045.jpg,train,papular,usable,non_expert,subtype_classification,acne,1.0,ad238291fd8c7b47bc1479e2d1928a3a8c92e03b28dc4ed678696f6d47897538,Cleaned fine-grained classification image. Class: Papules. Blur score: 82.76.
tiswan_001046,tiswan,cleaned_v1,datasets/skin/acne/final/subtype_classification/train/papular/tiswan_001046.jpg,train,papular,usable,non_expert,subtype_classification,acne,1.0,bac70989fb99218842ed735e5bd5dcbc49ad740c945c18514cf0f606d7f67d2c,Cleaned fine-grained classification image. Class: Papules. Blur score: 114.97.
tiswan_001047,tiswan,cleaned_v1,datasets/skin/acne/final/subtype_classification/train/papular/tiswan_001047.jpg,train,papular,usable,non_expert,subtype_classification,acne,1.0,ffd0163039f0c4277151844fe06b00c756c0c8782450d73d480b707d51739eba,Cleaned fine-grained classification image. Class: Papules. Blur score: 81.14.
tiswan_001048,tiswan,cleaned_v1,datasets/skin/acne/final/subtype_classification/train/papular/tiswan_001048.jpg,train,papular,borderline,non_expert,subtype_classification,acne,1.0,bec7268c83229cd33b84aacecdfcc4fcdbf77155adface53d8ea95b25630d4b1,Cleaned fine-grained classification image. Class: Papules. Blur score: 51.25.
tiswan_001049,tiswan,cleaned_v1,datasets/skin/acne/final/subtype_classification/train/papular/tiswan_001049.jpg,train,papular,usable,non_expert,subtype_classification,acne,1.0,711f256862aa069e831b06eee372487910896496d62921277b30b68b80c0e63b,Cleaned fine-grained classification image. Class: Papules. Blur score: 112.18.
tiswan_001050,tiswan,cleaned_v1,datasets/skin/acne/final/subtype_classification/train/papular/tiswan_001050.jpg,train,papular,usable,non_expert,subtype_classification,acne,1.0,93b004699096e4898b3c84e22a964344ad99ebfd340e06beb97f52d3608e09c2,Cleaned fine-grained classification image. Class: Papules. Blur score: 116.9.
tiswan_001051,tiswan,cleaned_v1,datasets/skin/acne/final/subtype_classification/train/papular/tiswan_001051.jpg,train,papular,usable,non_expert,subtype_classification,acne,1.0,b092b4c939d0c54d5ce652b0bfd0a48cdf338c168eed2516bf82dd426f2617f5,Cleaned fine-grained classification image. Class: Papules. Blur score: 99.26.
tiswan_001052,tiswan,cleaned_v1,datasets/skin/acne/final/subtype_classification/train/papular/tiswan_001052.jpg,train,papular,sharp,non_expert,subtype_classification,acne,1.0,1877d7e2353e4b5aa3fc46592bdbc61c20c403d1a79205461132b28752ecbc40,Cleaned fine-grained classification image. Class: Papules. Blur score: 195.52.
tiswan_001053,tiswan,cleaned_v1,datasets/skin/acne/final/subtype_classification/train/papular/tiswan_001053.jpg,train,papular,usable,non_expert,subtype_classification,acne,1.0,696ad964b3fdb403aac66d3679e56a355c6a2d26c49e9a947a4d198c9e6d9412,Cleaned fine-grained classification image. Class: Papules. Blur score: 63.58.
tiswan_001054,tiswan,cleaned_v1,datasets/skin/acne/final/subtype_classification/train/papular/tiswan_001054.jpg,train,papular,usable,non_expert,subtype_classification,acne,1.0,414138454c57dbea395da188d2ae33cb7589111b2e3cfa311456c5aea46a2f28,Cleaned fine-grained classification image. Class: Papules. Blur score: 123.27.
tiswan_001055,tiswan,cleaned_v1,datasets/skin/acne/final/subtype_classification/train/papular/tiswan_001055.jpg,train,papular,usable,non_expert,subtype_classification,acne,1.0,dfdb349fa52b182018bd837a9dbcff5adf2ebed12f0f8ffc98f8fb1a0c8ae7f6,Cleaned fine-grained classification image. Class: Papules. Blur score: 63.16.
tiswan_001056,tiswan,cleaned_v1,datasets/skin/acne/final/subtype_classification/train/papular/tiswan_001056.jpg,train,papular,usable,non_expert,subtype_classification,acne,1.0,63ea6e60c9d622ad0b0a0337a5b0643db9845dc3c53e7615eafc206154c276de,Cleaned fine-grained classification image. Class: Papules. Blur score: 88.37.
tiswan_001057,tiswan,cleaned_v1,datasets/skin/acne/final/subtype_classification/train/papular/tiswan_001057.jpg,train,papular,borderline,non_expert,subtype_classification,acne,1.0,718f2437909dd0daae03536d870fa3c8977ea21acfe9c1293401c07c826b1236,Cleaned fine-grained classification image. Class: Papules. Blur score: 31.23.
tiswan_001058,tiswan,cleaned_v1,datasets/skin/acne/final/subtype_classification/train/papular/tiswan_001058.jpg,train,papular,usable,non_expert,subtype_classification,acne,1.0,d106c2be19540793c01e73305991701588c54a1fedba2238a7bccdfb28258a95,Cleaned fine-grained classification image. Class: Papules. Blur score: 89.88.
tiswan_001059,tiswan,cleaned_v1,datasets/skin/acne/final/subtype_classification/train/papular/tiswan_001059.jpg,train,papular,usable,non_expert,subtype_classification,acne,1.0,d3512e776e6dc29c8f782dd15fc4825d213a8b82c72ab50a70fd08a42ed5bb82,Cleaned fine-grained classification image. Class: Papules. Blur score: 120.23.
tiswan_001060,tiswan,cleaned_v1,datasets/skin/acne/final/subtype_classification/train/papular/tiswan_001060.jpg,train,papular,usable,non_expert,subtype_classification,acne,1.0,a70187154b3fca2fe372ab0ebdd7d6e4f9d77aa58f5444bcd37a95f94c9d8930,Cleaned fine-grained classification image. Class: Papules. Blur score: 92.83.
tiswan_001061,tiswan,cleaned_v1,datasets/skin/acne/final/subtype_classification/train/papular/tiswan_001061.jpg,train,papular,borderline,non_expert,subtype_classification,acne,1.0,c93b3be9876db6cea0003102bce31469ef3c3b21ed3cfb17c299e54f56466091,Cleaned fine-grained classification image. Class: Papules. Blur score: 58.19.
tiswan_001062,tiswan,cleaned_v1,datasets/skin/acne/final/subtype_classification/train/papular/tiswan_001062.jpg,train,papular,usable,non_expert,subtype_classification,acne,1.0,fae8ea51fb33314f3596048f014278ccc0affc2dd1e3f147dbb6ca78e1c41f8d,Cleaned fine-grained classification image. Class: Papules. Blur score: 60.89.
tiswan_001063,tiswan,cleaned_v1,datasets/skin/acne/final/subtype_classification/train/papular/tiswan_001063.jpg,train,papular,usable,non_expert,subtype_classification,acne,1.0,8e9c476017008b2d6b8032339c39390ea2e8a8401421137589cf00203f257437,Cleaned fine-grained classification image. Class: Papules. Blur score: 78.17.
tiswan_001064,tiswan,cleaned_v1,datasets/skin/acne/final/subtype_classification/train/papular/tiswan_001064.jpg,train,papular,usable,non_expert,subtype_classification,acne,1.0,c86e5243597d7deec93a30fe93c785b0f626606b3b92982db7138a3634134f37,Cleaned fine-grained classification image. Class: Papules. Blur score: 96.33.
tiswan_001065,tiswan,cleaned_v1,datasets/skin/acne/final/subtype_classification/train/papular/tiswan_001065.jpg,train,papular,borderline,non_expert,subtype_classification,acne,1.0,45c0c9386b3a60a8fd385241165134083b3a559bf06fdf067cdb0041fddbb567,Cleaned fine-grained classification image. Class: Papules. Blur score: 47.68.
tiswan_001066,tiswan,cleaned_v1,datasets/skin/acne/final/subtype_classification/train/papular/tiswan_001066.jpg,train,papular,borderline,non_expert,subtype_classification,acne,1.0,8b2dde9efa114dc634a7af789eb194388ecb0864f4f42ce084ecdf32c180d0b4,Cleaned fine-grained classification image. Class: Papules. Blur score: 50.8.
tiswan_001067,tiswan,cleaned_v1,datasets/skin/acne/final/subtype_classification/train/papular/tiswan_001067.jpg,train,papular,usable,non_expert,subtype_classification,acne,1.0,ce6c7305942b96f5fecf4d0b5995ee51bdfcc6e5f6d90631494d10071c564acd,Cleaned fine-grained classification image. Class: Papules. Blur score: 88.71.
tiswan_001068,tiswan,cleaned_v1,datasets/skin/acne/final/subtype_classification/train/papular/tiswan_001068.jpg,train,papular,usable,non_expert,subtype_classification,acne,1.0,381d88ea2b82a285da393f7c113bc6f9b5841246674637fef018f27c464123fe,Cleaned fine-grained classification image. Class: Papules. Blur score: 64.76.
tiswan_001069,tiswan,cleaned_v1,datasets/skin/acne/final/subtype_classification/train/papular/tiswan_001069.jpg,train,papular,usable,non_expert,subtype_classification,acne,1.0,945d662d014b8d4c0e48b0357c287f484bfacc620dfa8cde1ecdb48696b1b42a,Cleaned fine-grained classification image. Class: Papules. Blur score: 67.51.
tiswan_001070,tiswan,cleaned_v1,datasets/skin/acne/final/subtype_classification/train/papular/tiswan_001070.jpg,train,papular,usable,non_expert,subtype_classification,acne,1.0,6ba0e70c3ec74210a9fbf1219a51877349ee98614bf9a1aa5b3977cab8e46c47,Cleaned fine-grained classification image. Class: Papules. Blur score: 103.74.
tiswan_001071,tiswan,cleaned_v1,datasets/skin/acne/final/subtype_classification/train/papular/tiswan_001071.jpg,train,papular,borderline,non_expert,subtype_classification,acne,1.0,f518ce5cdedcb47e6ae61981f098ea6b70ec8b5e878a66837937f79e147f8013,Cleaned fine-grained classification image. Class: Papules. Blur score: 41.77.
tiswan_001072,tiswan,cleaned_v1,datasets/skin/acne/final/subtype_classification/train/papular/tiswan_001072.jpg,train,papular,usable,non_expert,subtype_classification,acne,1.0,a97fac341b0d7bdba139e2b655594fe3a53c998a2772188c7d65a5915bebe3f9,Cleaned fine-grained classification image. Class: Papules. Blur score: 86.19.
tiswan_001073,tiswan,cleaned_v1,datasets/skin/acne/final/subtype_classification/train/papular/tiswan_001073.jpg,train,papular,borderline,non_expert,subtype_classification,acne,1.0,424e4afc58d26e7f6e922be5d691dde16fddb39c1f4028d67e744bd58b2a003c,Cleaned fine-grained classification image. Class: Papules. Blur score: 43.34.
tiswan_001074,tiswan,cleaned_v1,datasets/skin/acne/final/subtype_classification/train/papular/tiswan_001074.jpg,train,papular,borderline,non_expert,subtype_classification,acne,1.0,c0a87c611a00705a858a3ef818bd21c349d9fcf802115b4b837b4fd7cbeaa0ac,Cleaned fine-grained classification image. Class: Papules. Blur score: 53.54.
tiswan_001075,tiswan,cleaned_v1,datasets/skin/acne/final/subtype_classification/train/papular/tiswan_001075.jpg,train,papular,borderline,non_expert,subtype_classification,acne,1.0,f812379e56e406a52c8043305b7939f0e45a057dfaf2675da26f5b511ff07f17,Cleaned fine-grained classification image. Class: Papules. Blur score: 51.97.
tiswan_001076,tiswan,cleaned_v1,datasets/skin/acne/final/subtype_classification/train/papular/tiswan_001076.jpg,train,papular,borderline,non_expert,subtype_classification,acne,1.0,359999eaa9dad36236381b114f4ba021a273063fcfb2af550aad6bd4270b60c3,Cleaned fine-grained classification image. Class: Papules. Blur score: 54.56.
tiswan_001077,tiswan,cleaned_v1,datasets/skin/acne/final/subtype_classification/train/papular/tiswan_001077.jpg,train,papular,usable,non_expert,subtype_classification,acne,1.0,0e47c98238841db2782d8d3f1a99ba9574d5b64e4e4cf33f203b1aac670f86dd,Cleaned fine-grained classification image. Class: Papules. Blur score: 68.97.
tiswan_001078,tiswan,cleaned_v1,datasets/skin/acne/final/subtype_classification/train/papular/tiswan_001078.jpg,train,papular,usable,non_expert,subtype_classification,acne,1.0,74d3b7ee5c2839642100987c30d9511e2981fb93ee55ed586e27a91f9bac4e8e,Cleaned fine-grained classification image. Class: Papules. Blur score: 74.4.
tiswan_001079,tiswan,cleaned_v1,datasets/skin/acne/final/subtype_classification/train/papular/tiswan_001079.jpg,train,papular,usable,non_expert,subtype_classification,acne,1.0,5e550dcd679155db2ce4ebd15026a50917114fa4713ed09748d1946cfab546e7,Cleaned fine-grained classification image. Class: Papules. Blur score: 104.75.
tiswan_001080,tiswan,cleaned_v1,datasets/skin/acne/final/subtype_classification/train/papular/tiswan_001080.jpg,train,papular,usable,non_expert,subtype_classification,acne,1.0,e53b7ba48cdfcbd9b47aaa2ac3f2ffd38d1eafdb5402b9f3abb4e8bcf9ab4cfa,Cleaned fine-grained classification image. Class: Papules. Blur score: 94.34.
tiswan_001081,tiswan,cleaned_v1,datasets/skin/acne/final/subtype_classification/train/papular/tiswan_001081.jpg,train,papular,borderline,non_expert,subtype_classification,acne,1.0,151e9cb2daa0206e8fc4f34fdd659b4b69b716d48f50ad7031f6c6d06f50aa12,Cleaned fine-grained classification image. Class: Papules. Blur score: 54.68.
tiswan_001082,tiswan,cleaned_v1,datasets/skin/acne/final/subtype_classification/train/papular/tiswan_001082.jpg,train,papular,usable,non_expert,subtype_classification,acne,1.0,b203e2918b19f16c07b42c89dd24f28b161408a3cb9856ace0326317d3107e33,Cleaned fine-grained classification image. Class: Papules. Blur score: 65.58.
tiswan_001083,tiswan,cleaned_v1,datasets/skin/acne/final/subtype_classification/train/papular/tiswan_001083.jpg,train,papular,usable,non_expert,subtype_classification,acne,1.0,1663bb5f47d9c7cbe0a5ce19218e3bdada7116a69db8fae0a175082d64be7070,Cleaned fine-grained classification image. Class: Papules. Blur score: 78.4.
tiswan_001084,tiswan,cleaned_v1,datasets/skin/acne/final/subtype_classification/train/papular/tiswan_001084.jpg,train,papular,borderline,non_expert,subtype_classification,acne,1.0,a5544c9e73ba56548235f2e73712f9bb946fcb6a4f7221ead51fe468edecaf82,Cleaned fine-grained classification image. Class: Papules. Blur score: 53.29.
tiswan_001085,tiswan,cleaned_v1,datasets/skin/acne/final/subtype_classification/train/papular/tiswan_001085.jpg,train,papular,borderline,non_expert,subtype_classification,acne,1.0,5472f59399e7576717062786d5382b1de63f03e13e210c67da1a736626e72b8f,Cleaned fine-grained classification image. Class: Papules. Blur score: 54.85.
tiswan_001086,tiswan,cleaned_v1,datasets/skin/acne/final/subtype_classification/train/papular/tiswan_001086.jpg,train,papular,usable,non_expert,subtype_classification,acne,1.0,9f50328ea5efa8d85010913f113f016e30dc063c97c056795ccb87385148239b,Cleaned fine-grained classification image. Class: Papules. Blur score: 60.24.
tiswan_001087,tiswan,cleaned_v1,datasets/skin/acne/final/subtype_classification/train/papular/tiswan_001087.jpg,train,papular,borderline,non_expert,subtype_classification,acne,1.0,be888e32e0c757da08be30127b8cdf8f3e87b90c5794e75bb33d537b661fce4d,Cleaned fine-grained classification image. Class: Papules. Blur score: 40.19.
tiswan_001088,tiswan,cleaned_v1,datasets/skin/acne/final/subtype_classification/train/papular/tiswan_001088.jpg,train,papular,usable,non_expert,subtype_classification,acne,1.0,39c551199e36bff0b1ba54d97bcc91d9327241a6997375a52ed895c1b40ea998,Cleaned fine-grained classification image. Class: Papules. Blur score: 71.23.
tiswan_001089,tiswan,cleaned_v1,datasets/skin/acne/final/subtype_classification/train/papular/tiswan_001089.jpg,train,papular,borderline,non_expert,subtype_classification,acne,1.0,5e4bb7fc098d3cb37fee1655678cbdf8c1783ab66b3ca7c3927b84767373934f,Cleaned fine-grained classification image. Class: Papules. Blur score: 46.08.
tiswan_001090,tiswan,cleaned_v1,datasets/skin/acne/final/subtype_classification/train/papular/tiswan_001090.jpg,train,papular,borderline,non_expert,subtype_classification,acne,1.0,d898229a977e8004b1f52a55a740ca964c44d41218766620cdfad47d7c694f25,Cleaned fine-grained classification image. Class: Papules. Blur score: 49.39.
tiswan_001091,tiswan,cleaned_v1,datasets/skin/acne/final/subtype_classification/train/papular/tiswan_001091.jpg,train,papular,borderline,non_expert,subtype_classification,acne,1.0,546a50d617f2caeb5e2284c75ea58ddac11569bdff828b2b159cb09fd8bf51f9,Cleaned fine-grained classification image. Class: Papules. Blur score: 44.59.
tiswan_001092,tiswan,cleaned_v1,datasets/skin/acne/final/subtype_classification/train/papular/tiswan_001092.jpg,train,papular,usable,non_expert,subtype_classification,acne,1.0,bee8d4f7e2774d65c8dbd3ee895c1d458b40e28300ad6a16527871cc711522f4,Cleaned fine-grained classification image. Class: Papules. Blur score: 88.09.
tiswan_001093,tiswan,cleaned_v1,datasets/skin/acne/final/subtype_classification/train/papular/tiswan_001093.jpg,train,papular,usable,non_expert,subtype_classification,acne,1.0,f3fcb30b1257484285265aa6ba4d097203b0e6e4fa75596b13ff6f7cddcab0d8,Cleaned fine-grained classification image. Class: Papules. Blur score: 82.65.
tiswan_001094,tiswan,cleaned_v1,datasets/skin/acne/final/subtype_classification/train/papular/tiswan_001094.jpg,train,papular,usable,non_expert,subtype_classification,acne,1.0,5e5a1eb80824adf007ef2926bcf23ea9cdc5c1de8215a2b978bd6f26b6ec7cf7,Cleaned fine-grained classification image. Class: Papules. Blur score: 89.51.
tiswan_001095,tiswan,cleaned_v1,datasets/skin/acne/final/subtype_classification/train/papular/tiswan_001095.jpg,train,papular,borderline,non_expert,subtype_classification,acne,1.0,61ef24bc8bcc78018b8354f5bb7b6ed6e047f73eb5cf15b377cba3849ae77e64,Cleaned fine-grained classification image. Class: Papules. Blur score: 50.93.
tiswan_001096,tiswan,cleaned_v1,datasets/skin/acne/final/subtype_classification/train/papular/tiswan_001096.jpg,train,papular,usable,non_expert,subtype_classification,acne,1.0,6a245fcdf4db571f37680d34d7e2f5ff0cbe43891c4caae680cc2e6c3dbc0ce3,Cleaned fine-grained classification image. Class: Papules. Blur score: 106.29.
tiswan_001097,tiswan,cleaned_v1,datasets/skin/acne/final/subtype_classification/train/papular/tiswan_001097.jpg,train,papular,borderline,non_expert,subtype_classification,acne,1.0,01d15c500a6e6f5674bf8cdc4fabb312da27e0b33458d915cec2a8762ac4718e,Cleaned fine-grained classification image. Class: Papules. Blur score: 42.91.
tiswan_001098,tiswan,cleaned_v1,datasets/skin/acne/final/subtype_classification/train/papular/tiswan_001098.jpg,train,papular,borderline,non_expert,subtype_classification,acne,1.0,68b23fc63f4ec22ff2b95cf93c59669940d40e56c22b27cd44364ad055969174,Cleaned fine-grained classification image. Class: Papules. Blur score: 39.46.
tiswan_001099,tiswan,cleaned_v1,datasets/skin/acne/final/subtype_classification/train/papular/tiswan_001099.jpg,train,papular,usable,non_expert,subtype_classification,acne,1.0,339c68e56fe6a9a4e6290999d456439faa6aecf76e276b878d197dfd0b62e215,Cleaned fine-grained classification image. Class: Papules. Blur score: 107.0.
tiswan_001100,tiswan,cleaned_v1,datasets/skin/acne/final/subtype_classification/train/papular/tiswan_001100.jpg,train,papular,borderline,non_expert,subtype_classification,acne,1.0,14092d6fb4325101cc29621ee16478d06ba875709a4877465d6cdd48c32a68fc,Cleaned fine-grained classification image. Class: Papules. Blur score: 54.85.
tiswan_001101,tiswan,cleaned_v1,datasets/skin/acne/final/subtype_classification/train/papular/tiswan_001101.jpg,train,papular,usable,non_expert,subtype_classification,acne,1.0,3f31819a535fc13eaf10be783ace47e52bf3300862264563541ccf2f84a2cfa5,Cleaned fine-grained classification image. Class: Papules. Blur score: 88.4.
tiswan_001102,tiswan,cleaned_v1,datasets/skin/acne/final/subtype_classification/train/papular/tiswan_001102.jpg,train,papular,usable,non_expert,subtype_classification,acne,1.0,9674e066420e5f352efa5330942f35d133e9cd8aaca35b45ab0dd0e862e495e9,Cleaned fine-grained classification image. Class: Papules. Blur score: 105.38.
tiswan_001103,tiswan,cleaned_v1,datasets/skin/acne/final/subtype_classification/train/papular/tiswan_001103.jpg,train,papular,usable,non_expert,subtype_classification,acne,1.0,377f6a0b0aaadb04f11c55e91c93460ab1a9377a111b2b8dacbb27871db67354,Cleaned fine-grained classification image. Class: Papules. Blur score: 94.58.
tiswan_001104,tiswan,cleaned_v1,datasets/skin/acne/final/subtype_classification/train/papular/tiswan_001104.jpg,train,papular,borderline,non_expert,subtype_classification,acne,1.0,87f67d9a7b5d43906634e67e8de741963afdc2271de52b489f6952dbeac35776,Cleaned fine-grained classification image. Class: Papules. Blur score: 53.75.
tiswan_001105,tiswan,cleaned_v1,datasets/skin/acne/final/subtype_classification/train/papular/tiswan_001105.jpg,train,papular,usable,non_expert,subtype_classification,acne,1.0,a66aea539157eef1112f0ec04c4182ab77ce39f4c8b23511ecc4a38074263028,Cleaned fine-grained classification image. Class: Papules. Blur score: 101.03.
tiswan_001106,tiswan,cleaned_v1,datasets/skin/acne/final/subtype_classification/train/papular/tiswan_001106.jpg,train,papular,usable,non_expert,subtype_classification,acne,1.0,94bec36ea501435ba7504cb336c775a2d70de9d911dae06a2d2a8b33f1ae266b,Cleaned fine-grained classification image. Class: Papules. Blur score: 86.21.
tiswan_001107,tiswan,cleaned_v1,datasets/skin/acne/final/subtype_classification/train/papular/tiswan_001107.jpg,train,papular,borderline,non_expert,subtype_classification,acne,1.0,f7d3c3fbc5bbfadf6988562d84dc18e0a6190f7cf939f2c01098d08cd0983c20,Cleaned fine-grained classification image. Class: Papules. Blur score: 33.6.
tiswan_001108,tiswan,cleaned_v1,datasets/skin/acne/final/subtype_classification/train/papular/tiswan_001108.jpg,train,papular,usable,non_expert,subtype_classification,acne,1.0,0a9bc6fed8b14ac23295c1eabf1ca31afcfb2c248df324edd3883c8a536d831e,Cleaned fine-grained classification image. Class: Papules. Blur score: 91.7.
tiswan_001109,tiswan,cleaned_v1,datasets/skin/acne/final/subtype_classification/train/papular/tiswan_001109.jpg,train,papular,borderline,non_expert,subtype_classification,acne,1.0,3d4771092485531304492632ed0c8bcea544ade6a8eaffef7a7a9facedc00972,Cleaned fine-grained classification image. Class: Papules. Blur score: 38.19.
tiswan_001110,tiswan,cleaned_v1,datasets/skin/acne/final/subtype_classification/train/papular/tiswan_001110.jpg,train,papular,borderline,non_expert,subtype_classification,acne,1.0,7000d890c9120a369dfa81e410c678ee89e430a100b5f9179b6323bffd57bb20,Cleaned fine-grained classification image. Class: Papules. Blur score: 41.71.
tiswan_001111,tiswan,cleaned_v1,datasets/skin/acne/final/subtype_classification/train/papular/tiswan_001111.jpg,train,papular,borderline,non_expert,subtype_classification,acne,1.0,d45210f8d1a544117f33fc3ec5c37ae95a91c8ba92211ad8300961f2b86a4f12,Cleaned fine-grained classification image. Class: Papules. Blur score: 45.97.
tiswan_001112,tiswan,cleaned_v1,datasets/skin/acne/final/subtype_classification/train/papular/tiswan_001112.jpg,train,papular,borderline,non_expert,subtype_classification,acne,1.0,43b6089568b0d41be4d7f40a73117f6c77c2839d3a78c7ecd7d5aa09f4134239,Cleaned fine-grained classification image. Class: Papules. Blur score: 36.06.
tiswan_001113,tiswan,cleaned_v1,datasets/skin/acne/final/subtype_classification/train/papular/tiswan_001113.jpg,train,papular,borderline,non_expert,subtype_classification,acne,1.0,80154a52fa9e2e9ef47f0e3a62ca47873fe1abbb53773905d2edfdaaaba21f44,Cleaned fine-grained classification image. Class: Papules. Blur score: 42.36.
tiswan_001114,tiswan,cleaned_v1,datasets/skin/acne/final/subtype_classification/train/papular/tiswan_001114.jpg,train,papular,borderline,non_expert,subtype_classification,acne,1.0,3c03a26649ac44a9229382c8e2c8c218bf0bca275fba262f81155dc3a77fab8a,Cleaned fine-grained classification image. Class: Papules. Blur score: 44.0.
tiswan_001115,tiswan,cleaned_v1,datasets/skin/acne/final/subtype_classification/train/papular/tiswan_001115.jpg,train,papular,usable,non_expert,subtype_classification,acne,1.0,ed8625447dbbb6db20da4265bbbe728c0b90163e82e0e945fdc81de190141137,Cleaned fine-grained classification image. Class: Papules. Blur score: 80.31.
tiswan_001116,tiswan,cleaned_v1,datasets/skin/acne/final/subtype_classification/train/papular/tiswan_001116.jpg,train,papular,borderline,non_expert,subtype_classification,acne,1.0,f14acdbd82647b0331d9f9a8c41452555d030fa6592dd1640e32733cd2050542,Cleaned fine-grained classification image. Class: Papules. Blur score: 47.05.
tiswan_001117,tiswan,cleaned_v1,datasets/skin/acne/final/subtype_classification/train/papular/tiswan_001117.jpg,train,papular,usable,non_expert,subtype_classification,acne,1.0,eb945827be04e90e6b6180bc280887116075885af3808d8ff70f7d7cf11265d5,Cleaned fine-grained classification image. Class: Papules. Blur score: 81.83.
tiswan_001118,tiswan,cleaned_v1,datasets/skin/acne/final/subtype_classification/train/papular/tiswan_001118.jpg,train,papular,borderline,non_expert,subtype_classification,acne,1.0,10af7089f3f91ca83701f5ea5840876e2c58152690548c26cab809c479c25c84,Cleaned fine-grained classification image. Class: Papules. Blur score: 50.72.
tiswan_001119,tiswan,cleaned_v1,datasets/skin/acne/final/subtype_classification/train/papular/tiswan_001119.jpg,train,papular,borderline,non_expert,subtype_classification,acne,1.0,acb16ccc0c4de9f7230d5ec64c294adafb1547e6110bf91d1a65ad44e49ecb53,Cleaned fine-grained classification image. Class: Papules. Blur score: 48.87.
tiswan_001120,tiswan,cleaned_v1,datasets/skin/acne/final/subtype_classification/train/papular/tiswan_001120.jpg,train,papular,usable,non_expert,subtype_classification,acne,1.0,d9311c84d71fd893c31cfb2b1886e8d5b07d560893feb13e909422d643f2fca5,Cleaned fine-grained classification image. Class: Papules. Blur score: 77.04.
tiswan_001121,tiswan,cleaned_v1,datasets/skin/acne/final/subtype_classification/train/papular/tiswan_001121.jpg,train,papular,borderline,non_expert,subtype_classification,acne,1.0,b38d3ab036d838f606dfea3ff10510fc43cdcea5cd4499e366ac231f271024b0,Cleaned fine-grained classification image. Class: Papules. Blur score: 39.13.
tiswan_001122,tiswan,cleaned_v1,datasets/skin/acne/final/subtype_classification/train/papular/tiswan_001122.jpg,train,papular,usable,non_expert,subtype_classification,acne,1.0,60e5e719dafaff11d9a6af3fa15d57b8b81ae413f56cba03d830415b789fd6e8,Cleaned fine-grained classification image. Class: Papules. Blur score: 68.66.
tiswan_001123,tiswan,cleaned_v1,datasets/skin/acne/final/subtype_classification/train/papular/tiswan_001123.jpg,train,papular,usable,non_expert,subtype_classification,acne,1.0,e756c434db647dc15122ab535f76fc48824cbb459a79431e94d8f32e57f4070e,Cleaned fine-grained classification image. Class: Papules. Blur score: 87.9.
tiswan_001124,tiswan,cleaned_v1,datasets/skin/acne/final/subtype_classification/train/papular/tiswan_001124.jpg,train,papular,usable,non_expert,subtype_classification,acne,1.0,930e826eb35fb1d24090abf3f84c7c571b8982391408a5314c503802d67ff7f9,Cleaned fine-grained classification image. Class: Papules. Blur score: 60.5.
tiswan_001125,tiswan,cleaned_v1,datasets/skin/acne/final/subtype_classification/train/papular/tiswan_001125.jpg,train,papular,borderline,non_expert,subtype_classification,acne,1.0,38192dde39717d0acfa4c71fff716e9400e1cc054af292a0aeb82d9ee51d9c6e,Cleaned fine-grained classification image. Class: Papules. Blur score: 53.01.
tiswan_001126,tiswan,cleaned_v1,datasets/skin/acne/final/subtype_classification/train/papular/tiswan_001126.jpg,train,papular,borderline,non_expert,subtype_classification,acne,1.0,bf011e9739a458787d5d5f0dc714bcfb145b73c68de6435a1b9b9a74f164d25f,Cleaned fine-grained classification image. Class: Papules. Blur score: 55.53.
tiswan_001127,tiswan,cleaned_v1,datasets/skin/acne/final/subtype_classification/train/papular/tiswan_001127.jpg,train,papular,usable,non_expert,subtype_classification,acne,1.0,6a21bcadd256f251da4f93ad577f29e1b182e80491d5df37f29427d548602417,Cleaned fine-grained classification image. Class: Papules. Blur score: 62.8.
tiswan_001128,tiswan,cleaned_v1,datasets/skin/acne/final/subtype_classification/train/papular/tiswan_001128.jpg,train,papular,borderline,non_expert,subtype_classification,acne,1.0,a034f62ae85c9a741ec8ad1d8e1adfc9eadb1ba457ab0dec754d2e890649cd9b,Cleaned fine-grained classification image. Class: Papules. Blur score: 44.15.
tiswan_001129,tiswan,cleaned_v1,datasets/skin/acne/final/subtype_classification/train/papular/tiswan_001129.jpg,train,papular,usable,non_expert,subtype_classification,acne,1.0,80625278f0a01926450bf94b18d11e6b83e7eb3dd88d6eea4c4263e8bf2ed401,Cleaned fine-grained classification image. Class: Papules. Blur score: 80.48.
tiswan_001130,tiswan,cleaned_v1,datasets/skin/acne/final/subtype_classification/train/papular/tiswan_001130.jpg,train,papular,borderline,non_expert,subtype_classification,acne,1.0,dca25cbcbd73544c6a1d80ba333abae8d610422dc7c5180d92e879819a7f751f,Cleaned fine-grained classification image. Class: Papules. Blur score: 41.44.
tiswan_001131,tiswan,cleaned_v1,datasets/skin/acne/final/subtype_classification/train/papular/tiswan_001131.jpg,train,papular,usable,non_expert,subtype_classification,acne,1.0,811eed653b2d540d71d59d121e7402873708925b77600fb482319af28d46f3aa,Cleaned fine-grained classification image. Class: Papules. Blur score: 114.75.
tiswan_001132,tiswan,cleaned_v1,datasets/skin/acne/final/subtype_classification/train/papular/tiswan_001132.jpg,train,papular,usable,non_expert,subtype_classification,acne,1.0,691ae5c97e9be2b00e74030d2b5d7be8facee50922da525dadd0eb4cc4ec114c,Cleaned fine-grained classification image. Class: Papules. Blur score: 93.27.
tiswan_001133,tiswan,cleaned_v1,datasets/skin/acne/final/subtype_classification/train/papular/tiswan_001133.jpg,train,papular,usable,non_expert,subtype_classification,acne,1.0,34d250e46f76ff110e9f1c7898381e8204ea361b6498e611fbef601db5edd175,Cleaned fine-grained classification image. Class: Papules. Blur score: 81.01.
tiswan_001134,tiswan,cleaned_v1,datasets/skin/acne/final/subtype_classification/train/papular/tiswan_001134.jpg,train,papular,borderline,non_expert,subtype_classification,acne,1.0,a92e7ec79ba016b856aedda16493087b8809515b92d64eac832a94f002f55719,Cleaned fine-grained classification image. Class: Papules. Blur score: 39.23.
tiswan_001135,tiswan,cleaned_v1,datasets/skin/acne/final/subtype_classification/train/papular/tiswan_001135.jpg,train,papular,usable,non_expert,subtype_classification,acne,1.0,e0f568d4cae62921c8bec6cf8ee7a013532fd101e6f26e80e4267c7eb3caca65,Cleaned fine-grained classification image. Class: Papules. Blur score: 86.37.
tiswan_001136,tiswan,cleaned_v1,datasets/skin/acne/final/subtype_classification/train/papular/tiswan_001136.jpg,train,papular,usable,non_expert,subtype_classification,acne,1.0,b15f946b82fb4003572df6574523a99792e8dba88342b25aa0e11f6b35d7e377,Cleaned fine-grained classification image. Class: Papules. Blur score: 107.05.
tiswan_001137,tiswan,cleaned_v1,datasets/skin/acne/final/subtype_classification/train/papular/tiswan_001137.jpg,train,papular,borderline,non_expert,subtype_classification,acne,1.0,02312bb599e63e5c0c03d91d21688b47ed3861d398fda0d8a46cae7aba3d5b86,Cleaned fine-grained classification image. Class: Papules. Blur score: 47.88.
tiswan_001138,tiswan,cleaned_v1,datasets/skin/acne/final/subtype_classification/train/papular/tiswan_001138.jpg,train,papular,usable,non_expert,subtype_classification,acne,1.0,a96c730969a66f3443f848a8d2dab42b27d5bf79da9f125b00d01eb0f741b09c,Cleaned fine-grained classification image. Class: Papules. Blur score: 75.2.
tiswan_001139,tiswan,cleaned_v1,datasets/skin/acne/final/subtype_classification/train/papular/tiswan_001139.jpg,train,papular,borderline,non_expert,subtype_classification,acne,1.0,85608096ff7cbd6ab8482ff08f82b1a950c064198fa3a88d91cf35b7c9239e76,Cleaned fine-grained classification image. Class: Papules. Blur score: 37.17.
tiswan_001140,tiswan,cleaned_v1,datasets/skin/acne/final/subtype_classification/train/papular/tiswan_001140.jpg,train,papular,usable,non_expert,subtype_classification,acne,1.0,68a84a80bf00682524e8159c5f5877d7773d40d4d1347393eb5ac265054c0b9b,Cleaned fine-grained classification image. Class: Papules. Blur score: 71.36.
tiswan_001141,tiswan,cleaned_v1,datasets/skin/acne/final/subtype_classification/train/papular/tiswan_001141.jpg,train,papular,usable,non_expert,subtype_classification,acne,1.0,7d888e1468a6492ca9f86355c08412889c3ff2885766ac49648acf0ee98adf9d,Cleaned fine-grained classification image. Class: Papules. Blur score: 67.88.
tiswan_001142,tiswan,cleaned_v1,datasets/skin/acne/final/subtype_classification/train/papular/tiswan_001142.jpg,train,papular,usable,non_expert,subtype_classification,acne,1.0,0c3b3d0b4a32393280efbc492387fd9771a94669933581154af309ac54462a83,Cleaned fine-grained classification image. Class: Papules. Blur score: 109.15.
tiswan_001143,tiswan,cleaned_v1,datasets/skin/acne/final/subtype_classification/train/papular/tiswan_001143.jpg,train,papular,borderline,non_expert,subtype_classification,acne,1.0,e6c4d10b66be2ce291da10b7285d268793c2bd5be66e90e408df05a375ab3146,Cleaned fine-grained classification image. Class: Papules. Blur score: 51.28.
tiswan_001144,tiswan,cleaned_v1,datasets/skin/acne/final/subtype_classification/train/papular/tiswan_001144.jpg,train,papular,usable,non_expert,subtype_classification,acne,1.0,2881db0ceb2b16bbeb65740aa80056feb2a6866abffcf1fda7dcc6a250f46bfd,Cleaned fine-grained classification image. Class: Papules. Blur score: 87.35.
tiswan_001145,tiswan,cleaned_v1,datasets/skin/acne/final/subtype_classification/train/papular/tiswan_001145.jpg,train,papular,usable,non_expert,subtype_classification,acne,1.0,4f61e6631bbb50de50a95ca3a24f347d3fc116743b9a1053535466a5b28a7639,Cleaned fine-grained classification image. Class: Papules. Blur score: 74.51.
tiswan_001146,tiswan,cleaned_v1,datasets/skin/acne/final/subtype_classification/train/papular/tiswan_001146.jpg,train,papular,usable,non_expert,subtype_classification,acne,1.0,5d75557e24f4e8ddcd891705a210204c12bca138893f612b8c6b2c9d8d30e87a,Cleaned fine-grained classification image. Class: Papules. Blur score: 116.32.
tiswan_001147,tiswan,cleaned_v1,datasets/skin/acne/final/subtype_classification/train/papular/tiswan_001147.jpg,train,papular,usable,non_expert,subtype_classification,acne,1.0,d75e85565819310b47f57ca0814517b61b458eb313481c59d9f3b47aac9c0681,Cleaned fine-grained classification image. Class: Papules. Blur score: 77.77.
tiswan_001148,tiswan,cleaned_v1,datasets/skin/acne/final/subtype_classification/train/papular/tiswan_001148.jpg,train,papular,borderline,non_expert,subtype_classification,acne,1.0,91a25b5c8702d56b54bf12b3f3da11b4c5705eaf8322d927f04db87011251e28,Cleaned fine-grained classification image. Class: Papules. Blur score: 31.28.
tiswan_001149,tiswan,cleaned_v1,datasets/skin/acne/final/subtype_classification/train/papular/tiswan_001149.jpg,train,papular,usable,non_expert,subtype_classification,acne,1.0,9102caa25831a78661e5f808190b6dd276a9a879ca3aa0a3ad792d06fa58f951,Cleaned fine-grained classification image. Class: Papules. Blur score: 66.0.
tiswan_001150,tiswan,cleaned_v1,datasets/skin/acne/final/subtype_classification/train/papular/tiswan_001150.jpg,train,papular,usable,non_expert,subtype_classification,acne,1.0,3f8ecb5628e9d17eda644da59c7a53338586ba616447fd17c3e6f11a14e29d16,Cleaned fine-grained classification image. Class: Papules. Blur score: 107.57.
tiswan_001151,tiswan,cleaned_v1,datasets/skin/acne/final/subtype_classification/train/papular/tiswan_001151.jpg,train,papular,usable,non_expert,subtype_classification,acne,1.0,1a9c22fdc8254871809f2bf7a65c7f1f1e796ffbd700d97fb4ff56c4deb0829c,Cleaned fine-grained classification image. Class: Papules. Blur score: 90.87.
tiswan_001152,tiswan,cleaned_v1,datasets/skin/acne/final/subtype_classification/train/papular/tiswan_001152.jpg,train,papular,usable,non_expert,subtype_classification,acne,1.0,18adba45b54d37bd9b4881d45f90c97f39e69b6d561732332c53b9cf2116a8bb,Cleaned fine-grained classification image. Class: Papules. Blur score: 67.4.
tiswan_001153,tiswan,cleaned_v1,datasets/skin/acne/final/subtype_classification/train/papular/tiswan_001153.jpg,train,papular,borderline,non_expert,subtype_classification,acne,1.0,c5434ecf0d05d56d5304cc351e1b2c4900e4a592c7009735dda460b27ebeb740,Cleaned fine-grained classification image. Class: Papules. Blur score: 35.09.
tiswan_001154,tiswan,cleaned_v1,datasets/skin/acne/final/subtype_classification/train/papular/tiswan_001154.jpg,train,papular,borderline,non_expert,subtype_classification,acne,1.0,5e81020e39e6adbd8b3554a886995512ef651883e2774e12b88931e19a38528e,Cleaned fine-grained classification image. Class: Papules. Blur score: 37.94.
tiswan_001155,tiswan,cleaned_v1,datasets/skin/acne/final/subtype_classification/train/papular/tiswan_001155.jpg,train,papular,usable,non_expert,subtype_classification,acne,1.0,45d1b1053d94d2258b8c5fa76e11be778a27dc3f770c831100d0782b4e5296b2,Cleaned fine-grained classification image. Class: Papules. Blur score: 111.09.
tiswan_001156,tiswan,cleaned_v1,datasets/skin/acne/final/subtype_classification/train/papular/tiswan_001156.jpg,train,papular,usable,non_expert,subtype_classification,acne,1.0,86f21079981ca4c28be952a897d3ee404d366eca8f86e272236d978631869a9d,Cleaned fine-grained classification image. Class: Papules. Blur score: 108.48.
tiswan_001157,tiswan,cleaned_v1,datasets/skin/acne/final/subtype_classification/train/papular/tiswan_001157.jpg,train,papular,usable,non_expert,subtype_classification,acne,1.0,c409170a44551db3cee5543363cfaba4894202a68436c486f6e76e097044bb47,Cleaned fine-grained classification image. Class: Papules. Blur score: 98.66.
tiswan_001158,tiswan,cleaned_v1,datasets/skin/acne/final/subtype_classification/train/papular/tiswan_001158.jpg,train,papular,usable,non_expert,subtype_classification,acne,1.0,fc1c1736b49b593abd4162a1e1e7e9dfc69335b6a9278b5e47c45507fd6d96e1,Cleaned fine-grained classification image. Class: Papules. Blur score: 92.83.
tiswan_001159,tiswan,cleaned_v1,datasets/skin/acne/final/subtype_classification/train/papular/tiswan_001159.jpg,train,papular,usable,non_expert,subtype_classification,acne,1.0,76f0c177c9f5614daf746eaa5c9ce5283cff37da43057d69d5c40df9ceab13e8,Cleaned fine-grained classification image. Class: Papules. Blur score: 132.68.
tiswan_001160,tiswan,cleaned_v1,datasets/skin/acne/final/subtype_classification/train/papular/tiswan_001160.jpg,train,papular,usable,non_expert,subtype_classification,acne,1.0,ca694d682bdb842c14e2410bb494be3ecc65cb7778ef0ce998367e7aea1f50ba,Cleaned fine-grained classification image. Class: Papules. Blur score: 98.68.
tiswan_001161,tiswan,cleaned_v1,datasets/skin/acne/final/subtype_classification/train/papular/tiswan_001161.jpg,train,papular,usable,non_expert,subtype_classification,acne,1.0,0e820c68da1b63d967f435a0241f5ebb42b4f4cb277b7277ee2e8a537624c9c3,Cleaned fine-grained classification image. Class: Papules. Blur score: 97.85.
tiswan_001162,tiswan,cleaned_v1,datasets/skin/acne/final/subtype_classification/train/papular/tiswan_001162.jpg,train,papular,usable,non_expert,subtype_classification,acne,1.0,d3a234fb6fba48fc3c701b1d89f25b6ba2dd2454ea4d1931320fa88dee5b7591,Cleaned fine-grained classification image. Class: Papules. Blur score: 115.22.
tiswan_001163,tiswan,cleaned_v1,datasets/skin/acne/final/subtype_classification/train/papular/tiswan_001163.jpg,train,papular,sharp,non_expert,subtype_classification,acne,1.0,5f22f81570bb322dcca0c10031d8f2982f3b88a02907206c551d6ff30c2faee4,Cleaned fine-grained classification image. Class: Papules. Blur score: 161.42.
tiswan_001164,tiswan,cleaned_v1,datasets/skin/acne/final/subtype_classification/train/papular/tiswan_001164.jpg,train,papular,usable,non_expert,subtype_classification,acne,1.0,cfadb5bc01d383a3ab4808d29c15da8b4ac48e6156071a7f76300196e1f24e08,Cleaned fine-grained classification image. Class: Papules. Blur score: 109.01.
tiswan_001165,tiswan,cleaned_v1,datasets/skin/acne/final/subtype_classification/train/papular/tiswan_001165.jpg,train,papular,sharp,non_expert,subtype_classification,acne,1.0,a1f6ea32b4abac0cf8cecd05fa68e560ef5864e2c92ad32cd4dc4d39dcbd50c1,Cleaned fine-grained classification image. Class: Papules. Blur score: 150.24.
tiswan_001166,tiswan,cleaned_v1,datasets/skin/acne/final/subtype_classification/train/papular/tiswan_001166.jpg,train,papular,usable,non_expert,subtype_classification,acne,1.0,3f02677aed0e93c6c44d8fc4fd61297d80cf8dd480a79732872fc6f14c3b8412,Cleaned fine-grained classification image. Class: Papules. Blur score: 118.64.
tiswan_001167,tiswan,cleaned_v1,datasets/skin/acne/final/subtype_classification/train/papular/tiswan_001167.jpg,train,papular,usable,non_expert,subtype_classification,acne,1.0,c5f9fe7f241326da2402ff5c6c4c1589b52894c1ab3d8c7e229ef1111c3ebf0f,Cleaned fine-grained classification image. Class: Papules. Blur score: 106.98.
tiswan_001168,tiswan,cleaned_v1,datasets/skin/acne/final/subtype_classification/train/papular/tiswan_001168.jpg,train,papular,usable,non_expert,subtype_classification,acne,1.0,82622877dbbeb1ea52e018550c77d2c908702e5c9a5efc58d05cd20e2d212dbc,Cleaned fine-grained classification image. Class: Papules. Blur score: 110.12.
tiswan_001169,tiswan,cleaned_v1,datasets/skin/acne/final/subtype_classification/train/papular/tiswan_001169.jpg,train,papular,usable,non_expert,subtype_classification,acne,1.0,cb39deb2b4bb4323264656ac595451040e24ddb87a1192505609f94b116c67c6,Cleaned fine-grained classification image. Class: Papules. Blur score: 100.23.
tiswan_001170,tiswan,cleaned_v1,datasets/skin/acne/final/subtype_classification/train/papular/tiswan_001170.jpg,train,papular,usable,non_expert,subtype_classification,acne,1.0,2bf035144ca4282aeeac20938934e5bc95f63544f6e687c8e6b116d39ce098b8,Cleaned fine-grained classification image. Class: Papules. Blur score: 98.85.
tiswan_001171,tiswan,cleaned_v1,datasets/skin/acne/final/subtype_classification/train/papular/tiswan_001171.jpg,train,papular,usable,non_expert,subtype_classification,acne,1.0,1fc90b900bc888db87744df523062530ef7ee515b2e48a4c411235ba07cf35ad,Cleaned fine-grained classification image. Class: Papules. Blur score: 91.51.
tiswan_001172,tiswan,cleaned_v1,datasets/skin/acne/final/subtype_classification/train/papular/tiswan_001172.jpg,train,papular,usable,non_expert,subtype_classification,acne,1.0,f93a8fc854cd94cdb151c849d8c529862c6a0af74494b55edbd842833873899e,Cleaned fine-grained classification image. Class: Papules. Blur score: 75.78.
tiswan_001173,tiswan,cleaned_v1,datasets/skin/acne/final/subtype_classification/train/papular/tiswan_001173.jpg,train,papular,usable,non_expert,subtype_classification,acne,1.0,9a7947a1e31961c62bee3a90e993d941c3c492cfd1ed06db58f7ec8aa9b3eace,Cleaned fine-grained classification image. Class: Papules. Blur score: 119.83.
tiswan_001174,tiswan,cleaned_v1,datasets/skin/acne/final/subtype_classification/train/papular/tiswan_001174.jpg,train,papular,borderline,non_expert,subtype_classification,acne,1.0,9c785530dbd7c4295999ccec7b94f4eefa7d61032d8eaf0a1f10daf0434c75e5,Cleaned fine-grained classification image. Class: Papules. Blur score: 30.75.
tiswan_001175,tiswan,cleaned_v1,datasets/skin/acne/final/subtype_classification/train/papular/tiswan_001175.jpg,train,papular,usable,non_expert,subtype_classification,acne,1.0,cae44b53e960fd1228e50bd816ce30e087d1ed0b79e2a1b1e98926fbfda64924,Cleaned fine-grained classification image. Class: Papules. Blur score: 80.33.
tiswan_001176,tiswan,cleaned_v1,datasets/skin/acne/final/subtype_classification/train/papular/tiswan_001176.jpg,train,papular,sharp,non_expert,subtype_classification,acne,1.0,44c99c1698b8d222c60f988e974b63d93ad37cadbfee5b6f44c063cc6a6a3b9c,Cleaned fine-grained classification image. Class: Papules. Blur score: 150.54.
tiswan_001177,tiswan,cleaned_v1,datasets/skin/acne/final/subtype_classification/train/papular/tiswan_001177.jpg,train,papular,borderline,non_expert,subtype_classification,acne,1.0,959cc43e611da139814921b2bc364a196c588fbf43e7faa7893be129154e66a4,Cleaned fine-grained classification image. Class: Papules. Blur score: 57.09.
tiswan_001178,tiswan,cleaned_v1,datasets/skin/acne/final/subtype_classification/train/papular/tiswan_001178.jpg,train,papular,sharp,non_expert,subtype_classification,acne,1.0,873929d6f1b0f7d922c6cfaa365d902da8701bed0463e0100d1b14059a5ed7d9,Cleaned fine-grained classification image. Class: Papules. Blur score: 299.76.
tiswan_001179,tiswan,cleaned_v1,datasets/skin/acne/final/subtype_classification/train/papular/tiswan_001179.jpg,train,papular,usable,non_expert,subtype_classification,acne,1.0,867ac28f083b002e7a50315286511a06cf5b9ad1c50d05b9a328fd18c593ee9d,Cleaned fine-grained classification image. Class: Papules. Blur score: 97.69.
tiswan_001180,tiswan,cleaned_v1,datasets/skin/acne/final/subtype_classification/train/papular/tiswan_001180.jpg,train,papular,usable,non_expert,subtype_classification,acne,1.0,c80c3f479ad74933cff2f0f2e0d9b1eedf36b6f21ec3b8438be0c0d35d00653e,Cleaned fine-grained classification image. Class: Papules. Blur score: 61.29.
tiswan_001181,tiswan,cleaned_v1,datasets/skin/acne/final/subtype_classification/train/papular/tiswan_001181.jpg,train,papular,usable,non_expert,subtype_classification,acne,1.0,8fb5be4bbff5de3b0080088c0dfc427ca6df945ec1756ac75480d5e3198b4860,Cleaned fine-grained classification image. Class: Papules. Blur score: 116.72.
tiswan_001182,tiswan,cleaned_v1,datasets/skin/acne/final/subtype_classification/train/papular/tiswan_001182.jpg,train,papular,borderline,non_expert,subtype_classification,acne,1.0,31e0ddaf55f110118aa14d18fdcae12c744a56a4463d832d4986928766fa5688,Cleaned fine-grained classification image. Class: Papules. Blur score: 33.53.
tiswan_001183,tiswan,cleaned_v1,datasets/skin/acne/final/subtype_classification/train/papular/tiswan_001183.jpg,train,papular,usable,non_expert,subtype_classification,acne,1.0,3f7a92a1ac6908a9c7f4c7e6e4d319795183849feda2a083fb28e64c3ea9aab4,Cleaned fine-grained classification image. Class: Papules. Blur score: 82.91.
tiswan_001184,tiswan,cleaned_v1,datasets/skin/acne/final/subtype_classification/train/papular/tiswan_001184.jpg,train,papular,borderline,non_expert,subtype_classification,acne,1.0,325e9d8bfcc8ed1a2a3baf512d501b70353b5547d1613a88bc4f87a9959d1c22,Cleaned fine-grained classification image. Class: Papules. Blur score: 41.24.
tiswan_001185,tiswan,cleaned_v1,datasets/skin/acne/final/subtype_classification/train/papular/tiswan_001185.jpg,train,papular,usable,non_expert,subtype_classification,acne,1.0,3f883aa8e6d3fd9792241b869334dc1c5bb402a1fa9977100391efb9ca1595a7,Cleaned fine-grained classification image. Class: Papules. Blur score: 93.29.
tiswan_001186,tiswan,cleaned_v1,datasets/skin/acne/final/subtype_classification/train/papular/tiswan_001186.jpg,train,papular,usable,non_expert,subtype_classification,acne,1.0,dd5270142c138071d63b60e57a8a1ce1783ce655ffb9e9226346fc2ddbe781af,Cleaned fine-grained classification image. Class: Papules. Blur score: 67.42.
tiswan_001187,tiswan,cleaned_v1,datasets/skin/acne/final/subtype_classification/train/papular/tiswan_001187.jpg,train,papular,borderline,non_expert,subtype_classification,acne,1.0,0719a00abe80d57ab07b1e34dffb73c1f0f20bab38c6ca5feb22c8bca8671dae,Cleaned fine-grained classification image. Class: Papules. Blur score: 41.6.
tiswan_001188,tiswan,cleaned_v1,datasets/skin/acne/final/subtype_classification/train/papular/tiswan_001188.jpg,train,papular,usable,non_expert,subtype_classification,acne,1.0,5bd867222dff4eb0812beb8ab3f60798d366b15c0cd215094cae4ab26e3dd1d5,Cleaned fine-grained classification image. Class: Papules. Blur score: 126.73.
tiswan_001189,tiswan,cleaned_v1,datasets/skin/acne/final/subtype_classification/train/papular/tiswan_001189.jpg,train,papular,usable,non_expert,subtype_classification,acne,1.0,8c6b9ebe7e9db43073f73a1de6aed0899132779757df85e23965ec808ac5a180,Cleaned fine-grained classification image. Class: Papules. Blur score: 93.64.
tiswan_001190,tiswan,cleaned_v1,datasets/skin/acne/final/subtype_classification/train/papular/tiswan_001190.jpg,train,papular,usable,non_expert,subtype_classification,acne,1.0,84c92971c3944cbfd3fc7cd0c87988c808e12d70c44c57cb1fdce6141ae98b8b,Cleaned fine-grained classification image. Class: Papules. Blur score: 67.33.
tiswan_001191,tiswan,cleaned_v1,datasets/skin/acne/final/subtype_classification/train/papular/tiswan_001191.jpg,train,papular,borderline,non_expert,subtype_classification,acne,1.0,0554fcfc1cc98b7d2e64e5c566e9fc6cc8caba842adf1706db02883da76eaefc,Cleaned fine-grained classification image. Class: Papules. Blur score: 45.77.
tiswan_001192,tiswan,cleaned_v1,datasets/skin/acne/final/subtype_classification/train/papular/tiswan_001192.jpg,train,papular,usable,non_expert,subtype_classification,acne,1.0,7d8e91277e3da9ef14f54476b539e98f03b4ee9b2b76b14d272bd33ddbf89ad5,Cleaned fine-grained classification image. Class: Papules. Blur score: 102.44.
tiswan_001193,tiswan,cleaned_v1,datasets/skin/acne/final/subtype_classification/train/papular/tiswan_001193.jpg,train,papular,usable,non_expert,subtype_classification,acne,1.0,50570586e69fb1aee9a637e074e254d73411eb4bbac68a5943134a2e80f8322a,Cleaned fine-grained classification image. Class: Papules. Blur score: 113.71.
tiswan_001194,tiswan,cleaned_v1,datasets/skin/acne/final/subtype_classification/train/papular/tiswan_001194.jpg,train,papular,usable,non_expert,subtype_classification,acne,1.0,36618b87d487858ccce798378d80875838eeba78775aec798b60b5051c5c9258,Cleaned fine-grained classification image. Class: Papules. Blur score: 103.24.
tiswan_001195,tiswan,cleaned_v1,datasets/skin/acne/final/subtype_classification/train/papular/tiswan_001195.jpg,train,papular,usable,non_expert,subtype_classification,acne,1.0,55cb8f0cdf5f97784f00534aac749a4b473d4481031f5d81a833a23184650556,Cleaned fine-grained classification image. Class: Papules. Blur score: 84.56.
tiswan_001196,tiswan,cleaned_v1,datasets/skin/acne/final/subtype_classification/train/papular/tiswan_001196.jpg,train,papular,usable,non_expert,subtype_classification,acne,1.0,99a27234d66884128e57240daf8743916000361907ffa6570cd40e7eebacdb30,Cleaned fine-grained classification image. Class: Papules. Blur score: 94.29.
tiswan_001197,tiswan,cleaned_v1,datasets/skin/acne/final/subtype_classification/train/papular/tiswan_001197.jpg,train,papular,usable,non_expert,subtype_classification,acne,1.0,7f9c9ab55cd1b42ef601ea3b8d5d80f5b9c81794843ca706b9f19f7c7ba22817,Cleaned fine-grained classification image. Class: Papules. Blur score: 89.94.
tiswan_001198,tiswan,cleaned_v1,datasets/skin/acne/final/subtype_classification/train/papular/tiswan_001198.jpg,train,papular,usable,non_expert,subtype_classification,acne,1.0,2858cb607d63a40d7faa37512072228bc2b62d876777a3a84d50fefb0148b15b,Cleaned fine-grained classification image. Class: Papules. Blur score: 102.53.
tiswan_001199,tiswan,cleaned_v1,datasets/skin/acne/final/subtype_classification/train/papular/tiswan_001199.jpg,train,papular,usable,non_expert,subtype_classification,acne,1.0,462c6f2a5240c53c7c2c3c8ee661835498326e7b001261b473b666920612a072,Cleaned fine-grained classification image. Class: Papules. Blur score: 78.29.
tiswan_001200,tiswan,cleaned_v1,datasets/skin/acne/final/subtype_classification/train/papular/tiswan_001200.jpg,train,papular,usable,non_expert,subtype_classification,acne,1.0,8fc9be24e67376437607f9f40ef4b2c86892d1a18c75d4dfc91daaea2c608891,Cleaned fine-grained classification image. Class: Papules. Blur score: 119.73.
tiswan_001201,tiswan,cleaned_v1,datasets/skin/acne/final/subtype_classification/train/papular/tiswan_001201.jpg,train,papular,usable,non_expert,subtype_classification,acne,1.0,255597cadf6de2071a597d278298b0720ec13699928c1befe1ce276a39522b4e,Cleaned fine-grained classification image. Class: Papules. Blur score: 91.26.
tiswan_001202,tiswan,cleaned_v1,datasets/skin/acne/final/subtype_classification/train/papular/tiswan_001202.jpg,train,papular,usable,non_expert,subtype_classification,acne,1.0,07fac937fa9c596ce0a5d9016d1d7ea383662a89769ac6c0716e463c34cfd7d5,Cleaned fine-grained classification image. Class: Papules. Blur score: 68.07.
tiswan_001203,tiswan,cleaned_v1,datasets/skin/acne/final/subtype_classification/train/papular/tiswan_001203.jpg,train,papular,usable,non_expert,subtype_classification,acne,1.0,7c1073b15c1164cbd3bdd1e842e7483bdc09fd1fddce5cbb742e5c90414038fb,Cleaned fine-grained classification image. Class: Papules. Blur score: 81.24.
tiswan_001204,tiswan,cleaned_v1,datasets/skin/acne/final/subtype_classification/train/papular/tiswan_001204.jpg,train,papular,usable,non_expert,subtype_classification,acne,1.0,6e018149a580b2b37a203e3d69ae70e5fea5208713fd7ff432addf93d47c0ae1,Cleaned fine-grained classification image. Class: Papules. Blur score: 105.63.
tiswan_001205,tiswan,cleaned_v1,datasets/skin/acne/final/subtype_classification/train/papular/tiswan_001205.jpg,train,papular,usable,non_expert,subtype_classification,acne,1.0,a8d9781fa663cbd3e55d585193d6e29d53bf7a28fdd36913f4e394d9044ffffa,Cleaned fine-grained classification image. Class: Papules. Blur score: 85.92.
tiswan_001206,tiswan,cleaned_v1,datasets/skin/acne/final/subtype_classification/train/papular/tiswan_001206.jpg,train,papular,usable,non_expert,subtype_classification,acne,1.0,ad5d5c2f857846c6415d5113fcc33a9bfad69ebc39119d377dfccc94ffa087af,Cleaned fine-grained classification image. Class: Papules. Blur score: 69.09.
tiswan_001207,tiswan,cleaned_v1,datasets/skin/acne/final/subtype_classification/train/papular/tiswan_001207.jpg,train,papular,usable,non_expert,subtype_classification,acne,1.0,e906ba53e1ed2e98eed34693b4124ffdf96bb68c06e409cfd290fd0f4b7c2e50,Cleaned fine-grained classification image. Class: Papules. Blur score: 86.63.
tiswan_001208,tiswan,cleaned_v1,datasets/skin/acne/final/subtype_classification/train/papular/tiswan_001208.jpg,train,papular,usable,non_expert,subtype_classification,acne,1.0,2e7d6fcb24348bee61a7b962b5560ef4a15ae941fcbbbd747b696f173bd3a7ca,Cleaned fine-grained classification image. Class: Papules. Blur score: 87.25.
tiswan_001209,tiswan,cleaned_v1,datasets/skin/acne/final/subtype_classification/train/papular/tiswan_001209.jpg,train,papular,usable,non_expert,subtype_classification,acne,1.0,ba4666489ef71070877a8c87b18d58095728164161658583220cf08543a9c553,Cleaned fine-grained classification image. Class: Papules. Blur score: 72.43.
tiswan_001210,tiswan,cleaned_v1,datasets/skin/acne/final/subtype_classification/train/papular/tiswan_001210.jpg,train,papular,usable,non_expert,subtype_classification,acne,1.0,4277b90f200d2536e9f88c70c689f561aa7c3e93636766f6cda0bebf3129ed29,Cleaned fine-grained classification image. Class: Papules. Blur score: 71.58.
tiswan_001211,tiswan,cleaned_v1,datasets/skin/acne/final/subtype_classification/train/papular/tiswan_001211.jpg,train,papular,borderline,non_expert,subtype_classification,acne,1.0,c79c0c0187f370fe16785b27a8de036b7b50321980dfa51421a871c7dce783c9,Cleaned fine-grained classification image. Class: Papules. Blur score: 59.52.
tiswan_001212,tiswan,cleaned_v1,datasets/skin/acne/final/subtype_classification/train/papular/tiswan_001212.jpg,train,papular,usable,non_expert,subtype_classification,acne,1.0,547a3d3a6cb39b3d6c686d81f88bd7e6800466468495135f343e795fd3c2c549,Cleaned fine-grained classification image. Class: Papules. Blur score: 67.17.
tiswan_001213,tiswan,cleaned_v1,datasets/skin/acne/final/subtype_classification/train/papular/tiswan_001213.jpg,train,papular,usable,non_expert,subtype_classification,acne,1.0,b58ca9716c47388cdc9dc645b91423fbbdfd2425a0a8859c6c2bd9a213c6b3ae,Cleaned fine-grained classification image. Class: Papules. Blur score: 72.6.
tiswan_001214,tiswan,cleaned_v1,datasets/skin/acne/final/subtype_classification/train/papular/tiswan_001214.jpg,train,papular,usable,non_expert,subtype_classification,acne,1.0,62194cfb5268d75c4c723728781621b0f1720ecc3615d278a5864b3afec1c6d7,Cleaned fine-grained classification image. Class: Papules. Blur score: 86.21.
tiswan_001215,tiswan,cleaned_v1,datasets/skin/acne/final/subtype_classification/train/papular/tiswan_001215.jpg,train,papular,usable,non_expert,subtype_classification,acne,1.0,43bc9ad0acbed1d83f7bbf97de2c872becc982fe636dd47fed7f9ed34c8448bd,Cleaned fine-grained classification image. Class: Papules. Blur score: 106.9.
tiswan_001216,tiswan,cleaned_v1,datasets/skin/acne/final/subtype_classification/train/papular/tiswan_001216.jpg,train,papular,usable,non_expert,subtype_classification,acne,1.0,922f22cdd67fda81b208f050629f6680ade46b9a28b1cfd89ce85b38e6597b30,Cleaned fine-grained classification image. Class: Papules. Blur score: 66.73.
tiswan_001217,tiswan,cleaned_v1,datasets/skin/acne/final/subtype_classification/train/papular/tiswan_001217.jpg,train,papular,usable,non_expert,subtype_classification,acne,1.0,1b6704a0f2f30278a764c1c59892bb2e308a46aa3ff5ea846200d32bb3fd6b9a,Cleaned fine-grained classification image. Class: Papules. Blur score: 115.39.
tiswan_001218,tiswan,cleaned_v1,datasets/skin/acne/final/subtype_classification/train/papular/tiswan_001218.jpg,train,papular,usable,non_expert,subtype_classification,acne,1.0,6c428cd5b04f6832d314d8fd4fa522b29f94aa9c873c9b67de196709eb849a4c,Cleaned fine-grained classification image. Class: Papules. Blur score: 100.94.
tiswan_001219,tiswan,cleaned_v1,datasets/skin/acne/final/subtype_classification/train/papular/tiswan_001219.jpg,train,papular,usable,non_expert,subtype_classification,acne,1.0,0a07212e2f3d0d728deeb3c7c912e748f6f721d695f0082b31352968d6091bf7,Cleaned fine-grained classification image. Class: Papules. Blur score: 126.03.
tiswan_001220,tiswan,cleaned_v1,datasets/skin/acne/final/subtype_classification/train/papular/tiswan_001220.jpg,train,papular,usable,non_expert,subtype_classification,acne,1.0,f839fa4283d2e0d8dd0c0caf6add2655003df6a9a25e2446bb8a336a6ab3c532,Cleaned fine-grained classification image. Class: Papules. Blur score: 118.33.
tiswan_001221,tiswan,cleaned_v1,datasets/skin/acne/final/subtype_classification/train/papular/tiswan_001221.jpg,train,papular,usable,non_expert,subtype_classification,acne,1.0,dca282971512cb341f3a5f092dd0bbaa7e3c00ecbeb8ed66ab84ed785c1008e4,Cleaned fine-grained classification image. Class: Papules. Blur score: 75.67.
tiswan_001222,tiswan,cleaned_v1,datasets/skin/acne/final/subtype_classification/train/papular/tiswan_001222.jpg,train,papular,usable,non_expert,subtype_classification,acne,1.0,bb8fa5ecf95a85b0aee4335ae82a24147f943743f3b9e021a28268ada7943440,Cleaned fine-grained classification image. Class: Papules. Blur score: 66.25.
tiswan_001223,tiswan,cleaned_v1,datasets/skin/acne/final/subtype_classification/train/papular/tiswan_001223.jpg,train,papular,usable,non_expert,subtype_classification,acne,1.0,a697f84f9f5218f7f5ab16546b08175d8feacb323a9b3accbe32668f9a32dd34,Cleaned fine-grained classification image. Class: Papules. Blur score: 84.88.
tiswan_001224,tiswan,cleaned_v1,datasets/skin/acne/final/subtype_classification/train/papular/tiswan_001224.jpg,train,papular,usable,non_expert,subtype_classification,acne,1.0,84062a0bf30ab3e355ffd4beef2290403f7b580d70a2e2694134adabe4f4dabe,Cleaned fine-grained classification image. Class: Papules. Blur score: 129.76.
tiswan_001225,tiswan,cleaned_v1,datasets/skin/acne/final/subtype_classification/train/papular/tiswan_001225.jpg,train,papular,usable,non_expert,subtype_classification,acne,1.0,112269bb9c227b80b095e0fd14f97e93601664ecc682e2c1c2af3923d0f9af29,Cleaned fine-grained classification image. Class: Papules. Blur score: 104.31.
tiswan_001226,tiswan,cleaned_v1,datasets/skin/acne/final/subtype_classification/train/papular/tiswan_001226.jpg,train,papular,usable,non_expert,subtype_classification,acne,1.0,3aeef3b33827701e490b2f88cfb9c855ce0637d1d90e33e3f0812e3b09309fbc,Cleaned fine-grained classification image. Class: Papules. Blur score: 99.65.
tiswan_001227,tiswan,cleaned_v1,datasets/skin/acne/final/subtype_classification/train/papular/tiswan_001227.jpg,train,papular,usable,non_expert,subtype_classification,acne,1.0,1a91323295277c3af2ea1688f2400021003a35be91e29b43773ff91246ed64c2,Cleaned fine-grained classification image. Class: Papules. Blur score: 147.93.
tiswan_001228,tiswan,cleaned_v1,datasets/skin/acne/final/subtype_classification/train/papular/tiswan_001228.jpg,train,papular,usable,non_expert,subtype_classification,acne,1.0,a85bab8602dc808db41eb60f9e54abaa3a32b3f0eefff470c424bcb720b45553,Cleaned fine-grained classification image. Class: Papules. Blur score: 114.65.
tiswan_001229,tiswan,cleaned_v1,datasets/skin/acne/final/subtype_classification/train/papular/tiswan_001229.jpg,train,papular,usable,non_expert,subtype_classification,acne,1.0,76f56b3d7a150a2a6841b40fb0f3bf9dcda7a6126b008b51346c7c65d1e81be9,Cleaned fine-grained classification image. Class: Papules. Blur score: 94.35.
tiswan_001230,tiswan,cleaned_v1,datasets/skin/acne/final/subtype_classification/train/papular/tiswan_001230.jpg,train,papular,usable,non_expert,subtype_classification,acne,1.0,24b72bd7e0520a708fa83c0be4a1e641816a5b4a5d939f09b89d937d4bd9236f,Cleaned fine-grained classification image. Class: Papules. Blur score: 91.66.
tiswan_001231,tiswan,cleaned_v1,datasets/skin/acne/final/subtype_classification/train/papular/tiswan_001231.jpg,train,papular,borderline,non_expert,subtype_classification,acne,1.0,b6fca554dd6c679dcbc94a56b09e4f9057982632d64a503340e4f8f300a42b47,Cleaned fine-grained classification image. Class: Papules. Blur score: 51.44.
tiswan_001232,tiswan,cleaned_v1,datasets/skin/acne/final/subtype_classification/train/papular/tiswan_001232.jpg,train,papular,usable,non_expert,subtype_classification,acne,1.0,bf0dee1a7c40d00f56ef113e0153f2827f466996b93149520bb802af1899206c,Cleaned fine-grained classification image. Class: Papules. Blur score: 126.63.
tiswan_001233,tiswan,cleaned_v1,datasets/skin/acne/final/subtype_classification/train/papular/tiswan_001233.jpg,train,papular,usable,non_expert,subtype_classification,acne,1.0,22e947a04de1c12568b95cfa904587b4202576354aba5e6322688b1155599246,Cleaned fine-grained classification image. Class: Papules. Blur score: 60.24.
tiswan_001234,tiswan,cleaned_v1,datasets/skin/acne/final/subtype_classification/train/papular/tiswan_001234.jpg,train,papular,usable,non_expert,subtype_classification,acne,1.0,26c0c8b5485b9747eee9d35907b869c0f9193860fa7c91f01b822ff8739e25c8,Cleaned fine-grained classification image. Class: Papules. Blur score: 64.11.
tiswan_001235,tiswan,cleaned_v1,datasets/skin/acne/final/subtype_classification/train/papular/tiswan_001235.jpg,train,papular,usable,non_expert,subtype_classification,acne,1.0,5733d69f0c45ca073b91f6361458b98fba4fd01165c448b0a218bd79859c97de,Cleaned fine-grained classification image. Class: Papules. Blur score: 137.09.
tiswan_001236,tiswan,cleaned_v1,datasets/skin/acne/final/subtype_classification/train/papular/tiswan_001236.jpg,train,papular,usable,non_expert,subtype_classification,acne,1.0,18b0c8ab6fd56381110c894d43daaeb363dc67b2ebfe10ac91edd04696cfab5b,Cleaned fine-grained classification image. Class: Papules. Blur score: 91.26.
tiswan_001237,tiswan,cleaned_v1,datasets/skin/acne/final/subtype_classification/train/papular/tiswan_001237.jpg,train,papular,borderline,non_expert,subtype_classification,acne,1.0,c7f039b413fa7caffca6e503d15a2615ddb81d5e86858e6c018edef7d8d4f9ca,Cleaned fine-grained classification image. Class: Papules. Blur score: 44.26.
tiswan_001238,tiswan,cleaned_v1,datasets/skin/acne/final/subtype_classification/train/papular/tiswan_001238.jpg,train,papular,usable,non_expert,subtype_classification,acne,1.0,94025fe7be29252caef72a28b259351712fc167306471fa1184ad4fa63339ac9,Cleaned fine-grained classification image. Class: Papules. Blur score: 86.06.
tiswan_001239,tiswan,cleaned_v1,datasets/skin/acne/final/subtype_classification/train/papular/tiswan_001239.jpg,train,papular,usable,non_expert,subtype_classification,acne,1.0,58dbdc699ba09b15c6ee020e0819df4c3b7451709822b6d592d1fc1ef1e62a1d,Cleaned fine-grained classification image. Class: Papules. Blur score: 73.06.
tiswan_001240,tiswan,cleaned_v1,datasets/skin/acne/final/subtype_classification/train/papular/tiswan_001240.jpg,train,papular,usable,non_expert,subtype_classification,acne,1.0,6089edf57b5c0bb84e9ecf3b472ab3ab97f27196d2dea9a38dc05324683e48ff,Cleaned fine-grained classification image. Class: Papules. Blur score: 91.6.
tiswan_001241,tiswan,cleaned_v1,datasets/skin/acne/final/subtype_classification/train/papular/tiswan_001241.jpg,train,papular,usable,non_expert,subtype_classification,acne,1.0,5cd0009b3f484865ad203881fcffed1c44c49f8ad3c25117135ad97b87bc8693,Cleaned fine-grained classification image. Class: Papules. Blur score: 121.96.
tiswan_001242,tiswan,cleaned_v1,datasets/skin/acne/final/subtype_classification/train/papular/tiswan_001242.jpg,train,papular,usable,non_expert,subtype_classification,acne,1.0,debc23a284782e3165a4d2c8403573459380eb52c2240cf4d455e5c952d42f0a,Cleaned fine-grained classification image. Class: Papules. Blur score: 82.38.
tiswan_001243,tiswan,cleaned_v1,datasets/skin/acne/final/subtype_classification/train/papular/tiswan_001243.jpg,train,papular,usable,non_expert,subtype_classification,acne,1.0,0552b47535e7a665a5bb6acdae654dbbeff568123a57b1e50d9c0374dd767d66,Cleaned fine-grained classification image. Class: Papules. Blur score: 90.0.
tiswan_001244,tiswan,cleaned_v1,datasets/skin/acne/final/subtype_classification/train/papular/tiswan_001244.jpg,train,papular,usable,non_expert,subtype_classification,acne,1.0,7a4ffa1ae42b7fd9eff2b66a5214ae691fde5e5e94bb2cb1a29ec05aad4c4b99,Cleaned fine-grained classification image. Class: Papules. Blur score: 92.07.
tiswan_001245,tiswan,cleaned_v1,datasets/skin/acne/final/subtype_classification/train/papular/tiswan_001245.jpg,train,papular,borderline,non_expert,subtype_classification,acne,1.0,a172798f5a8c03b7e40e2d012cfa7f76e810a5405b9f6a39533ffa29355dcd81,Cleaned fine-grained classification image. Class: Papules. Blur score: 32.52.
tiswan_001246,tiswan,cleaned_v1,datasets/skin/acne/final/subtype_classification/train/papular/tiswan_001246.jpg,train,papular,usable,non_expert,subtype_classification,acne,1.0,c6827741ac7a9417ac4e4517c3cf13038a2cdd99912e8e4ad072f284b5b70f6b,Cleaned fine-grained classification image. Class: Papules. Blur score: 79.19.
tiswan_001247,tiswan,cleaned_v1,datasets/skin/acne/final/subtype_classification/train/papular/tiswan_001247.jpg,train,papular,usable,non_expert,subtype_classification,acne,1.0,4e3ad81c11a0f6d1ac075fbda607ca38f5f3e38fb85993bde22b60386af90c9b,Cleaned fine-grained classification image. Class: Papules. Blur score: 107.68.
tiswan_001248,tiswan,cleaned_v1,datasets/skin/acne/final/subtype_classification/train/papular/tiswan_001248.jpg,train,papular,borderline,non_expert,subtype_classification,acne,1.0,98b485e5158bba79cc47d78bd01a597930fe9f74f9bf0e8ff2ff1c2b57d7b431,Cleaned fine-grained classification image. Class: Papules. Blur score: 59.88.
tiswan_001249,tiswan,cleaned_v1,datasets/skin/acne/final/subtype_classification/train/papular/tiswan_001249.jpg,train,papular,usable,non_expert,subtype_classification,acne,1.0,ad560e7c9efc7f2cdc7c9c51e222a0067a5a1bc47e5f6def5a5c99b2baf29ee8,Cleaned fine-grained classification image. Class: Papules. Blur score: 90.14.
tiswan_001250,tiswan,cleaned_v1,datasets/skin/acne/final/subtype_classification/train/papular/tiswan_001250.jpg,train,papular,usable,non_expert,subtype_classification,acne,1.0,61007729176370d90ea5ec0bcb0426155da5b76b1140cd603017fcfd40b29798,Cleaned fine-grained classification image. Class: Papules. Blur score: 69.5.
tiswan_001251,tiswan,cleaned_v1,datasets/skin/acne/final/subtype_classification/train/papular/tiswan_001251.jpg,train,papular,usable,non_expert,subtype_classification,acne,1.0,3befeb3e476f2e6deca4df80e9190ca72a7b248e180281962b2c83121a1d5104,Cleaned fine-grained classification image. Class: Papules. Blur score: 88.4.
tiswan_001252,tiswan,cleaned_v1,datasets/skin/acne/final/subtype_classification/train/papular/tiswan_001252.jpg,train,papular,borderline,non_expert,subtype_classification,acne,1.0,eb5a78f9f6a42726f21facd5a546a17e02170f3b723606e13720918533ae0634,Cleaned fine-grained classification image. Class: Papules. Blur score: 48.89.
tiswan_001253,tiswan,cleaned_v1,datasets/skin/acne/final/subtype_classification/train/papular/tiswan_001253.jpg,train,papular,borderline,non_expert,subtype_classification,acne,1.0,887295fde88eb01974bedb8ca688de3d01efd35927b72ee32c47c84b7cfbf809,Cleaned fine-grained classification image. Class: Papules. Blur score: 40.32.
tiswan_001254,tiswan,cleaned_v1,datasets/skin/acne/final/subtype_classification/train/papular/tiswan_001254.jpg,train,papular,usable,non_expert,subtype_classification,acne,1.0,f431e104f85fc9f4d33aa87f86d8c7c71a6fc565b9b0df4335cd2793dade0789,Cleaned fine-grained classification image. Class: Papules. Blur score: 87.12.
tiswan_001255,tiswan,cleaned_v1,datasets/skin/acne/final/subtype_classification/train/papular/tiswan_001255.jpg,train,papular,borderline,non_expert,subtype_classification,acne,1.0,bed947b618ec1f85d59c6f42265441a7c9307c8990c09b840722cac0ce51eb27,Cleaned fine-grained classification image. Class: Papules. Blur score: 48.16.
tiswan_001256,tiswan,cleaned_v1,datasets/skin/acne/final/subtype_classification/train/papular/tiswan_001256.jpg,train,papular,usable,non_expert,subtype_classification,acne,1.0,ffdf3eb9042bd0e1945dce6ab9a0e388cf566b756b6369e0b1f98ef3d15bfb29,Cleaned fine-grained classification image. Class: Papules. Blur score: 62.01.
tiswan_001257,tiswan,cleaned_v1,datasets/skin/acne/final/subtype_classification/train/papular/tiswan_001257.jpg,train,papular,usable,non_expert,subtype_classification,acne,1.0,41c3486968224b3d2fe0c087d888afbbd04e8268b549ccc2a4afafa9eae53987,Cleaned fine-grained classification image. Class: Papules. Blur score: 69.74.
tiswan_001258,tiswan,cleaned_v1,datasets/skin/acne/final/subtype_classification/train/papular/tiswan_001258.jpg,train,papular,usable,non_expert,subtype_classification,acne,1.0,9b78bff8f6df0b833b01a7a90cdcbe56afbea810f6b56f04933b9696f80a7155,Cleaned fine-grained classification image. Class: Papules. Blur score: 84.41.
tiswan_001259,tiswan,cleaned_v1,datasets/skin/acne/final/subtype_classification/train/papular/tiswan_001259.jpg,train,papular,usable,non_expert,subtype_classification,acne,1.0,639ebe2d7f8ea5c01c1bc9bc6a961b8be0204a71cb7a37d53a3cec47f806bc90,Cleaned fine-grained classification image. Class: Papules. Blur score: 63.92.
tiswan_001260,tiswan,cleaned_v1,datasets/skin/acne/final/subtype_classification/train/papular/tiswan_001260.jpg,train,papular,borderline,non_expert,subtype_classification,acne,1.0,d67ef6d2365dd309f7c640c77df3845882e810e3dfc5c62d76db1c704d85b7d2,Cleaned fine-grained classification image. Class: Papules. Blur score: 37.74.
tiswan_001261,tiswan,cleaned_v1,datasets/skin/acne/final/subtype_classification/train/papular/tiswan_001261.jpg,train,papular,usable,non_expert,subtype_classification,acne,1.0,bc0fbce3c6ca14723702a92144cd395779b044515309ac678999c35fe23147bf,Cleaned fine-grained classification image. Class: Papules. Blur score: 62.08.
tiswan_001262,tiswan,cleaned_v1,datasets/skin/acne/final/subtype_classification/train/papular/tiswan_001262.jpg,train,papular,usable,non_expert,subtype_classification,acne,1.0,671d13c76078cd8d4c233c030fe3792d6bad7c7ab8ff151ba4d5ffecc0f8c68d,Cleaned fine-grained classification image. Class: Papules. Blur score: 114.51.
tiswan_001263,tiswan,cleaned_v1,datasets/skin/acne/final/subtype_classification/train/papular/tiswan_001263.jpg,train,papular,usable,non_expert,subtype_classification,acne,1.0,efe338103ae2c799bf23de9bc24dcbd1a6cfac1436cc017440c20514b4db7a8b,Cleaned fine-grained classification image. Class: Papules. Blur score: 91.14.
tiswan_001264,tiswan,cleaned_v1,datasets/skin/acne/final/subtype_classification/train/papular/tiswan_001264.jpg,train,papular,borderline,non_expert,subtype_classification,acne,1.0,9c212b5713c1112b3654c55d1bee7fbf1cfeaf941676b36882660fbbe1bf1919,Cleaned fine-grained classification image. Class: Papules. Blur score: 53.54.
tiswan_001265,tiswan,cleaned_v1,datasets/skin/acne/final/subtype_classification/train/papular/tiswan_001265.jpg,train,papular,usable,non_expert,subtype_classification,acne,1.0,f74e2483afb93c7a35b62fe8762bc930a22d3e11f5f572b5ed5758825c210712,Cleaned fine-grained classification image. Class: Papules. Blur score: 84.76.
tiswan_001266,tiswan,cleaned_v1,datasets/skin/acne/final/subtype_classification/train/papular/tiswan_001266.jpg,train,papular,borderline,non_expert,subtype_classification,acne,1.0,14dacef3ed78163ff2afaed74ba1746d4fe3cf21e0f4266bceb2c9d74d8fa8f1,Cleaned fine-grained classification image. Class: Papules. Blur score: 59.55.
tiswan_001267,tiswan,cleaned_v1,datasets/skin/acne/final/subtype_classification/train/papular/tiswan_001267.jpg,train,papular,usable,non_expert,subtype_classification,acne,1.0,47f6201e6c58b3aa5793944d9ac7d30f5fac277baf834abc48ee3aec4f141184,Cleaned fine-grained classification image. Class: Papules. Blur score: 83.99.
tiswan_001268,tiswan,cleaned_v1,datasets/skin/acne/final/subtype_classification/train/papular/tiswan_001268.jpg,train,papular,borderline,non_expert,subtype_classification,acne,1.0,3128668bdde478c318bc5bb52a7ef174f98c1bdd949c47308907305c6c5faa12,Cleaned fine-grained classification image. Class: Papules. Blur score: 59.35.
tiswan_001269,tiswan,cleaned_v1,datasets/skin/acne/final/subtype_classification/train/papular/tiswan_001269.jpg,train,papular,borderline,non_expert,subtype_classification,acne,1.0,9542d3a5dfde5165cefba0a27750a708e8ec17dfcfb5b32a40de7eb4ec9b1714,Cleaned fine-grained classification image. Class: Papules. Blur score: 58.62.
tiswan_001270,tiswan,cleaned_v1,datasets/skin/acne/final/subtype_classification/train/papular/tiswan_001270.jpg,train,papular,usable,non_expert,subtype_classification,acne,1.0,68580180579f610f89c8a4710cf9e30f1ca434a05bab5174c033e840731ee37d,Cleaned fine-grained classification image. Class: Papules. Blur score: 80.9.
tiswan_001271,tiswan,cleaned_v1,datasets/skin/acne/final/subtype_classification/train/papular/tiswan_001271.jpg,train,papular,borderline,non_expert,subtype_classification,acne,1.0,e40991efaa959c3a38a053f9e678a51ae4d21fa81727241feaf6ff2bc4c333ee,Cleaned fine-grained classification image. Class: Papules. Blur score: 49.27.
tiswan_001272,tiswan,cleaned_v1,datasets/skin/acne/final/subtype_classification/train/papular/tiswan_001272.jpg,train,papular,usable,non_expert,subtype_classification,acne,1.0,7b3a7ab68d3fb8854d33da7dc58ab29c158a8a2e304392214fed945a41e34483,Cleaned fine-grained classification image. Class: Papules. Blur score: 65.71.
tiswan_001273,tiswan,cleaned_v1,datasets/skin/acne/final/subtype_classification/train/papular/tiswan_001273.jpg,train,papular,usable,non_expert,subtype_classification,acne,1.0,dfd7e38941f6ac7b6ca094f2257586f789c7193f209c3d034edbf4cce3a8cd92,Cleaned fine-grained classification image. Class: Papules. Blur score: 99.43.
tiswan_001274,tiswan,cleaned_v1,datasets/skin/acne/final/subtype_classification/train/papular/tiswan_001274.jpg,train,papular,usable,non_expert,subtype_classification,acne,1.0,9288fb8ee4d957b50d75adf1ea5b70e809dcf53ea63c61f1eb9a12316a90b55c,Cleaned fine-grained classification image. Class: Papules. Blur score: 60.5.
tiswan_001275,tiswan,cleaned_v1,datasets/skin/acne/final/subtype_classification/train/papular/tiswan_001275.jpg,train,papular,usable,non_expert,subtype_classification,acne,1.0,46daf0663b905ec22b61ee235fa630f29c01a3071ec7882e6308d5ba8848af55,Cleaned fine-grained classification image. Class: Papules. Blur score: 73.36.
tiswan_001276,tiswan,cleaned_v1,datasets/skin/acne/final/subtype_classification/train/papular/tiswan_001276.jpg,train,papular,usable,non_expert,subtype_classification,acne,1.0,88e495ad905962b8974b3184b386afe3bec4373b1332531da5c2393bf05b080f,Cleaned fine-grained classification image. Class: Papules. Blur score: 81.47.
tiswan_001277,tiswan,cleaned_v1,datasets/skin/acne/final/subtype_classification/train/papular/tiswan_001277.jpg,train,papular,usable,non_expert,subtype_classification,acne,1.0,46307c3e5232fd944be5a0c3e4ece0591c61344540d2ddb2f701534fa5926e34,Cleaned fine-grained classification image. Class: Papules. Blur score: 107.36.
tiswan_001278,tiswan,cleaned_v1,datasets/skin/acne/final/subtype_classification/train/papular/tiswan_001278.jpg,train,papular,usable,non_expert,subtype_classification,acne,1.0,a14dc818b5ce81b8840275827ac5bfd741640ba69cbb5bbdce0b24146987e4f0,Cleaned fine-grained classification image. Class: Papules. Blur score: 100.4.
tiswan_001279,tiswan,cleaned_v1,datasets/skin/acne/final/subtype_classification/train/papular/tiswan_001279.jpg,train,papular,usable,non_expert,subtype_classification,acne,1.0,a0f7c979411ab09ed4cdfe1689e095325f5c344f74a5d093c9080f727358f196,Cleaned fine-grained classification image. Class: Papules. Blur score: 74.63.
tiswan_001280,tiswan,cleaned_v1,datasets/skin/acne/final/subtype_classification/train/papular/tiswan_001280.jpg,train,papular,borderline,non_expert,subtype_classification,acne,1.0,48c9e7d292c5dd125c0f500ae13fe53213162c63c88e56b1dfc85a0bc4876234,Cleaned fine-grained classification image. Class: Papules. Blur score: 53.82.
tiswan_001281,tiswan,cleaned_v1,datasets/skin/acne/final/subtype_classification/train/papular/tiswan_001281.jpg,train,papular,usable,non_expert,subtype_classification,acne,1.0,6110afff53370484773f59b31adfba5fa7ea19610cdf1c2f372202652c998b58,Cleaned fine-grained classification image. Class: Papules. Blur score: 71.48.
tiswan_001282,tiswan,cleaned_v1,datasets/skin/acne/final/subtype_classification/train/papular/tiswan_001282.jpg,train,papular,borderline,non_expert,subtype_classification,acne,1.0,703f882828e751b3ee0f66d127b38092d8a6a1afa8977f34cce237b9ebc571c8,Cleaned fine-grained classification image. Class: Papules. Blur score: 40.17.
tiswan_001283,tiswan,cleaned_v1,datasets/skin/acne/final/subtype_classification/train/papular/tiswan_001283.jpg,train,papular,usable,non_expert,subtype_classification,acne,1.0,fb5d45d069f12679c27f19ae6c2990dd9f1d786842578b552999ad262c685555,Cleaned fine-grained classification image. Class: Papules. Blur score: 93.27.
tiswan_001284,tiswan,cleaned_v1,datasets/skin/acne/final/subtype_classification/train/papular/tiswan_001284.jpg,train,papular,borderline,non_expert,subtype_classification,acne,1.0,6e42ce87302cf13530a7a5be8569c1dac91a8b4cbd799e325164bc8c9ef4c905,Cleaned fine-grained classification image. Class: Papules. Blur score: 58.56.
tiswan_001285,tiswan,cleaned_v1,datasets/skin/acne/final/subtype_classification/train/papular/tiswan_001285.jpg,train,papular,usable,non_expert,subtype_classification,acne,1.0,05f85f878f3a38f57552cfcbf5d97519bcc89ca52665c56e54d599612d45df72,Cleaned fine-grained classification image. Class: Papules. Blur score: 67.68.
tiswan_001286,tiswan,cleaned_v1,datasets/skin/acne/final/subtype_classification/train/papular/tiswan_001286.jpg,train,papular,borderline,non_expert,subtype_classification,acne,1.0,7d5e53d80db927a48868ef2c0a8fb192ab4e2494b2b362f9b1c1a658976d3534,Cleaned fine-grained classification image. Class: Papules. Blur score: 40.76.
tiswan_001287,tiswan,cleaned_v1,datasets/skin/acne/final/subtype_classification/train/papular/tiswan_001287.jpg,train,papular,borderline,non_expert,subtype_classification,acne,1.0,4b68b567dd3498245661706d4d0df742fe96bb32191d3f1470112f18b6892fea,Cleaned fine-grained classification image. Class: Papules. Blur score: 51.53.
tiswan_001288,tiswan,cleaned_v1,datasets/skin/acne/final/subtype_classification/train/papular/tiswan_001288.jpg,train,papular,usable,non_expert,subtype_classification,acne,1.0,4fec3c03028e69fe70ed76c126635bfb3a5c037d9359ab20230519b17232a2d5,Cleaned fine-grained classification image. Class: Papules. Blur score: 72.88.
tiswan_001289,tiswan,cleaned_v1,datasets/skin/acne/final/subtype_classification/train/papular/tiswan_001289.jpg,train,papular,usable,non_expert,subtype_classification,acne,1.0,1f584ef658c38b87eb566831e7384577fa95e8bdedc0a428443f75c8849bd2de,Cleaned fine-grained classification image. Class: Papules. Blur score: 85.73.
tiswan_001290,tiswan,cleaned_v1,datasets/skin/acne/final/subtype_classification/train/papular/tiswan_001290.jpg,train,papular,usable,non_expert,subtype_classification,acne,1.0,31e1dacae6ad15c3b9c5f0d1592824a190dc71c3aa7e2e82a0197a885e7f82fb,Cleaned fine-grained classification image. Class: Papules. Blur score: 75.63.
tiswan_001291,tiswan,cleaned_v1,datasets/skin/acne/final/subtype_classification/train/papular/tiswan_001291.jpg,train,papular,usable,non_expert,subtype_classification,acne,1.0,8263379f776678d3c5485f19b89b8827d385b2867f5e10c64f04b1b02794069c,Cleaned fine-grained classification image. Class: Papules. Blur score: 66.65.
tiswan_001292,tiswan,cleaned_v1,datasets/skin/acne/final/subtype_classification/train/papular/tiswan_001292.jpg,train,papular,usable,non_expert,subtype_classification,acne,1.0,8e267266368b5581a4e77d71c6ef76ce07f09c634f6fa818292d8838f2a191ae,Cleaned fine-grained classification image. Class: Papules. Blur score: 69.25.
tiswan_001293,tiswan,cleaned_v1,datasets/skin/acne/final/subtype_classification/train/papular/tiswan_001293.jpg,train,papular,borderline,non_expert,subtype_classification,acne,1.0,dad78e6180682178e4447057d326b738496b5ab8cd59bac6194c90eb472fcd9f,Cleaned fine-grained classification image. Class: Papules. Blur score: 42.1.
tiswan_001294,tiswan,cleaned_v1,datasets/skin/acne/final/subtype_classification/train/papular/tiswan_001294.jpg,train,papular,borderline,non_expert,subtype_classification,acne,1.0,78dbe5e72ab6437f3812a68002011e86405bbf57b2e3c125f0ac9b430f184cc4,Cleaned fine-grained classification image. Class: Papules. Blur score: 50.58.
tiswan_001295,tiswan,cleaned_v1,datasets/skin/acne/final/subtype_classification/train/papular/tiswan_001295.jpg,train,papular,borderline,non_expert,subtype_classification,acne,1.0,f33607e27ce722ea03615764feee06b6913079596dfc4cf2cc5fe01beb0ccfac,Cleaned fine-grained classification image. Class: Papules. Blur score: 46.75.
tiswan_001296,tiswan,cleaned_v1,datasets/skin/acne/final/subtype_classification/train/papular/tiswan_001296.jpg,train,papular,usable,non_expert,subtype_classification,acne,1.0,fe1f9eff5817f377932f6947a3ffc32f46b4e7675bf596cd870ffbfa60f09bbf,Cleaned fine-grained classification image. Class: Papules. Blur score: 71.81.
tiswan_001297,tiswan,cleaned_v1,datasets/skin/acne/final/subtype_classification/train/papular/tiswan_001297.jpg,train,papular,borderline,non_expert,subtype_classification,acne,1.0,753d8b65aaa1d01137d3231b163fcf5d061f19c31d591ea8eb0b5f7d74a39fc9,Cleaned fine-grained classification image. Class: Papules. Blur score: 58.79.
tiswan_001298,tiswan,cleaned_v1,datasets/skin/acne/final/subtype_classification/train/papular/tiswan_001298.jpg,train,papular,usable,non_expert,subtype_classification,acne,1.0,6175552d858c0b8d6177958d4255db0187fe95f38daafe6301d9b149506ad249,Cleaned fine-grained classification image. Class: Papules. Blur score: 72.75.
tiswan_001299,tiswan,cleaned_v1,datasets/skin/acne/final/subtype_classification/train/papular/tiswan_001299.jpg,train,papular,usable,non_expert,subtype_classification,acne,1.0,971afecaadead86f2ec1e53d84d7ad575df6c2d65b87c4dc2f6cb61fc3d465be,Cleaned fine-grained classification image. Class: Papules. Blur score: 78.89.
tiswan_001300,tiswan,cleaned_v1,datasets/skin/acne/final/subtype_classification/train/papular/tiswan_001300.jpg,train,papular,borderline,non_expert,subtype_classification,acne,1.0,1af0c96d963a6f434de642d44916472ab3b1f9930b174766c9b711a8fd48e121,Cleaned fine-grained classification image. Class: Papules. Blur score: 36.35.
tiswan_001301,tiswan,cleaned_v1,datasets/skin/acne/final/subtype_classification/train/papular/tiswan_001301.jpg,train,papular,borderline,non_expert,subtype_classification,acne,1.0,569a65b607ed9bba4cf4e546eb2624269f16df2d5e36e016a9cc8ccd3d20c542,Cleaned fine-grained classification image. Class: Papules. Blur score: 57.9.
tiswan_001302,tiswan,cleaned_v1,datasets/skin/acne/final/subtype_classification/train/papular/tiswan_001302.jpg,train,papular,borderline,non_expert,subtype_classification,acne,1.0,a214e4e7112ed4652d35107325f0a6d5a11fe3826289cc6896b0cc15511c2099,Cleaned fine-grained classification image. Class: Papules. Blur score: 40.13.
tiswan_001303,tiswan,cleaned_v1,datasets/skin/acne/final/subtype_classification/train/papular/tiswan_001303.jpg,train,papular,usable,non_expert,subtype_classification,acne,1.0,9e5f233a1c23e871f949905dc3479265a0dbeb0670223ebb30225d4ab54b966b,Cleaned fine-grained classification image. Class: Papules. Blur score: 94.47.
tiswan_001304,tiswan,cleaned_v1,datasets/skin/acne/final/subtype_classification/train/papular/tiswan_001304.jpg,train,papular,usable,non_expert,subtype_classification,acne,1.0,81685777a3a64a5aa276a4e82b337dfd0ed589963b88a60ea2851c695d0a4d26,Cleaned fine-grained classification image. Class: Papules. Blur score: 72.42.
tiswan_001305,tiswan,cleaned_v1,datasets/skin/acne/final/subtype_classification/train/papular/tiswan_001305.jpg,train,papular,usable,non_expert,subtype_classification,acne,1.0,767b522ebfbfb52988cdaa2e5b4f5e0f6e3b547b674140c8008cd7a341ad0940,Cleaned fine-grained classification image. Class: Papules. Blur score: 78.33.
tiswan_001306,tiswan,cleaned_v1,datasets/skin/acne/final/subtype_classification/train/papular/tiswan_001306.jpg,train,papular,borderline,non_expert,subtype_classification,acne,1.0,e349141c35d5a067194a3ae8df4b99711671772b589c8407f17ee47a6a5be077,Cleaned fine-grained classification image. Class: Papules. Blur score: 43.25.
tiswan_001307,tiswan,cleaned_v1,datasets/skin/acne/final/subtype_classification/train/papular/tiswan_001307.jpg,train,papular,borderline,non_expert,subtype_classification,acne,1.0,286e213b91bde3d1cfd831f500b5172bbb8993dee9aea0439c62ae4aa40eb065,Cleaned fine-grained classification image. Class: Papules. Blur score: 59.49.
tiswan_001308,tiswan,cleaned_v1,datasets/skin/acne/final/subtype_classification/train/papular/tiswan_001308.jpg,train,papular,usable,non_expert,subtype_classification,acne,1.0,67143fdbe0c4156d4cef73bab6c3b8481a51df184ea237751b7e5d7e1d53a95e,Cleaned fine-grained classification image. Class: Papules. Blur score: 79.98.
tiswan_001309,tiswan,cleaned_v1,datasets/skin/acne/final/subtype_classification/train/papular/tiswan_001309.jpg,train,papular,usable,non_expert,subtype_classification,acne,1.0,76391b6c4b502117cb16e8482b220ee8736cda38ab62c5e22931bc9c57f08292,Cleaned fine-grained classification image. Class: Papules. Blur score: 111.37.
tiswan_001310,tiswan,cleaned_v1,datasets/skin/acne/final/subtype_classification/train/papular/tiswan_001310.jpg,train,papular,usable,non_expert,subtype_classification,acne,1.0,44dd9840dfd83b267e94ac805653afb1c00f975ff7fe68e82265fb357ba9996a,Cleaned fine-grained classification image. Class: Papules. Blur score: 66.19.
tiswan_001311,tiswan,cleaned_v1,datasets/skin/acne/final/subtype_classification/train/papular/tiswan_001311.jpg,train,papular,usable,non_expert,subtype_classification,acne,1.0,57f6e2c3dfeba840becb279f63446d15f1cbaa87b9d0ae7f66edc942959086e4,Cleaned fine-grained classification image. Class: Papules. Blur score: 97.81.
tiswan_001312,tiswan,cleaned_v1,datasets/skin/acne/final/subtype_classification/train/papular/tiswan_001312.jpg,train,papular,borderline,non_expert,subtype_classification,acne,1.0,6c459c194407ce94d5a93cf0a4f98d9272071155a5837d09163a500aacdfb593,Cleaned fine-grained classification image. Class: Papules. Blur score: 43.92.
tiswan_001313,tiswan,cleaned_v1,datasets/skin/acne/final/subtype_classification/train/papular/tiswan_001313.jpg,train,papular,usable,non_expert,subtype_classification,acne,1.0,bce5284f8c0e6599a8ac6ccf981523f74ead7e5cee47c05b2594182f62875e4b,Cleaned fine-grained classification image. Class: Papules. Blur score: 71.58.
tiswan_001314,tiswan,cleaned_v1,datasets/skin/acne/final/subtype_classification/train/papular/tiswan_001314.jpg,train,papular,borderline,non_expert,subtype_classification,acne,1.0,0257ddf756f395ccd48454e76612899f976913c4349752f3738d8c03196debce,Cleaned fine-grained classification image. Class: Papules. Blur score: 59.19.
tiswan_001315,tiswan,cleaned_v1,datasets/skin/acne/final/subtype_classification/train/papular/tiswan_001315.jpg,train,papular,usable,non_expert,subtype_classification,acne,1.0,04f938d845b21caf40ee0165db23b9d860c597c5489cac3c1b81a223e2770ab3,Cleaned fine-grained classification image. Class: Papules. Blur score: 92.19.
tiswan_001316,tiswan,cleaned_v1,datasets/skin/acne/final/subtype_classification/train/papular/tiswan_001316.jpg,train,papular,usable,non_expert,subtype_classification,acne,1.0,7dfafe12c5d3babee4ef2447927985f8cdd47b97582c60b11eb642e2d690e269,Cleaned fine-grained classification image. Class: Papules. Blur score: 90.5.
tiswan_001317,tiswan,cleaned_v1,datasets/skin/acne/final/subtype_classification/train/papular/tiswan_001317.jpg,train,papular,usable,non_expert,subtype_classification,acne,1.0,b8b173ec65824460c3d64c5638d4859792cf62b673c4c8708d395edc3de4acae,Cleaned fine-grained classification image. Class: Papules. Blur score: 61.81.
tiswan_001318,tiswan,cleaned_v1,datasets/skin/acne/final/subtype_classification/train/papular/tiswan_001318.jpg,train,papular,usable,non_expert,subtype_classification,acne,1.0,cf9c03f11c12eaec003544c1568e46ceabd1fad68402a068bf186a24f66a7b50,Cleaned fine-grained classification image. Class: Papules. Blur score: 92.2.
tiswan_001319,tiswan,cleaned_v1,datasets/skin/acne/final/subtype_classification/train/papular/tiswan_001319.jpg,train,papular,usable,non_expert,subtype_classification,acne,1.0,eb6aa196a25c343832189ba163acd899e6ee585636c7f435142890daeb3a7eb6,Cleaned fine-grained classification image. Class: Papules. Blur score: 80.44.
tiswan_001320,tiswan,cleaned_v1,datasets/skin/acne/final/subtype_classification/train/papular/tiswan_001320.jpg,train,papular,usable,non_expert,subtype_classification,acne,1.0,aed2d31c8781ba8de46a197e697d7314bec9273c6bd42c17430d08e64b1dbf99,Cleaned fine-grained classification image. Class: Papules. Blur score: 88.34.
tiswan_001321,tiswan,cleaned_v1,datasets/skin/acne/final/subtype_classification/train/papular/tiswan_001321.jpg,train,papular,usable,non_expert,subtype_classification,acne,1.0,882b6c77bc0e01b06b0153b2a1cb0564305e6c3c5f4bbc9ccc39d5d772d5cf19,Cleaned fine-grained classification image. Class: Papules. Blur score: 77.64.
tiswan_001322,tiswan,cleaned_v1,datasets/skin/acne/final/subtype_classification/train/papular/tiswan_001322.jpg,train,papular,usable,non_expert,subtype_classification,acne,1.0,e12605924c9c01d70766bb9dfd1a159ce264702c05f499fcf9a0d56817556b88,Cleaned fine-grained classification image. Class: Papules. Blur score: 93.23.
tiswan_001323,tiswan,cleaned_v1,datasets/skin/acne/final/subtype_classification/train/papular/tiswan_001323.jpg,train,papular,usable,non_expert,subtype_classification,acne,1.0,ab6e272acac113d60e9b65021b2b3b0855ee485f693fcf0dcf3388232494b9ab,Cleaned fine-grained classification image. Class: Papules. Blur score: 60.27.
tiswan_001324,tiswan,cleaned_v1,datasets/skin/acne/final/subtype_classification/train/papular/tiswan_001324.jpg,train,papular,borderline,non_expert,subtype_classification,acne,1.0,52942859fec30a8df0fe2eb0f5291f9b9bc61bb7d94583eb64a876c3410fbb0f,Cleaned fine-grained classification image. Class: Papules. Blur score: 42.19.
tiswan_001325,tiswan,cleaned_v1,datasets/skin/acne/final/subtype_classification/train/papular/tiswan_001325.jpg,train,papular,usable,non_expert,subtype_classification,acne,1.0,a5b150836c76445db9c438aead5bb0aab295e6a30bf447574d11f6c36a77c374,Cleaned fine-grained classification image. Class: Papules. Blur score: 111.01.
tiswan_001326,tiswan,cleaned_v1,datasets/skin/acne/final/subtype_classification/train/papular/tiswan_001326.jpg,train,papular,usable,non_expert,subtype_classification,acne,1.0,163d2e3192bf6217094df871b74ddedf802fcbca5aac2dfa8d91902208abc615,Cleaned fine-grained classification image. Class: Papules. Blur score: 91.64.
tiswan_001327,tiswan,cleaned_v1,datasets/skin/acne/final/subtype_classification/train/papular/tiswan_001327.jpg,train,papular,borderline,non_expert,subtype_classification,acne,1.0,b6d5ae1a3c2eed4bc64fdaacbc4a0bac2205272d07c8773bdfd301c991a533cd,Cleaned fine-grained classification image. Class: Papules. Blur score: 46.89.
tiswan_001328,tiswan,cleaned_v1,datasets/skin/acne/final/subtype_classification/train/papular/tiswan_001328.jpg,train,papular,usable,non_expert,subtype_classification,acne,1.0,a9056b2a5a90aa0332406699772600f9b971236307204d4ee27aa4c68aabe853,Cleaned fine-grained classification image. Class: Papules. Blur score: 65.98.
tiswan_001329,tiswan,cleaned_v1,datasets/skin/acne/final/subtype_classification/train/papular/tiswan_001329.jpg,train,papular,usable,non_expert,subtype_classification,acne,1.0,9b84bb11ea793460116df3c3525aec3334afbbb05be9dc76e024b82cb14bdf2a,Cleaned fine-grained classification image. Class: Papules. Blur score: 77.34.
tiswan_001330,tiswan,cleaned_v1,datasets/skin/acne/final/subtype_classification/train/papular/tiswan_001330.jpg,train,papular,borderline,non_expert,subtype_classification,acne,1.0,e645bb3d514ff05b9be2a68db5f3b70ab3333652245833959c4d428da5e65939,Cleaned fine-grained classification image. Class: Papules. Blur score: 41.75.
tiswan_001331,tiswan,cleaned_v1,datasets/skin/acne/final/subtype_classification/train/papular/tiswan_001331.jpg,train,papular,usable,non_expert,subtype_classification,acne,1.0,0a3726af34f39af337c79d1a69ffb211a5577e83ffa7bf8da315d856c2412432,Cleaned fine-grained classification image. Class: Papules. Blur score: 98.79.
tiswan_001332,tiswan,cleaned_v1,datasets/skin/acne/final/subtype_classification/train/papular/tiswan_001332.jpg,train,papular,borderline,non_expert,subtype_classification,acne,1.0,13a9d1c48d0f5d7a53cd805749c187b7606d26d943afdce936170a5995b7f398,Cleaned fine-grained classification image. Class: Papules. Blur score: 35.89.
tiswan_001333,tiswan,cleaned_v1,datasets/skin/acne/final/subtype_classification/train/papular/tiswan_001333.jpg,train,papular,usable,non_expert,subtype_classification,acne,1.0,3b8258bbf380930671ba77116ab68b447916af41bc902f2f44250a6fdc2891c5,Cleaned fine-grained classification image. Class: Papules. Blur score: 68.54.
tiswan_001334,tiswan,cleaned_v1,datasets/skin/acne/final/subtype_classification/train/papular/tiswan_001334.jpg,train,papular,usable,non_expert,subtype_classification,acne,1.0,e61fe9c24651643c4f2aa75d55ce64cbdb88d9ee90e445079991e9f2a6545216,Cleaned fine-grained classification image. Class: Papules. Blur score: 99.21.
tiswan_001335,tiswan,cleaned_v1,datasets/skin/acne/final/subtype_classification/train/papular/tiswan_001335.jpg,train,papular,borderline,non_expert,subtype_classification,acne,1.0,3b75ed58836877d96c696456ad3d43e92d20e1b68ae1169932d92c33b1936c8b,Cleaned fine-grained classification image. Class: Papules. Blur score: 53.99.
tiswan_001336,tiswan,cleaned_v1,datasets/skin/acne/final/subtype_classification/train/papular/tiswan_001336.jpg,train,papular,usable,non_expert,subtype_classification,acne,1.0,0bd2d4ad076de2be849cef037cd87a68c98cff2e534428768af51ee927098b88,Cleaned fine-grained classification image. Class: Papules. Blur score: 110.06.
tiswan_001337,tiswan,cleaned_v1,datasets/skin/acne/final/subtype_classification/train/papular/tiswan_001337.jpg,train,papular,usable,non_expert,subtype_classification,acne,1.0,b16a89777f43b5c5e0f8788d8732518c6db5628df27ec6dc8653a683d7c1ac2b,Cleaned fine-grained classification image. Class: Papules. Blur score: 87.52.
tiswan_001338,tiswan,cleaned_v1,datasets/skin/acne/final/subtype_classification/train/papular/tiswan_001338.jpg,train,papular,usable,non_expert,subtype_classification,acne,1.0,39f27ae30e96b8f1dc1ed79a284b57aa1fd523842b572e903ddf8400c6b46f24,Cleaned fine-grained classification image. Class: Papules. Blur score: 87.35.
tiswan_001339,tiswan,cleaned_v1,datasets/skin/acne/final/subtype_classification/train/papular/tiswan_001339.jpg,train,papular,usable,non_expert,subtype_classification,acne,1.0,eee0c3e93cfe69fa16e2371418e5e1ff109086c49bcb222e352de98cde1cd75b,Cleaned fine-grained classification image. Class: Papules. Blur score: 113.4.
tiswan_001340,tiswan,cleaned_v1,datasets/skin/acne/final/subtype_classification/train/papular/tiswan_001340.jpg,train,papular,usable,non_expert,subtype_classification,acne,1.0,14753cb7d3e4826b8ea4b758f3775492ebacccab1ffe5060d97d15e493c1b670,Cleaned fine-grained classification image. Class: Papules. Blur score: 81.38.
tiswan_001341,tiswan,cleaned_v1,datasets/skin/acne/final/subtype_classification/train/papular/tiswan_001341.jpg,train,papular,usable,non_expert,subtype_classification,acne,1.0,1d597b5fde0b204a74b2fca487b7bd28951deee78a9d2f9dbb88ba08c70a3ca2,Cleaned fine-grained classification image. Class: Papules. Blur score: 63.42.
tiswan_001342,tiswan,cleaned_v1,datasets/skin/acne/final/subtype_classification/train/papular/tiswan_001342.jpg,train,papular,borderline,non_expert,subtype_classification,acne,1.0,129f815f762e83a378e4bab99ab9f40167e1f1291ee111545f4801fb309ad1a5,Cleaned fine-grained classification image. Class: Papules. Blur score: 48.18.
tiswan_001343,tiswan,cleaned_v1,datasets/skin/acne/final/subtype_classification/train/papular/tiswan_001343.jpg,train,papular,borderline,non_expert,subtype_classification,acne,1.0,6b1db71b72ed139852794299baf8b565f7459505cc52277f16c9e22f9c6e1209,Cleaned fine-grained classification image. Class: Papules. Blur score: 57.61.
tiswan_001344,tiswan,cleaned_v1,datasets/skin/acne/final/subtype_classification/train/papular/tiswan_001344.jpg,train,papular,borderline,non_expert,subtype_classification,acne,1.0,72eb0290dc6c0c7893e2a393e93c765f091311cd2370255921ad048827430947,Cleaned fine-grained classification image. Class: Papules. Blur score: 57.73.
tiswan_001345,tiswan,cleaned_v1,datasets/skin/acne/final/subtype_classification/train/papular/tiswan_001345.jpg,train,papular,borderline,non_expert,subtype_classification,acne,1.0,4d5edc4e965edb3d76020a313ef84ece430e4249f097ce7f62e86e861bc932ed,Cleaned fine-grained classification image. Class: Papules. Blur score: 43.79.
tiswan_001346,tiswan,cleaned_v1,datasets/skin/acne/final/subtype_classification/train/papular/tiswan_001346.jpg,train,papular,usable,non_expert,subtype_classification,acne,1.0,fa53131ba2a0b0ad8e2f484594bd1830b24e5faf08615d273f626b8e7e475b63,Cleaned fine-grained classification image. Class: Papules. Blur score: 66.36.
tiswan_001347,tiswan,cleaned_v1,datasets/skin/acne/final/subtype_classification/train/papular/tiswan_001347.jpg,train,papular,borderline,non_expert,subtype_classification,acne,1.0,3148eb58a5d22e5e621e9a2afe9d19174a71bf1cbfe6eba18c0355add2dd9a34,Cleaned fine-grained classification image. Class: Papules. Blur score: 45.14.
tiswan_001348,tiswan,cleaned_v1,datasets/skin/acne/final/subtype_classification/train/papular/tiswan_001348.jpg,train,papular,borderline,non_expert,subtype_classification,acne,1.0,23dc0530a2edeae25ed1288f8335c9857418fe7bbdc8142e6799b659ad01afa0,Cleaned fine-grained classification image. Class: Papules. Blur score: 44.37.
tiswan_001349,tiswan,cleaned_v1,datasets/skin/acne/final/subtype_classification/train/papular/tiswan_001349.jpg,train,papular,borderline,non_expert,subtype_classification,acne,1.0,a7da3d4b00769d5292a03ab0c94853ca93315d4a59e86ab42124bc678bd8afdb,Cleaned fine-grained classification image. Class: Papules. Blur score: 52.83.
tiswan_001350,tiswan,cleaned_v1,datasets/skin/acne/final/subtype_classification/train/papular/tiswan_001350.jpg,train,papular,usable,non_expert,subtype_classification,acne,1.0,5689eecb5767625966be7aa210c9e5b9738e99ad1d08b4c8bb16c9cf43c4ad30,Cleaned fine-grained classification image. Class: Papules. Blur score: 75.7.
tiswan_001351,tiswan,cleaned_v1,datasets/skin/acne/final/subtype_classification/train/papular/tiswan_001351.jpg,train,papular,borderline,non_expert,subtype_classification,acne,1.0,92746907223c0daf98fe83542db52cec5a24d7ecdd02b48ef2df8632f45142c8,Cleaned fine-grained classification image. Class: Papules. Blur score: 30.57.
tiswan_001352,tiswan,cleaned_v1,datasets/skin/acne/final/subtype_classification/train/papular/tiswan_001352.jpg,train,papular,usable,non_expert,subtype_classification,acne,1.0,e6ed2dd19727683a2870d0e42d1928d6671258cf997400c960c5ba9d60a3dbf6,Cleaned fine-grained classification image. Class: Papules. Blur score: 75.04.
tiswan_001353,tiswan,cleaned_v1,datasets/skin/acne/final/subtype_classification/train/papular/tiswan_001353.jpg,train,papular,usable,non_expert,subtype_classification,acne,1.0,c96a9fa9806936d8a7792183897d7b56077b581f0945a0251b16cc03fa3b1794,Cleaned fine-grained classification image. Class: Papules. Blur score: 89.81.
tiswan_001354,tiswan,cleaned_v1,datasets/skin/acne/final/subtype_classification/train/pustular/tiswan_001354.jpg,train,pustular,usable,non_expert,subtype_classification,acne,1.0,529bcd6d505fa818e62fdfc3c88fb46a6c202e2dc1a33a045a1b3e57b86f7fe5,Cleaned fine-grained classification image. Class: Pustules. Blur score: 79.19.
tiswan_001355,tiswan,cleaned_v1,datasets/skin/acne/final/subtype_classification/train/pustular/tiswan_001355.jpg,train,pustular,usable,non_expert,subtype_classification,acne,1.0,dd81377ca7348c58c8f0f04705260265d6fe9ae6f3a3d9e7a174f01be03fea4f,Cleaned fine-grained classification image. Class: Pustules. Blur score: 63.32.
tiswan_001356,tiswan,cleaned_v1,datasets/skin/acne/final/subtype_classification/train/pustular/tiswan_001356.jpg,train,pustular,borderline,non_expert,subtype_classification,acne,1.0,c5bc97bb9aadde9a3d2d4954a488a4f33b7c03de22c6a6dcc666850adeccc292,Cleaned fine-grained classification image. Class: Pustules. Blur score: 46.18.
tiswan_001357,tiswan,cleaned_v1,datasets/skin/acne/final/subtype_classification/train/pustular/tiswan_001357.jpg,train,pustular,borderline,non_expert,subtype_classification,acne,1.0,cd748ed43f99ac44d5434c8bd242801189606aa3567fed2c72539fc7b7d49606,Cleaned fine-grained classification image. Class: Pustules. Blur score: 42.05.
tiswan_001358,tiswan,cleaned_v1,datasets/skin/acne/final/subtype_classification/train/pustular/tiswan_001358.jpg,train,pustular,usable,non_expert,subtype_classification,acne,1.0,62f6009bd5511d6300d33fe22a2d29c8b797d6fbb6d27eaca785771ff68aec18,Cleaned fine-grained classification image. Class: Pustules. Blur score: 89.92.
tiswan_001359,tiswan,cleaned_v1,datasets/skin/acne/final/subtype_classification/train/pustular/tiswan_001359.jpg,train,pustular,usable,non_expert,subtype_classification,acne,1.0,6437352796d71168c9febb7703fc17b61f8b6bd8c47f10af5a0da00ea00ffb56,Cleaned fine-grained classification image. Class: Pustules. Blur score: 63.17.
tiswan_001360,tiswan,cleaned_v1,datasets/skin/acne/final/subtype_classification/train/pustular/tiswan_001360.jpg,train,pustular,usable,non_expert,subtype_classification,acne,1.0,9dd295975a2441936ae513a062d2cd32578f01d3028f3a27aa53c1fae74dcdac,Cleaned fine-grained classification image. Class: Pustules. Blur score: 64.3.
tiswan_001361,tiswan,cleaned_v1,datasets/skin/acne/final/subtype_classification/train/pustular/tiswan_001361.jpg,train,pustular,usable,non_expert,subtype_classification,acne,1.0,5692b05ceff9d96d53656d8dcde4660f860e275f833df209126d7b6ef5c20137,Cleaned fine-grained classification image. Class: Pustules. Blur score: 77.31.
tiswan_001362,tiswan,cleaned_v1,datasets/skin/acne/final/subtype_classification/train/pustular/tiswan_001362.jpg,train,pustular,borderline,non_expert,subtype_classification,acne,1.0,51eaccb21121fb5ee4c5f2d9790b8963e1835f72e2abdb6a47c5acc4890b8675,Cleaned fine-grained classification image. Class: Pustules. Blur score: 42.32.
tiswan_001363,tiswan,cleaned_v1,datasets/skin/acne/final/subtype_classification/train/pustular/tiswan_001363.jpg,train,pustular,usable,non_expert,subtype_classification,acne,1.0,6cdf19e591327fb611fb69117cdb033eafb64ff3fb8237ae1b2f832216b3fb26,Cleaned fine-grained classification image. Class: Pustules. Blur score: 69.33.
tiswan_001364,tiswan,cleaned_v1,datasets/skin/acne/final/subtype_classification/train/pustular/tiswan_001364.jpg,train,pustular,borderline,non_expert,subtype_classification,acne,1.0,c5c38c55b306f80e91c2fcb0c508790f998c7e66df4849ba2220c89d886f66ac,Cleaned fine-grained classification image. Class: Pustules. Blur score: 56.97.
tiswan_001365,tiswan,cleaned_v1,datasets/skin/acne/final/subtype_classification/train/pustular/tiswan_001365.jpg,train,pustular,usable,non_expert,subtype_classification,acne,1.0,364323a2c6ecb20b5572d541ee01e657cbbd1fa67a2245beea71b21e403a3212,Cleaned fine-grained classification image. Class: Pustules. Blur score: 88.55.
tiswan_001366,tiswan,cleaned_v1,datasets/skin/acne/final/subtype_classification/train/pustular/tiswan_001366.jpg,train,pustular,borderline,non_expert,subtype_classification,acne,1.0,e425906c481ba76a966e8fd3d3314f16643e9dc69e23cf163bb043f197b01929,Cleaned fine-grained classification image. Class: Pustules. Blur score: 47.79.
tiswan_001367,tiswan,cleaned_v1,datasets/skin/acne/final/subtype_classification/train/pustular/tiswan_001367.jpg,train,pustular,usable,non_expert,subtype_classification,acne,1.0,7e152af6750485647235174b280b48c4f5aaccadab71cef17a5f1175d278c8db,Cleaned fine-grained classification image. Class: Pustules. Blur score: 71.33.
tiswan_001368,tiswan,cleaned_v1,datasets/skin/acne/final/subtype_classification/train/pustular/tiswan_001368.jpg,train,pustular,usable,non_expert,subtype_classification,acne,1.0,7faf4728152e1dcae01e2239e17b85e52c72ee8b42f182e813ea50634b319684,Cleaned fine-grained classification image. Class: Pustules. Blur score: 105.94.
tiswan_001369,tiswan,cleaned_v1,datasets/skin/acne/final/subtype_classification/train/pustular/tiswan_001369.jpg,train,pustular,usable,non_expert,subtype_classification,acne,1.0,d46b0c9b7fcaaa5bb262debfcb7604bbcd6cde746b5ff61a67fa91ac48df0bf9,Cleaned fine-grained classification image. Class: Pustules. Blur score: 102.9.
tiswan_001370,tiswan,cleaned_v1,datasets/skin/acne/final/subtype_classification/train/pustular/tiswan_001370.jpg,train,pustular,borderline,non_expert,subtype_classification,acne,1.0,0ec266fb30d876ce57cb583dd289fe07e3337733afef344ede2d4b07ea306d24,Cleaned fine-grained classification image. Class: Pustules. Blur score: 49.45.
tiswan_001371,tiswan,cleaned_v1,datasets/skin/acne/final/subtype_classification/train/pustular/tiswan_001371.jpg,train,pustular,usable,non_expert,subtype_classification,acne,1.0,522195f96de7fa5eac3048812e0c05a42b3315681d0c7845a3f29f621207d0c0,Cleaned fine-grained classification image. Class: Pustules. Blur score: 76.63.
tiswan_001372,tiswan,cleaned_v1,datasets/skin/acne/final/subtype_classification/train/pustular/tiswan_001372.jpg,train,pustular,borderline,non_expert,subtype_classification,acne,1.0,2548d092c2ef5bb25c443129c9584057488d6a55c66021b693afc035de455e39,Cleaned fine-grained classification image. Class: Pustules. Blur score: 43.71.
tiswan_001373,tiswan,cleaned_v1,datasets/skin/acne/final/subtype_classification/train/pustular/tiswan_001373.jpg,train,pustular,usable,non_expert,subtype_classification,acne,1.0,0890154f51fb900baa2f84b82634bd30454b7808e87379abf0329234de9fd516,Cleaned fine-grained classification image. Class: Pustules. Blur score: 76.4.
tiswan_001374,tiswan,cleaned_v1,datasets/skin/acne/final/subtype_classification/train/pustular/tiswan_001374.jpg,train,pustular,usable,non_expert,subtype_classification,acne,1.0,1b4fe9102252b6e77d8ab24ed9c996f2138105b82b367142964f78fa84c21c85,Cleaned fine-grained classification image. Class: Pustules. Blur score: 104.04.
tiswan_001375,tiswan,cleaned_v1,datasets/skin/acne/final/subtype_classification/train/pustular/tiswan_001375.jpg,train,pustular,usable,non_expert,subtype_classification,acne,1.0,25892a2dde29bd94a982d2f630130e30ab453d9204c0db9b9db184c9e51f3107,Cleaned fine-grained classification image. Class: Pustules. Blur score: 80.22.
tiswan_001376,tiswan,cleaned_v1,datasets/skin/acne/final/subtype_classification/train/pustular/tiswan_001376.jpg,train,pustular,borderline,non_expert,subtype_classification,acne,1.0,483526b034e872f9685d106eb4f58ee3aaa52890879020877ebdcc588aa75d9d,Cleaned fine-grained classification image. Class: Pustules. Blur score: 37.36.
tiswan_001377,tiswan,cleaned_v1,datasets/skin/acne/final/subtype_classification/train/pustular/tiswan_001377.jpg,train,pustular,usable,non_expert,subtype_classification,acne,1.0,a879fac36141db888e294e19e546aad92d4392e701909d3b68aa7febf65e318e,Cleaned fine-grained classification image. Class: Pustules. Blur score: 66.36.
tiswan_001378,tiswan,cleaned_v1,datasets/skin/acne/final/subtype_classification/train/pustular/tiswan_001378.jpg,train,pustular,usable,non_expert,subtype_classification,acne,1.0,42f7ed649346a2e09f2e818269e6b974fe235fd9866882cf4ac8e9a568c4445e,Cleaned fine-grained classification image. Class: Pustules. Blur score: 61.13.
tiswan_001379,tiswan,cleaned_v1,datasets/skin/acne/final/subtype_classification/train/pustular/tiswan_001379.jpg,train,pustular,borderline,non_expert,subtype_classification,acne,1.0,59040d54e8f587498cdda7118b83e9557e6b365ed414a8990746dc19b863178a,Cleaned fine-grained classification image. Class: Pustules. Blur score: 32.56.
tiswan_001380,tiswan,cleaned_v1,datasets/skin/acne/final/subtype_classification/train/pustular/tiswan_001380.jpg,train,pustular,usable,non_expert,subtype_classification,acne,1.0,e7d42fb3cbe3053060b9e34f1583ac0cd623d79487786fa6796a52a3b8e5485b,Cleaned fine-grained classification image. Class: Pustules. Blur score: 111.59.
tiswan_001381,tiswan,cleaned_v1,datasets/skin/acne/final/subtype_classification/train/pustular/tiswan_001381.jpg,train,pustular,usable,non_expert,subtype_classification,acne,1.0,ffe99aeee7835ceb177e4d99e8dd93b65d415cb544b145d6bbefa0b03c5a23df,Cleaned fine-grained classification image. Class: Pustules. Blur score: 77.37.
tiswan_001382,tiswan,cleaned_v1,datasets/skin/acne/final/subtype_classification/train/pustular/tiswan_001382.jpg,train,pustular,usable,non_expert,subtype_classification,acne,1.0,556a830e6736aaae8bf0a69265cc5900aa5badbf68663f2d2f3bc185b2334507,Cleaned fine-grained classification image. Class: Pustules. Blur score: 106.69.
tiswan_001383,tiswan,cleaned_v1,datasets/skin/acne/final/subtype_classification/train/pustular/tiswan_001383.jpg,train,pustular,usable,non_expert,subtype_classification,acne,1.0,af2fa47646e273e4612c3b328ed2b5b8aefd0f9720763f0889448dba4f0b22e9,Cleaned fine-grained classification image. Class: Pustules. Blur score: 81.94.
tiswan_001384,tiswan,cleaned_v1,datasets/skin/acne/final/subtype_classification/train/pustular/tiswan_001384.jpg,train,pustular,usable,non_expert,subtype_classification,acne,1.0,f6ce690eaacb39cf3ea4ee6595d66e00e5767fb8a0b2c6c203f9bc15e300dbad,Cleaned fine-grained classification image. Class: Pustules. Blur score: 65.57.
tiswan_001385,tiswan,cleaned_v1,datasets/skin/acne/final/subtype_classification/train/pustular/tiswan_001385.jpg,train,pustular,borderline,non_expert,subtype_classification,acne,1.0,49d102476aa4a6c726301180adaaf8751bc71ca704788f4d4ee03b7f3420bca4,Cleaned fine-grained classification image. Class: Pustules. Blur score: 56.17.
tiswan_001386,tiswan,cleaned_v1,datasets/skin/acne/final/subtype_classification/train/pustular/tiswan_001386.jpg,train,pustular,borderline,non_expert,subtype_classification,acne,1.0,dd7fc4ed9c93aad5bff2d09db0cb5bc79d87b1ff2578a0e9ca7a6c1c700b596c,Cleaned fine-grained classification image. Class: Pustules. Blur score: 39.29.
tiswan_001387,tiswan,cleaned_v1,datasets/skin/acne/final/subtype_classification/train/pustular/tiswan_001387.jpg,train,pustular,borderline,non_expert,subtype_classification,acne,1.0,5b61e2c39dacc2f4ebf665d97eea79e42f240b91c7c1036e1cd88cea99848e77,Cleaned fine-grained classification image. Class: Pustules. Blur score: 34.97.
tiswan_001388,tiswan,cleaned_v1,datasets/skin/acne/final/subtype_classification/train/pustular/tiswan_001388.jpg,train,pustular,borderline,non_expert,subtype_classification,acne,1.0,c5dbe3bed0a9ceac6963024ddc8f41bb47465ead3d72897e7117d8c7295c6ba6,Cleaned fine-grained classification image. Class: Pustules. Blur score: 54.63.
tiswan_001389,tiswan,cleaned_v1,datasets/skin/acne/final/subtype_classification/train/pustular/tiswan_001389.jpg,train,pustular,usable,non_expert,subtype_classification,acne,1.0,44f995af972fed421602356216416424056900cd0425b311e5dd2ca524604c09,Cleaned fine-grained classification image. Class: Pustules. Blur score: 71.66.
tiswan_001390,tiswan,cleaned_v1,datasets/skin/acne/final/subtype_classification/train/pustular/tiswan_001390.jpg,train,pustular,borderline,non_expert,subtype_classification,acne,1.0,47ac92d3ce11a8081db1934f38ed812d24ae368e7ad1f74474904684b0843a8f,Cleaned fine-grained classification image. Class: Pustules. Blur score: 58.46.
tiswan_001391,tiswan,cleaned_v1,datasets/skin/acne/final/subtype_classification/train/pustular/tiswan_001391.jpg,train,pustular,usable,non_expert,subtype_classification,acne,1.0,a047569e6e47dd31b7c338300685e930347f90ffeace8f8e820ba7e0e5626b8f,Cleaned fine-grained classification image. Class: Pustules. Blur score: 60.58.
tiswan_001392,tiswan,cleaned_v1,datasets/skin/acne/final/subtype_classification/train/pustular/tiswan_001392.jpg,train,pustular,borderline,non_expert,subtype_classification,acne,1.0,f04bc58b25df56bb3e688b720d54479ca6e84c6ee1b8ccde64515ff3dd8ffaac,Cleaned fine-grained classification image. Class: Pustules. Blur score: 40.06.
tiswan_001393,tiswan,cleaned_v1,datasets/skin/acne/final/subtype_classification/train/pustular/tiswan_001393.jpg,train,pustular,usable,non_expert,subtype_classification,acne,1.0,91006b9413aebe345a2b395d36d0f06d5dbd6501f330477909c5dce113a203f9,Cleaned fine-grained classification image. Class: Pustules. Blur score: 60.21.
tiswan_001394,tiswan,cleaned_v1,datasets/skin/acne/final/subtype_classification/train/pustular/tiswan_001394.jpg,train,pustular,usable,non_expert,subtype_classification,acne,1.0,9eeab89a9f2c978f7bbd65e2510dd701bfa715eb09b68302f565c9791a8aba5b,Cleaned fine-grained classification image. Class: Pustules. Blur score: 63.02.
tiswan_001395,tiswan,cleaned_v1,datasets/skin/acne/final/subtype_classification/train/pustular/tiswan_001395.jpg,train,pustular,usable,non_expert,subtype_classification,acne,1.0,c5f1ba7ed0b8dedb887fc098b81d03bc67efc77d21087825d98ad0c4adab045d,Cleaned fine-grained classification image. Class: Pustules. Blur score: 65.16.
tiswan_001396,tiswan,cleaned_v1,datasets/skin/acne/final/subtype_classification/train/pustular/tiswan_001396.jpg,train,pustular,borderline,non_expert,subtype_classification,acne,1.0,98ad95a57a48ff8037cad6cbecb5f208cf207dff147e78732d25dfd4076cd0b7,Cleaned fine-grained classification image. Class: Pustules. Blur score: 43.32.
tiswan_001397,tiswan,cleaned_v1,datasets/skin/acne/final/subtype_classification/train/pustular/tiswan_001397.jpg,train,pustular,borderline,non_expert,subtype_classification,acne,1.0,fd4c7c22b63cb94750f7060903462f53050dfc1b3c5b0d972c87d4b10703f524,Cleaned fine-grained classification image. Class: Pustules. Blur score: 45.14.
tiswan_001398,tiswan,cleaned_v1,datasets/skin/acne/final/subtype_classification/train/pustular/tiswan_001398.jpg,train,pustular,usable,non_expert,subtype_classification,acne,1.0,b76c9e6adb49d23234adbc9cf1ea629a5acdc10243045e285fffede0b4f35ecd,Cleaned fine-grained classification image. Class: Pustules. Blur score: 78.25.
tiswan_001399,tiswan,cleaned_v1,datasets/skin/acne/final/subtype_classification/train/pustular/tiswan_001399.jpg,train,pustular,borderline,non_expert,subtype_classification,acne,1.0,774fcf72decf90e5e3ab62d93435dc4f16a53bb23c10edab2507701e9211c0a4,Cleaned fine-grained classification image. Class: Pustules. Blur score: 41.41.
tiswan_001400,tiswan,cleaned_v1,datasets/skin/acne/final/subtype_classification/train/pustular/tiswan_001400.jpg,train,pustular,borderline,non_expert,subtype_classification,acne,1.0,37ba2227470d19b76b4ce51fb901836b5bdb7282d1b569537defa3e9e83fad53,Cleaned fine-grained classification image. Class: Pustules. Blur score: 46.21.
tiswan_001401,tiswan,cleaned_v1,datasets/skin/acne/final/subtype_classification/train/pustular/tiswan_001401.jpg,train,pustular,borderline,non_expert,subtype_classification,acne,1.0,ceacb4dd0b06918411786d3d8038f73e66b03d4e942094b685bdc00453eb5c86,Cleaned fine-grained classification image. Class: Pustules. Blur score: 45.87.
tiswan_001402,tiswan,cleaned_v1,datasets/skin/acne/final/subtype_classification/train/pustular/tiswan_001402.jpg,train,pustular,borderline,non_expert,subtype_classification,acne,1.0,1a02093fca3e66d5fc325200fac3577ee06ee176725aecd180f4e096d7cb3311,Cleaned fine-grained classification image. Class: Pustules. Blur score: 53.13.
tiswan_001403,tiswan,cleaned_v1,datasets/skin/acne/final/subtype_classification/train/pustular/tiswan_001403.jpg,train,pustular,usable,non_expert,subtype_classification,acne,1.0,44a8781cc3f746b1db56b704df4ddbbf4909fd72ce4b8a8a14e6b6e467a93cce,Cleaned fine-grained classification image. Class: Pustules. Blur score: 90.79.
tiswan_001404,tiswan,cleaned_v1,datasets/skin/acne/final/subtype_classification/train/pustular/tiswan_001404.jpg,train,pustular,borderline,non_expert,subtype_classification,acne,1.0,f35cdcd3da533ee2e6b9fe174948859bbaca246969d9ff34dfc0f14cc4dd377a,Cleaned fine-grained classification image. Class: Pustules. Blur score: 46.11.
tiswan_001405,tiswan,cleaned_v1,datasets/skin/acne/final/subtype_classification/train/pustular/tiswan_001405.jpg,train,pustular,usable,non_expert,subtype_classification,acne,1.0,789873f834cba6ddf7a1062de3914587376bd93c7637c84afb4b9d5ed4cc2d5a,Cleaned fine-grained classification image. Class: Pustules. Blur score: 73.28.
tiswan_001406,tiswan,cleaned_v1,datasets/skin/acne/final/subtype_classification/train/pustular/tiswan_001406.jpg,train,pustular,borderline,non_expert,subtype_classification,acne,1.0,d19c212bad8645f3aed552931515a2dbca5dfa8e992cf6348e7589f6b0c04374,Cleaned fine-grained classification image. Class: Pustules. Blur score: 37.24.
tiswan_001407,tiswan,cleaned_v1,datasets/skin/acne/final/subtype_classification/train/pustular/tiswan_001407.jpg,train,pustular,usable,non_expert,subtype_classification,acne,1.0,931079b3139f51213a09e96da9120b5886f916e8719a306a4945b6bfd43ff938,Cleaned fine-grained classification image. Class: Pustules. Blur score: 95.88.
tiswan_001408,tiswan,cleaned_v1,datasets/skin/acne/final/subtype_classification/train/pustular/tiswan_001408.jpg,train,pustular,usable,non_expert,subtype_classification,acne,1.0,90a79a047ea8c02efe8e3f46dae3547f8e66e219b12af3c53b392c8d2f26cbdf,Cleaned fine-grained classification image. Class: Pustules. Blur score: 88.62.
tiswan_001409,tiswan,cleaned_v1,datasets/skin/acne/final/subtype_classification/train/pustular/tiswan_001409.jpg,train,pustular,borderline,non_expert,subtype_classification,acne,1.0,5a27db0d8e16bebf054e8d0a0f9fde49861ea50c243bb2766c446d4e287c4d30,Cleaned fine-grained classification image. Class: Pustules. Blur score: 58.08.
tiswan_001410,tiswan,cleaned_v1,datasets/skin/acne/final/subtype_classification/train/pustular/tiswan_001410.jpg,train,pustular,borderline,non_expert,subtype_classification,acne,1.0,aacdabb0dd62d0d22c7ab611644773a00c6679b04eec9ed35c4a0dd5c117ada7,Cleaned fine-grained classification image. Class: Pustules. Blur score: 46.66.
tiswan_001411,tiswan,cleaned_v1,datasets/skin/acne/final/subtype_classification/train/pustular/tiswan_001411.jpg,train,pustular,usable,non_expert,subtype_classification,acne,1.0,0e21eafb0dc88d0db3f5ddfe37e4f7bb7338dd394b2145ebd8e05b9d37f36b0f,Cleaned fine-grained classification image. Class: Pustules. Blur score: 71.98.
tiswan_001412,tiswan,cleaned_v1,datasets/skin/acne/final/subtype_classification/train/pustular/tiswan_001412.jpg,train,pustular,usable,non_expert,subtype_classification,acne,1.0,e4ec61aac74ef1c63a15ebe251790a8f745994a33526262bc3c967065cf21544,Cleaned fine-grained classification image. Class: Pustules. Blur score: 72.3.
tiswan_001413,tiswan,cleaned_v1,datasets/skin/acne/final/subtype_classification/train/pustular/tiswan_001413.jpg,train,pustular,usable,non_expert,subtype_classification,acne,1.0,06728aa34faaca2facffc3cc9106f5bbeb90a675b0a8619c2ee1c8495cc06d77,Cleaned fine-grained classification image. Class: Pustules. Blur score: 78.2.
tiswan_001414,tiswan,cleaned_v1,datasets/skin/acne/final/subtype_classification/train/pustular/tiswan_001414.jpg,train,pustular,borderline,non_expert,subtype_classification,acne,1.0,9a274f3ccb6d0d0057bab0b53a5adc0077b46f9245d6b724b780fcee3d27b73a,Cleaned fine-grained classification image. Class: Pustules. Blur score: 55.44.
tiswan_001415,tiswan,cleaned_v1,datasets/skin/acne/final/subtype_classification/train/pustular/tiswan_001415.jpg,train,pustular,borderline,non_expert,subtype_classification,acne,1.0,17db2e3baed9fcce9c06faa106a421de9126db7e26604d8b0f47188f84bed82c,Cleaned fine-grained classification image. Class: Pustules. Blur score: 35.59.
tiswan_001416,tiswan,cleaned_v1,datasets/skin/acne/final/subtype_classification/train/pustular/tiswan_001416.jpg,train,pustular,usable,non_expert,subtype_classification,acne,1.0,427fa62dccccdcba6b81d5a54461e5b7fd376244449c3c53aaf9847f9b847ecd,Cleaned fine-grained classification image. Class: Pustules. Blur score: 96.77.
tiswan_001417,tiswan,cleaned_v1,datasets/skin/acne/final/subtype_classification/train/pustular/tiswan_001417.jpg,train,pustular,usable,non_expert,subtype_classification,acne,1.0,bfd970b410be0ab7b25da46fde88ab4e73e091318105066500b0fe86bf94eff3,Cleaned fine-grained classification image. Class: Pustules. Blur score: 72.81.
tiswan_001418,tiswan,cleaned_v1,datasets/skin/acne/final/subtype_classification/train/pustular/tiswan_001418.jpg,train,pustular,usable,non_expert,subtype_classification,acne,1.0,7b8e9677b2f0712c7bb34d3846ae78caf9c35855432e100ba4850645555aea90,Cleaned fine-grained classification image. Class: Pustules. Blur score: 85.73.
tiswan_001419,tiswan,cleaned_v1,datasets/skin/acne/final/subtype_classification/train/pustular/tiswan_001419.jpg,train,pustular,borderline,non_expert,subtype_classification,acne,1.0,076bd088e5e9c46acca2f07fdf03bd38d8e700f960c882266f0ac8b005f7b2fb,Cleaned fine-grained classification image. Class: Pustules. Blur score: 57.7.
tiswan_001420,tiswan,cleaned_v1,datasets/skin/acne/final/subtype_classification/train/pustular/tiswan_001420.jpg,train,pustular,borderline,non_expert,subtype_classification,acne,1.0,3b41924b5959315fe86444fbe9811b77c15f14c5649e34a103cdc30e2ebe34a3,Cleaned fine-grained classification image. Class: Pustules. Blur score: 59.57.
tiswan_001421,tiswan,cleaned_v1,datasets/skin/acne/final/subtype_classification/train/pustular/tiswan_001421.jpg,train,pustular,usable,non_expert,subtype_classification,acne,1.0,db12b692f57c7f9f525ccfc1b8e3e0a1dafa3d5d62dfba111199f5fdd0bc572a,Cleaned fine-grained classification image. Class: Pustules. Blur score: 80.48.
tiswan_001422,tiswan,cleaned_v1,datasets/skin/acne/final/subtype_classification/train/pustular/tiswan_001422.jpg,train,pustular,borderline,non_expert,subtype_classification,acne,1.0,f972b5349746c9efc203d01a7f2a1bcf34ac204abd9f83b806287cdb68adb97a,Cleaned fine-grained classification image. Class: Pustules. Blur score: 49.9.
tiswan_001423,tiswan,cleaned_v1,datasets/skin/acne/final/subtype_classification/train/pustular/tiswan_001423.jpg,train,pustular,usable,non_expert,subtype_classification,acne,1.0,b44fcf359e8de094da2103415e6c199f733846bdbe5f19644d942247332daa50,Cleaned fine-grained classification image. Class: Pustules. Blur score: 90.28.
tiswan_001424,tiswan,cleaned_v1,datasets/skin/acne/final/subtype_classification/train/pustular/tiswan_001424.jpg,train,pustular,usable,non_expert,subtype_classification,acne,1.0,1d3b31cc1d4e331a4bf06fd0fcde3aa3c8b7d37c01e9f193ebbb2bcda7be32c1,Cleaned fine-grained classification image. Class: Pustules. Blur score: 88.38.
tiswan_001425,tiswan,cleaned_v1,datasets/skin/acne/final/subtype_classification/train/pustular/tiswan_001425.jpg,train,pustular,usable,non_expert,subtype_classification,acne,1.0,90cb3302516f69e3fc7a7d7eb77a33f2096e8a764ea1b5324e787c977fa9dbbe,Cleaned fine-grained classification image. Class: Pustules. Blur score: 89.32.
tiswan_001426,tiswan,cleaned_v1,datasets/skin/acne/final/subtype_classification/train/pustular/tiswan_001426.jpg,train,pustular,sharp,non_expert,subtype_classification,acne,1.0,4d7c8249ce14085b5cf4c57f2dd3c6e86e6871be9be636f0662588fcf9db903f,Cleaned fine-grained classification image. Class: Pustules. Blur score: 307.76.
tiswan_001427,tiswan,cleaned_v1,datasets/skin/acne/final/subtype_classification/train/pustular/tiswan_001427.jpg,train,pustular,usable,non_expert,subtype_classification,acne,1.0,91f5aa96167a578276633e33474575fa2841938e19672993c24d1e4247ae18c8,Cleaned fine-grained classification image. Class: Pustules. Blur score: 107.02.
tiswan_001428,tiswan,cleaned_v1,datasets/skin/acne/final/subtype_classification/train/pustular/tiswan_001428.jpg,train,pustular,borderline,non_expert,subtype_classification,acne,1.0,fdd92e61f37b6fbd1c8adb969057eadec49874fcc18c51dd3717a26885301437,Cleaned fine-grained classification image. Class: Pustules. Blur score: 39.99.
tiswan_001429,tiswan,cleaned_v1,datasets/skin/acne/final/subtype_classification/train/pustular/tiswan_001429.jpg,train,pustular,usable,non_expert,subtype_classification,acne,1.0,b25f300631181bbbf050fab1e976ebbd394907ea9d085b67693f27381b386418,Cleaned fine-grained classification image. Class: Pustules. Blur score: 69.76.
tiswan_001430,tiswan,cleaned_v1,datasets/skin/acne/final/subtype_classification/train/pustular/tiswan_001430.jpg,train,pustular,borderline,non_expert,subtype_classification,acne,1.0,dbf9ab787bf27df4070439d970c399d03e012e4c3ce0653aebf46957f1caf80d,Cleaned fine-grained classification image. Class: Pustules. Blur score: 47.58.
tiswan_001431,tiswan,cleaned_v1,datasets/skin/acne/final/subtype_classification/train/pustular/tiswan_001431.jpg,train,pustular,usable,non_expert,subtype_classification,acne,1.0,75e9d6afcfe200ba7ff267d938ecfed58691395609d1f5f5fe317cf810d2c536,Cleaned fine-grained classification image. Class: Pustules. Blur score: 80.37.
tiswan_001432,tiswan,cleaned_v1,datasets/skin/acne/final/subtype_classification/train/pustular/tiswan_001432.jpg,train,pustular,borderline,non_expert,subtype_classification,acne,1.0,1709b1e7b3d04b72e93976ff66086ed5435ff0a2949d58a4c720163f59b15749,Cleaned fine-grained classification image. Class: Pustules. Blur score: 53.85.
tiswan_001433,tiswan,cleaned_v1,datasets/skin/acne/final/subtype_classification/train/pustular/tiswan_001433.jpg,train,pustular,usable,non_expert,subtype_classification,acne,1.0,8f7c7bea66cbb3cb7a3febc4bebd13df1bc34dddf07c4dc49c8935dc619dbbc7,Cleaned fine-grained classification image. Class: Pustules. Blur score: 94.61.
tiswan_001434,tiswan,cleaned_v1,datasets/skin/acne/final/subtype_classification/train/pustular/tiswan_001434.jpg,train,pustular,usable,non_expert,subtype_classification,acne,1.0,f2a8f28dac8c74f0f5652ac5a34a9283e733b49e301a6d5b87289509ce679297,Cleaned fine-grained classification image. Class: Pustules. Blur score: 61.89.
tiswan_001435,tiswan,cleaned_v1,datasets/skin/acne/final/subtype_classification/train/pustular/tiswan_001435.jpg,train,pustular,usable,non_expert,subtype_classification,acne,1.0,302d501b6cef164bc77b01b4fcdb94bc866532a4f0006b1e01b5a2e375de5876,Cleaned fine-grained classification image. Class: Pustules. Blur score: 71.26.
tiswan_001436,tiswan,cleaned_v1,datasets/skin/acne/final/subtype_classification/train/pustular/tiswan_001436.jpg,train,pustular,usable,non_expert,subtype_classification,acne,1.0,1620014b92174ef9bc8b2f387ea0d053e484b774990bbcf7490eff48436e707a,Cleaned fine-grained classification image. Class: Pustules. Blur score: 72.96.
tiswan_001437,tiswan,cleaned_v1,datasets/skin/acne/final/subtype_classification/train/pustular/tiswan_001437.jpg,train,pustular,usable,non_expert,subtype_classification,acne,1.0,6a3675f04e3d8ae8f1b6c0cd6069932f7976abe3f4b01656f008ec7a7a7931ad,Cleaned fine-grained classification image. Class: Pustules. Blur score: 76.53.
tiswan_001438,tiswan,cleaned_v1,datasets/skin/acne/final/subtype_classification/train/pustular/tiswan_001438.jpg,train,pustular,usable,non_expert,subtype_classification,acne,1.0,47dadb94d3578212636d2dd7fc54744653a29cd2345ba6dd25f762046617d840,Cleaned fine-grained classification image. Class: Pustules. Blur score: 64.45.
tiswan_001439,tiswan,cleaned_v1,datasets/skin/acne/final/subtype_classification/train/pustular/tiswan_001439.jpg,train,pustular,usable,non_expert,subtype_classification,acne,1.0,68b4c0af54c3262dde7a0edcbd98d2ce47a7f3cd3ac2c9114b05f128d26efdeb,Cleaned fine-grained classification image. Class: Pustules. Blur score: 100.5.
tiswan_001440,tiswan,cleaned_v1,datasets/skin/acne/final/subtype_classification/train/pustular/tiswan_001440.jpg,train,pustular,usable,non_expert,subtype_classification,acne,1.0,6b41ce42723a2d61318a07789589067792737ef78701e33f5ec29583d76fa064,Cleaned fine-grained classification image. Class: Pustules. Blur score: 139.15.
tiswan_001441,tiswan,cleaned_v1,datasets/skin/acne/final/subtype_classification/train/pustular/tiswan_001441.jpg,train,pustular,usable,non_expert,subtype_classification,acne,1.0,e45dbb78516ae2fd5d3b6ecb15ef23771d13ccc5ce829856aea74a7182b8d8bc,Cleaned fine-grained classification image. Class: Pustules. Blur score: 65.65.
tiswan_001442,tiswan,cleaned_v1,datasets/skin/acne/final/subtype_classification/train/pustular/tiswan_001442.jpg,train,pustular,borderline,non_expert,subtype_classification,acne,1.0,5bf371330322b8aa5cb51a1f9a9192c47b7bf3e5d7ca1e1ef85e542e6f409f67,Cleaned fine-grained classification image. Class: Pustules. Blur score: 34.41.
tiswan_001443,tiswan,cleaned_v1,datasets/skin/acne/final/subtype_classification/train/pustular/tiswan_001443.jpg,train,pustular,usable,non_expert,subtype_classification,acne,1.0,272a5326492d16ad5889aa5129ecd672b7234728a7395ed1bd3184bf3284ec65,Cleaned fine-grained classification image. Class: Pustules. Blur score: 65.21.
tiswan_001444,tiswan,cleaned_v1,datasets/skin/acne/final/subtype_classification/train/pustular/tiswan_001444.jpg,train,pustular,usable,non_expert,subtype_classification,acne,1.0,6400b3bcd558a51b29ab7c0fe764cfde9b0299c4c2ede0906e5cf65b5be0d3bf,Cleaned fine-grained classification image. Class: Pustules. Blur score: 72.41.
tiswan_001445,tiswan,cleaned_v1,datasets/skin/acne/final/subtype_classification/train/pustular/tiswan_001445.jpg,train,pustular,borderline,non_expert,subtype_classification,acne,1.0,87b7bd1cb13430117046c3bc15b15fc11c95bd1ad7d4baf09f31f7480a210216,Cleaned fine-grained classification image. Class: Pustules. Blur score: 56.87.
tiswan_001446,tiswan,cleaned_v1,datasets/skin/acne/final/subtype_classification/train/pustular/tiswan_001446.jpg,train,pustular,usable,non_expert,subtype_classification,acne,1.0,c5f5a4ccc88cc30f0527a208a6f7012bac1184cbee43614618b7a1f5a1794097,Cleaned fine-grained classification image. Class: Pustules. Blur score: 91.87.
tiswan_001447,tiswan,cleaned_v1,datasets/skin/acne/final/subtype_classification/train/pustular/tiswan_001447.jpg,train,pustular,borderline,non_expert,subtype_classification,acne,1.0,6440c3aed099f8884013286426f26a999d512621171c1cd1e4e70659a2f36b5c,Cleaned fine-grained classification image. Class: Pustules. Blur score: 54.92.
tiswan_001448,tiswan,cleaned_v1,datasets/skin/acne/final/subtype_classification/train/pustular/tiswan_001448.jpg,train,pustular,usable,non_expert,subtype_classification,acne,1.0,6738a18e194f1194cd2f7011d9d5756f247468de58736dbfc595dfd6aa61ed6c,Cleaned fine-grained classification image. Class: Pustules. Blur score: 72.72.
tiswan_001449,tiswan,cleaned_v1,datasets/skin/acne/final/subtype_classification/train/pustular/tiswan_001449.jpg,train,pustular,usable,non_expert,subtype_classification,acne,1.0,78f35c0c0f4a02c265fe08378e3b44140f5b79c2b727411ec96eaec52b7e69c4,Cleaned fine-grained classification image. Class: Pustules. Blur score: 109.93.
tiswan_001450,tiswan,cleaned_v1,datasets/skin/acne/final/subtype_classification/train/pustular/tiswan_001450.jpg,train,pustular,usable,non_expert,subtype_classification,acne,1.0,fc496c24228fb36db091ac9eec3029d5ab3b83f3fa418a4599d09e75e533d60c,Cleaned fine-grained classification image. Class: Pustules. Blur score: 103.79.
tiswan_001451,tiswan,cleaned_v1,datasets/skin/acne/final/subtype_classification/train/pustular/tiswan_001451.jpg,train,pustular,usable,non_expert,subtype_classification,acne,1.0,75533ca64c5608ed7ce9beaafc2daf5642936b979e274ee4abe9a37dbcde5d2c,Cleaned fine-grained classification image. Class: Pustules. Blur score: 94.7.
tiswan_001452,tiswan,cleaned_v1,datasets/skin/acne/final/subtype_classification/train/pustular/tiswan_001452.jpg,train,pustular,borderline,non_expert,subtype_classification,acne,1.0,b304494365e28a38dd3d81bac89a19d0ec94c2ace2a968c72cc27f6a12ae8a54,Cleaned fine-grained classification image. Class: Pustules. Blur score: 49.59.
tiswan_001453,tiswan,cleaned_v1,datasets/skin/acne/final/subtype_classification/train/pustular/tiswan_001453.jpg,train,pustular,usable,non_expert,subtype_classification,acne,1.0,8064682c97e2c1200e1951ac2a37b96f100e1d762643b6b1ebbdcaafbfd48291,Cleaned fine-grained classification image. Class: Pustules. Blur score: 72.06.
tiswan_001454,tiswan,cleaned_v1,datasets/skin/acne/final/subtype_classification/train/pustular/tiswan_001454.jpg,train,pustular,usable,non_expert,subtype_classification,acne,1.0,d78e5eff6df2dca0e86c8f4395a2e62374cc1c7ec6ea824fa94ce64045c41678,Cleaned fine-grained classification image. Class: Pustules. Blur score: 84.39.
tiswan_001455,tiswan,cleaned_v1,datasets/skin/acne/final/subtype_classification/train/pustular/tiswan_001455.jpg,train,pustular,borderline,non_expert,subtype_classification,acne,1.0,841b1ec38399242a24cafe6ad3d5aecbf72c23cc98d363d904954e705e178aec,Cleaned fine-grained classification image. Class: Pustules. Blur score: 48.5.
tiswan_001456,tiswan,cleaned_v1,datasets/skin/acne/final/subtype_classification/train/pustular/tiswan_001456.jpg,train,pustular,usable,non_expert,subtype_classification,acne,1.0,94fce1f462f9327a11bfc8f819604db08995359385679311871a0297aebce9e1,Cleaned fine-grained classification image. Class: Pustules. Blur score: 116.49.
tiswan_001457,tiswan,cleaned_v1,datasets/skin/acne/final/subtype_classification/train/pustular/tiswan_001457.jpg,train,pustular,usable,non_expert,subtype_classification,acne,1.0,9af35d5259608dbef2ecdd6f765262f338085a083581f20f1f58ffc637c257e6,Cleaned fine-grained classification image. Class: Pustules. Blur score: 120.38.
tiswan_001458,tiswan,cleaned_v1,datasets/skin/acne/final/subtype_classification/train/pustular/tiswan_001458.jpg,train,pustular,borderline,non_expert,subtype_classification,acne,1.0,f57865d75b66b60b686966b38fa8f68a5929598e6ba9444041853cf4dcd03112,Cleaned fine-grained classification image. Class: Pustules. Blur score: 45.4.
tiswan_001459,tiswan,cleaned_v1,datasets/skin/acne/final/subtype_classification/train/pustular/tiswan_001459.jpg,train,pustular,usable,non_expert,subtype_classification,acne,1.0,b8e5395896f7436da1f3b794a084b30ee2814da5968b1670b59b9b635275ed2f,Cleaned fine-grained classification image. Class: Pustules. Blur score: 62.22.
tiswan_001460,tiswan,cleaned_v1,datasets/skin/acne/final/subtype_classification/train/pustular/tiswan_001460.jpg,train,pustular,borderline,non_expert,subtype_classification,acne,1.0,3481ac42db49d757ffc5151661c7c538d16b817f4aac0f0baec1edd9745fab77,Cleaned fine-grained classification image. Class: Pustules. Blur score: 39.93.
tiswan_001461,tiswan,cleaned_v1,datasets/skin/acne/final/subtype_classification/train/pustular/tiswan_001461.jpg,train,pustular,usable,non_expert,subtype_classification,acne,1.0,b91d3b5dd87289e432484906a697aa8afef6524ee410a1ffc146cb2e419aa2dc,Cleaned fine-grained classification image. Class: Pustules. Blur score: 96.54.
tiswan_001462,tiswan,cleaned_v1,datasets/skin/acne/final/subtype_classification/train/pustular/tiswan_001462.jpg,train,pustular,usable,non_expert,subtype_classification,acne,1.0,e3953e530ddb34e96653222aaafef140b6600261319ffefdcb0793458d9403a6,Cleaned fine-grained classification image. Class: Pustules. Blur score: 64.43.
tiswan_001463,tiswan,cleaned_v1,datasets/skin/acne/final/subtype_classification/train/pustular/tiswan_001463.jpg,train,pustular,usable,non_expert,subtype_classification,acne,1.0,b1e1b99f795e667f3a29c76cfa062cc162145eb410ca7fe51f2dcaec6e5821ab,Cleaned fine-grained classification image. Class: Pustules. Blur score: 83.05.
tiswan_001464,tiswan,cleaned_v1,datasets/skin/acne/final/subtype_classification/train/pustular/tiswan_001464.jpg,train,pustular,borderline,non_expert,subtype_classification,acne,1.0,6de6089dcea3de5dc7715b3882db9899d88887cacfc81c890fb13a43e23c8086,Cleaned fine-grained classification image. Class: Pustules. Blur score: 56.76.
tiswan_001465,tiswan,cleaned_v1,datasets/skin/acne/final/subtype_classification/train/pustular/tiswan_001465.jpg,train,pustular,usable,non_expert,subtype_classification,acne,1.0,33d9b1891ec1abbe8b562865822e416e73491ca848171f67c650faa8f2191aba,Cleaned fine-grained classification image. Class: Pustules. Blur score: 136.24.
tiswan_001466,tiswan,cleaned_v1,datasets/skin/acne/final/subtype_classification/train/pustular/tiswan_001466.jpg,train,pustular,usable,non_expert,subtype_classification,acne,1.0,43f9692585d4ead804b9c7963f1c40bd75bd195779b53813271663022b0525ea,Cleaned fine-grained classification image. Class: Pustules. Blur score: 88.93.
tiswan_001467,tiswan,cleaned_v1,datasets/skin/acne/final/subtype_classification/train/pustular/tiswan_001467.jpg,train,pustular,usable,non_expert,subtype_classification,acne,1.0,0eba054dfc129f9c358628a173016eb8d1d667afe959b59f654d77d6ff96a5fc,Cleaned fine-grained classification image. Class: Pustules. Blur score: 89.07.
tiswan_001468,tiswan,cleaned_v1,datasets/skin/acne/final/subtype_classification/train/pustular/tiswan_001468.jpg,train,pustular,borderline,non_expert,subtype_classification,acne,1.0,6aaa722896d07bba40a38af3ee3c8ff37d7630634d8516994dd08c5cfa3cddac,Cleaned fine-grained classification image. Class: Pustules. Blur score: 41.23.
tiswan_001469,tiswan,cleaned_v1,datasets/skin/acne/final/subtype_classification/train/pustular/tiswan_001469.jpg,train,pustular,usable,non_expert,subtype_classification,acne,1.0,bfe239560afcc1e764594ff0df4b6ed976ef5cd5887e33fb69e6a6afecbd0dfc,Cleaned fine-grained classification image. Class: Pustules. Blur score: 82.1.
tiswan_001470,tiswan,cleaned_v1,datasets/skin/acne/final/subtype_classification/train/pustular/tiswan_001470.jpg,train,pustular,usable,non_expert,subtype_classification,acne,1.0,907e26c01102ab0b392907d25576dcef3a9a87315f4df1c68aaf2f2ac8d69f64,Cleaned fine-grained classification image. Class: Pustules. Blur score: 85.96.
tiswan_001471,tiswan,cleaned_v1,datasets/skin/acne/final/subtype_classification/train/pustular/tiswan_001471.jpg,train,pustular,usable,non_expert,subtype_classification,acne,1.0,241a56820190764b1b00a9b67ced2521c2862b3876dd1b80f7975e12fe7629de,Cleaned fine-grained classification image. Class: Pustules. Blur score: 141.6.
tiswan_001472,tiswan,cleaned_v1,datasets/skin/acne/final/subtype_classification/train/pustular/tiswan_001472.jpg,train,pustular,usable,non_expert,subtype_classification,acne,1.0,bd5a5a2d38c22a42833ebcf09ae9df507a426f05c4a6925b8cccaac1e9324473,Cleaned fine-grained classification image. Class: Pustules. Blur score: 69.14.
tiswan_001473,tiswan,cleaned_v1,datasets/skin/acne/final/subtype_classification/train/pustular/tiswan_001473.jpg,train,pustular,usable,non_expert,subtype_classification,acne,1.0,99849aceeffc06eecd2fc1a4dd76da795e6df7868a898893f10eebdedcaead0d,Cleaned fine-grained classification image. Class: Pustules. Blur score: 123.67.
tiswan_001474,tiswan,cleaned_v1,datasets/skin/acne/final/subtype_classification/train/pustular/tiswan_001474.jpg,train,pustular,usable,non_expert,subtype_classification,acne,1.0,7ef3cdd32530af4d60ca11186ca369ab892bb913577304de7e2b4ed7ba0a0c87,Cleaned fine-grained classification image. Class: Pustules. Blur score: 115.81.
tiswan_001475,tiswan,cleaned_v1,datasets/skin/acne/final/subtype_classification/train/pustular/tiswan_001475.jpg,train,pustular,borderline,non_expert,subtype_classification,acne,1.0,8bbc588b28106e1892f3b0453d2ba45b44f3b7522cacda582b86b6700537eca2,Cleaned fine-grained classification image. Class: Pustules. Blur score: 31.76.
tiswan_001476,tiswan,cleaned_v1,datasets/skin/acne/final/subtype_classification/train/pustular/tiswan_001476.jpg,train,pustular,usable,non_expert,subtype_classification,acne,1.0,127b489a61a4698e7d8808e58acf62c91296f89cbf971a6451e9784102b4514d,Cleaned fine-grained classification image. Class: Pustules. Blur score: 89.5.
tiswan_001477,tiswan,cleaned_v1,datasets/skin/acne/final/subtype_classification/train/pustular/tiswan_001477.jpg,train,pustular,borderline,non_expert,subtype_classification,acne,1.0,5a942f7e300b2d21564738057d44ee51e7086482023f50bd762970f2a4890a9f,Cleaned fine-grained classification image. Class: Pustules. Blur score: 39.04.
tiswan_001478,tiswan,cleaned_v1,datasets/skin/acne/final/subtype_classification/train/pustular/tiswan_001478.jpg,train,pustular,usable,non_expert,subtype_classification,acne,1.0,23376b716939d8c08225cc832777a64e7b88e85b4a7978cbb71ddc5a4678a002,Cleaned fine-grained classification image. Class: Pustules. Blur score: 75.15.
tiswan_001479,tiswan,cleaned_v1,datasets/skin/acne/final/subtype_classification/train/pustular/tiswan_001479.jpg,train,pustular,borderline,non_expert,subtype_classification,acne,1.0,96e0726ec34230c262d2461cd4da8ba31cd7e3079e921f42a115e2feda388594,Cleaned fine-grained classification image. Class: Pustules. Blur score: 58.0.
tiswan_001480,tiswan,cleaned_v1,datasets/skin/acne/final/subtype_classification/train/pustular/tiswan_001480.jpg,train,pustular,usable,non_expert,subtype_classification,acne,1.0,939f7c889f2d522c9f5edb71124dd6d1d9c41d4f0dd3a9c03d0aacb86dca5405,Cleaned fine-grained classification image. Class: Pustules. Blur score: 96.83.
tiswan_001481,tiswan,cleaned_v1,datasets/skin/acne/final/subtype_classification/train/pustular/tiswan_001481.jpg,train,pustular,borderline,non_expert,subtype_classification,acne,1.0,45f9f63e78d6e5509c8fd59d35eb345aa92cc70aa143e561d83c172fe63d2bd9,Cleaned fine-grained classification image. Class: Pustules. Blur score: 45.72.
tiswan_001482,tiswan,cleaned_v1,datasets/skin/acne/final/subtype_classification/train/pustular/tiswan_001482.jpg,train,pustular,usable,non_expert,subtype_classification,acne,1.0,8ee937adcc20b862d741eced3e4ea38febdad6e72da736f1b5a11d74976ea227,Cleaned fine-grained classification image. Class: Pustules. Blur score: 116.09.
tiswan_001483,tiswan,cleaned_v1,datasets/skin/acne/final/subtype_classification/train/pustular/tiswan_001483.jpg,train,pustular,usable,non_expert,subtype_classification,acne,1.0,a59ce37a2623e244b1d7eb688ba3ab0195d0f3c25d37236b202e2aec9645ade4,Cleaned fine-grained classification image. Class: Pustules. Blur score: 101.82.
tiswan_001484,tiswan,cleaned_v1,datasets/skin/acne/final/subtype_classification/train/pustular/tiswan_001484.jpg,train,pustular,usable,non_expert,subtype_classification,acne,1.0,5736313f4ccb8ec9a558683090207c6fe9614eae9ee77f6702ebe446c9d364fa,Cleaned fine-grained classification image. Class: Pustules. Blur score: 92.04.
tiswan_001485,tiswan,cleaned_v1,datasets/skin/acne/final/subtype_classification/train/pustular/tiswan_001485.jpg,train,pustular,sharp,non_expert,subtype_classification,acne,1.0,7ce8dd4f5c4f94dd5afae368a059a67a0fa9084f3d9f50fba4b23ac4fcd6d2b8,Cleaned fine-grained classification image. Class: Pustules. Blur score: 209.57.
tiswan_001486,tiswan,cleaned_v1,datasets/skin/acne/final/subtype_classification/train/pustular/tiswan_001486.jpg,train,pustular,usable,non_expert,subtype_classification,acne,1.0,5ef103b5b12c843143494f8c2d3569a11388fe4bf7e5fab34b20e6e33975e73a,Cleaned fine-grained classification image. Class: Pustules. Blur score: 84.31.
tiswan_001487,tiswan,cleaned_v1,datasets/skin/acne/final/subtype_classification/train/pustular/tiswan_001487.jpg,train,pustular,usable,non_expert,subtype_classification,acne,1.0,c859c15f668269ca64c5228a360aaef90d2a85e7bc74572e95f1bac4c1242dd0,Cleaned fine-grained classification image. Class: Pustules. Blur score: 64.85.
tiswan_001488,tiswan,cleaned_v1,datasets/skin/acne/final/subtype_classification/train/pustular/tiswan_001488.jpg,train,pustular,usable,non_expert,subtype_classification,acne,1.0,733a94387c6d61023cce687e69544557b6d5284e0edf0cd1d500501113ddd7a0,Cleaned fine-grained classification image. Class: Pustules. Blur score: 89.26.
tiswan_001489,tiswan,cleaned_v1,datasets/skin/acne/final/subtype_classification/train/pustular/tiswan_001489.jpg,train,pustular,usable,non_expert,subtype_classification,acne,1.0,767fa216fba3173cbc70296f4f4ebf41a8776f3798b81c215be9f6e735866f0e,Cleaned fine-grained classification image. Class: Pustules. Blur score: 106.09.
tiswan_001490,tiswan,cleaned_v1,datasets/skin/acne/final/subtype_classification/train/pustular/tiswan_001490.jpg,train,pustular,usable,non_expert,subtype_classification,acne,1.0,419858fc4a098ccdbb5b48d7f99a51f23a19addd7db0c7b14769ab03be38abd0,Cleaned fine-grained classification image. Class: Pustules. Blur score: 63.05.
tiswan_001491,tiswan,cleaned_v1,datasets/skin/acne/final/subtype_classification/train/pustular/tiswan_001491.jpg,train,pustular,usable,non_expert,subtype_classification,acne,1.0,c9cb0f89e97062035b7a04ad774333a1f761e151944b059a12dbb922027c9b82,Cleaned fine-grained classification image. Class: Pustules. Blur score: 71.11.
tiswan_001492,tiswan,cleaned_v1,datasets/skin/acne/final/subtype_classification/train/pustular/tiswan_001492.jpg,train,pustular,borderline,non_expert,subtype_classification,acne,1.0,1edac0feb4b4789c1ae416398c479e4d50de9c69461cf6cb3815ea9839037972,Cleaned fine-grained classification image. Class: Pustules. Blur score: 50.16.
tiswan_001493,tiswan,cleaned_v1,datasets/skin/acne/final/subtype_classification/train/pustular/tiswan_001493.jpg,train,pustular,borderline,non_expert,subtype_classification,acne,1.0,01ccd0a1a5e63a2d19fc4b6e43de8e1b3a7f7b00a78ddd66588b0cb9a4418443,Cleaned fine-grained classification image. Class: Pustules. Blur score: 40.89.
tiswan_001494,tiswan,cleaned_v1,datasets/skin/acne/final/subtype_classification/train/pustular/tiswan_001494.jpg,train,pustular,usable,non_expert,subtype_classification,acne,1.0,105915467c58927ce96a32d563399e5d4ef263eb796a26c86c8aa103c6ff5889,Cleaned fine-grained classification image. Class: Pustules. Blur score: 101.82.
tiswan_001495,tiswan,cleaned_v1,datasets/skin/acne/final/subtype_classification/train/pustular/tiswan_001495.jpg,train,pustular,usable,non_expert,subtype_classification,acne,1.0,b75f401a6968c106bb776ead614dc80c4e88c11384c4ae2ccc8e96b79edd2c82,Cleaned fine-grained classification image. Class: Pustules. Blur score: 82.58.
tiswan_001496,tiswan,cleaned_v1,datasets/skin/acne/final/subtype_classification/train/pustular/tiswan_001496.jpg,train,pustular,usable,non_expert,subtype_classification,acne,1.0,44142341d1e6842d901febcd1bf83e551dbca04a0f45c10e68ccc503b983a7ef,Cleaned fine-grained classification image. Class: Pustules. Blur score: 120.75.
tiswan_001497,tiswan,cleaned_v1,datasets/skin/acne/final/subtype_classification/train/pustular/tiswan_001497.jpg,train,pustular,usable,non_expert,subtype_classification,acne,1.0,9a003d092c5c1532e27116d8f69b70133387c55dd10f035a80b5ad648ebc04a9,Cleaned fine-grained classification image. Class: Pustules. Blur score: 89.53.
tiswan_001498,tiswan,cleaned_v1,datasets/skin/acne/final/subtype_classification/train/pustular/tiswan_001498.jpg,train,pustular,usable,non_expert,subtype_classification,acne,1.0,dee6ddedabac536766d4110d74d2cca6505eaa40c59fc11a20d3d149545d8596,Cleaned fine-grained classification image. Class: Pustules. Blur score: 87.45.
tiswan_001499,tiswan,cleaned_v1,datasets/skin/acne/final/subtype_classification/train/pustular/tiswan_001499.jpg,train,pustular,usable,non_expert,subtype_classification,acne,1.0,3adfb7598692fe319157f8b72fc681a8a65a8fe38d4ef3ff598576cc68ce330b,Cleaned fine-grained classification image. Class: Pustules. Blur score: 114.22.
tiswan_001500,tiswan,cleaned_v1,datasets/skin/acne/final/subtype_classification/train/pustular/tiswan_001500.jpg,train,pustular,usable,non_expert,subtype_classification,acne,1.0,254b5f7494cca3486833e166a42157b5298156769e2f75a8e7c089dc1f84df75,Cleaned fine-grained classification image. Class: Pustules. Blur score: 76.52.
tiswan_001501,tiswan,cleaned_v1,datasets/skin/acne/final/subtype_classification/train/pustular/tiswan_001501.jpg,train,pustular,usable,non_expert,subtype_classification,acne,1.0,bd87dec60dcaf10537c2b401e831a425c00380c0a5e4dafcaa1aa1e352620e35,Cleaned fine-grained classification image. Class: Pustules. Blur score: 101.99.
tiswan_001502,tiswan,cleaned_v1,datasets/skin/acne/final/subtype_classification/train/pustular/tiswan_001502.jpg,train,pustular,usable,non_expert,subtype_classification,acne,1.0,87b2dcb3d60e8f8817354f2a6949b5069d170d1744c4b9104cf0f326910267fd,Cleaned fine-grained classification image. Class: Pustules. Blur score: 89.95.
tiswan_001503,tiswan,cleaned_v1,datasets/skin/acne/final/subtype_classification/train/pustular/tiswan_001503.jpg,train,pustular,borderline,non_expert,subtype_classification,acne,1.0,ad1ac48270b4ff44faa84c24a8d1575fa7a0db011a1d1c0b5604574e85f515f4,Cleaned fine-grained classification image. Class: Pustules. Blur score: 48.6.
tiswan_001504,tiswan,cleaned_v1,datasets/skin/acne/final/subtype_classification/train/pustular/tiswan_001504.jpg,train,pustular,sharp,non_expert,subtype_classification,acne,1.0,1a83b615fb68b901db5f41f237998de97c7d50835cf99d1731c31583b4fecc1c,Cleaned fine-grained classification image. Class: Pustules. Blur score: 356.44.
tiswan_001505,tiswan,cleaned_v1,datasets/skin/acne/final/subtype_classification/train/pustular/tiswan_001505.jpg,train,pustular,usable,non_expert,subtype_classification,acne,1.0,aed8fda502c0b861afa9a19102d7112ce0ab278099f8144546e3b7aaf76955aa,Cleaned fine-grained classification image. Class: Pustules. Blur score: 75.13.
tiswan_001506,tiswan,cleaned_v1,datasets/skin/acne/final/subtype_classification/train/pustular/tiswan_001506.jpg,train,pustular,usable,non_expert,subtype_classification,acne,1.0,fc29e14c94fb4abd5e1b9026a29fcf49287a35d5b5694199a5a7ebf98e85d18c,Cleaned fine-grained classification image. Class: Pustules. Blur score: 97.24.
tiswan_001507,tiswan,cleaned_v1,datasets/skin/acne/final/subtype_classification/train/pustular/tiswan_001507.jpg,train,pustular,borderline,non_expert,subtype_classification,acne,1.0,e3428d260835953901abd2e0b05f92d54aa9723f59759312b352bb8cced6cd8f,Cleaned fine-grained classification image. Class: Pustules. Blur score: 35.38.
tiswan_001508,tiswan,cleaned_v1,datasets/skin/acne/final/subtype_classification/train/pustular/tiswan_001508.jpg,train,pustular,usable,non_expert,subtype_classification,acne,1.0,96dcfdf2b713f9dbe5c1f644be867a16712ce487731c948784dc64c8a2f4b663,Cleaned fine-grained classification image. Class: Pustules. Blur score: 73.25.
tiswan_001509,tiswan,cleaned_v1,datasets/skin/acne/final/subtype_classification/train/pustular/tiswan_001509.jpg,train,pustular,usable,non_expert,subtype_classification,acne,1.0,940e1ddd60a5846f6a6db235a99ed1ab927429cf6d82379e0fa1e4e55eb5fdae,Cleaned fine-grained classification image. Class: Pustules. Blur score: 94.45.
tiswan_001510,tiswan,cleaned_v1,datasets/skin/acne/final/subtype_classification/train/pustular/tiswan_001510.jpg,train,pustular,usable,non_expert,subtype_classification,acne,1.0,feaeb7ec47fd006710ab7331557c5a9b06976e644822111666610659e5e881b1,Cleaned fine-grained classification image. Class: Pustules. Blur score: 62.25.
tiswan_001511,tiswan,cleaned_v1,datasets/skin/acne/final/subtype_classification/train/pustular/tiswan_001511.jpg,train,pustular,usable,non_expert,subtype_classification,acne,1.0,4520e97d2b790751688eec9673973eb6b937f5dc02f76ff19255d3f54dc7a897,Cleaned fine-grained classification image. Class: Pustules. Blur score: 69.24.
tiswan_001512,tiswan,cleaned_v1,datasets/skin/acne/final/subtype_classification/train/pustular/tiswan_001512.jpg,train,pustular,borderline,non_expert,subtype_classification,acne,1.0,82d794067b08f5702a4fe77890496f9ff158c31b1e4d7ffb1ca0cdb7386ce4d6,Cleaned fine-grained classification image. Class: Pustules. Blur score: 53.3.
tiswan_001513,tiswan,cleaned_v1,datasets/skin/acne/final/subtype_classification/train/pustular/tiswan_001513.jpg,train,pustular,borderline,non_expert,subtype_classification,acne,1.0,37c1d58e192e8a3a77878182f6aaf59304cfa11e3718ece071166c61f34df6bb,Cleaned fine-grained classification image. Class: Pustules. Blur score: 58.48.
tiswan_001514,tiswan,cleaned_v1,datasets/skin/acne/final/subtype_classification/train/pustular/tiswan_001514.jpg,train,pustular,usable,non_expert,subtype_classification,acne,1.0,946c880ad53386f2340ae3f4583c384a8bcc51da1991bb026f93f47ed68aa304,Cleaned fine-grained classification image. Class: Pustules. Blur score: 81.6.
tiswan_001515,tiswan,cleaned_v1,datasets/skin/acne/final/subtype_classification/train/pustular/tiswan_001515.jpg,train,pustular,borderline,non_expert,subtype_classification,acne,1.0,93df17097b9b2d7dcfb09b99af98d0c7ef4973d7481e9a1f4e7321102660820e,Cleaned fine-grained classification image. Class: Pustules. Blur score: 55.74.
tiswan_001516,tiswan,cleaned_v1,datasets/skin/acne/final/subtype_classification/train/pustular/tiswan_001516.jpg,train,pustular,usable,non_expert,subtype_classification,acne,1.0,7c7296a4cf03e3aeb167a380fa6d0d49be7557d4c82a5b0cba06b5f7dfe7cfff,Cleaned fine-grained classification image. Class: Pustules. Blur score: 107.09.
tiswan_001517,tiswan,cleaned_v1,datasets/skin/acne/final/subtype_classification/train/pustular/tiswan_001517.jpg,train,pustular,usable,non_expert,subtype_classification,acne,1.0,81ff0c44d046a35cb8b321a8c4ecc7742354de5a96063c7810884212e213726c,Cleaned fine-grained classification image. Class: Pustules. Blur score: 87.16.
tiswan_001518,tiswan,cleaned_v1,datasets/skin/acne/final/subtype_classification/train/pustular/tiswan_001518.jpg,train,pustular,usable,non_expert,subtype_classification,acne,1.0,f777120695ba89a538c99e5797aa92dc0d2cba6fc01660fa21bc665b51299360,Cleaned fine-grained classification image. Class: Pustules. Blur score: 87.14.
tiswan_001519,tiswan,cleaned_v1,datasets/skin/acne/final/subtype_classification/train/pustular/tiswan_001519.jpg,train,pustular,usable,non_expert,subtype_classification,acne,1.0,c7d5aba7117b3c50222f971172aabf3e5b43f790af28c3feca8c1b91cf99b966,Cleaned fine-grained classification image. Class: Pustules. Blur score: 74.72.
tiswan_001520,tiswan,cleaned_v1,datasets/skin/acne/final/subtype_classification/train/pustular/tiswan_001520.jpg,train,pustular,usable,non_expert,subtype_classification,acne,1.0,239317ffa8c10552448fe043e76df07dab90b982916ea7b0ccd187f563e7b828,Cleaned fine-grained classification image. Class: Pustules. Blur score: 90.58.
tiswan_001521,tiswan,cleaned_v1,datasets/skin/acne/final/subtype_classification/train/pustular/tiswan_001521.jpg,train,pustular,borderline,non_expert,subtype_classification,acne,1.0,1249a438beec795689126cdf5403d01b7747891a54c2a9ee994ff4a159328526,Cleaned fine-grained classification image. Class: Pustules. Blur score: 52.49.
tiswan_001522,tiswan,cleaned_v1,datasets/skin/acne/final/subtype_classification/train/pustular/tiswan_001522.jpg,train,pustular,usable,non_expert,subtype_classification,acne,1.0,e45079edfe2956ed6aee4f51bef3de33a1e3a07aa690fbe220f399890e1ed2c2,Cleaned fine-grained classification image. Class: Pustules. Blur score: 79.12.
tiswan_001523,tiswan,cleaned_v1,datasets/skin/acne/final/subtype_classification/train/pustular/tiswan_001523.jpg,train,pustular,borderline,non_expert,subtype_classification,acne,1.0,2c00a57911827116db7250b5e566b84547197551d2600ed3a1adf8b0159b812e,Cleaned fine-grained classification image. Class: Pustules. Blur score: 37.7.
tiswan_001524,tiswan,cleaned_v1,datasets/skin/acne/final/subtype_classification/train/pustular/tiswan_001524.jpg,train,pustular,usable,non_expert,subtype_classification,acne,1.0,9a744ef31db8fe423f43f1d9439d7bec4fa6af8d45f9530b4b5d148dcfe17dfd,Cleaned fine-grained classification image. Class: Pustules. Blur score: 131.38.
tiswan_001525,tiswan,cleaned_v1,datasets/skin/acne/final/subtype_classification/train/pustular/tiswan_001525.jpg,train,pustular,borderline,non_expert,subtype_classification,acne,1.0,e0a47b6a22cc04ee61b2316b718c6d27211869910b07740cad891cdb35908c5b,Cleaned fine-grained classification image. Class: Pustules. Blur score: 51.0.
tiswan_001526,tiswan,cleaned_v1,datasets/skin/acne/final/subtype_classification/train/pustular/tiswan_001526.jpg,train,pustular,borderline,non_expert,subtype_classification,acne,1.0,a29994587892f5db3d5d3ea662ce9337073359f0fce35f206229122f0a30a80e,Cleaned fine-grained classification image. Class: Pustules. Blur score: 53.21.
tiswan_001527,tiswan,cleaned_v1,datasets/skin/acne/final/subtype_classification/train/pustular/tiswan_001527.jpg,train,pustular,usable,non_expert,subtype_classification,acne,1.0,5fac73895ffd96be16e155958ca93be7f903f8a917f5186108440a8a9bdd251c,Cleaned fine-grained classification image. Class: Pustules. Blur score: 74.67.
tiswan_001528,tiswan,cleaned_v1,datasets/skin/acne/final/subtype_classification/train/pustular/tiswan_001528.jpg,train,pustular,usable,non_expert,subtype_classification,acne,1.0,ebd50600f1c1486a8cc4cff5b4dc707835f10c813ad8a0769935218ef7d507f6,Cleaned fine-grained classification image. Class: Pustules. Blur score: 73.78.
tiswan_001529,tiswan,cleaned_v1,datasets/skin/acne/final/subtype_classification/train/pustular/tiswan_001529.jpg,train,pustular,usable,non_expert,subtype_classification,acne,1.0,0f8f609bac40fc0f99656ef905221dab9357260f254835b59540bf78757ce497,Cleaned fine-grained classification image. Class: Pustules. Blur score: 83.06.
tiswan_001530,tiswan,cleaned_v1,datasets/skin/acne/final/subtype_classification/train/pustular/tiswan_001530.jpg,train,pustular,usable,non_expert,subtype_classification,acne,1.0,9af233809d1ace2c78aa2141822461a3750f75b7fc1cbd1cb316b2eccc4f943c,Cleaned fine-grained classification image. Class: Pustules. Blur score: 108.81.
tiswan_001531,tiswan,cleaned_v1,datasets/skin/acne/final/subtype_classification/train/pustular/tiswan_001531.jpg,train,pustular,borderline,non_expert,subtype_classification,acne,1.0,441f166fd0cbd822e38f00f86bc40e977f0f7fedf83329203d6acec320cea3cb,Cleaned fine-grained classification image. Class: Pustules. Blur score: 58.27.
tiswan_001532,tiswan,cleaned_v1,datasets/skin/acne/final/subtype_classification/train/pustular/tiswan_001532.jpg,train,pustular,usable,non_expert,subtype_classification,acne,1.0,3419da360e522769bb63faa543dd1a5edc44a438e3a9667933c44544566b9ec6,Cleaned fine-grained classification image. Class: Pustules. Blur score: 87.24.
tiswan_001533,tiswan,cleaned_v1,datasets/skin/acne/final/subtype_classification/train/pustular/tiswan_001533.jpg,train,pustular,usable,non_expert,subtype_classification,acne,1.0,7f2a78db7109cb90810fc1ace0bdee18f9a9bbc9b5e0af1ff4f9bed7961466ed,Cleaned fine-grained classification image. Class: Pustules. Blur score: 66.59.
tiswan_001534,tiswan,cleaned_v1,datasets/skin/acne/final/subtype_classification/train/pustular/tiswan_001534.jpg,train,pustular,usable,non_expert,subtype_classification,acne,1.0,f850ac18507937ba3367e59a65de908effe1769be85f215f75fff28251c20aa6,Cleaned fine-grained classification image. Class: Pustules. Blur score: 133.48.
tiswan_001535,tiswan,cleaned_v1,datasets/skin/acne/final/subtype_classification/train/pustular/tiswan_001535.jpg,train,pustular,usable,non_expert,subtype_classification,acne,1.0,a4a5d58c34a2ba281a9e9cd34c7c9f8721e2838ef63426933e03683c7a2cced0,Cleaned fine-grained classification image. Class: Pustules. Blur score: 92.59.
tiswan_001536,tiswan,cleaned_v1,datasets/skin/acne/final/subtype_classification/train/pustular/tiswan_001536.jpg,train,pustular,usable,non_expert,subtype_classification,acne,1.0,03a4279a238a0e61318605f7ea6dd0ac2906de213f1f848cb39d28454f5757b6,Cleaned fine-grained classification image. Class: Pustules. Blur score: 77.48.
tiswan_001537,tiswan,cleaned_v1,datasets/skin/acne/final/subtype_classification/train/pustular/tiswan_001537.jpg,train,pustular,usable,non_expert,subtype_classification,acne,1.0,9a8465bccb0b13e06ce3089f8facfade429bf7fada6b6a8696f900f1a574ead4,Cleaned fine-grained classification image. Class: Pustules. Blur score: 61.99.
tiswan_001538,tiswan,cleaned_v1,datasets/skin/acne/final/subtype_classification/train/pustular/tiswan_001538.jpg,train,pustular,usable,non_expert,subtype_classification,acne,1.0,1b37dc623feff85723fe4f3a35cd5cfa1a361a7bf752cd7bd711ec5c9d1d43d9,Cleaned fine-grained classification image. Class: Pustules. Blur score: 72.06.
tiswan_001539,tiswan,cleaned_v1,datasets/skin/acne/final/subtype_classification/train/pustular/tiswan_001539.jpg,train,pustular,borderline,non_expert,subtype_classification,acne,1.0,ff2c3b66ab304d6793d40df37bd88751e206c673100ef67f9e874905420ed10f,Cleaned fine-grained classification image. Class: Pustules. Blur score: 57.74.
tiswan_001540,tiswan,cleaned_v1,datasets/skin/acne/final/subtype_classification/train/pustular/tiswan_001540.jpg,train,pustular,borderline,non_expert,subtype_classification,acne,1.0,c859bee7522b058e52cee33694d454a6b30c60bb2fdf9ff3caa8d2f591f8c66a,Cleaned fine-grained classification image. Class: Pustules. Blur score: 49.26.
tiswan_001541,tiswan,cleaned_v1,datasets/skin/acne/final/subtype_classification/train/pustular/tiswan_001541.jpg,train,pustular,usable,non_expert,subtype_classification,acne,1.0,97979e81a3ea98753e95cad4a09030dd0e2e721faeda1255f1115268143c75ff,Cleaned fine-grained classification image. Class: Pustules. Blur score: 64.25.
tiswan_001542,tiswan,cleaned_v1,datasets/skin/acne/final/subtype_classification/train/pustular/tiswan_001542.jpg,train,pustular,usable,non_expert,subtype_classification,acne,1.0,84baf9c4bbaf68d4e612fcc275ddab98818ca6a44e8559e3a37f2d011adf21fc,Cleaned fine-grained classification image. Class: Pustules. Blur score: 64.31.
tiswan_001543,tiswan,cleaned_v1,datasets/skin/acne/final/subtype_classification/train/pustular/tiswan_001543.jpg,train,pustular,usable,non_expert,subtype_classification,acne,1.0,b333b76ad1007314996b7278a01491bf867936b0fb591984c7318105d8940489,Cleaned fine-grained classification image. Class: Pustules. Blur score: 81.28.
tiswan_001544,tiswan,cleaned_v1,datasets/skin/acne/final/subtype_classification/train/pustular/tiswan_001544.jpg,train,pustular,usable,non_expert,subtype_classification,acne,1.0,e73f3a0170c622361f79a035dcfd24a349672ce24b0ec5138728209e05e927c1,Cleaned fine-grained classification image. Class: Pustules. Blur score: 84.27.
tiswan_001545,tiswan,cleaned_v1,datasets/skin/acne/final/subtype_classification/train/pustular/tiswan_001545.jpg,train,pustular,usable,non_expert,subtype_classification,acne,1.0,03b6c4f099cac0409f0787d83d1131d6090e3d3196075bd19f960642cd9e14a4,Cleaned fine-grained classification image. Class: Pustules. Blur score: 90.82.
tiswan_001546,tiswan,cleaned_v1,datasets/skin/acne/final/subtype_classification/train/pustular/tiswan_001546.jpg,train,pustular,usable,non_expert,subtype_classification,acne,1.0,709c26f5d56e9bcd0289e40340407e827fa36772fcd24c91fe863869acff5da3,Cleaned fine-grained classification image. Class: Pustules. Blur score: 72.18.
tiswan_001547,tiswan,cleaned_v1,datasets/skin/acne/final/subtype_classification/train/pustular/tiswan_001547.jpg,train,pustular,usable,non_expert,subtype_classification,acne,1.0,ea8cadfb1a23c1c86265a6204d1ca60c3ea8174d6f842ae328e75d786ea3b404,Cleaned fine-grained classification image. Class: Pustules. Blur score: 83.66.
tiswan_001548,tiswan,cleaned_v1,datasets/skin/acne/final/subtype_classification/train/pustular/tiswan_001548.jpg,train,pustular,usable,non_expert,subtype_classification,acne,1.0,f902cb3b71f9e18ac8a78c32be29cca65d677f21c08d66dad58cc1ecd90bac42,Cleaned fine-grained classification image. Class: Pustules. Blur score: 66.62.
tiswan_001549,tiswan,cleaned_v1,datasets/skin/acne/final/subtype_classification/train/pustular/tiswan_001549.jpg,train,pustular,borderline,non_expert,subtype_classification,acne,1.0,4c3069ef0683009f5070d837aed0250345063843476b66f6909620fe5c695545,Cleaned fine-grained classification image. Class: Pustules. Blur score: 52.28.
tiswan_001550,tiswan,cleaned_v1,datasets/skin/acne/final/subtype_classification/train/pustular/tiswan_001550.jpg,train,pustular,usable,non_expert,subtype_classification,acne,1.0,5c9c8e641ba4e2dcc19970e3d9c1ca8a8a025ca5293b0cd78ab238f04f1c05e2,Cleaned fine-grained classification image. Class: Pustules. Blur score: 63.68.
tiswan_001551,tiswan,cleaned_v1,datasets/skin/acne/final/subtype_classification/train/pustular/tiswan_001551.jpg,train,pustular,borderline,non_expert,subtype_classification,acne,1.0,45627097f918488d310ff45d40733e83c150214b51824546c3328464d30b5680,Cleaned fine-grained classification image. Class: Pustules. Blur score: 34.11.
tiswan_001552,tiswan,cleaned_v1,datasets/skin/acne/final/subtype_classification/train/pustular/tiswan_001552.jpg,train,pustular,borderline,non_expert,subtype_classification,acne,1.0,f1da7195ad2aa43dc9b135d0ba87fb523c3c40ce8059b46e1d78672f0558126e,Cleaned fine-grained classification image. Class: Pustules. Blur score: 48.22.
tiswan_001553,tiswan,cleaned_v1,datasets/skin/acne/final/subtype_classification/train/pustular/tiswan_001553.jpg,train,pustular,borderline,non_expert,subtype_classification,acne,1.0,bac946351c31d9f914a1343384c54099a8540ace5acaabc4b89dd9cd377ceecc,Cleaned fine-grained classification image. Class: Pustules. Blur score: 47.01.
tiswan_001554,tiswan,cleaned_v1,datasets/skin/acne/final/subtype_classification/train/pustular/tiswan_001554.jpg,train,pustular,usable,non_expert,subtype_classification,acne,1.0,b9b558bfe08ed67f77ad52054cae09b1eb1398370ba3dd45633f871f72650a1d,Cleaned fine-grained classification image. Class: Pustules. Blur score: 70.27.
tiswan_001555,tiswan,cleaned_v1,datasets/skin/acne/final/subtype_classification/train/pustular/tiswan_001555.jpg,train,pustular,usable,non_expert,subtype_classification,acne,1.0,98f1a993c36a2e4d12962506c8cb9105db21e3385183433778f9991ba554e0e8,Cleaned fine-grained classification image. Class: Pustules. Blur score: 63.02.
tiswan_001556,tiswan,cleaned_v1,datasets/skin/acne/final/subtype_classification/train/pustular/tiswan_001556.jpg,train,pustular,usable,non_expert,subtype_classification,acne,1.0,66cba2d3891c5f54f2d880613e02e21b14ced105b3aa40a3c7303d04f5dc2506,Cleaned fine-grained classification image. Class: Pustules. Blur score: 69.13.
tiswan_001557,tiswan,cleaned_v1,datasets/skin/acne/final/subtype_classification/train/pustular/tiswan_001557.jpg,train,pustular,borderline,non_expert,subtype_classification,acne,1.0,681b5328003dc79431558826ba0021f0c387ce834bada464592f086e95aec46f,Cleaned fine-grained classification image. Class: Pustules. Blur score: 56.38.
tiswan_001558,tiswan,cleaned_v1,datasets/skin/acne/final/subtype_classification/train/pustular/tiswan_001558.jpg,train,pustular,borderline,non_expert,subtype_classification,acne,1.0,de6c1d9ff6c5cc58527f0f8564ad3aea029d4bbfc1de59843551a98e8bc8dc81,Cleaned fine-grained classification image. Class: Pustules. Blur score: 51.35.
tiswan_001559,tiswan,cleaned_v1,datasets/skin/acne/final/subtype_classification/train/pustular/tiswan_001559.jpg,train,pustular,usable,non_expert,subtype_classification,acne,1.0,318364526fd1e78b7126a79f798ec8ea4592a456eb4e75ba7612ffde755246f1,Cleaned fine-grained classification image. Class: Pustules. Blur score: 73.99.
tiswan_001560,tiswan,cleaned_v1,datasets/skin/acne/final/subtype_classification/train/pustular/tiswan_001560.jpg,train,pustular,usable,non_expert,subtype_classification,acne,1.0,171a287be910ae14fc25ecec3a098d716c61c933d25f96c196ada59d843b773a,Cleaned fine-grained classification image. Class: Pustules. Blur score: 88.25.
tiswan_001561,tiswan,cleaned_v1,datasets/skin/acne/final/subtype_classification/train/pustular/tiswan_001561.jpg,train,pustular,usable,non_expert,subtype_classification,acne,1.0,032064f75add06fe06dc8d56d37ad3a696f17a696987264f2c07c41319af5abf,Cleaned fine-grained classification image. Class: Pustules. Blur score: 66.44.
tiswan_001562,tiswan,cleaned_v1,datasets/skin/acne/final/subtype_classification/train/pustular/tiswan_001562.jpg,train,pustular,usable,non_expert,subtype_classification,acne,1.0,430bf16e8704d1f2170ef7fc54e75d0fa23096a6ed6232ccb5a2c165b4e01207,Cleaned fine-grained classification image. Class: Pustules. Blur score: 75.02.
tiswan_001563,tiswan,cleaned_v1,datasets/skin/acne/final/subtype_classification/train/pustular/tiswan_001563.jpg,train,pustular,usable,non_expert,subtype_classification,acne,1.0,ace656496c5df62901925ddeb462d63d00927e4d5cd806806ae0c09ebec975f3,Cleaned fine-grained classification image. Class: Pustules. Blur score: 100.77.
tiswan_001564,tiswan,cleaned_v1,datasets/skin/acne/final/subtype_classification/train/pustular/tiswan_001564.jpg,train,pustular,usable,non_expert,subtype_classification,acne,1.0,80f02851bd6e3beb39a59076d8e76fb03e231bc2784287d94433b58d9ffd10c0,Cleaned fine-grained classification image. Class: Pustules. Blur score: 85.13.
tiswan_001565,tiswan,cleaned_v1,datasets/skin/acne/final/subtype_classification/train/pustular/tiswan_001565.jpg,train,pustular,usable,non_expert,subtype_classification,acne,1.0,e40fee507d1153391a7783f85d08ed37f3086a6c6272132c61a481ac7f33b753,Cleaned fine-grained classification image. Class: Pustules. Blur score: 63.08.
tiswan_001566,tiswan,cleaned_v1,datasets/skin/acne/final/subtype_classification/train/pustular/tiswan_001566.jpg,train,pustular,usable,non_expert,subtype_classification,acne,1.0,3f9b9328e60bcf162935b26602a4a43c20ff99e2ae5cd2a479e0e482efd3ac46,Cleaned fine-grained classification image. Class: Pustules. Blur score: 62.01.
tiswan_001567,tiswan,cleaned_v1,datasets/skin/acne/final/subtype_classification/train/pustular/tiswan_001567.jpg,train,pustular,usable,non_expert,subtype_classification,acne,1.0,c3f305d3495df2ad1178f0b931714d1cc1b201b3bd474212ade677226eae780f,Cleaned fine-grained classification image. Class: Pustules. Blur score: 109.4.
tiswan_001568,tiswan,cleaned_v1,datasets/skin/acne/final/subtype_classification/train/pustular/tiswan_001568.jpg,train,pustular,usable,non_expert,subtype_classification,acne,1.0,de7bfa51352b2349cdeaf4776b211b5c66a7325e3fd1727b4f0afb8ededb18bb,Cleaned fine-grained classification image. Class: Pustules. Blur score: 73.76.
tiswan_001569,tiswan,cleaned_v1,datasets/skin/acne/final/subtype_classification/train/pustular/tiswan_001569.jpg,train,pustular,borderline,non_expert,subtype_classification,acne,1.0,f11f95c4cff373febafcab318c931874a0f7a616d39fb4ae2900a77e6bf2d624,Cleaned fine-grained classification image. Class: Pustules. Blur score: 59.78.
tiswan_001570,tiswan,cleaned_v1,datasets/skin/acne/final/subtype_classification/train/pustular/tiswan_001570.jpg,train,pustular,usable,non_expert,subtype_classification,acne,1.0,f643fd9ba93e129d1c8ee45d478ce74f49e61d81e6f24c13b7dfd44508d87e73,Cleaned fine-grained classification image. Class: Pustules. Blur score: 99.95.
tiswan_001571,tiswan,cleaned_v1,datasets/skin/acne/final/subtype_classification/train/pustular/tiswan_001571.jpg,train,pustular,usable,non_expert,subtype_classification,acne,1.0,603708f12e9cddde1706981d35327d7532ddd5a8ec7b3d781ea2c3a0f66a2d21,Cleaned fine-grained classification image. Class: Pustules. Blur score: 76.97.
tiswan_001572,tiswan,cleaned_v1,datasets/skin/acne/final/subtype_classification/train/pustular/tiswan_001572.jpg,train,pustular,usable,non_expert,subtype_classification,acne,1.0,e7b486cabfde37d03b9e1ec515a8ee69ad0beb614841fc59c756461811b5246f,Cleaned fine-grained classification image. Class: Pustules. Blur score: 69.96.
tiswan_001573,tiswan,cleaned_v1,datasets/skin/acne/final/subtype_classification/train/pustular/tiswan_001573.jpg,train,pustular,usable,non_expert,subtype_classification,acne,1.0,4f108a9c1dfbb722d22b7d7cc783ed0d196577bbee2094ccf9db2fa4da188065,Cleaned fine-grained classification image. Class: Pustules. Blur score: 84.34.
tiswan_001574,tiswan,cleaned_v1,datasets/skin/acne/final/subtype_classification/train/pustular/tiswan_001574.jpg,train,pustular,usable,non_expert,subtype_classification,acne,1.0,2d5872d72136809efd9f01ded8d5f29301b36c9bbf8d7c51a2cea9fb89eaaeeb,Cleaned fine-grained classification image. Class: Pustules. Blur score: 78.79.
tiswan_001575,tiswan,cleaned_v1,datasets/skin/acne/final/subtype_classification/train/pustular/tiswan_001575.jpg,train,pustular,borderline,non_expert,subtype_classification,acne,1.0,bc1ac3e77c881c76d5d36a03e93d5c7d25efd6ce393c14be592f99d64b887116,Cleaned fine-grained classification image. Class: Pustules. Blur score: 53.92.
tiswan_001576,tiswan,cleaned_v1,datasets/skin/acne/final/subtype_classification/train/pustular/tiswan_001576.jpg,train,pustular,usable,non_expert,subtype_classification,acne,1.0,c608f6ae1fcdf8af719a2a8093be12f7b66c7c068f0bc7c13b741cc33b6f5893,Cleaned fine-grained classification image. Class: Pustules. Blur score: 104.03.
tiswan_001577,tiswan,cleaned_v1,datasets/skin/acne/final/subtype_classification/train/pustular/tiswan_001577.jpg,train,pustular,sharp,non_expert,subtype_classification,acne,1.0,9dbd9cfb2548b9637436ec0493555c8a7c0026c7b8809fb82e1705be6f4c2642,Cleaned fine-grained classification image. Class: Pustules. Blur score: 208.54.
tiswan_001578,tiswan,cleaned_v1,datasets/skin/acne/final/subtype_classification/train/pustular/tiswan_001578.jpg,train,pustular,usable,non_expert,subtype_classification,acne,1.0,eaf6e9e3446e1a2ed1c49f4da6633ebf4d2dadbc750e9102b8b70be49ea4935f,Cleaned fine-grained classification image. Class: Pustules. Blur score: 90.22.
tiswan_001579,tiswan,cleaned_v1,datasets/skin/acne/final/subtype_classification/train/pustular/tiswan_001579.jpg,train,pustular,usable,non_expert,subtype_classification,acne,1.0,4944caa9ea171323184ac7e430649d8f231b578175d04ebc6000c2aa0252d94d,Cleaned fine-grained classification image. Class: Pustules. Blur score: 82.18.
tiswan_001580,tiswan,cleaned_v1,datasets/skin/acne/final/subtype_classification/train/pustular/tiswan_001580.jpg,train,pustular,usable,non_expert,subtype_classification,acne,1.0,5185cef92ebb97fadbef424ac3661f228bb890e9f54a1a170d6539e29e07f21e,Cleaned fine-grained classification image. Class: Pustules. Blur score: 99.59.
tiswan_001581,tiswan,cleaned_v1,datasets/skin/acne/final/subtype_classification/train/pustular/tiswan_001581.jpg,train,pustular,borderline,non_expert,subtype_classification,acne,1.0,bf6e13b477da2556b03c5e110e55e0c32ff309bfb21b0b6020c3592c4d779d09,Cleaned fine-grained classification image. Class: Pustules. Blur score: 50.8.
tiswan_001582,tiswan,cleaned_v1,datasets/skin/acne/final/subtype_classification/train/pustular/tiswan_001582.jpg,train,pustular,usable,non_expert,subtype_classification,acne,1.0,6441b4750ca9619b7f293334ed0fd397df76e25230e30ac07187b1e0f046124c,Cleaned fine-grained classification image. Class: Pustules. Blur score: 64.38.
tiswan_001583,tiswan,cleaned_v1,datasets/skin/acne/final/subtype_classification/train/pustular/tiswan_001583.jpg,train,pustular,borderline,non_expert,subtype_classification,acne,1.0,497d0cebd4028fbf18b74d3ff0e38513bb8b2ce2fb343bcc5c240ed33b507b53,Cleaned fine-grained classification image. Class: Pustules. Blur score: 42.59.
tiswan_001584,tiswan,cleaned_v1,datasets/skin/acne/final/subtype_classification/train/pustular/tiswan_001584.jpg,train,pustular,usable,non_expert,subtype_classification,acne,1.0,5de74efae3a27c347564a834ff327eab35a7caa6182ca59966d336672951c7be,Cleaned fine-grained classification image. Class: Pustules. Blur score: 98.53.
tiswan_001585,tiswan,cleaned_v1,datasets/skin/acne/final/subtype_classification/train/pustular/tiswan_001585.jpg,train,pustular,usable,non_expert,subtype_classification,acne,1.0,b3e69aa1590f1639784eebcc8da38631e893675159762dd848d66367440d179b,Cleaned fine-grained classification image. Class: Pustules. Blur score: 144.78.
tiswan_001586,tiswan,cleaned_v1,datasets/skin/acne/final/subtype_classification/train/pustular/tiswan_001586.jpg,train,pustular,usable,non_expert,subtype_classification,acne,1.0,6ca63bc2c76999a841e020d23cad14194c47cf5813659f20b7741b01fe56467a,Cleaned fine-grained classification image. Class: Pustules. Blur score: 75.22.
tiswan_001587,tiswan,cleaned_v1,datasets/skin/acne/final/subtype_classification/train/pustular/tiswan_001587.jpg,train,pustular,usable,non_expert,subtype_classification,acne,1.0,10ad0b178f277398fd5e8faa743b38c2c824c1723d101067f7875477fccbbf39,Cleaned fine-grained classification image. Class: Pustules. Blur score: 62.27.
tiswan_001588,tiswan,cleaned_v1,datasets/skin/acne/final/subtype_classification/train/pustular/tiswan_001588.jpg,train,pustular,usable,non_expert,subtype_classification,acne,1.0,cf005329ad333c0e67722229481c4f04ae6884fc050f59f111490ef09bbdac1d,Cleaned fine-grained classification image. Class: Pustules. Blur score: 78.1.
tiswan_001589,tiswan,cleaned_v1,datasets/skin/acne/final/subtype_classification/train/pustular/tiswan_001589.jpg,train,pustular,usable,non_expert,subtype_classification,acne,1.0,6d3b209401830aaa11b756fa60a4bc48d890dd191639274a82d9a9ddfa28057a,Cleaned fine-grained classification image. Class: Pustules. Blur score: 72.57.
tiswan_001590,tiswan,cleaned_v1,datasets/skin/acne/final/subtype_classification/train/pustular/tiswan_001590.jpg,train,pustular,usable,non_expert,subtype_classification,acne,1.0,ecaa17afb50a5d9ee6eb05818045dc714f3fdf9998f4b63f889624ee44d65440,Cleaned fine-grained classification image. Class: Pustules. Blur score: 69.47.
tiswan_001591,tiswan,cleaned_v1,datasets/skin/acne/final/subtype_classification/train/pustular/tiswan_001591.jpg,train,pustular,usable,non_expert,subtype_classification,acne,1.0,193b5572eb0ffc43f8f155ba6efb03733e2103cd963f617daf42628f4a417765,Cleaned fine-grained classification image. Class: Pustules. Blur score: 99.33.
tiswan_001592,tiswan,cleaned_v1,datasets/skin/acne/final/subtype_classification/train/pustular/tiswan_001592.jpg,train,pustular,usable,non_expert,subtype_classification,acne,1.0,49d147589824496081e471b5814fa64b3ddc5a1a8be63332f49ff7ce40f42680,Cleaned fine-grained classification image. Class: Pustules. Blur score: 73.87.
tiswan_001593,tiswan,cleaned_v1,datasets/skin/acne/final/subtype_classification/train/pustular/tiswan_001593.jpg,train,pustular,usable,non_expert,subtype_classification,acne,1.0,1df7452675a87efa6963895ec78375b3999e3fe275003c0d1ab6783c1c31df6e,Cleaned fine-grained classification image. Class: Pustules. Blur score: 89.18.
tiswan_001594,tiswan,cleaned_v1,datasets/skin/acne/final/subtype_classification/train/pustular/tiswan_001594.jpg,train,pustular,usable,non_expert,subtype_classification,acne,1.0,914bae3da379c2123cf96eac422e3bf36be54691602efa61d5f7537894cc54aa,Cleaned fine-grained classification image. Class: Pustules. Blur score: 92.4.
tiswan_001595,tiswan,cleaned_v1,datasets/skin/acne/final/subtype_classification/train/pustular/tiswan_001595.jpg,train,pustular,usable,non_expert,subtype_classification,acne,1.0,3e366e8c9418efb7da56f167af8598146010636a81c9bdc929849013475b9282,Cleaned fine-grained classification image. Class: Pustules. Blur score: 78.31.
tiswan_001596,tiswan,cleaned_v1,datasets/skin/acne/final/subtype_classification/train/pustular/tiswan_001596.jpg,train,pustular,usable,non_expert,subtype_classification,acne,1.0,1a08bd023c9aa07567bc7d389235ac507ef2034f3176b26d489b6497314e38ae,Cleaned fine-grained classification image. Class: Pustules. Blur score: 62.22.
tiswan_001597,tiswan,cleaned_v1,datasets/skin/acne/final/subtype_classification/train/pustular/tiswan_001597.jpg,train,pustular,usable,non_expert,subtype_classification,acne,1.0,1d86b9e9432bfaca63b194edff2e3507f61a0c632fce33e4705744a33ed20b4e,Cleaned fine-grained classification image. Class: Pustules. Blur score: 90.61.
tiswan_001598,tiswan,cleaned_v1,datasets/skin/acne/final/subtype_classification/train/pustular/tiswan_001598.jpg,train,pustular,usable,non_expert,subtype_classification,acne,1.0,0817161b78230b6b9c110927176d3626a4c6b68ff620162eb4657a509ae6a4d3,Cleaned fine-grained classification image. Class: Pustules. Blur score: 89.7.
tiswan_001599,tiswan,cleaned_v1,datasets/skin/acne/final/subtype_classification/train/pustular/tiswan_001599.jpg,train,pustular,usable,non_expert,subtype_classification,acne,1.0,140d0e97e4c553e22697625ce510b7f2a1afe52048b424a8e03467cca3470230,Cleaned fine-grained classification image. Class: Pustules. Blur score: 70.4.
tiswan_001600,tiswan,cleaned_v1,datasets/skin/acne/final/subtype_classification/train/pustular/tiswan_001600.jpg,train,pustular,usable,non_expert,subtype_classification,acne,1.0,2e5710e065f67521c2ea5300cd6eb77cdd9ee1d6cf4c2f61f7a11bf624947406,Cleaned fine-grained classification image. Class: Pustules. Blur score: 62.18.
tiswan_001601,tiswan,cleaned_v1,datasets/skin/acne/final/subtype_classification/train/pustular/tiswan_001601.jpg,train,pustular,usable,non_expert,subtype_classification,acne,1.0,1480994700d8820434c0d52a4ef1aafcd8e1b2d99cfeb1aebb04825bf5e246fa,Cleaned fine-grained classification image. Class: Pustules. Blur score: 85.68.
tiswan_001602,tiswan,cleaned_v1,datasets/skin/acne/final/subtype_classification/train/pustular/tiswan_001602.jpg,train,pustular,usable,non_expert,subtype_classification,acne,1.0,37bf72f606552779fcd67da7e63821eb0a3b1ab1bf41ae1024cb3fd5fa327037,Cleaned fine-grained classification image. Class: Pustules. Blur score: 86.55.
tiswan_001603,tiswan,cleaned_v1,datasets/skin/acne/final/subtype_classification/train/pustular/tiswan_001603.jpg,train,pustular,usable,non_expert,subtype_classification,acne,1.0,15f4e1d4c518127ad70be89d224c3881ac35240421a64d58c73e8cb4e0ba8427,Cleaned fine-grained classification image. Class: Pustules. Blur score: 75.66.
tiswan_001604,tiswan,cleaned_v1,datasets/skin/acne/final/subtype_classification/train/pustular/tiswan_001604.jpg,train,pustular,usable,non_expert,subtype_classification,acne,1.0,997ccb053c803dfacadc63dea1497267ccdcc92f04d00aba0b2e69e28faa72dc,Cleaned fine-grained classification image. Class: Pustules. Blur score: 79.37.
tiswan_001605,tiswan,cleaned_v1,datasets/skin/acne/final/subtype_classification/train/pustular/tiswan_001605.jpg,train,pustular,usable,non_expert,subtype_classification,acne,1.0,0214b33602f130f96447afe507f2570482b15c3233304cc13a719b02cb3d0d91,Cleaned fine-grained classification image. Class: Pustules. Blur score: 66.85.
tiswan_001606,tiswan,cleaned_v1,datasets/skin/acne/final/subtype_classification/train/pustular/tiswan_001606.jpg,train,pustular,usable,non_expert,subtype_classification,acne,1.0,f90b1fe42923981c6662969f9e735ee99ae26962be726f28a92aa056a788e2e2,Cleaned fine-grained classification image. Class: Pustules. Blur score: 103.66.
tiswan_001607,tiswan,cleaned_v1,datasets/skin/acne/final/subtype_classification/train/pustular/tiswan_001607.jpg,train,pustular,usable,non_expert,subtype_classification,acne,1.0,aad418a7646183fb61d187b1a51770b871d088e5609cb62d656fc62651740977,Cleaned fine-grained classification image. Class: Pustules. Blur score: 111.84.
tiswan_001608,tiswan,cleaned_v1,datasets/skin/acne/final/subtype_classification/train/pustular/tiswan_001608.jpg,train,pustular,borderline,non_expert,subtype_classification,acne,1.0,a1d590ff594823cce615bb50f3e569e7c795d2487d6bc4cb92e37102cb6076b8,Cleaned fine-grained classification image. Class: Pustules. Blur score: 58.4.
tiswan_001609,tiswan,cleaned_v1,datasets/skin/acne/final/subtype_classification/train/pustular/tiswan_001609.jpg,train,pustular,usable,non_expert,subtype_classification,acne,1.0,4c7d4460d47dd0bcf391be7de965d1882cb64810ad35b75fb9325fbf68fa8f44,Cleaned fine-grained classification image. Class: Pustules. Blur score: 92.03.
tiswan_001610,tiswan,cleaned_v1,datasets/skin/acne/final/subtype_classification/train/pustular/tiswan_001610.jpg,train,pustular,borderline,non_expert,subtype_classification,acne,1.0,8045c9356830382d33cb6f0a47c3c62bd193a6718fde203af588644e3440f15d,Cleaned fine-grained classification image. Class: Pustules. Blur score: 56.49.
tiswan_001611,tiswan,cleaned_v1,datasets/skin/acne/final/subtype_classification/train/pustular/tiswan_001611.jpg,train,pustular,usable,non_expert,subtype_classification,acne,1.0,bab404ed02e31465881d6e13a230948c7b56fad7ea603fbc238f81486f2ffc70,Cleaned fine-grained classification image. Class: Pustules. Blur score: 109.02.
tiswan_001612,tiswan,cleaned_v1,datasets/skin/acne/final/subtype_classification/train/pustular/tiswan_001612.jpg,train,pustular,usable,non_expert,subtype_classification,acne,1.0,3cff0045484cd89ea611b7b05029a9e06b3ab977316f4c0aae27fbcdeac52a68,Cleaned fine-grained classification image. Class: Pustules. Blur score: 72.46.
tiswan_001613,tiswan,cleaned_v1,datasets/skin/acne/final/subtype_classification/train/pustular/tiswan_001613.jpg,train,pustular,usable,non_expert,subtype_classification,acne,1.0,6cdd2ef057070dd8a2a4bcb666e2c3f383bd21c68f26cacf67623b33159f4b6e,Cleaned fine-grained classification image. Class: Pustules. Blur score: 71.8.
tiswan_001614,tiswan,cleaned_v1,datasets/skin/acne/final/subtype_classification/train/pustular/tiswan_001614.jpg,train,pustular,usable,non_expert,subtype_classification,acne,1.0,2aa6f091f6a382c74b16b46c930bc9241b60ae1e81a1a8eb0c51fa85e47e9cc1,Cleaned fine-grained classification image. Class: Pustules. Blur score: 67.77.
tiswan_001615,tiswan,cleaned_v1,datasets/skin/acne/final/subtype_classification/train/pustular/tiswan_001615.jpg,train,pustular,usable,non_expert,subtype_classification,acne,1.0,81f0fe7aa64e658197de63468de80019aa148c1f789a428a8a7de94c191b9bb4,Cleaned fine-grained classification image. Class: Pustules. Blur score: 65.77.
tiswan_001616,tiswan,cleaned_v1,datasets/skin/acne/final/subtype_classification/train/pustular/tiswan_001616.jpg,train,pustular,borderline,non_expert,subtype_classification,acne,1.0,b06810a2cb944b8a04ab84587694bdf332b258d88e94e198b95026e009a456f0,Cleaned fine-grained classification image. Class: Pustules. Blur score: 59.16.
tiswan_001617,tiswan,cleaned_v1,datasets/skin/acne/final/subtype_classification/train/pustular/tiswan_001617.jpg,train,pustular,usable,non_expert,subtype_classification,acne,1.0,a79b3f9402d3b2b213e880cebcf68fa58736b8cf395d93ed4d835abfda796a7e,Cleaned fine-grained classification image. Class: Pustules. Blur score: 114.5.
tiswan_001618,tiswan,cleaned_v1,datasets/skin/acne/final/subtype_classification/train/pustular/tiswan_001618.jpg,train,pustular,borderline,non_expert,subtype_classification,acne,1.0,07b009067c296725b5ced7c82fac57ed464b9519c0b6236c69b3bd8321c48eee,Cleaned fine-grained classification image. Class: Pustules. Blur score: 31.93.
tiswan_001619,tiswan,cleaned_v1,datasets/skin/acne/final/subtype_classification/train/pustular/tiswan_001619.jpg,train,pustular,usable,non_expert,subtype_classification,acne,1.0,5ea211c7d523616a3a3f677cbd6131da55393ecb12eae41c6d2444144f42bd53,Cleaned fine-grained classification image. Class: Pustules. Blur score: 129.79.
tiswan_001620,tiswan,cleaned_v1,datasets/skin/acne/final/subtype_classification/train/pustular/tiswan_001620.jpg,train,pustular,usable,non_expert,subtype_classification,acne,1.0,a53fdfe41307d11425c571e5e62bcb7b1450af9fd3e747eac51ef530407b39d5,Cleaned fine-grained classification image. Class: Pustules. Blur score: 94.7.
tiswan_001621,tiswan,cleaned_v1,datasets/skin/acne/final/subtype_classification/train/pustular/tiswan_001621.jpg,train,pustular,usable,non_expert,subtype_classification,acne,1.0,6d570c26f7d2fccb1ddffe9394d8dd0f7b7262f3cfbdd1525cef73bd7255f6f9,Cleaned fine-grained classification image. Class: Pustules. Blur score: 105.56.
tiswan_001622,tiswan,cleaned_v1,datasets/skin/acne/final/subtype_classification/train/pustular/tiswan_001622.jpg,train,pustular,borderline,non_expert,subtype_classification,acne,1.0,95cb946d7ae0d82e54d748891ebe92d556d76c6ab53ace116a52322e9590cb6e,Cleaned fine-grained classification image. Class: Pustules. Blur score: 57.8.
tiswan_001623,tiswan,cleaned_v1,datasets/skin/acne/final/subtype_classification/train/pustular/tiswan_001623.jpg,train,pustular,usable,non_expert,subtype_classification,acne,1.0,fa543240c5b7687df30b4af3c916f2f0b1683eeca227b18bbd3380aca7ab6165,Cleaned fine-grained classification image. Class: Pustules. Blur score: 69.86.
tiswan_001624,tiswan,cleaned_v1,datasets/skin/acne/final/subtype_classification/train/pustular/tiswan_001624.jpg,train,pustular,usable,non_expert,subtype_classification,acne,1.0,290d221a50a440dcaab1dd6c20bb6003ea3cd3cb6a11e058d7b450cffc87bdba,Cleaned fine-grained classification image. Class: Pustules. Blur score: 104.14.
tiswan_001625,tiswan,cleaned_v1,datasets/skin/acne/final/subtype_classification/train/pustular/tiswan_001625.jpg,train,pustular,usable,non_expert,subtype_classification,acne,1.0,9973c45e75cde8aa82e16947781f7c795a8824d090e2cd8e09e9e4fbf98f1b2a,Cleaned fine-grained classification image. Class: Pustules. Blur score: 98.82.
tiswan_001626,tiswan,cleaned_v1,datasets/skin/acne/final/subtype_classification/train/pustular/tiswan_001626.jpg,train,pustular,usable,non_expert,subtype_classification,acne,1.0,a128c4b959824a8cb36a8447b140ae3d661a6763ef8b7555d680767e943211fe,Cleaned fine-grained classification image. Class: Pustules. Blur score: 73.08.
tiswan_001627,tiswan,cleaned_v1,datasets/skin/acne/final/subtype_classification/train/pustular/tiswan_001627.jpg,train,pustular,usable,non_expert,subtype_classification,acne,1.0,c396a59efd7b494f05a0d36abdee471e6f1131c8c7ed245df959ccaf0f0e59fb,Cleaned fine-grained classification image. Class: Pustules. Blur score: 81.35.
tiswan_001628,tiswan,cleaned_v1,datasets/skin/acne/final/subtype_classification/train/pustular/tiswan_001628.jpg,train,pustular,usable,non_expert,subtype_classification,acne,1.0,c723d079d0464cf666bf26689686f17ad1d8f625db11ac9c9a43a63684b3496b,Cleaned fine-grained classification image. Class: Pustules. Blur score: 108.04.
tiswan_001629,tiswan,cleaned_v1,datasets/skin/acne/final/subtype_classification/train/pustular/tiswan_001629.jpg,train,pustular,usable,non_expert,subtype_classification,acne,1.0,557b39a09ddbf91c3bb95779963136d82c86d8c162975ded10728c9821612412,Cleaned fine-grained classification image. Class: Pustules. Blur score: 84.46.
tiswan_001630,tiswan,cleaned_v1,datasets/skin/acne/final/subtype_classification/train/pustular/tiswan_001630.jpg,train,pustular,usable,non_expert,subtype_classification,acne,1.0,9427ab86915e990069372290ca90dbfe31faf96784a03389992adbdeb6a5b127,Cleaned fine-grained classification image. Class: Pustules. Blur score: 117.54.
tiswan_001631,tiswan,cleaned_v1,datasets/skin/acne/final/subtype_classification/train/pustular/tiswan_001631.jpg,train,pustular,usable,non_expert,subtype_classification,acne,1.0,deae04ddb62c212f8e804a378149c2b9d36384bde65f6e8bf2ff788ac43f82b1,Cleaned fine-grained classification image. Class: Pustules. Blur score: 89.0.
tiswan_001632,tiswan,cleaned_v1,datasets/skin/acne/final/subtype_classification/train/pustular/tiswan_001632.jpg,train,pustular,usable,non_expert,subtype_classification,acne,1.0,c4337898fceeffbffb79eeaeedecfed7f89bc70b5ec63c9bdccec46c0f96ecec,Cleaned fine-grained classification image. Class: Pustules. Blur score: 85.2.
tiswan_001633,tiswan,cleaned_v1,datasets/skin/acne/final/subtype_classification/train/pustular/tiswan_001633.jpg,train,pustular,usable,non_expert,subtype_classification,acne,1.0,372b1d578a8206e565a112e589fa6bfe10c0e3bdd401f305d2f3cdfcece65428,Cleaned fine-grained classification image. Class: Pustules. Blur score: 66.19.
tiswan_001634,tiswan,cleaned_v1,datasets/skin/acne/final/subtype_classification/train/pustular/tiswan_001634.jpg,train,pustular,usable,non_expert,subtype_classification,acne,1.0,1f7366f4c5261bf54e1eb83d0afbb422db78b58f16d4e891524bfc7010e45a37,Cleaned fine-grained classification image. Class: Pustules. Blur score: 79.6.
tiswan_001635,tiswan,cleaned_v1,datasets/skin/acne/final/subtype_classification/train/pustular/tiswan_001635.jpg,train,pustular,usable,non_expert,subtype_classification,acne,1.0,c97f388b161d22c990055cdfa2f5d2ed860ade976b1f45bc28c7cbf74bc1408c,Cleaned fine-grained classification image. Class: Pustules. Blur score: 65.07.
tiswan_001636,tiswan,cleaned_v1,datasets/skin/acne/final/subtype_classification/train/pustular/tiswan_001636.jpg,train,pustular,usable,non_expert,subtype_classification,acne,1.0,151ef378cfe3a22a23212603fddd24000984abfbbf6a279ef2629309207ec56f,Cleaned fine-grained classification image. Class: Pustules. Blur score: 72.04.
tiswan_001637,tiswan,cleaned_v1,datasets/skin/acne/final/subtype_classification/train/pustular/tiswan_001637.jpg,train,pustular,sharp,non_expert,subtype_classification,acne,1.0,cc0eab4c576ee16a95cbd9ab978f8a3274c24bd6838c4bb1acf514a26c653c70,Cleaned fine-grained classification image. Class: Pustules. Blur score: 224.84.
tiswan_001638,tiswan,cleaned_v1,datasets/skin/acne/final/subtype_classification/train/pustular/tiswan_001638.jpg,train,pustular,usable,non_expert,subtype_classification,acne,1.0,6bea847712c66dd12051036efe338cc52238a79141895732dca50018cbc980fa,Cleaned fine-grained classification image. Class: Pustules. Blur score: 110.05.
tiswan_001639,tiswan,cleaned_v1,datasets/skin/acne/final/subtype_classification/train/pustular/tiswan_001639.jpg,train,pustular,usable,non_expert,subtype_classification,acne,1.0,92d38dc8f6d88786cfcab353f29402ad7d47d6c05f361fe41a8bd18908c305e1,Cleaned fine-grained classification image. Class: Pustules. Blur score: 91.22.
tiswan_001640,tiswan,cleaned_v1,datasets/skin/acne/final/subtype_classification/train/pustular/tiswan_001640.jpg,train,pustular,usable,non_expert,subtype_classification,acne,1.0,707a2681b6808b3c56b5e40f7cb74f93f32ae70407e1917e63f8e47b03b8a6fc,Cleaned fine-grained classification image. Class: Pustules. Blur score: 94.31.
tiswan_001641,tiswan,cleaned_v1,datasets/skin/acne/final/subtype_classification/train/pustular/tiswan_001641.jpg,train,pustular,usable,non_expert,subtype_classification,acne,1.0,7fb5466cc67b019d8f347b1b2f18482af0026a4430477435fa5eb493c733f9e3,Cleaned fine-grained classification image. Class: Pustules. Blur score: 73.0.
tiswan_001642,tiswan,cleaned_v1,datasets/skin/acne/final/subtype_classification/train/pustular/tiswan_001642.jpg,train,pustular,usable,non_expert,subtype_classification,acne,1.0,c2559f7607bf53aaf816d358c31dccf27a700fbaa7ecfe1cb7e5eb02322044cd,Cleaned fine-grained classification image. Class: Pustules. Blur score: 112.15.
tiswan_001643,tiswan,cleaned_v1,datasets/skin/acne/final/subtype_classification/train/pustular/tiswan_001643.jpg,train,pustular,usable,non_expert,subtype_classification,acne,1.0,87bfe903e57e5a8ee18bf083ee590af0d3fa95cf5b233f437b2f6fec04d84108,Cleaned fine-grained classification image. Class: Pustules. Blur score: 69.14.
tiswan_001644,tiswan,cleaned_v1,datasets/skin/acne/final/subtype_classification/train/pustular/tiswan_001644.jpg,train,pustular,usable,non_expert,subtype_classification,acne,1.0,c0405875ab80885373c9a6ad3285941ec34761c8b1d9216fde6f7faec544d0f3,Cleaned fine-grained classification image. Class: Pustules. Blur score: 114.45.
tiswan_001645,tiswan,cleaned_v1,datasets/skin/acne/final/subtype_classification/train/pustular/tiswan_001645.jpg,train,pustular,usable,non_expert,subtype_classification,acne,1.0,4a09dcb2280399348a87ac121eab9ed141cdc52c3c936d7feb29aed5539c1d7d,Cleaned fine-grained classification image. Class: Pustules. Blur score: 99.42.
tiswan_001646,tiswan,cleaned_v1,datasets/skin/acne/final/subtype_classification/train/pustular/tiswan_001646.jpg,train,pustular,usable,non_expert,subtype_classification,acne,1.0,0fa85735d41944ff5180365620a1fea3f9fe820222e3653193b4c14c7d9092de,Cleaned fine-grained classification image. Class: Pustules. Blur score: 142.97.
tiswan_001647,tiswan,cleaned_v1,datasets/skin/acne/final/subtype_classification/train/pustular/tiswan_001647.jpg,train,pustular,borderline,non_expert,subtype_classification,acne,1.0,57d3369efaf3d633b49eaa376b93d8027c5308276f719fb3d6e0da3e7bd81c8e,Cleaned fine-grained classification image. Class: Pustules. Blur score: 31.79.
tiswan_001648,tiswan,cleaned_v1,datasets/skin/acne/final/subtype_classification/train/pustular/tiswan_001648.jpg,train,pustular,usable,non_expert,subtype_classification,acne,1.0,a46012ef857b6f99c83ba83861c4445b52ca476e63dabb92b585cd3de4d39b26,Cleaned fine-grained classification image. Class: Pustules. Blur score: 144.09.
tiswan_001649,tiswan,cleaned_v1,datasets/skin/acne/final/subtype_classification/train/pustular/tiswan_001649.jpg,train,pustular,usable,non_expert,subtype_classification,acne,1.0,1dfaa9c2a2e2c4d28da78c4aef7ea30dd20583e128014b782bc45a5b50661018,Cleaned fine-grained classification image. Class: Pustules. Blur score: 83.46.
tiswan_001650,tiswan,cleaned_v1,datasets/skin/acne/final/subtype_classification/train/pustular/tiswan_001650.jpg,train,pustular,usable,non_expert,subtype_classification,acne,1.0,10a8f6329fdc1fc3bfc2ebe52949a1dc3cf407c8bc38cb2414b9f7cc7d95b5cf,Cleaned fine-grained classification image. Class: Pustules. Blur score: 119.75.
tiswan_001651,tiswan,cleaned_v1,datasets/skin/acne/final/subtype_classification/train/pustular/tiswan_001651.jpg,train,pustular,usable,non_expert,subtype_classification,acne,1.0,48d861d4d22ded4e8196b495298dd9335854672ed0dd9efe055edc800d48f2de,Cleaned fine-grained classification image. Class: Pustules. Blur score: 123.44.
tiswan_001652,tiswan,cleaned_v1,datasets/skin/acne/final/subtype_classification/train/pustular/tiswan_001652.jpg,train,pustular,usable,non_expert,subtype_classification,acne,1.0,66d06ede695659a904c6cbc7b4626e2458f8e6023aa9aa6835cc055f8a9b78ad,Cleaned fine-grained classification image. Class: Pustules. Blur score: 101.72.
tiswan_001653,tiswan,cleaned_v1,datasets/skin/acne/final/subtype_classification/train/pustular/tiswan_001653.jpg,train,pustular,usable,non_expert,subtype_classification,acne,1.0,459f0c7a7ab12611f2a892965f05aa50bffab88d57910b2d66afe22e0fbfe096,Cleaned fine-grained classification image. Class: Pustules. Blur score: 133.27.
tiswan_001654,tiswan,cleaned_v1,datasets/skin/acne/final/subtype_classification/train/pustular/tiswan_001654.jpg,train,pustular,usable,non_expert,subtype_classification,acne,1.0,04d5da33eced529010cec88daf78f9a7a2471495f17a9cfa657fe39b2cec025e,Cleaned fine-grained classification image. Class: Pustules. Blur score: 63.38.
tiswan_001655,tiswan,cleaned_v1,datasets/skin/acne/final/subtype_classification/train/pustular/tiswan_001655.jpg,train,pustular,usable,non_expert,subtype_classification,acne,1.0,22f842e19febee65816628e108d8954ac820e77fe1e0303118892274724bfc40,Cleaned fine-grained classification image. Class: Pustules. Blur score: 66.2.
tiswan_001656,tiswan,cleaned_v1,datasets/skin/acne/final/subtype_classification/train/pustular/tiswan_001656.jpg,train,pustular,usable,non_expert,subtype_classification,acne,1.0,2e1ffef93452fc4198c10cd5c3a44d402413da56c36d0bc49235fdb4420e1fe4,Cleaned fine-grained classification image. Class: Pustules. Blur score: 123.36.
tiswan_001657,tiswan,cleaned_v1,datasets/skin/acne/final/subtype_classification/train/pustular/tiswan_001657.jpg,train,pustular,borderline,non_expert,subtype_classification,acne,1.0,866050765c12f2799680f0e4bb2a67fec9a4dd8e7025f521ab3a978ddee29047,Cleaned fine-grained classification image. Class: Pustules. Blur score: 59.88.
tiswan_001658,tiswan,cleaned_v1,datasets/skin/acne/final/subtype_classification/train/pustular/tiswan_001658.jpg,train,pustular,usable,non_expert,subtype_classification,acne,1.0,4d3330643656ae43d463cd1944f8105b2aa44543f6463608dbe4d83cb7fe152f,Cleaned fine-grained classification image. Class: Pustules. Blur score: 67.74.
tiswan_001659,tiswan,cleaned_v1,datasets/skin/acne/final/subtype_classification/train/pustular/tiswan_001659.jpg,train,pustular,usable,non_expert,subtype_classification,acne,1.0,ab50288f37ebc3b33b3ac079e07d0683bd5b2ceb2167a36bf9081392fc063501,Cleaned fine-grained classification image. Class: Pustules. Blur score: 67.28.
tiswan_001660,tiswan,cleaned_v1,datasets/skin/acne/final/subtype_classification/train/pustular/tiswan_001660.jpg,train,pustular,usable,non_expert,subtype_classification,acne,1.0,f0ccded8c22f242ad016dc76c9ec487d1c1352bd8ee1f775f7c3a9c7941d93dc,Cleaned fine-grained classification image. Class: Pustules. Blur score: 62.98.
tiswan_001661,tiswan,cleaned_v1,datasets/skin/acne/final/subtype_classification/train/pustular/tiswan_001661.jpg,train,pustular,usable,non_expert,subtype_classification,acne,1.0,7c775cea73acd48648ac7f1263e5b71e1ed1aa6d6fddcaf851eb198cd9a3ce05,Cleaned fine-grained classification image. Class: Pustules. Blur score: 123.68.
tiswan_001662,tiswan,cleaned_v1,datasets/skin/acne/final/subtype_classification/train/pustular/tiswan_001662.jpg,train,pustular,usable,non_expert,subtype_classification,acne,1.0,45f4d7ca5a22cefd86db10c3066a567854bf68e7fbdbc91f2192b3ffb51a5856,Cleaned fine-grained classification image. Class: Pustules. Blur score: 120.15.
tiswan_001663,tiswan,cleaned_v1,datasets/skin/acne/final/subtype_classification/train/pustular/tiswan_001663.jpg,train,pustular,usable,non_expert,subtype_classification,acne,1.0,fa6bfbf6158c6e2a759c4af66dc537249f26a98efb2cffdb07bed0e734d1937e,Cleaned fine-grained classification image. Class: Pustules. Blur score: 96.16.
tiswan_001664,tiswan,cleaned_v1,datasets/skin/acne/final/subtype_classification/train/pustular/tiswan_001664.jpg,train,pustular,usable,non_expert,subtype_classification,acne,1.0,5aa27cf6650bd1c589e79a8ffc6c7b7917fa8f3245a765840de84d919873a4e7,Cleaned fine-grained classification image. Class: Pustules. Blur score: 87.11.
tiswan_001665,tiswan,cleaned_v1,datasets/skin/acne/final/subtype_classification/train/pustular/tiswan_001665.jpg,train,pustular,usable,non_expert,subtype_classification,acne,1.0,abd7f6e90ff795997f760623fcf4b05ba92d66a985f0ce9720092e2195b22ffd,Cleaned fine-grained classification image. Class: Pustules. Blur score: 142.64.
tiswan_001666,tiswan,cleaned_v1,datasets/skin/acne/final/subtype_classification/train/pustular/tiswan_001666.jpg,train,pustular,borderline,non_expert,subtype_classification,acne,1.0,6ac9417829787c4ecb5822e2e7c2d43a51c9f3444e81ec190d208c5519c2e9d4,Cleaned fine-grained classification image. Class: Pustules. Blur score: 43.78.
tiswan_001667,tiswan,cleaned_v1,datasets/skin/acne/final/subtype_classification/train/pustular/tiswan_001667.jpg,train,pustular,usable,non_expert,subtype_classification,acne,1.0,fd5d08932283da76cc77ca80f7637a8c04b7b0cdf6c4f4f17e467fd20592e59a,Cleaned fine-grained classification image. Class: Pustules. Blur score: 110.4.
tiswan_001668,tiswan,cleaned_v1,datasets/skin/acne/final/subtype_classification/train/pustular/tiswan_001668.jpg,train,pustular,sharp,non_expert,subtype_classification,acne,1.0,4aaa9c4d82c920a69b78fb9f971fbe2295c8f8c55c96838de19e9e570dd65181,Cleaned fine-grained classification image. Class: Pustules. Blur score: 374.21.
tiswan_001669,tiswan,cleaned_v1,datasets/skin/acne/final/subtype_classification/train/pustular/tiswan_001669.jpg,train,pustular,borderline,non_expert,subtype_classification,acne,1.0,9f6b54214867e2e6926b5dd4ae2ad6588719d530f37e4297af3e09816610d88b,Cleaned fine-grained classification image. Class: Pustules. Blur score: 59.92.
tiswan_001670,tiswan,cleaned_v1,datasets/skin/acne/final/subtype_classification/train/pustular/tiswan_001670.jpg,train,pustular,usable,non_expert,subtype_classification,acne,1.0,131dc9006da6666169130aa867194df668da35d4282b02d5c176c54e02f49726,Cleaned fine-grained classification image. Class: Pustules. Blur score: 63.27.
tiswan_001671,tiswan,cleaned_v1,datasets/skin/acne/final/subtype_classification/train/pustular/tiswan_001671.jpg,train,pustular,usable,non_expert,subtype_classification,acne,1.0,a49726cdd8ef0d3f0b31fc68e9d221328fe5c4f0a41f92693315e6498f7387a8,Cleaned fine-grained classification image. Class: Pustules. Blur score: 115.41.
tiswan_001672,tiswan,cleaned_v1,datasets/skin/acne/final/subtype_classification/train/pustular/tiswan_001672.jpg,train,pustular,usable,non_expert,subtype_classification,acne,1.0,0b7dfc38b32d989d3d9fe41368038c60d61c7fd70aae17401f63ce1ef88800b6,Cleaned fine-grained classification image. Class: Pustules. Blur score: 86.05.
tiswan_001673,tiswan,cleaned_v1,datasets/skin/acne/final/subtype_classification/train/pustular/tiswan_001673.jpg,train,pustular,borderline,non_expert,subtype_classification,acne,1.0,f3524dfb824a9aa879483c6a33fa70d748b6003fa01835e67d0a7ac9c653292d,Cleaned fine-grained classification image. Class: Pustules. Blur score: 51.63.
tiswan_001674,tiswan,cleaned_v1,datasets/skin/acne/final/subtype_classification/train/pustular/tiswan_001674.jpg,train,pustular,usable,non_expert,subtype_classification,acne,1.0,8323598ad6da37a8eceabf68be37d6265225b01b9a47c76228a2f7631785b0fd,Cleaned fine-grained classification image. Class: Pustules. Blur score: 95.74.
tiswan_001675,tiswan,cleaned_v1,datasets/skin/acne/final/subtype_classification/train/pustular/tiswan_001675.jpg,train,pustular,usable,non_expert,subtype_classification,acne,1.0,8c7270ebd2496b597e23749ecde8924e5b33dd81c3683c7ae8c1f4fbcbbe2123,Cleaned fine-grained classification image. Class: Pustules. Blur score: 76.21.
tiswan_001676,tiswan,cleaned_v1,datasets/skin/acne/final/subtype_classification/train/pustular/tiswan_001676.jpg,train,pustular,usable,non_expert,subtype_classification,acne,1.0,bb22fb9d7e14cfcbb6112dd8f71fa863f1ad5725c0ba120e912b811b5dd958cf,Cleaned fine-grained classification image. Class: Pustules. Blur score: 92.02.
tiswan_001677,tiswan,cleaned_v1,datasets/skin/acne/final/subtype_classification/train/pustular/tiswan_001677.jpg,train,pustular,usable,non_expert,subtype_classification,acne,1.0,b436bdeea10d98e8f0a2b9539c4f00e95d756a218ceff581f292c85c27493758,Cleaned fine-grained classification image. Class: Pustules. Blur score: 90.28.
tiswan_001678,tiswan,cleaned_v1,datasets/skin/acne/final/subtype_classification/train/pustular/tiswan_001678.jpg,train,pustular,usable,non_expert,subtype_classification,acne,1.0,7fb8bd954e62b139ba6bdd4c3b9e2f8763d5f8cf6cbebffc4ed0acae16620c5d,Cleaned fine-grained classification image. Class: Pustules. Blur score: 66.85.
tiswan_001679,tiswan,cleaned_v1,datasets/skin/acne/final/subtype_classification/train/pustular/tiswan_001679.jpg,train,pustular,borderline,non_expert,subtype_classification,acne,1.0,6bdd0a14eb8dc70909e03e5447b6590378bdd6be025e0c88d68c9ea812bb4e89,Cleaned fine-grained classification image. Class: Pustules. Blur score: 58.36.
tiswan_001680,tiswan,cleaned_v1,datasets/skin/acne/final/subtype_classification/train/pustular/tiswan_001680.jpg,train,pustular,borderline,non_expert,subtype_classification,acne,1.0,3d5287b021aa5c180077d5628dfd1da60fc99a0aa7099861b63cc204c5ef59b3,Cleaned fine-grained classification image. Class: Pustules. Blur score: 45.51.
tiswan_001681,tiswan,cleaned_v1,datasets/skin/acne/final/subtype_classification/train/pustular/tiswan_001681.jpg,train,pustular,usable,non_expert,subtype_classification,acne,1.0,cceee335ca25a28fb5a7ee97b9a962036af70692dfb06d2ff1e3083b66482083,Cleaned fine-grained classification image. Class: Pustules. Blur score: 85.51.
tiswan_001682,tiswan,cleaned_v1,datasets/skin/acne/final/subtype_classification/train/pustular/tiswan_001682.jpg,train,pustular,usable,non_expert,subtype_classification,acne,1.0,e9f622b3a41fda765f40128063e21a3d546831fb45b3f2fcbf10f2ea7acb8f21,Cleaned fine-grained classification image. Class: Pustules. Blur score: 79.68.
tiswan_001683,tiswan,cleaned_v1,datasets/skin/acne/final/subtype_classification/train/pustular/tiswan_001683.jpg,train,pustular,borderline,non_expert,subtype_classification,acne,1.0,1ed9d0be2554c04e5d5ce48ee521c8c2fae63521ef7fbbc0a00be0c3f170e499,Cleaned fine-grained classification image. Class: Pustules. Blur score: 57.25.
tiswan_001684,tiswan,cleaned_v1,datasets/skin/acne/final/subtype_classification/train/pustular/tiswan_001684.jpg,train,pustular,usable,non_expert,subtype_classification,acne,1.0,ba9fbe5110683d2339304d43fc4a2539ece9094075129c0ac142ff87490ee569,Cleaned fine-grained classification image. Class: Pustules. Blur score: 78.77.
tiswan_001685,tiswan,cleaned_v1,datasets/skin/acne/final/subtype_classification/train/pustular/tiswan_001685.jpg,train,pustular,usable,non_expert,subtype_classification,acne,1.0,34bcccf31914303976c4a27908767f36dbae203e37657bc04692a30b0a89b24f,Cleaned fine-grained classification image. Class: Pustules. Blur score: 136.85.
tiswan_001686,tiswan,cleaned_v1,datasets/skin/acne/final/subtype_classification/train/pustular/tiswan_001686.jpg,train,pustular,usable,non_expert,subtype_classification,acne,1.0,b21591de0bb9a6ec666704648ef330a3b46f1a58f438479fec69e79740c954c7,Cleaned fine-grained classification image. Class: Pustules. Blur score: 128.53.
tiswan_001687,tiswan,cleaned_v1,datasets/skin/acne/final/subtype_classification/train/pustular/tiswan_001687.jpg,train,pustular,borderline,non_expert,subtype_classification,acne,1.0,94d1daba21c128f908c52d99e9decf57fa7450069d093318f6dac325962701e3,Cleaned fine-grained classification image. Class: Pustules. Blur score: 35.79.
tiswan_001688,tiswan,cleaned_v1,datasets/skin/acne/final/subtype_classification/train/pustular/tiswan_001688.jpg,train,pustular,usable,non_expert,subtype_classification,acne,1.0,d0c64ce21d7954a934ea28bbfa21fa7085bcfb20ea17621d8040cc957d06bc8b,Cleaned fine-grained classification image. Class: Pustules. Blur score: 88.51.
tiswan_001689,tiswan,cleaned_v1,datasets/skin/acne/final/subtype_classification/train/pustular/tiswan_001689.jpg,train,pustular,borderline,non_expert,subtype_classification,acne,1.0,6b81eeb3af138f063894b077f952b6cd9498a2a2295fb8250e14c9b572cb90ad,Cleaned fine-grained classification image. Class: Pustules. Blur score: 49.75.
tiswan_001690,tiswan,cleaned_v1,datasets/skin/acne/final/subtype_classification/train/pustular/tiswan_001690.jpg,train,pustular,usable,non_expert,subtype_classification,acne,1.0,3a92ea7812b12ba74ce54ecd70f02e6326299619aa291ee914d5597eb6293b23,Cleaned fine-grained classification image. Class: Pustules. Blur score: 100.33.
tiswan_001691,tiswan,cleaned_v1,datasets/skin/acne/final/subtype_classification/train/pustular/tiswan_001691.jpg,train,pustular,usable,non_expert,subtype_classification,acne,1.0,17de487ad3bfb4eb1841217a9bb7f8e773d622ae0fb824e6636e06fde2759bdb,Cleaned fine-grained classification image. Class: Pustules. Blur score: 87.69.
tiswan_001692,tiswan,cleaned_v1,datasets/skin/acne/final/subtype_classification/train/pustular/tiswan_001692.jpg,train,pustular,usable,non_expert,subtype_classification,acne,1.0,b4c0ba798ac641093e82211d702cb221b89b3523a6cf35ec557a6320078b763b,Cleaned fine-grained classification image. Class: Pustules. Blur score: 97.64.
tiswan_001693,tiswan,cleaned_v1,datasets/skin/acne/final/subtype_classification/train/pustular/tiswan_001693.jpg,train,pustular,usable,non_expert,subtype_classification,acne,1.0,82d3f91b289451e3f2ed7e98f9f801ff62d5f97c2b5c86dd3098ab39c61ba77c,Cleaned fine-grained classification image. Class: Pustules. Blur score: 73.45.
tiswan_001694,tiswan,cleaned_v1,datasets/skin/acne/final/subtype_classification/train/pustular/tiswan_001694.jpg,train,pustular,sharp,non_expert,subtype_classification,acne,1.0,183d92e2e2a01ccde9d9cf35171ba69cb14dc4cb9a32eb5944ae2aade4f24d8e,Cleaned fine-grained classification image. Class: Pustules. Blur score: 350.9.
tiswan_001695,tiswan,cleaned_v1,datasets/skin/acne/final/subtype_classification/train/pustular/tiswan_001695.jpg,train,pustular,sharp,non_expert,subtype_classification,acne,1.0,d2222e109d845ea30cf7420f4069e1fe07031667b38632a9e8b3be26ca6ad70d,Cleaned fine-grained classification image. Class: Pustules. Blur score: 194.18.
tiswan_001696,tiswan,cleaned_v1,datasets/skin/acne/final/subtype_classification/train/pustular/tiswan_001696.jpg,train,pustular,usable,non_expert,subtype_classification,acne,1.0,8389dc99cfa2b4fe03c8cb9971a3202987b7d4b46f17d24dcdc6a100022c8066,Cleaned fine-grained classification image. Class: Pustules. Blur score: 102.62.
tiswan_001697,tiswan,cleaned_v1,datasets/skin/acne/final/subtype_classification/train/pustular/tiswan_001697.jpg,train,pustular,usable,non_expert,subtype_classification,acne,1.0,2fa55770e85c245385fdff1b1a7f237870e81bb47c7d4dad8c17bcf4f178f8b6,Cleaned fine-grained classification image. Class: Pustules. Blur score: 103.36.
tiswan_001698,tiswan,cleaned_v1,datasets/skin/acne/final/subtype_classification/train/pustular/tiswan_001698.jpg,train,pustular,usable,non_expert,subtype_classification,acne,1.0,a57cc93844aca3cabf780e9311f2a5c1b34d6e019d9266ff440e66597f781579,Cleaned fine-grained classification image. Class: Pustules. Blur score: 81.67.
tiswan_001699,tiswan,cleaned_v1,datasets/skin/acne/final/subtype_classification/train/pustular/tiswan_001699.jpg,train,pustular,borderline,non_expert,subtype_classification,acne,1.0,d88eee6c63d99c46297aa0a86fd9b6b085efce382b424dd9d89fedfad46f1aae,Cleaned fine-grained classification image. Class: Pustules. Blur score: 30.55.
tiswan_001700,tiswan,cleaned_v1,datasets/skin/acne/final/subtype_classification/train/pustular/tiswan_001700.jpg,train,pustular,usable,non_expert,subtype_classification,acne,1.0,5e094c6bed59485dbe567cbf39c3215bf457061ac6fde16b89f049d4638b99f6,Cleaned fine-grained classification image. Class: Pustules. Blur score: 91.25.
tiswan_001701,tiswan,cleaned_v1,datasets/skin/acne/final/subtype_classification/train/pustular/tiswan_001701.jpg,train,pustular,usable,non_expert,subtype_classification,acne,1.0,2e2b13b54f4a6f74a443be80f63d491ab6ec30d4571d80b92e01ae467d751c9d,Cleaned fine-grained classification image. Class: Pustules. Blur score: 97.58.
tiswan_001702,tiswan,cleaned_v1,datasets/skin/acne/final/subtype_classification/train/pustular/tiswan_001702.jpg,train,pustular,usable,non_expert,subtype_classification,acne,1.0,b40063e5d4bc652c887c97ee3f96a1efcec33dd870e5fda1da846472d956c056,Cleaned fine-grained classification image. Class: Pustules. Blur score: 102.65.
tiswan_001703,tiswan,cleaned_v1,datasets/skin/acne/final/subtype_classification/train/pustular/tiswan_001703.jpg,train,pustular,usable,non_expert,subtype_classification,acne,1.0,5ca1a2df4f06b4cc519dee04e171c64c171704a4224163b7bbd5ec2331f916f1,Cleaned fine-grained classification image. Class: Pustules. Blur score: 94.16.
tiswan_001704,tiswan,cleaned_v1,datasets/skin/acne/final/subtype_classification/train/pustular/tiswan_001704.jpg,train,pustular,usable,non_expert,subtype_classification,acne,1.0,0ab748ca7c0350cbac20a1200a549d0b7a42b5c6c8c1ffe6e1283ce8b57c6284,Cleaned fine-grained classification image. Class: Pustules. Blur score: 99.75.
tiswan_001705,tiswan,cleaned_v1,datasets/skin/acne/final/subtype_classification/train/pustular/tiswan_001705.jpg,train,pustular,usable,non_expert,subtype_classification,acne,1.0,b9c84f9dc12b6aa0b74cfb9cedc619816d82019ca0d3ccdd203c6226dd7a9fd9,Cleaned fine-grained classification image. Class: Pustules. Blur score: 112.43.
tiswan_001706,tiswan,cleaned_v1,datasets/skin/acne/final/subtype_classification/train/pustular/tiswan_001706.jpg,train,pustular,borderline,non_expert,subtype_classification,acne,1.0,2a99d82e163159d5b5ff7cf6d4fbae51641a4ba5c02df381677c0228a78514d7,Cleaned fine-grained classification image. Class: Pustules. Blur score: 36.06.
tiswan_001707,tiswan,cleaned_v1,datasets/skin/acne/final/subtype_classification/train/pustular/tiswan_001707.jpg,train,pustular,usable,non_expert,subtype_classification,acne,1.0,b01052999e88cdfc1eab080346576c217a8ecb20e7b9d001889f217fc6cf678a,Cleaned fine-grained classification image. Class: Pustules. Blur score: 119.43.
tiswan_001708,tiswan,cleaned_v1,datasets/skin/acne/final/subtype_classification/train/pustular/tiswan_001708.jpg,train,pustular,borderline,non_expert,subtype_classification,acne,1.0,87c0474d83af79d6725abd457ad0f9956b6721c8bc7bcd29f30aa41b2c07cb94,Cleaned fine-grained classification image. Class: Pustules. Blur score: 50.24.
tiswan_001709,tiswan,cleaned_v1,datasets/skin/acne/final/subtype_classification/train/pustular/tiswan_001709.jpg,train,pustular,usable,non_expert,subtype_classification,acne,1.0,638bf71c8b65f9f0e9fa233d43d17f5f23d0a7c49edb580af0cc8b0d84877feb,Cleaned fine-grained classification image. Class: Pustules. Blur score: 81.67.
tiswan_001710,tiswan,cleaned_v1,datasets/skin/acne/final/subtype_classification/train/pustular/tiswan_001710.jpg,train,pustular,usable,non_expert,subtype_classification,acne,1.0,f3f62211035c5536439039ed3ea72d7b3f42d8980651a2f0197defff09a9cdd9,Cleaned fine-grained classification image. Class: Pustules. Blur score: 78.41.
tiswan_001711,tiswan,cleaned_v1,datasets/skin/acne/final/subtype_classification/train/pustular/tiswan_001711.jpg,train,pustular,usable,non_expert,subtype_classification,acne,1.0,2d2603263903f996380f7bf62d6694ee9bf324ce7a43aef58016dd9bdd8bb553,Cleaned fine-grained classification image. Class: Pustules. Blur score: 72.26.
tiswan_001712,tiswan,cleaned_v1,datasets/skin/acne/final/subtype_classification/train/pustular/tiswan_001712.jpg,train,pustular,usable,non_expert,subtype_classification,acne,1.0,f19508db937689ae5c1ac1c562b566c3ee77daad45068a6b7113d89770f57ce8,Cleaned fine-grained classification image. Class: Pustules. Blur score: 102.25.
tiswan_001713,tiswan,cleaned_v1,datasets/skin/acne/final/subtype_classification/train/pustular/tiswan_001713.jpg,train,pustular,sharp,non_expert,subtype_classification,acne,1.0,14e8614173e87eb07eb83060d9130cf52a9b5401899f088e254401e54a8cb02f,Cleaned fine-grained classification image. Class: Pustules. Blur score: 224.48.
tiswan_001714,tiswan,cleaned_v1,datasets/skin/acne/final/subtype_classification/train/pustular/tiswan_001714.jpg,train,pustular,usable,non_expert,subtype_classification,acne,1.0,10a23df51987cd3168c5bedab65e8d4757ae3c79771ef8c81db2d5e4aa1fcf75,Cleaned fine-grained classification image. Class: Pustules. Blur score: 60.34.
tiswan_001715,tiswan,cleaned_v1,datasets/skin/acne/final/subtype_classification/train/pustular/tiswan_001715.jpg,train,pustular,usable,non_expert,subtype_classification,acne,1.0,71200d29cc74438ff5b8403573e1e368df8a81c4103bbe0b3e7275e932fc44ba,Cleaned fine-grained classification image. Class: Pustules. Blur score: 75.64.
tiswan_001716,tiswan,cleaned_v1,datasets/skin/acne/final/subtype_classification/train/pustular/tiswan_001716.jpg,train,pustular,usable,non_expert,subtype_classification,acne,1.0,b18485982f7255f3541eec1e6fcd641cf557c4ab1d3296c70c53b1d8ddaeb6c0,Cleaned fine-grained classification image. Class: Pustules. Blur score: 109.4.
tiswan_001717,tiswan,cleaned_v1,datasets/skin/acne/final/subtype_classification/train/pustular/tiswan_001717.jpg,train,pustular,usable,non_expert,subtype_classification,acne,1.0,dfe46d912092fc52d3f7fa8a36e63b7f3aa70fbc9ca851240de998e997969784,Cleaned fine-grained classification image. Class: Pustules. Blur score: 68.3.
tiswan_001718,tiswan,cleaned_v1,datasets/skin/acne/final/subtype_classification/train/pustular/tiswan_001718.jpg,train,pustular,usable,non_expert,subtype_classification,acne,1.0,5788fa3de578308947ae431dc529288d1501f4c3018d50c596dc24eee0079dac,Cleaned fine-grained classification image. Class: Pustules. Blur score: 67.86.
tiswan_001719,tiswan,cleaned_v1,datasets/skin/acne/final/subtype_classification/train/pustular/tiswan_001719.jpg,train,pustular,usable,non_expert,subtype_classification,acne,1.0,1f9942c87ef69b2e0a9625590dfc4c94a51f12a37c9303a6a897b290e5757c72,Cleaned fine-grained classification image. Class: Pustules. Blur score: 103.54.
tiswan_001720,tiswan,cleaned_v1,datasets/skin/acne/final/subtype_classification/train/pustular/tiswan_001720.jpg,train,pustular,usable,non_expert,subtype_classification,acne,1.0,7414b876aa378b4db33729080ed205d54fa5f2102945de5994c3fba2242128f4,Cleaned fine-grained classification image. Class: Pustules. Blur score: 106.6.
tiswan_001721,tiswan,cleaned_v1,datasets/skin/acne/final/subtype_classification/train/pustular/tiswan_001721.jpg,train,pustular,sharp,non_expert,subtype_classification,acne,1.0,66400358ba7b4a1a8114e4215a1fb044788396b6ccab61ff906143852068f38d,Cleaned fine-grained classification image. Class: Pustules. Blur score: 264.31.
tiswan_001722,tiswan,cleaned_v1,datasets/skin/acne/final/subtype_classification/train/pustular/tiswan_001722.jpg,train,pustular,usable,non_expert,subtype_classification,acne,1.0,1cb2002d59a53f4526b9f31c8f20b063befbfe59821d7536f4487ecf8fe8674a,Cleaned fine-grained classification image. Class: Pustules. Blur score: 75.87.
tiswan_001723,tiswan,cleaned_v1,datasets/skin/acne/final/subtype_classification/train/pustular/tiswan_001723.jpg,train,pustular,usable,non_expert,subtype_classification,acne,1.0,e437db33fdc68e9e6b344063a2e566038550e837d16ee84e570ccc86a7239fa5,Cleaned fine-grained classification image. Class: Pustules. Blur score: 114.25.
tiswan_001724,tiswan,cleaned_v1,datasets/skin/acne/final/subtype_classification/train/pustular/tiswan_001724.jpg,train,pustular,usable,non_expert,subtype_classification,acne,1.0,a151798a13cba099de60e2ed135dec10d37229b007f4a6056e3aa2557e980535,Cleaned fine-grained classification image. Class: Pustules. Blur score: 97.08.
tiswan_001725,tiswan,cleaned_v1,datasets/skin/acne/final/subtype_classification/train/pustular/tiswan_001725.jpg,train,pustular,usable,non_expert,subtype_classification,acne,1.0,b098ab03c49fbb798ff27cf6e4aa6d93ad98080b04a83decf172e9b2d105090a,Cleaned fine-grained classification image. Class: Pustules. Blur score: 61.43.
tiswan_001726,tiswan,cleaned_v1,datasets/skin/acne/final/subtype_classification/train/pustular/tiswan_001726.jpg,train,pustular,usable,non_expert,subtype_classification,acne,1.0,4734daf6c787aa94c09a27a529f807cf6032fe25415c6fd3fbb01722d843710e,Cleaned fine-grained classification image. Class: Pustules. Blur score: 98.78.
tiswan_001727,tiswan,cleaned_v1,datasets/skin/acne/final/subtype_classification/train/pustular/tiswan_001727.jpg,train,pustular,usable,non_expert,subtype_classification,acne,1.0,d47c1801866da069f346a2dc680032b7484db3b0578faee7ce44776d8641ab53,Cleaned fine-grained classification image. Class: Pustules. Blur score: 66.44.
tiswan_001728,tiswan,cleaned_v1,datasets/skin/acne/final/subtype_classification/train/pustular/tiswan_001728.jpg,train,pustular,usable,non_expert,subtype_classification,acne,1.0,29d921898ce6e5ec8bee0684a887fbcc55364a08f8188c5940f8afacc8f27557,Cleaned fine-grained classification image. Class: Pustules. Blur score: 106.13.
tiswan_001729,tiswan,cleaned_v1,datasets/skin/acne/final/subtype_classification/train/pustular/tiswan_001729.jpg,train,pustular,usable,non_expert,subtype_classification,acne,1.0,94d96eafafe6a86080946a6e3532895b339d7cc9bf9236286ab71770c4be19b9,Cleaned fine-grained classification image. Class: Pustules. Blur score: 115.89.
tiswan_001730,tiswan,cleaned_v1,datasets/skin/acne/final/subtype_classification/train/pustular/tiswan_001730.jpg,train,pustular,borderline,non_expert,subtype_classification,acne,1.0,3b4c86759a6c90ced5765a03ac73692f89d50251e0a3a427ef9f905a85833049,Cleaned fine-grained classification image. Class: Pustules. Blur score: 42.56.
tiswan_001731,tiswan,cleaned_v1,datasets/skin/acne/final/subtype_classification/train/pustular/tiswan_001731.jpg,train,pustular,usable,non_expert,subtype_classification,acne,1.0,0a28a1e82fd601e713b6bb8569bc4d37f8ff1f5c28f034c061c531e32ed48ddf,Cleaned fine-grained classification image. Class: Pustules. Blur score: 74.5.
tiswan_001732,tiswan,cleaned_v1,datasets/skin/acne/final/subtype_classification/train/pustular/tiswan_001732.jpg,train,pustular,usable,non_expert,subtype_classification,acne,1.0,7bde8dbce909bca7c332e24da36439162783730e7b4a4eae60f69336359dea57,Cleaned fine-grained classification image. Class: Pustules. Blur score: 61.25.
tiswan_001733,tiswan,cleaned_v1,datasets/skin/acne/final/subtype_classification/train/pustular/tiswan_001733.jpg,train,pustular,sharp,non_expert,subtype_classification,acne,1.0,f6a90fe73f221702cc86b374f341513021ca55488fa1aea2e3d31e2f0f6b1152,Cleaned fine-grained classification image. Class: Pustules. Blur score: 421.02.
tiswan_001734,tiswan,cleaned_v1,datasets/skin/acne/final/subtype_classification/train/pustular/tiswan_001734.jpg,train,pustular,usable,non_expert,subtype_classification,acne,1.0,0c7118a61924aeede55288f8c19e343ac4463cb2d9605a29f331d3dedad62312,Cleaned fine-grained classification image. Class: Pustules. Blur score: 94.19.
tiswan_001735,tiswan,cleaned_v1,datasets/skin/acne/final/subtype_classification/train/pustular/tiswan_001735.jpg,train,pustular,borderline,non_expert,subtype_classification,acne,1.0,889ca17d737048207992043b8aaeda04cd89476590fbd71cfa10549dc7e058f9,Cleaned fine-grained classification image. Class: Pustules. Blur score: 54.57.
tiswan_001736,tiswan,cleaned_v1,datasets/skin/acne/final/subtype_classification/train/pustular/tiswan_001736.jpg,train,pustular,usable,non_expert,subtype_classification,acne,1.0,291d2b5ba28a5b0eb056d3c550ccf4540d3220a10c46d9105bf7f557ee009e56,Cleaned fine-grained classification image. Class: Pustules. Blur score: 92.79.
tiswan_001737,tiswan,cleaned_v1,datasets/skin/acne/final/subtype_classification/train/pustular/tiswan_001737.jpg,train,pustular,borderline,non_expert,subtype_classification,acne,1.0,c6369ce2bac83ef79cd6663834657505b94bc6c7595ee8e81e7da432269b2524,Cleaned fine-grained classification image. Class: Pustules. Blur score: 56.13.
tiswan_001738,tiswan,cleaned_v1,datasets/skin/acne/final/subtype_classification/train/pustular/tiswan_001738.jpg,train,pustular,usable,non_expert,subtype_classification,acne,1.0,0e6d6f1f362b58ae60065252e7553c985823bd3b0f2f4e69f99ed45d3c55b5f7,Cleaned fine-grained classification image. Class: Pustules. Blur score: 63.76.
tiswan_001739,tiswan,cleaned_v1,datasets/skin/acne/final/subtype_classification/train/pustular/tiswan_001739.jpg,train,pustular,sharp,non_expert,subtype_classification,acne,1.0,4fe097fdbf3bcb318cb95350ff5e25e53032fe4d81d1f71997a1ac95b32d9688,Cleaned fine-grained classification image. Class: Pustules. Blur score: 303.37.
tiswan_001740,tiswan,cleaned_v1,datasets/skin/acne/final/subtype_classification/train/pustular/tiswan_001740.jpg,train,pustular,usable,non_expert,subtype_classification,acne,1.0,987730c9acf9304f4c7e4ebe7dcc1f8cbceb61fac8a419d6a4b0b0626c97f574,Cleaned fine-grained classification image. Class: Pustules. Blur score: 111.39.
tiswan_001741,tiswan,cleaned_v1,datasets/skin/acne/final/subtype_classification/train/pustular/tiswan_001741.jpg,train,pustular,usable,non_expert,subtype_classification,acne,1.0,38f229fc519c49a4a9dc7c57f4797a57250756b147e0ed1d6a9850d78c68785c,Cleaned fine-grained classification image. Class: Pustules. Blur score: 75.38.
tiswan_001742,tiswan,cleaned_v1,datasets/skin/acne/final/subtype_classification/train/pustular/tiswan_001742.jpg,train,pustular,borderline,non_expert,subtype_classification,acne,1.0,60b1449aeb998bb6f64cdbc9bb64cfd491aa7a624801a99c15c849f2293ab5fd,Cleaned fine-grained classification image. Class: Pustules. Blur score: 33.09.
tiswan_001743,tiswan,cleaned_v1,datasets/skin/acne/final/subtype_classification/train/pustular/tiswan_001743.jpg,train,pustular,usable,non_expert,subtype_classification,acne,1.0,1f4174a13045eac8e314b91367bdbe9e853c91a4207abf72a68c67bc2457fc67,Cleaned fine-grained classification image. Class: Pustules. Blur score: 81.59.
tiswan_001744,tiswan,cleaned_v1,datasets/skin/acne/final/subtype_classification/train/pustular/tiswan_001744.jpg,train,pustular,usable,non_expert,subtype_classification,acne,1.0,68e0c74a6f2278293b30d2b51715e7786fd7b2e2c6ba8624d51110fbb3184909,Cleaned fine-grained classification image. Class: Pustules. Blur score: 61.54.
tiswan_001745,tiswan,cleaned_v1,datasets/skin/acne/final/subtype_classification/train/pustular/tiswan_001745.jpg,train,pustular,borderline,non_expert,subtype_classification,acne,1.0,e9855d528bd9ea4c4a334e531df79827dea04acbfa1dbc08a9d961b146b31fd1,Cleaned fine-grained classification image. Class: Pustules. Blur score: 51.74.
tiswan_001746,tiswan,cleaned_v1,datasets/skin/acne/final/subtype_classification/train/pustular/tiswan_001746.jpg,train,pustular,usable,non_expert,subtype_classification,acne,1.0,27dcd5605a2f29c181cd616a8dfed6f25be57e2561905f687a3546966b5b076a,Cleaned fine-grained classification image. Class: Pustules. Blur score: 61.06.
tiswan_001747,tiswan,cleaned_v1,datasets/skin/acne/final/subtype_classification/train/pustular/tiswan_001747.jpg,train,pustular,sharp,non_expert,subtype_classification,acne,1.0,fcd30e21bb1e31b845dcf777de8cabb450a9f38b7fb5fecc298ff04cf5164e7e,Cleaned fine-grained classification image. Class: Pustules. Blur score: 305.67.
tiswan_001748,tiswan,cleaned_v1,datasets/skin/acne/final/subtype_classification/train/closed_comedo/tiswan_001748.jpg,train,closed_comedo,borderline,non_expert,subtype_classification,acne,1.0,aea40b73169925fccfbc3be275d5111ef35896a7d17c8d4b7c187275548c0601,Cleaned fine-grained classification image. Class: Whiteheads. Blur score: 50.69.
tiswan_001749,tiswan,cleaned_v1,datasets/skin/acne/final/subtype_classification/train/closed_comedo/tiswan_001749.jpg,train,closed_comedo,borderline,non_expert,subtype_classification,acne,1.0,16fc81d6f1e3faaa4963715608ae0db710fc51f535328283e75dd76e91c57523,Cleaned fine-grained classification image. Class: Whiteheads. Blur score: 52.22.
tiswan_001750,tiswan,cleaned_v1,datasets/skin/acne/final/subtype_classification/train/closed_comedo/tiswan_001750.jpg,train,closed_comedo,borderline,non_expert,subtype_classification,acne,1.0,64a11a1d9db11a0b209ce6f109714f06deb60da068c4a95ac0fa4b705faf45de,Cleaned fine-grained classification image. Class: Whiteheads. Blur score: 56.45.
tiswan_001751,tiswan,cleaned_v1,datasets/skin/acne/final/subtype_classification/train/closed_comedo/tiswan_001751.jpg,train,closed_comedo,borderline,non_expert,subtype_classification,acne,1.0,d2a7b62c7055aa4e940439409435ebe2a7d08288b5df6b155e2cfb4f7b76b59e,Cleaned fine-grained classification image. Class: Whiteheads. Blur score: 48.58.
tiswan_001752,tiswan,cleaned_v1,datasets/skin/acne/final/subtype_classification/train/closed_comedo/tiswan_001752.jpg,train,closed_comedo,borderline,non_expert,subtype_classification,acne,1.0,83f7568f78c99fd61f4b969ec0b97f0f0d25aeac0695f4a793fc8395c234bd27,Cleaned fine-grained classification image. Class: Whiteheads. Blur score: 38.49.
tiswan_001753,tiswan,cleaned_v1,datasets/skin/acne/final/subtype_classification/train/closed_comedo/tiswan_001753.jpg,train,closed_comedo,borderline,non_expert,subtype_classification,acne,1.0,49ffdda6ba4c283efdb7cae0e24a9e7639359a1c3d7a36f3b8caf5dc1af6cc2f,Cleaned fine-grained classification image. Class: Whiteheads. Blur score: 41.57.
tiswan_001754,tiswan,cleaned_v1,datasets/skin/acne/final/subtype_classification/train/closed_comedo/tiswan_001754.jpg,train,closed_comedo,borderline,non_expert,subtype_classification,acne,1.0,03c130eaf4679095756dd705ad2dd7b92661cf5b4949acafd07afa8d0367be6f,Cleaned fine-grained classification image. Class: Whiteheads. Blur score: 35.51.
tiswan_001755,tiswan,cleaned_v1,datasets/skin/acne/final/subtype_classification/train/closed_comedo/tiswan_001755.jpg,train,closed_comedo,borderline,non_expert,subtype_classification,acne,1.0,0345bb054b096507728d7a60d63724af2e1f9615f7ea417c845c8f2b26e2333e,Cleaned fine-grained classification image. Class: Whiteheads. Blur score: 34.19.
tiswan_001756,tiswan,cleaned_v1,datasets/skin/acne/final/subtype_classification/train/closed_comedo/tiswan_001756.jpg,train,closed_comedo,usable,non_expert,subtype_classification,acne,1.0,2f55738d1b45315fb79ab20a2d2ffb9d3863e2549a55f0b91a505835e8b7c0b8,Cleaned fine-grained classification image. Class: Whiteheads. Blur score: 115.36.
tiswan_001757,tiswan,cleaned_v1,datasets/skin/acne/final/subtype_classification/train/closed_comedo/tiswan_001757.jpg,train,closed_comedo,borderline,non_expert,subtype_classification,acne,1.0,17e5b7cc65d7fa6fde40e7b7a01933817ccceb558c9e6cd8fd0a4752b59f78fb,Cleaned fine-grained classification image. Class: Whiteheads. Blur score: 20.93.
tiswan_001758,tiswan,cleaned_v1,datasets/skin/acne/final/subtype_classification/train/closed_comedo/tiswan_001758.jpg,train,closed_comedo,usable,non_expert,subtype_classification,acne,1.0,7a308450277955a736dbe9a26a39efb9bd14d92e93bd955e7bb3c843b09d1360,Cleaned fine-grained classification image. Class: Whiteheads. Blur score: 70.2.
tiswan_001759,tiswan,cleaned_v1,datasets/skin/acne/final/subtype_classification/train/closed_comedo/tiswan_001759.jpg,train,closed_comedo,usable,non_expert,subtype_classification,acne,1.0,5d6a874ca6fbcfc4478d60ec5d0b08511e0b472c3068c834c31b37f0a4f8968d,Cleaned fine-grained classification image. Class: Whiteheads. Blur score: 97.44.
tiswan_001760,tiswan,cleaned_v1,datasets/skin/acne/final/subtype_classification/train/closed_comedo/tiswan_001760.jpg,train,closed_comedo,borderline,non_expert,subtype_classification,acne,1.0,610817c8470638bff232fd0fc621d6aff4ec0e6419d75ac06486a534df238f7b,Cleaned fine-grained classification image. Class: Whiteheads. Blur score: 52.27.
tiswan_001761,tiswan,cleaned_v1,datasets/skin/acne/final/subtype_classification/train/closed_comedo/tiswan_001761.jpg,train,closed_comedo,borderline,non_expert,subtype_classification,acne,1.0,57e8bd7e6fb0ef605acc4cb5373bf23f0016b27d0fe7b0edc225c98ffdb3dd58,Cleaned fine-grained classification image. Class: Whiteheads. Blur score: 46.72.
tiswan_001762,tiswan,cleaned_v1,datasets/skin/acne/final/subtype_classification/train/closed_comedo/tiswan_001762.jpg,train,closed_comedo,sharp,non_expert,subtype_classification,acne,1.0,e1c2c87066d0eaefeea7e436951004d74b4de5a4d90ec0b74c40f4037bc2256b,Cleaned fine-grained classification image. Class: Whiteheads. Blur score: 293.73.
tiswan_001763,tiswan,cleaned_v1,datasets/skin/acne/final/subtype_classification/train/closed_comedo/tiswan_001763.jpg,train,closed_comedo,usable,non_expert,subtype_classification,acne,1.0,c0f1d17acae8fe3684aab870f699b3071d8a87a606c626a1489beba448f04c7f,Cleaned fine-grained classification image. Class: Whiteheads. Blur score: 103.14.
tiswan_001764,tiswan,cleaned_v1,datasets/skin/acne/final/subtype_classification/train/closed_comedo/tiswan_001764.jpg,train,closed_comedo,sharp,non_expert,subtype_classification,acne,1.0,1b1fe4cad8d4568d299ce0ce787448a2e7f3d0f49f9dae63bfe25966bdc16dc1,Cleaned fine-grained classification image. Class: Whiteheads. Blur score: 208.44.
tiswan_001765,tiswan,cleaned_v1,datasets/skin/acne/final/subtype_classification/train/closed_comedo/tiswan_001765.jpg,train,closed_comedo,usable,non_expert,subtype_classification,acne,1.0,531641cee1650b8a53dcc33708c398004bfb9ae1aa149092db39d2b0d859df04,Cleaned fine-grained classification image. Class: Whiteheads. Blur score: 109.63.
tiswan_001766,tiswan,cleaned_v1,datasets/skin/acne/final/subtype_classification/train/closed_comedo/tiswan_001766.jpg,train,closed_comedo,usable,non_expert,subtype_classification,acne,1.0,f5ddd3973f4c3ebd5609209a24749a3450db153cb5e724420dfe181009cfeb15,Cleaned fine-grained classification image. Class: Whiteheads. Blur score: 66.91.
tiswan_001767,tiswan,cleaned_v1,datasets/skin/acne/final/subtype_classification/train/closed_comedo/tiswan_001767.jpg,train,closed_comedo,usable,non_expert,subtype_classification,acne,1.0,f2469cd5cd0bf5fb263792210340db6e79a171cbfeadb484377ced3ddfe59bfd,Cleaned fine-grained classification image. Class: Whiteheads. Blur score: 76.7.
tiswan_001768,tiswan,cleaned_v1,datasets/skin/acne/final/subtype_classification/train/closed_comedo/tiswan_001768.jpg,train,closed_comedo,borderline,non_expert,subtype_classification,acne,1.0,5f40b563ccfac5dd855638116b39a466d020a16dd99c12b456d7c756b26cacac,Cleaned fine-grained classification image. Class: Whiteheads. Blur score: 21.21.
tiswan_001769,tiswan,cleaned_v1,datasets/skin/acne/final/subtype_classification/train/closed_comedo/tiswan_001769.jpg,train,closed_comedo,usable,non_expert,subtype_classification,acne,1.0,6a56dbcc6816ed918fb4d975811242232b55f495bf9e463132857126f902380e,Cleaned fine-grained classification image. Class: Whiteheads. Blur score: 132.31.
tiswan_001770,tiswan,cleaned_v1,datasets/skin/acne/final/subtype_classification/train/closed_comedo/tiswan_001770.jpg,train,closed_comedo,borderline,non_expert,subtype_classification,acne,1.0,ba639928471f984ff12ca98c6be54c2e431a4403de9a06a233a0f0e1615129e0,Cleaned fine-grained classification image. Class: Whiteheads. Blur score: 20.43.
tiswan_001771,tiswan,cleaned_v1,datasets/skin/acne/final/subtype_classification/train/closed_comedo/tiswan_001771.jpg,train,closed_comedo,usable,non_expert,subtype_classification,acne,1.0,b8a3ca05e94f2e80b24c2c0605feb57936f5efe947643b95e4945305427e89b7,Cleaned fine-grained classification image. Class: Whiteheads. Blur score: 91.25.
tiswan_001772,tiswan,cleaned_v1,datasets/skin/acne/final/subtype_classification/train/closed_comedo/tiswan_001772.jpg,train,closed_comedo,poor,non_expert,subtype_classification,acne,1.0,b4ecf99ac9fe3cd337e1aced9a33c9c9011e5b111364fa72b2dc3f6d8dd03475,Cleaned fine-grained classification image. Class: Whiteheads. Blur score: 16.27.
tiswan_001773,tiswan,cleaned_v1,datasets/skin/acne/final/subtype_classification/train/closed_comedo/tiswan_001773.jpg,train,closed_comedo,usable,non_expert,subtype_classification,acne,1.0,2b4f3921fda5ac1f46ac0b6840ca8e430fad0af211aae681e3150e15a7ba7767,Cleaned fine-grained classification image. Class: Whiteheads. Blur score: 60.64.
tiswan_001774,tiswan,cleaned_v1,datasets/skin/acne/final/subtype_classification/train/closed_comedo/tiswan_001774.jpg,train,closed_comedo,usable,non_expert,subtype_classification,acne,1.0,cd376bcced538e72365046cdbaeb9bc73cf223270045408d669e9261ad47567c,Cleaned fine-grained classification image. Class: Whiteheads. Blur score: 144.41.
tiswan_001775,tiswan,cleaned_v1,datasets/skin/acne/final/subtype_classification/train/closed_comedo/tiswan_001775.jpg,train,closed_comedo,usable,non_expert,subtype_classification,acne,1.0,49ebb2c655e496f55c98a1234e5aab598824b1b59ab3bd0e13a82d57b93d9bd7,Cleaned fine-grained classification image. Class: Whiteheads. Blur score: 124.83.
tiswan_001776,tiswan,cleaned_v1,datasets/skin/acne/final/subtype_classification/train/closed_comedo/tiswan_001776.jpg,train,closed_comedo,usable,non_expert,subtype_classification,acne,1.0,c7094eda96573179ff4438eea5681b982e11a077bb62884685d184060ddb55e9,Cleaned fine-grained classification image. Class: Whiteheads. Blur score: 120.97.
tiswan_001777,tiswan,cleaned_v1,datasets/skin/acne/final/subtype_classification/train/closed_comedo/tiswan_001777.jpg,train,closed_comedo,sharp,non_expert,subtype_classification,acne,1.0,27d07fdb940948b4363ebdeccde9c54b1f867d731590f13d9a71c41637bab0eb,Cleaned fine-grained classification image. Class: Whiteheads. Blur score: 156.42.
tiswan_001778,tiswan,cleaned_v1,datasets/skin/acne/final/subtype_classification/train/closed_comedo/tiswan_001778.jpg,train,closed_comedo,sharp,non_expert,subtype_classification,acne,1.0,87a0c5e6460e083834690e0a6c7cf7d14e47322847593238bd6972c69b64a1f1,Cleaned fine-grained classification image. Class: Whiteheads. Blur score: 155.43.
tiswan_001779,tiswan,cleaned_v1,datasets/skin/acne/final/subtype_classification/train/closed_comedo/tiswan_001779.jpg,train,closed_comedo,sharp,non_expert,subtype_classification,acne,1.0,edd84e525fbc053d54922ce67a2c59ed56645d0c405c8ee9dcd46c98089aad6e,Cleaned fine-grained classification image. Class: Whiteheads. Blur score: 178.84.
tiswan_001780,tiswan,cleaned_v1,datasets/skin/acne/final/subtype_classification/train/closed_comedo/tiswan_001780.jpg,train,closed_comedo,borderline,non_expert,subtype_classification,acne,1.0,04e557dd9433e8519c128af80cdebb0901ba737ce96b334c2239d298a38ad972,Cleaned fine-grained classification image. Class: Whiteheads. Blur score: 36.15.
tiswan_001781,tiswan,cleaned_v1,datasets/skin/acne/final/subtype_classification/train/closed_comedo/tiswan_001781.jpg,train,closed_comedo,sharp,non_expert,subtype_classification,acne,1.0,01882bc4bf4dd09797ea66af3a5a339cc6806e09855b93c31df43fc702f00113,Cleaned fine-grained classification image. Class: Whiteheads. Blur score: 175.87.
tiswan_001782,tiswan,cleaned_v1,datasets/skin/acne/final/subtype_classification/train/closed_comedo/tiswan_001782.jpg,train,closed_comedo,usable,non_expert,subtype_classification,acne,1.0,22fc6b18e1b1c3213fd9accc04084dca0846cd088e455fa3e388c58f0756f6fb,Cleaned fine-grained classification image. Class: Whiteheads. Blur score: 149.23.
tiswan_001783,tiswan,cleaned_v1,datasets/skin/acne/final/subtype_classification/train/closed_comedo/tiswan_001783.jpg,train,closed_comedo,borderline,non_expert,subtype_classification,acne,1.0,41df0528014513dba22a2edd459b30bdb6b7e81772704e0cd2288dbf3f9cd6cf,Cleaned fine-grained classification image. Class: Whiteheads. Blur score: 29.26.
tiswan_001784,tiswan,cleaned_v1,datasets/skin/acne/final/subtype_classification/train/closed_comedo/tiswan_001784.jpg,train,closed_comedo,usable,non_expert,subtype_classification,acne,1.0,61a6361283ff3800560744f74268a5dd8edb8178026d7feb8ac6a18390b97b42,Cleaned fine-grained classification image. Class: Whiteheads. Blur score: 103.27.
tiswan_001785,tiswan,cleaned_v1,datasets/skin/acne/final/subtype_classification/train/closed_comedo/tiswan_001785.jpg,train,closed_comedo,usable,non_expert,subtype_classification,acne,1.0,76c88d815eb507df7f4377d2e5cb56af37c0586fdc966ed314930060dba4f796,Cleaned fine-grained classification image. Class: Whiteheads. Blur score: 75.12.
tiswan_001786,tiswan,cleaned_v1,datasets/skin/acne/final/subtype_classification/train/closed_comedo/tiswan_001786.jpg,train,closed_comedo,usable,non_expert,subtype_classification,acne,1.0,52334a36db72dadb5c4de26af558711098f85b737539d7737dfc1c4bbc40ebef,Cleaned fine-grained classification image. Class: Whiteheads. Blur score: 73.34.
tiswan_001787,tiswan,cleaned_v1,datasets/skin/acne/final/subtype_classification/train/closed_comedo/tiswan_001787.jpg,train,closed_comedo,usable,non_expert,subtype_classification,acne,1.0,5401e8cb545b6523ca8514a8b2d4e00c9fbe33c4b1a7ed1f11443b945da9d9f0,Cleaned fine-grained classification image. Class: Whiteheads. Blur score: 90.12.
tiswan_001788,tiswan,cleaned_v1,datasets/skin/acne/final/subtype_classification/train/closed_comedo/tiswan_001788.jpg,train,closed_comedo,borderline,non_expert,subtype_classification,acne,1.0,3bd756b8174a353702cfb7a1e30348d94285159885ed39467f6f6c9c614a0b76,Cleaned fine-grained classification image. Class: Whiteheads. Blur score: 47.01.
tiswan_001789,tiswan,cleaned_v1,datasets/skin/acne/final/subtype_classification/train/closed_comedo/tiswan_001789.jpg,train,closed_comedo,sharp,non_expert,subtype_classification,acne,1.0,59a284708c05be7f5098327b9fa486001fc92ece6b5dc7979fe3d694d956ae37,Cleaned fine-grained classification image. Class: Whiteheads. Blur score: 218.42.
tiswan_001790,tiswan,cleaned_v1,datasets/skin/acne/final/subtype_classification/train/closed_comedo/tiswan_001790.jpg,train,closed_comedo,sharp,non_expert,subtype_classification,acne,1.0,dd0bdd73e08bf8a598028376be40badf44926a15bf5c2eadfc4a61e9f90e8692,Cleaned fine-grained classification image. Class: Whiteheads. Blur score: 476.92.
tiswan_001791,tiswan,cleaned_v1,datasets/skin/acne/final/subtype_classification/train/closed_comedo/tiswan_001791.jpg,train,closed_comedo,borderline,non_expert,subtype_classification,acne,1.0,55bed693f11e4832bb83510ccf53f6c29ed8015c7954ee33c313568418830383,Cleaned fine-grained classification image. Class: Whiteheads. Blur score: 40.66.
tiswan_001792,tiswan,cleaned_v1,datasets/skin/acne/final/subtype_classification/train/closed_comedo/tiswan_001792.jpg,train,closed_comedo,usable,non_expert,subtype_classification,acne,1.0,85bf798a0cba2f341ed44740b294a134399ac383e098c0c44fb398686886703d,Cleaned fine-grained classification image. Class: Whiteheads. Blur score: 65.45.
tiswan_001793,tiswan,cleaned_v1,datasets/skin/acne/final/subtype_classification/train/closed_comedo/tiswan_001793.jpg,train,closed_comedo,usable,non_expert,subtype_classification,acne,1.0,749ac6e8e5a7f286d781b4c7681467ec330f4d4cf1b45e869ae7a20b6a35e232,Cleaned fine-grained classification image. Class: Whiteheads. Blur score: 74.38.
tiswan_001794,tiswan,cleaned_v1,datasets/skin/acne/final/subtype_classification/train/closed_comedo/tiswan_001794.jpg,train,closed_comedo,usable,non_expert,subtype_classification,acne,1.0,5c63e7a75defad8ad7fb0334295a10b91f986e76d098a5335e11c4fd8795c2fd,Cleaned fine-grained classification image. Class: Whiteheads. Blur score: 87.41.
tiswan_001795,tiswan,cleaned_v1,datasets/skin/acne/final/subtype_classification/train/closed_comedo/tiswan_001795.jpg,train,closed_comedo,borderline,non_expert,subtype_classification,acne,1.0,d4d86a7bad5555f472063ff80b4226384cd518c9e5fae2bbf9373fd48b7be33c,Cleaned fine-grained classification image. Class: Whiteheads. Blur score: 33.62.
tiswan_001796,tiswan,cleaned_v1,datasets/skin/acne/final/subtype_classification/train/closed_comedo/tiswan_001796.jpg,train,closed_comedo,usable,non_expert,subtype_classification,acne,1.0,b3ae8fc12f2ddf9f12f90e00c6e508c1b8f207397bdd92254866f4d4de08c471,Cleaned fine-grained classification image. Class: Whiteheads. Blur score: 64.66.
tiswan_001797,tiswan,cleaned_v1,datasets/skin/acne/final/subtype_classification/train/closed_comedo/tiswan_001797.jpg,train,closed_comedo,borderline,non_expert,subtype_classification,acne,1.0,41719af53a5c3aa2dfdd1e1f520786f7ab53b04264bbc5da979edf4062d73317,Cleaned fine-grained classification image. Class: Whiteheads. Blur score: 41.6.
tiswan_001798,tiswan,cleaned_v1,datasets/skin/acne/final/subtype_classification/train/closed_comedo/tiswan_001798.jpg,train,closed_comedo,usable,non_expert,subtype_classification,acne,1.0,2ca2312efafe3149485e4428b0d40a172a9c35f494160c10489faad0d41b11c9,Cleaned fine-grained classification image. Class: Whiteheads. Blur score: 73.97.
tiswan_001799,tiswan,cleaned_v1,datasets/skin/acne/final/subtype_classification/train/closed_comedo/tiswan_001799.jpg,train,closed_comedo,borderline,non_expert,subtype_classification,acne,1.0,7f92434900df00f41b15e56c18790ed92e49f40d55e6b7a2df03a9f473daaec2,Cleaned fine-grained classification image. Class: Whiteheads. Blur score: 50.87.
tiswan_001800,tiswan,cleaned_v1,datasets/skin/acne/final/subtype_classification/train/closed_comedo/tiswan_001800.jpg,train,closed_comedo,usable,non_expert,subtype_classification,acne,1.0,cee8957b2597ef9ce2ce225ad2559810909017f551ecbc65643f185f3b95f137,Cleaned fine-grained classification image. Class: Whiteheads. Blur score: 72.46.
tiswan_001801,tiswan,cleaned_v1,datasets/skin/acne/final/subtype_classification/train/closed_comedo/tiswan_001801.jpg,train,closed_comedo,usable,non_expert,subtype_classification,acne,1.0,f6be3d223901527eaad42f842ce0926dfbcc8613763ba71a9bc1d4753642b398,Cleaned fine-grained classification image. Class: Whiteheads. Blur score: 108.04.
tiswan_001802,tiswan,cleaned_v1,datasets/skin/acne/final/subtype_classification/train/closed_comedo/tiswan_001802.jpg,train,closed_comedo,usable,non_expert,subtype_classification,acne,1.0,b823df7d3e5fee2e302b5fbe5f57063be0bb89ffd71b2b6ecf667784db9b16fc,Cleaned fine-grained classification image. Class: Whiteheads. Blur score: 83.83.
tiswan_001803,tiswan,cleaned_v1,datasets/skin/acne/final/subtype_classification/train/closed_comedo/tiswan_001803.jpg,train,closed_comedo,borderline,non_expert,subtype_classification,acne,1.0,758bf316262edc499639e09150015a509fd45dbf71f5dc1979281c3a6f487da2,Cleaned fine-grained classification image. Class: Whiteheads. Blur score: 37.97.
tiswan_001804,tiswan,cleaned_v1,datasets/skin/acne/final/subtype_classification/train/closed_comedo/tiswan_001804.jpg,train,closed_comedo,usable,non_expert,subtype_classification,acne,1.0,4b3365b5be6f1c5dca3892968e9d81486c9d5f7e87fbdd8955b8f656eb68a23d,Cleaned fine-grained classification image. Class: Whiteheads. Blur score: 64.38.
tiswan_001805,tiswan,cleaned_v1,datasets/skin/acne/final/subtype_classification/train/closed_comedo/tiswan_001805.jpg,train,closed_comedo,usable,non_expert,subtype_classification,acne,1.0,fe12c372814497f3998174cd782bbec58a194f2aaa4e9b72719296e61bc89295,Cleaned fine-grained classification image. Class: Whiteheads. Blur score: 85.45.
tiswan_001806,tiswan,cleaned_v1,datasets/skin/acne/final/subtype_classification/train/closed_comedo/tiswan_001806.jpg,train,closed_comedo,usable,non_expert,subtype_classification,acne,1.0,aee1df3202c7d7e213dbb81ca1ec92c2a42858d5fe2dfec4672f4a41137e8a89,Cleaned fine-grained classification image. Class: Whiteheads. Blur score: 96.78.
tiswan_001807,tiswan,cleaned_v1,datasets/skin/acne/final/subtype_classification/train/closed_comedo/tiswan_001807.jpg,train,closed_comedo,sharp,non_expert,subtype_classification,acne,1.0,210eff3498e48fcbaa0a378f4dcef5d783a63ed2c542433aee455fbf4839c6d9,Cleaned fine-grained classification image. Class: Whiteheads. Blur score: 227.85.
tiswan_001808,tiswan,cleaned_v1,datasets/skin/acne/final/subtype_classification/train/closed_comedo/tiswan_001808.jpg,train,closed_comedo,usable,non_expert,subtype_classification,acne,1.0,227b70283be2425502427630692c9658532c574edc2ddda28a1de85727f7b110,Cleaned fine-grained classification image. Class: Whiteheads. Blur score: 88.68.
tiswan_001809,tiswan,cleaned_v1,datasets/skin/acne/final/subtype_classification/train/closed_comedo/tiswan_001809.jpg,train,closed_comedo,sharp,non_expert,subtype_classification,acne,1.0,9a7dcc1edc4ed1a4a2637a46901ddecd6acbfeec01184158de6702b70270ba5e,Cleaned fine-grained classification image. Class: Whiteheads. Blur score: 314.28.
tiswan_001810,tiswan,cleaned_v1,datasets/skin/acne/final/subtype_classification/train/closed_comedo/tiswan_001810.jpg,train,closed_comedo,usable,non_expert,subtype_classification,acne,1.0,f2701ff9112931c387256433be042ff8f1dbb2121e0d7571fd65bab4d8589c8f,Cleaned fine-grained classification image. Class: Whiteheads. Blur score: 99.65.
tiswan_001811,tiswan,cleaned_v1,datasets/skin/acne/final/subtype_classification/train/closed_comedo/tiswan_001811.jpg,train,closed_comedo,usable,non_expert,subtype_classification,acne,1.0,6df84b5cab10eb7977a7bf9f05167d9d2599c80cea5957ce6e944781f3d2512b,Cleaned fine-grained classification image. Class: Whiteheads. Blur score: 129.75.
tiswan_001812,tiswan,cleaned_v1,datasets/skin/acne/final/subtype_classification/train/closed_comedo/tiswan_001812.jpg,train,closed_comedo,usable,non_expert,subtype_classification,acne,1.0,9989a0bca073c33cd671d3c0446372371cfe563f5438c264eafa6f949f2a8a9e,Cleaned fine-grained classification image. Class: Whiteheads. Blur score: 71.07.
tiswan_001813,tiswan,cleaned_v1,datasets/skin/acne/final/subtype_classification/train/closed_comedo/tiswan_001813.jpg,train,closed_comedo,usable,non_expert,subtype_classification,acne,1.0,1fc0c9751dbab8130001def0bc82c3cb645776a795a93e035d9ffb5b6e888a54,Cleaned fine-grained classification image. Class: Whiteheads. Blur score: 64.09.
tiswan_001814,tiswan,cleaned_v1,datasets/skin/acne/final/subtype_classification/train/closed_comedo/tiswan_001814.jpg,train,closed_comedo,usable,non_expert,subtype_classification,acne,1.0,39e96ff78cc70c2e61677670e3c8183cf4844e665a18206a6b833147a3dc159d,Cleaned fine-grained classification image. Class: Whiteheads. Blur score: 65.54.
tiswan_001815,tiswan,cleaned_v1,datasets/skin/acne/final/subtype_classification/train/closed_comedo/tiswan_001815.jpg,train,closed_comedo,usable,non_expert,subtype_classification,acne,1.0,4759fa3e8870607674322376863a36988aa6d8e6b37bba5dc7e0ae6192c631ec,Cleaned fine-grained classification image. Class: Whiteheads. Blur score: 76.44.
tiswan_001816,tiswan,cleaned_v1,datasets/skin/acne/final/subtype_classification/train/closed_comedo/tiswan_001816.jpg,train,closed_comedo,borderline,non_expert,subtype_classification,acne,1.0,12b11db3490f0a5cec56229424cd8a9f94037f2f66f6582ab38e059272831722,Cleaned fine-grained classification image. Class: Whiteheads. Blur score: 33.59.
tiswan_001817,tiswan,cleaned_v1,datasets/skin/acne/final/subtype_classification/train/closed_comedo/tiswan_001817.jpg,train,closed_comedo,borderline,non_expert,subtype_classification,acne,1.0,bf33c30ebe9b9deddfc6cf9375843104652c058235be6da9e84123ffc0c4a554,Cleaned fine-grained classification image. Class: Whiteheads. Blur score: 21.0.
tiswan_001818,tiswan,cleaned_v1,datasets/skin/acne/final/subtype_classification/train/closed_comedo/tiswan_001818.jpg,train,closed_comedo,usable,non_expert,subtype_classification,acne,1.0,2a2e7b4d11e09960d9de835360cb8a82b01649576b31f79affc02c99298ce49d,Cleaned fine-grained classification image. Class: Whiteheads. Blur score: 82.62.
tiswan_001819,tiswan,cleaned_v1,datasets/skin/acne/final/subtype_classification/train/closed_comedo/tiswan_001819.jpg,train,closed_comedo,usable,non_expert,subtype_classification,acne,1.0,c56c30d65a6f05b5393f4c00a1fe358687df6d23751f7891802f0d1ad9340b28,Cleaned fine-grained classification image. Class: Whiteheads. Blur score: 97.51.
tiswan_001820,tiswan,cleaned_v1,datasets/skin/acne/final/subtype_classification/train/closed_comedo/tiswan_001820.jpg,train,closed_comedo,usable,non_expert,subtype_classification,acne,1.0,cf13fa19cfd8ad77f0f118e91436c31f8bb87373ad08c458cefe6ec1429bcca0,Cleaned fine-grained classification image. Class: Whiteheads. Blur score: 62.5.
tiswan_001821,tiswan,cleaned_v1,datasets/skin/acne/final/subtype_classification/train/closed_comedo/tiswan_001821.jpg,train,closed_comedo,borderline,non_expert,subtype_classification,acne,1.0,88ca95003d6e9c5f11b7092da544b984efc2f2a19cf09607f9d2063f4367854e,Cleaned fine-grained classification image. Class: Whiteheads. Blur score: 53.46.
tiswan_001822,tiswan,cleaned_v1,datasets/skin/acne/final/subtype_classification/train/closed_comedo/tiswan_001822.jpg,train,closed_comedo,borderline,non_expert,subtype_classification,acne,1.0,27a47772dc8dc3a62fbe82c86efef4900f56b581ab76683ba1540a878b7ddec2,Cleaned fine-grained classification image. Class: Whiteheads. Blur score: 20.96.
tiswan_001823,tiswan,cleaned_v1,datasets/skin/acne/final/subtype_classification/train/closed_comedo/tiswan_001823.jpg,train,closed_comedo,borderline,non_expert,subtype_classification,acne,1.0,98fae9e03721afa9ae1f892e0280e17e1d8b62544c497d0945946927bf3f3a4b,Cleaned fine-grained classification image. Class: Whiteheads. Blur score: 21.72.
tiswan_001824,tiswan,cleaned_v1,datasets/skin/acne/final/subtype_classification/train/closed_comedo/tiswan_001824.jpg,train,closed_comedo,usable,non_expert,subtype_classification,acne,1.0,54d4103ed8d64b593a3e660283bf46ff3815724a7b519b9e9b600709526ec6db,Cleaned fine-grained classification image. Class: Whiteheads. Blur score: 114.4.
tiswan_001825,tiswan,cleaned_v1,datasets/skin/acne/final/subtype_classification/train/closed_comedo/tiswan_001825.jpg,train,closed_comedo,usable,non_expert,subtype_classification,acne,1.0,42da0e4128697f082d90cb04b7783c9935de8dc8d7f06d5210b82e6dfe1ae763,Cleaned fine-grained classification image. Class: Whiteheads. Blur score: 72.44.
tiswan_001826,tiswan,cleaned_v1,datasets/skin/acne/final/subtype_classification/train/closed_comedo/tiswan_001826.jpg,train,closed_comedo,usable,non_expert,subtype_classification,acne,1.0,165ab7afc1c9b876557659b85eb3805c08c432bd83b48204f8becc16b0de7f29,Cleaned fine-grained classification image. Class: Whiteheads. Blur score: 111.74.
tiswan_001827,tiswan,cleaned_v1,datasets/skin/acne/final/subtype_classification/train/closed_comedo/tiswan_001827.jpg,train,closed_comedo,usable,non_expert,subtype_classification,acne,1.0,a95f091debe5263900a85cc13fd48d136b4412885e36ab715d4c33897bdcaea7,Cleaned fine-grained classification image. Class: Whiteheads. Blur score: 89.03.
tiswan_001828,tiswan,cleaned_v1,datasets/skin/acne/final/subtype_classification/train/closed_comedo/tiswan_001828.jpg,train,closed_comedo,poor,non_expert,subtype_classification,acne,1.0,263818b1c16dee9d866c33ceb6c176c5e11dd6b86b9ee024c57f2a9706d67389,Cleaned fine-grained classification image. Class: Whiteheads. Blur score: 16.0.
tiswan_001829,tiswan,cleaned_v1,datasets/skin/acne/final/subtype_classification/train/closed_comedo/tiswan_001829.jpg,train,closed_comedo,usable,non_expert,subtype_classification,acne,1.0,4321b5079ba8c3944baa6e500b1571dd98a8220d986f6244794ebf087f898bf7,Cleaned fine-grained classification image. Class: Whiteheads. Blur score: 69.0.
tiswan_001830,tiswan,cleaned_v1,datasets/skin/acne/final/subtype_classification/train/closed_comedo/tiswan_001830.jpg,train,closed_comedo,usable,non_expert,subtype_classification,acne,1.0,0a2938ef8a6f78c4d1f4e7bccf616fed2a30047494fd54183415d54d5648af20,Cleaned fine-grained classification image. Class: Whiteheads. Blur score: 95.62.
tiswan_001831,tiswan,cleaned_v1,datasets/skin/acne/final/subtype_classification/train/closed_comedo/tiswan_001831.jpg,train,closed_comedo,poor,non_expert,subtype_classification,acne,1.0,95c31d63108d345741cd4d0df844a948439754657cb32aad2907a249263843c9,Cleaned fine-grained classification image. Class: Whiteheads. Blur score: 15.27.
tiswan_001832,tiswan,cleaned_v1,datasets/skin/acne/final/subtype_classification/train/closed_comedo/tiswan_001832.jpg,train,closed_comedo,usable,non_expert,subtype_classification,acne,1.0,8bd3f8f7a7f823cb5ab8ae0f2ab8f89c3a3cbbbd0369f44dc6812ad9d21dfe32,Cleaned fine-grained classification image. Class: Whiteheads. Blur score: 78.57.
tiswan_001833,tiswan,cleaned_v1,datasets/skin/acne/final/subtype_classification/train/closed_comedo/tiswan_001833.jpg,train,closed_comedo,usable,non_expert,subtype_classification,acne,1.0,9064b49e455f94e7ed99251966f083db114af98fdd9ba22fad8bfa5516500401,Cleaned fine-grained classification image. Class: Whiteheads. Blur score: 78.54.
tiswan_001834,tiswan,cleaned_v1,datasets/skin/acne/final/subtype_classification/train/closed_comedo/tiswan_001834.jpg,train,closed_comedo,usable,non_expert,subtype_classification,acne,1.0,0bae9ed1d7b7b4466704c2e0bbd93913ae6143e88e18551f077a6f97defc487a,Cleaned fine-grained classification image. Class: Whiteheads. Blur score: 83.06.
tiswan_001835,tiswan,cleaned_v1,datasets/skin/acne/final/subtype_classification/train/closed_comedo/tiswan_001835.jpg,train,closed_comedo,borderline,non_expert,subtype_classification,acne,1.0,ec48fe29a4a6b39cd57af0f3578e7db65786c1456b1cb2cb10200de0eb1fe24c,Cleaned fine-grained classification image. Class: Whiteheads. Blur score: 47.32.
tiswan_001836,tiswan,cleaned_v1,datasets/skin/acne/final/subtype_classification/train/closed_comedo/tiswan_001836.jpg,train,closed_comedo,usable,non_expert,subtype_classification,acne,1.0,bfdf8840e88e2ae9fe2534ae2d9549920b19f40ea79c6d0b92e7026aa989fb4f,Cleaned fine-grained classification image. Class: Whiteheads. Blur score: 93.11.
tiswan_001837,tiswan,cleaned_v1,datasets/skin/acne/final/subtype_classification/train/closed_comedo/tiswan_001837.jpg,train,closed_comedo,usable,non_expert,subtype_classification,acne,1.0,a18494ef68a15249ea9fc2fa10ae62101c848c87f5dddb2b9a064dac412e0b1b,Cleaned fine-grained classification image. Class: Whiteheads. Blur score: 74.79.
tiswan_001838,tiswan,cleaned_v1,datasets/skin/acne/final/subtype_classification/train/closed_comedo/tiswan_001838.jpg,train,closed_comedo,borderline,non_expert,subtype_classification,acne,1.0,42a66242e63149d3278e40f72188b1e5a8fc9865043513a0d8c2120b24f326ef,Cleaned fine-grained classification image. Class: Whiteheads. Blur score: 56.51.
tiswan_001839,tiswan,cleaned_v1,datasets/skin/acne/final/subtype_classification/train/closed_comedo/tiswan_001839.jpg,train,closed_comedo,usable,non_expert,subtype_classification,acne,1.0,02e98fb43ec1425f754a08f1155304c08c0d10d9170182fca4dc67f6c4c4a8e5,Cleaned fine-grained classification image. Class: Whiteheads. Blur score: 107.43.
tiswan_001840,tiswan,cleaned_v1,datasets/skin/acne/final/subtype_classification/train/closed_comedo/tiswan_001840.jpg,train,closed_comedo,usable,non_expert,subtype_classification,acne,1.0,52e57a4d6601b98999635c0d217b2c6253af477556ba4e8c1d92849d5945af8b,Cleaned fine-grained classification image. Class: Whiteheads. Blur score: 70.27.
tiswan_001841,tiswan,cleaned_v1,datasets/skin/acne/final/subtype_classification/valid/open_comedo/tiswan_001841.jpg,valid,open_comedo,borderline,non_expert,subtype_classification,acne,1.0,5203d21eca4f57e469d90837dd10dd7ff17ee6f483d2a90dd6fdd3ac160bc7d9,Cleaned fine-grained classification image. Class: Blackheads. Blur score: 32.85.
tiswan_001842,tiswan,cleaned_v1,datasets/skin/acne/final/subtype_classification/valid/open_comedo/tiswan_001842.jpg,valid,open_comedo,borderline,non_expert,subtype_classification,acne,1.0,c24b58e00b58435af72c3c1f3ea8809350d0b00f9bc49859c5e8e788a2e5a125,Cleaned fine-grained classification image. Class: Blackheads. Blur score: 58.69.
tiswan_001843,tiswan,cleaned_v1,datasets/skin/acne/final/subtype_classification/valid/open_comedo/tiswan_001843.jpg,valid,open_comedo,borderline,non_expert,subtype_classification,acne,1.0,4b661f5e5dd5fc55af895117b045b295dd28e8b51faffd18d707eb1361460432,Cleaned fine-grained classification image. Class: Blackheads. Blur score: 36.41.
tiswan_001844,tiswan,cleaned_v1,datasets/skin/acne/final/subtype_classification/valid/open_comedo/tiswan_001844.jpg,valid,open_comedo,usable,non_expert,subtype_classification,acne,1.0,ccfa23abdbb5ea335c2d7d6a2f798950a4981f382250e7b9ea98cdc033de2ca6,Cleaned fine-grained classification image. Class: Blackheads. Blur score: 75.1.
tiswan_001845,tiswan,cleaned_v1,datasets/skin/acne/final/subtype_classification/valid/open_comedo/tiswan_001845.jpg,valid,open_comedo,usable,non_expert,subtype_classification,acne,1.0,779fc676f41f7a3e8c8caf1bcfd794cbb3e0c2fb7c2349d4debf8a07feea448d,Cleaned fine-grained classification image. Class: Blackheads. Blur score: 81.82.
tiswan_001846,tiswan,cleaned_v1,datasets/skin/acne/final/subtype_classification/valid/open_comedo/tiswan_001846.jpg,valid,open_comedo,usable,non_expert,subtype_classification,acne,1.0,9b5aa508778c566f22746bc224e908c34e095161fc6f4b420a9e9daa2d85d933,Cleaned fine-grained classification image. Class: Blackheads. Blur score: 73.5.
tiswan_001847,tiswan,cleaned_v1,datasets/skin/acne/final/subtype_classification/valid/open_comedo/tiswan_001847.jpg,valid,open_comedo,borderline,non_expert,subtype_classification,acne,1.0,d2c31102ed00a9a36238fa027960b540a4d2330bf21f8c1668df72e2cb5236f9,Cleaned fine-grained classification image. Class: Blackheads. Blur score: 35.39.
tiswan_001848,tiswan,cleaned_v1,datasets/skin/acne/final/subtype_classification/valid/open_comedo/tiswan_001848.jpg,valid,open_comedo,usable,non_expert,subtype_classification,acne,1.0,7c8c6fc8949fb222275817dbdb85fb02ebefd6ba1c17171d27634649713372bd,Cleaned fine-grained classification image. Class: Blackheads. Blur score: 110.83.
tiswan_001849,tiswan,cleaned_v1,datasets/skin/acne/final/subtype_classification/valid/open_comedo/tiswan_001849.jpg,valid,open_comedo,usable,non_expert,subtype_classification,acne,1.0,a74ba5610ca188de4da7bf8490431ce7efb0fb0df90923b2dc70f1b5b7af0451,Cleaned fine-grained classification image. Class: Blackheads. Blur score: 76.78.
tiswan_001850,tiswan,cleaned_v1,datasets/skin/acne/final/subtype_classification/valid/open_comedo/tiswan_001850.jpg,valid,open_comedo,usable,non_expert,subtype_classification,acne,1.0,ccd8dc144c40ff883ace36a0a6a92f1649a6051171a847a9a422810de07f0fd4,Cleaned fine-grained classification image. Class: Blackheads. Blur score: 75.62.
tiswan_001851,tiswan,cleaned_v1,datasets/skin/acne/final/subtype_classification/valid/open_comedo/tiswan_001851.jpg,valid,open_comedo,usable,non_expert,subtype_classification,acne,1.0,19160191357ae57a0f3d7df9388e56658997932022718bec050d8afe9f54c887,Cleaned fine-grained classification image. Class: Blackheads. Blur score: 128.13.
tiswan_001852,tiswan,cleaned_v1,datasets/skin/acne/final/subtype_classification/valid/open_comedo/tiswan_001852.jpg,valid,open_comedo,usable,non_expert,subtype_classification,acne,1.0,32207a6242ab5858d518b06dc160b6214601f01783fe96a0100dc9a2e3968642,Cleaned fine-grained classification image. Class: Blackheads. Blur score: 74.77.
tiswan_001853,tiswan,cleaned_v1,datasets/skin/acne/final/subtype_classification/valid/open_comedo/tiswan_001853.jpg,valid,open_comedo,usable,non_expert,subtype_classification,acne,1.0,ecd312d4c5eba1b08ed85d39b0466c21e725370254dee4515c7351d6052fad70,Cleaned fine-grained classification image. Class: Blackheads. Blur score: 83.07.
tiswan_001854,tiswan,cleaned_v1,datasets/skin/acne/final/subtype_classification/valid/open_comedo/tiswan_001854.jpg,valid,open_comedo,usable,non_expert,subtype_classification,acne,1.0,79a5f2d6e6de6384ff05ee1391d8ca08767a8b84bf7d3b19d361c684353ab1f6,Cleaned fine-grained classification image. Class: Blackheads. Blur score: 145.33.
tiswan_001855,tiswan,cleaned_v1,datasets/skin/acne/final/subtype_classification/valid/open_comedo/tiswan_001855.jpg,valid,open_comedo,usable,non_expert,subtype_classification,acne,1.0,1bc5430c51cd894217ca7041e6a765d0ebae814b9ed80aee6ae53714f7408ef0,Cleaned fine-grained classification image. Class: Blackheads. Blur score: 61.05.
tiswan_001856,tiswan,cleaned_v1,datasets/skin/acne/final/subtype_classification/valid/open_comedo/tiswan_001856.jpg,valid,open_comedo,usable,non_expert,subtype_classification,acne,1.0,3257cc92ca8b29b4095b68c5bf61cbd5da00abde0e5fde2fb9f676f99c3c46af,Cleaned fine-grained classification image. Class: Blackheads. Blur score: 75.14.
tiswan_001857,tiswan,cleaned_v1,datasets/skin/acne/final/subtype_classification/valid/open_comedo/tiswan_001857.jpg,valid,open_comedo,usable,non_expert,subtype_classification,acne,1.0,61441ed8ec94da04c2baf1fcbd3bd21cb495dcf072cc03ecdf7cba3a113463cc,Cleaned fine-grained classification image. Class: Blackheads. Blur score: 85.22.
tiswan_001858,tiswan,cleaned_v1,datasets/skin/acne/final/subtype_classification/valid/open_comedo/tiswan_001858.jpg,valid,open_comedo,borderline,non_expert,subtype_classification,acne,1.0,9e67ae1eb5bd99eac675c5faf2a26800711a56a024f867496d8a2de08118bc79,Cleaned fine-grained classification image. Class: Blackheads. Blur score: 32.61.
tiswan_001859,tiswan,cleaned_v1,datasets/skin/acne/final/subtype_classification/valid/open_comedo/tiswan_001859.jpg,valid,open_comedo,borderline,non_expert,subtype_classification,acne,1.0,013d19dd203fb142f9216d1823a7fe8f0c5f397e514d8198ef18cc74416401f8,Cleaned fine-grained classification image. Class: Blackheads. Blur score: 44.45.
tiswan_001860,tiswan,cleaned_v1,datasets/skin/acne/final/subtype_classification/valid/open_comedo/tiswan_001860.jpg,valid,open_comedo,usable,non_expert,subtype_classification,acne,1.0,4ae7f0463a10e851de312ac3bfd3282956f8cd4b3e82ac0ba9a602a0e3a7a598,Cleaned fine-grained classification image. Class: Blackheads. Blur score: 101.86.
tiswan_001861,tiswan,cleaned_v1,datasets/skin/acne/final/subtype_classification/valid/open_comedo/tiswan_001861.jpg,valid,open_comedo,borderline,non_expert,subtype_classification,acne,1.0,85a93eff922892e1e8ed71276f3d02a67be867a07687405a6db66d1d86fc4e90,Cleaned fine-grained classification image. Class: Blackheads. Blur score: 54.55.
tiswan_001862,tiswan,cleaned_v1,datasets/skin/acne/final/subtype_classification/valid/open_comedo/tiswan_001862.jpg,valid,open_comedo,usable,non_expert,subtype_classification,acne,1.0,71281c25e62b4a6c611073a0ed9baf27f6573ccd9d39537af1d87ecffc6a1609,Cleaned fine-grained classification image. Class: Blackheads. Blur score: 93.81.
tiswan_001863,tiswan,cleaned_v1,datasets/skin/acne/final/subtype_classification/valid/open_comedo/tiswan_001863.jpg,valid,open_comedo,borderline,non_expert,subtype_classification,acne,1.0,e2e7a2f37c4f44b96d9eb561150e8c6453535713300646829d767d1d303d5603,Cleaned fine-grained classification image. Class: Blackheads. Blur score: 45.56.
tiswan_001864,tiswan,cleaned_v1,datasets/skin/acne/final/subtype_classification/valid/open_comedo/tiswan_001864.jpg,valid,open_comedo,borderline,non_expert,subtype_classification,acne,1.0,0beb2d12a4e9a975b5ba7537e73ce567fc91073c4573962080fe89b7969e91d1,Cleaned fine-grained classification image. Class: Blackheads. Blur score: 46.3.
tiswan_001865,tiswan,cleaned_v1,datasets/skin/acne/final/subtype_classification/valid/open_comedo/tiswan_001865.jpg,valid,open_comedo,borderline,non_expert,subtype_classification,acne,1.0,19d2d6c0d9aed25c50affeafbf2308e7823d32f814327f45dbf7699308eb6fc7,Cleaned fine-grained classification image. Class: Blackheads. Blur score: 46.89.
tiswan_001866,tiswan,cleaned_v1,datasets/skin/acne/final/subtype_classification/valid/open_comedo/tiswan_001866.jpg,valid,open_comedo,usable,non_expert,subtype_classification,acne,1.0,fc80b0d5d2afae1119eeaeb4cfd65ff849240862a987155ceecad39c0fd68f4b,Cleaned fine-grained classification image. Class: Blackheads. Blur score: 101.36.
tiswan_001867,tiswan,cleaned_v1,datasets/skin/acne/final/subtype_classification/valid/open_comedo/tiswan_001867.jpg,valid,open_comedo,borderline,non_expert,subtype_classification,acne,1.0,d43ca8ae6b8a2250c0d6f92fd9938217d942e79fdf2f9753a5cfdce172f8f545,Cleaned fine-grained classification image. Class: Blackheads. Blur score: 56.45.
tiswan_001868,tiswan,cleaned_v1,datasets/skin/acne/final/subtype_classification/valid/open_comedo/tiswan_001868.jpg,valid,open_comedo,usable,non_expert,subtype_classification,acne,1.0,a80e53e9109834aadd8052f8c4999f451a01a4762d79d81ffe33968f542cd726,Cleaned fine-grained classification image. Class: Blackheads. Blur score: 73.9.
tiswan_001869,tiswan,cleaned_v1,datasets/skin/acne/final/subtype_classification/valid/open_comedo/tiswan_001869.jpg,valid,open_comedo,borderline,non_expert,subtype_classification,acne,1.0,3663efe9fd57fd5ad23b56c85200afb6d2d9f7fbaae62d2870fa5c9f91fc8085,Cleaned fine-grained classification image. Class: Blackheads. Blur score: 37.26.
tiswan_001870,tiswan,cleaned_v1,datasets/skin/acne/final/subtype_classification/valid/open_comedo/tiswan_001870.jpg,valid,open_comedo,borderline,non_expert,subtype_classification,acne,1.0,147c304212fcb842c66af8c5914fc1ca85b5c9c70649acb848e98e1bac52c552,Cleaned fine-grained classification image. Class: Blackheads. Blur score: 55.23.
tiswan_001871,tiswan,cleaned_v1,datasets/skin/acne/final/subtype_classification/valid/open_comedo/tiswan_001871.jpg,valid,open_comedo,usable,non_expert,subtype_classification,acne,1.0,09683c44e03a707a8560fad11f41c8cc33a2fc5d58bfc49a7c9c490f8bd98a57,Cleaned fine-grained classification image. Class: Blackheads. Blur score: 77.69.
tiswan_001872,tiswan,cleaned_v1,datasets/skin/acne/final/subtype_classification/valid/open_comedo/tiswan_001872.jpg,valid,open_comedo,borderline,non_expert,subtype_classification,acne,1.0,d6b82104e0e12ea3fcdb52d263cdc17a4c432df059dd189557fddaacf2032742,Cleaned fine-grained classification image. Class: Blackheads. Blur score: 54.12.
tiswan_001873,tiswan,cleaned_v1,datasets/skin/acne/final/subtype_classification/valid/open_comedo/tiswan_001873.jpg,valid,open_comedo,usable,non_expert,subtype_classification,acne,1.0,7669d54da175834e65e9c3c088022278f5ca1b754893365ce5b62e524c92e3b7,Cleaned fine-grained classification image. Class: Blackheads. Blur score: 69.79.
tiswan_001874,tiswan,cleaned_v1,datasets/skin/acne/final/subtype_classification/valid/open_comedo/tiswan_001874.jpg,valid,open_comedo,usable,non_expert,subtype_classification,acne,1.0,c1b474923a854c03be7fc1771b20151d8c50261f3f4a3eda8100b0fa8bf13fe4,Cleaned fine-grained classification image. Class: Blackheads. Blur score: 67.17.
tiswan_001875,tiswan,cleaned_v1,datasets/skin/acne/final/subtype_classification/valid/open_comedo/tiswan_001875.jpg,valid,open_comedo,usable,non_expert,subtype_classification,acne,1.0,7b0cf73d415ca2bc291cfba16c12f39c7e16e5b08c172ebc07f439a9086c9dcd,Cleaned fine-grained classification image. Class: Blackheads. Blur score: 81.06.
tiswan_001876,tiswan,cleaned_v1,datasets/skin/acne/final/subtype_classification/valid/open_comedo/tiswan_001876.jpg,valid,open_comedo,usable,non_expert,subtype_classification,acne,1.0,2e91e20d2a9a6621100d2578555cf58aea2d507fb611daea0449ffc9b17bc28d,Cleaned fine-grained classification image. Class: Blackheads. Blur score: 98.56.
tiswan_001877,tiswan,cleaned_v1,datasets/skin/acne/final/subtype_classification/valid/open_comedo/tiswan_001877.jpg,valid,open_comedo,usable,non_expert,subtype_classification,acne,1.0,76de28624f3382cf47e0fc92306ded78385417f56daae93f4e435d50f4b2dc31,Cleaned fine-grained classification image. Class: Blackheads. Blur score: 95.63.
tiswan_001878,tiswan,cleaned_v1,datasets/skin/acne/final/subtype_classification/valid/open_comedo/tiswan_001878.jpg,valid,open_comedo,borderline,non_expert,subtype_classification,acne,1.0,9df7942ab6ee13f431d22c827f960410de8b110838a5c6322dfcb32c6531fe55,Cleaned fine-grained classification image. Class: Blackheads. Blur score: 40.68.
tiswan_001879,tiswan,cleaned_v1,datasets/skin/acne/final/subtype_classification/valid/open_comedo/tiswan_001879.jpg,valid,open_comedo,usable,non_expert,subtype_classification,acne,1.0,bab65d9b982ef13c5e01fe3e5c91dd64abcf7f03b25c2cfefb5b8402199ac4b2,Cleaned fine-grained classification image. Class: Blackheads. Blur score: 128.99.
tiswan_001880,tiswan,cleaned_v1,datasets/skin/acne/final/subtype_classification/valid/open_comedo/tiswan_001880.jpg,valid,open_comedo,borderline,non_expert,subtype_classification,acne,1.0,7d65ed5b9023f5dfe6f375be42a429bdb6d209ad3c89353f39af4a79202399db,Cleaned fine-grained classification image. Class: Blackheads. Blur score: 31.33.
tiswan_001881,tiswan,cleaned_v1,datasets/skin/acne/final/subtype_classification/valid/open_comedo/tiswan_001881.jpg,valid,open_comedo,usable,non_expert,subtype_classification,acne,1.0,b6501ce66bd3a199145da63829e8432a473deb7a2972d52cb1e8f875d7002941,Cleaned fine-grained classification image. Class: Blackheads. Blur score: 92.2.
tiswan_001882,tiswan,cleaned_v1,datasets/skin/acne/final/subtype_classification/valid/open_comedo/tiswan_001882.jpg,valid,open_comedo,borderline,non_expert,subtype_classification,acne,1.0,bb85e26653ab5a659028d4ed3c26940b62fe583c2bdffbf189e746267cf33336,Cleaned fine-grained classification image. Class: Blackheads. Blur score: 37.29.
tiswan_001883,tiswan,cleaned_v1,datasets/skin/acne/final/subtype_classification/valid/open_comedo/tiswan_001883.jpg,valid,open_comedo,usable,non_expert,subtype_classification,acne,1.0,594e2db83dba9c9bbdf7c9c1ae99a2cf43cbe00e71085741dbf223e94efd82f8,Cleaned fine-grained classification image. Class: Blackheads. Blur score: 74.73.
tiswan_001884,tiswan,cleaned_v1,datasets/skin/acne/final/subtype_classification/valid/open_comedo/tiswan_001884.jpg,valid,open_comedo,usable,non_expert,subtype_classification,acne,1.0,5de0575729778a9031c268086de0427469d4174bb0795bcd0f25f4634c5cba68,Cleaned fine-grained classification image. Class: Blackheads. Blur score: 70.75.
tiswan_001885,tiswan,cleaned_v1,datasets/skin/acne/final/subtype_classification/valid/open_comedo/tiswan_001885.jpg,valid,open_comedo,borderline,non_expert,subtype_classification,acne,1.0,d18960aa95edf81bb4f645039f791d242106e74d894c2220f328802f4abd50d2,Cleaned fine-grained classification image. Class: Blackheads. Blur score: 58.78.
tiswan_001886,tiswan,cleaned_v1,datasets/skin/acne/final/subtype_classification/valid/open_comedo/tiswan_001886.jpg,valid,open_comedo,borderline,non_expert,subtype_classification,acne,1.0,2720d51b1a44807d75471e5b979e5e43eddbac607dc0fe8ad993db2e70fae9f1,Cleaned fine-grained classification image. Class: Blackheads. Blur score: 44.27.
tiswan_001887,tiswan,cleaned_v1,datasets/skin/acne/final/subtype_classification/valid/open_comedo/tiswan_001887.jpg,valid,open_comedo,usable,non_expert,subtype_classification,acne,1.0,39d508ed92236ce14448f8a75d5e5066da36a53b8d4e54ae967b1c38a9be01dd,Cleaned fine-grained classification image. Class: Blackheads. Blur score: 65.3.
tiswan_001888,tiswan,cleaned_v1,datasets/skin/acne/final/subtype_classification/valid/open_comedo/tiswan_001888.jpg,valid,open_comedo,usable,non_expert,subtype_classification,acne,1.0,da7c1a3dcffee7e5a3b274134ce32d81c99ec4c7afd581b8883be2199272e5b5,Cleaned fine-grained classification image. Class: Blackheads. Blur score: 97.59.
tiswan_001889,tiswan,cleaned_v1,datasets/skin/acne/final/subtype_classification/valid/open_comedo/tiswan_001889.jpg,valid,open_comedo,borderline,non_expert,subtype_classification,acne,1.0,a96320f4b64d7f246a58392a49f2994eb35ecfe78f8c69d4f6ae29011be2a14d,Cleaned fine-grained classification image. Class: Blackheads. Blur score: 33.35.
tiswan_001890,tiswan,cleaned_v1,datasets/skin/acne/final/subtype_classification/valid/open_comedo/tiswan_001890.jpg,valid,open_comedo,usable,non_expert,subtype_classification,acne,1.0,95bb9ffd1fb8614093d35d3870fdd51af4ddd218f3b365236c32af032f22d3aa,Cleaned fine-grained classification image. Class: Blackheads. Blur score: 110.33.
tiswan_001891,tiswan,cleaned_v1,datasets/skin/acne/final/subtype_classification/valid/open_comedo/tiswan_001891.jpg,valid,open_comedo,usable,non_expert,subtype_classification,acne,1.0,9bb18eec3c4b1bffd1ce4c6775f68f27b35b37f412eb5d1b2134b0e0709451cc,Cleaned fine-grained classification image. Class: Blackheads. Blur score: 112.64.
tiswan_001892,tiswan,cleaned_v1,datasets/skin/acne/final/subtype_classification/valid/open_comedo/tiswan_001892.jpg,valid,open_comedo,borderline,non_expert,subtype_classification,acne,1.0,eb291b1a71b54f6a68ae482d7da6a7e120e53057652005e44729f76f2350bf3a,Cleaned fine-grained classification image. Class: Blackheads. Blur score: 58.68.
tiswan_001893,tiswan,cleaned_v1,datasets/skin/acne/final/subtype_classification/valid/open_comedo/tiswan_001893.jpg,valid,open_comedo,borderline,non_expert,subtype_classification,acne,1.0,bb600efb304696d864019e8e3f3e223acca7bd125054ffcb4f13f9563d8ea587,Cleaned fine-grained classification image. Class: Blackheads. Blur score: 55.2.
tiswan_001894,tiswan,cleaned_v1,datasets/skin/acne/final/subtype_classification/valid/open_comedo/tiswan_001894.jpg,valid,open_comedo,usable,non_expert,subtype_classification,acne,1.0,e445b7d11d72d0f3cd47e2eb66085539af0b77606464b0dd4f8f8bde7f845d06,Cleaned fine-grained classification image. Class: Blackheads. Blur score: 71.26.
tiswan_001895,tiswan,cleaned_v1,datasets/skin/acne/final/subtype_classification/valid/open_comedo/tiswan_001895.jpg,valid,open_comedo,usable,non_expert,subtype_classification,acne,1.0,e74f943ac5ee56c0a37068c3141288bc767c877a48605016c80c84a9e2d8cb61,Cleaned fine-grained classification image. Class: Blackheads. Blur score: 71.22.
tiswan_001896,tiswan,cleaned_v1,datasets/skin/acne/final/subtype_classification/valid/open_comedo/tiswan_001896.jpg,valid,open_comedo,usable,non_expert,subtype_classification,acne,1.0,64e6c582641e68bb14d8f8eb663c49e8fbc66df6acca8d671d99dd6d24633937,Cleaned fine-grained classification image. Class: Blackheads. Blur score: 102.05.
tiswan_001897,tiswan,cleaned_v1,datasets/skin/acne/final/subtype_classification/valid/open_comedo/tiswan_001897.jpg,valid,open_comedo,usable,non_expert,subtype_classification,acne,1.0,870402cdcbea1da64de80d2b0f6009cad21004e9a22b55c46ee5356c0d550b34,Cleaned fine-grained classification image. Class: Blackheads. Blur score: 64.21.
tiswan_001898,tiswan,cleaned_v1,datasets/skin/acne/final/subtype_classification/valid/open_comedo/tiswan_001898.jpg,valid,open_comedo,usable,non_expert,subtype_classification,acne,1.0,92b9126fd5b7aa029a07731110932f4e2712ab78e076a9c84e0eccb49fe8ea0e,Cleaned fine-grained classification image. Class: Blackheads. Blur score: 96.75.
tiswan_001899,tiswan,cleaned_v1,datasets/skin/acne/final/subtype_classification/valid/open_comedo/tiswan_001899.jpg,valid,open_comedo,usable,non_expert,subtype_classification,acne,1.0,0c04584e263a0ad32c69f139e8458aee2ea6fc84b74cb0638db14a4feb1c5e5f,Cleaned fine-grained classification image. Class: Blackheads. Blur score: 73.11.
tiswan_001900,tiswan,cleaned_v1,datasets/skin/acne/final/subtype_classification/valid/open_comedo/tiswan_001900.jpg,valid,open_comedo,usable,non_expert,subtype_classification,acne,1.0,a0d0dd1013b06ff85f7521a9d177e1d67718f30ad1990d895c9d6ebc11b74a7c,Cleaned fine-grained classification image. Class: Blackheads. Blur score: 114.47.
tiswan_001901,tiswan,cleaned_v1,datasets/skin/acne/final/subtype_classification/valid/open_comedo/tiswan_001901.jpg,valid,open_comedo,usable,non_expert,subtype_classification,acne,1.0,0b02c1b1626086a17822505018c047939beb52e59a0f89933b6d5d6fb3bcde69,Cleaned fine-grained classification image. Class: Blackheads. Blur score: 113.87.
tiswan_001902,tiswan,cleaned_v1,datasets/skin/acne/final/subtype_classification/valid/open_comedo/tiswan_001902.jpg,valid,open_comedo,usable,non_expert,subtype_classification,acne,1.0,e2a099053d15972ac8aea835b233e251caa67c7ac58d7f88325b525383b62733,Cleaned fine-grained classification image. Class: Blackheads. Blur score: 107.54.
tiswan_001903,tiswan,cleaned_v1,datasets/skin/acne/final/subtype_classification/valid/open_comedo/tiswan_001903.jpg,valid,open_comedo,usable,non_expert,subtype_classification,acne,1.0,66534be0cff8b5185d7c47d05e1b0aaae439e6143e74e556d157d5727dff4d1d,Cleaned fine-grained classification image. Class: Blackheads. Blur score: 98.95.
tiswan_001904,tiswan,cleaned_v1,datasets/skin/acne/final/subtype_classification/valid/open_comedo/tiswan_001904.jpg,valid,open_comedo,usable,non_expert,subtype_classification,acne,1.0,4517380261160e8d0289d50ba77da05838345a36a6a98179e391f34c175bd52c,Cleaned fine-grained classification image. Class: Blackheads. Blur score: 75.6.
tiswan_001905,tiswan,cleaned_v1,datasets/skin/acne/final/subtype_classification/valid/open_comedo/tiswan_001905.jpg,valid,open_comedo,borderline,non_expert,subtype_classification,acne,1.0,d9457b497b62897ee5da48de97746e7898fc0f3037a35f8d104ef171db106578,Cleaned fine-grained classification image. Class: Blackheads. Blur score: 41.66.
tiswan_001906,tiswan,cleaned_v1,datasets/skin/acne/final/subtype_classification/valid/open_comedo/tiswan_001906.jpg,valid,open_comedo,usable,non_expert,subtype_classification,acne,1.0,db280acdc185659fd048e71d3afd9248655ffb2463408027b6c89992a8a5539a,Cleaned fine-grained classification image. Class: Blackheads. Blur score: 88.88.
tiswan_001907,tiswan,cleaned_v1,datasets/skin/acne/final/subtype_classification/valid/open_comedo/tiswan_001907.jpg,valid,open_comedo,borderline,non_expert,subtype_classification,acne,1.0,a26c24a26ee9b22fb21a07ccddc8acd1846b01660635c9fce34757091768b1e5,Cleaned fine-grained classification image. Class: Blackheads. Blur score: 58.1.
tiswan_001908,tiswan,cleaned_v1,datasets/skin/acne/final/subtype_classification/valid/open_comedo/tiswan_001908.jpg,valid,open_comedo,usable,non_expert,subtype_classification,acne,1.0,d692623b85a50ccf14f6f2e20a4c9181a6ff8038799387461cecc2737a0bbf61,Cleaned fine-grained classification image. Class: Blackheads. Blur score: 89.84.
tiswan_001909,tiswan,cleaned_v1,datasets/skin/acne/final/subtype_classification/valid/open_comedo/tiswan_001909.jpg,valid,open_comedo,borderline,non_expert,subtype_classification,acne,1.0,183caf8e509ed05792ee7508c28d26bd3cbdb6f2374673515f7bf11e5ccc8dba,Cleaned fine-grained classification image. Class: Blackheads. Blur score: 55.81.
tiswan_001910,tiswan,cleaned_v1,datasets/skin/acne/final/subtype_classification/valid/open_comedo/tiswan_001910.jpg,valid,open_comedo,borderline,non_expert,subtype_classification,acne,1.0,aa6f6e989ce7af6a3b5fa6c8a7d26533f8d651d5baaddd9ce742c967a4b5b281,Cleaned fine-grained classification image. Class: Blackheads. Blur score: 41.51.
tiswan_001911,tiswan,cleaned_v1,datasets/skin/acne/final/subtype_classification/valid/open_comedo/tiswan_001911.jpg,valid,open_comedo,usable,non_expert,subtype_classification,acne,1.0,85401fbec87bbc98b4d5344bc3c9fb1e8ee2dfef5312f31ff9a89c239a8eacdd,Cleaned fine-grained classification image. Class: Blackheads. Blur score: 63.1.
tiswan_001912,tiswan,cleaned_v1,datasets/skin/acne/final/subtype_classification/valid/open_comedo/tiswan_001912.jpg,valid,open_comedo,usable,non_expert,subtype_classification,acne,1.0,9e3ac2270d01ba21dbd84bbcb0ba121fd99cba6aaab5d6d34f8a21ccf791e829,Cleaned fine-grained classification image. Class: Blackheads. Blur score: 79.96.
tiswan_001913,tiswan,cleaned_v1,datasets/skin/acne/final/subtype_classification/valid/open_comedo/tiswan_001913.jpg,valid,open_comedo,usable,non_expert,subtype_classification,acne,1.0,beda8b63e1ee721b5a683bf77a2932178b5d4a3c259c333c32c1047c3be62246,Cleaned fine-grained classification image. Class: Blackheads. Blur score: 87.55.
tiswan_001914,tiswan,cleaned_v1,datasets/skin/acne/final/subtype_classification/valid/open_comedo/tiswan_001914.jpg,valid,open_comedo,usable,non_expert,subtype_classification,acne,1.0,e1ccde48726c1c2d0f6f82e3891dbd78c740406e6f45a3dbb95369ffb222c49d,Cleaned fine-grained classification image. Class: Blackheads. Blur score: 86.53.
tiswan_001915,tiswan,cleaned_v1,datasets/skin/acne/final/subtype_classification/valid/open_comedo/tiswan_001915.jpg,valid,open_comedo,borderline,non_expert,subtype_classification,acne,1.0,73178235761ce4020f0a458c1ada7f716aabca175d969664058c0b0180598b8e,Cleaned fine-grained classification image. Class: Blackheads. Blur score: 56.15.
tiswan_001916,tiswan,cleaned_v1,datasets/skin/acne/final/subtype_classification/valid/open_comedo/tiswan_001916.jpg,valid,open_comedo,borderline,non_expert,subtype_classification,acne,1.0,39d90c27edc7faa675b257f271397e2f1d33b40d53b90b56b4abb8ab51e0de6f,Cleaned fine-grained classification image. Class: Blackheads. Blur score: 37.97.
tiswan_001917,tiswan,cleaned_v1,datasets/skin/acne/final/subtype_classification/valid/open_comedo/tiswan_001917.jpg,valid,open_comedo,usable,non_expert,subtype_classification,acne,1.0,b4841cc09893f65ec6aa3f80a2947751930ce6ecfdaab231aba258c0ff29b792,Cleaned fine-grained classification image. Class: Blackheads. Blur score: 93.2.
tiswan_001918,tiswan,cleaned_v1,datasets/skin/acne/final/subtype_classification/valid/open_comedo/tiswan_001918.jpg,valid,open_comedo,usable,non_expert,subtype_classification,acne,1.0,fc958286e508f0edd21fd222351bdfbfd6ce7bd0814ee670f598ee1a923abac9,Cleaned fine-grained classification image. Class: Blackheads. Blur score: 74.54.
tiswan_001919,tiswan,cleaned_v1,datasets/skin/acne/final/subtype_classification/valid/open_comedo/tiswan_001919.jpg,valid,open_comedo,usable,non_expert,subtype_classification,acne,1.0,e9dc1d955fd2bc004b9aa00ae9850c187143f21ea878bb6a95cf20e7a377fcb1,Cleaned fine-grained classification image. Class: Blackheads. Blur score: 79.36.
tiswan_001920,tiswan,cleaned_v1,datasets/skin/acne/final/subtype_classification/valid/open_comedo/tiswan_001920.jpg,valid,open_comedo,usable,non_expert,subtype_classification,acne,1.0,cd0783e3706474fe98bdc289afda24cecd6e515963ba715da77d5ba57600d1cf,Cleaned fine-grained classification image. Class: Blackheads. Blur score: 73.89.
tiswan_001921,tiswan,cleaned_v1,datasets/skin/acne/final/subtype_classification/valid/open_comedo/tiswan_001921.jpg,valid,open_comedo,usable,non_expert,subtype_classification,acne,1.0,bb192fa61397bf37794eba9c07e57fd01a864b6b76c3354b87f7b29b5515e60f,Cleaned fine-grained classification image. Class: Blackheads. Blur score: 77.66.
tiswan_001922,tiswan,cleaned_v1,datasets/skin/acne/final/subtype_classification/valid/open_comedo/tiswan_001922.jpg,valid,open_comedo,usable,non_expert,subtype_classification,acne,1.0,db936501d96466925563428d1b3bd8e28827f35d4993d30ebd45f8658b8343ba,Cleaned fine-grained classification image. Class: Blackheads. Blur score: 67.39.
tiswan_001923,tiswan,cleaned_v1,datasets/skin/acne/final/subtype_classification/valid/open_comedo/tiswan_001923.jpg,valid,open_comedo,usable,non_expert,subtype_classification,acne,1.0,c198f545ec3130b33d014b491b53e41da65634a0475095e161e084a1ce2be767,Cleaned fine-grained classification image. Class: Blackheads. Blur score: 69.55.
tiswan_001924,tiswan,cleaned_v1,datasets/skin/acne/final/subtype_classification/valid/open_comedo/tiswan_001924.jpg,valid,open_comedo,borderline,non_expert,subtype_classification,acne,1.0,c23f4b486ba0592ae1fcb561ca6270ddaf6da1dd78368e5ad849be3efe9af242,Cleaned fine-grained classification image. Class: Blackheads. Blur score: 47.99.
tiswan_001925,tiswan,cleaned_v1,datasets/skin/acne/final/subtype_classification/valid/open_comedo/tiswan_001925.jpg,valid,open_comedo,usable,non_expert,subtype_classification,acne,1.0,c1b267fe4d03bb275e41cccf3df9800a4d41fd81224bc513199c0dd256a73ee3,Cleaned fine-grained classification image. Class: Blackheads. Blur score: 130.71.
tiswan_001926,tiswan,cleaned_v1,datasets/skin/acne/final/subtype_classification/valid/open_comedo/tiswan_001926.jpg,valid,open_comedo,usable,non_expert,subtype_classification,acne,1.0,700d7ec47d5b572fd4f6dbaa4ad6acb426f015f4202b7f12656e8f75bbdf81f9,Cleaned fine-grained classification image. Class: Blackheads. Blur score: 145.51.
tiswan_001927,tiswan,cleaned_v1,datasets/skin/acne/final/subtype_classification/valid/open_comedo/tiswan_001927.jpg,valid,open_comedo,usable,non_expert,subtype_classification,acne,1.0,d88b4f35375e87a25b71b221300ceb6ca880ddd2c9f4b06a716601cf81ea28a2,Cleaned fine-grained classification image. Class: Blackheads. Blur score: 94.14.
tiswan_001928,tiswan,cleaned_v1,datasets/skin/acne/final/subtype_classification/valid/open_comedo/tiswan_001928.jpg,valid,open_comedo,usable,non_expert,subtype_classification,acne,1.0,3baec7b5e134e80b355719c16e10daaab66d47583a8130acdfb7856f9422f795,Cleaned fine-grained classification image. Class: Blackheads. Blur score: 90.19.
tiswan_001929,tiswan,cleaned_v1,datasets/skin/acne/final/subtype_classification/valid/open_comedo/tiswan_001929.jpg,valid,open_comedo,usable,non_expert,subtype_classification,acne,1.0,2a3ee6c5e1d938bc95cdeba8aedb449b8b44984fb2872bae5ea4e8a5cc12ed09,Cleaned fine-grained classification image. Class: Blackheads. Blur score: 63.05.
tiswan_001930,tiswan,cleaned_v1,datasets/skin/acne/final/subtype_classification/valid/open_comedo/tiswan_001930.jpg,valid,open_comedo,usable,non_expert,subtype_classification,acne,1.0,dcf2dea381f07aaf87df14309ce6b1c91683a9c781e4f2e356430eab8cf4931e,Cleaned fine-grained classification image. Class: Blackheads. Blur score: 132.3.
tiswan_001931,tiswan,cleaned_v1,datasets/skin/acne/final/subtype_classification/valid/open_comedo/tiswan_001931.jpg,valid,open_comedo,usable,non_expert,subtype_classification,acne,1.0,672f15c749e2e3e2cba9bd4463b53c8ae4755edca905a91c618772b36678dfe5,Cleaned fine-grained classification image. Class: Blackheads. Blur score: 76.94.
tiswan_001932,tiswan,cleaned_v1,datasets/skin/acne/final/subtype_classification/valid/open_comedo/tiswan_001932.jpg,valid,open_comedo,usable,non_expert,subtype_classification,acne,1.0,9a5c08d57b19a5a9df2a00a855ab1aec1869bbf59956b7d6bbe73b3555b3ba46,Cleaned fine-grained classification image. Class: Blackheads. Blur score: 60.35.
tiswan_001933,tiswan,cleaned_v1,datasets/skin/acne/final/subtype_classification/valid/open_comedo/tiswan_001933.jpg,valid,open_comedo,borderline,non_expert,subtype_classification,acne,1.0,e8b6afc4d296d62cdc28eddac35e6d080a6a318e14836fbddc5ae72de6f4971b,Cleaned fine-grained classification image. Class: Blackheads. Blur score: 37.42.
tiswan_001934,tiswan,cleaned_v1,datasets/skin/acne/final/subtype_classification/valid/open_comedo/tiswan_001934.jpg,valid,open_comedo,usable,non_expert,subtype_classification,acne,1.0,a21c042770ccdb2521e2e02816e7f76c276dea9bb0b86a4b0a0af611768e010a,Cleaned fine-grained classification image. Class: Blackheads. Blur score: 149.01.
tiswan_001935,tiswan,cleaned_v1,datasets/skin/acne/final/subtype_classification/valid/open_comedo/tiswan_001935.jpg,valid,open_comedo,usable,non_expert,subtype_classification,acne,1.0,899074f9a27a3d1aba6ae9beb73c7881246120ae641a6283d62c7fc054b72cb6,Cleaned fine-grained classification image. Class: Blackheads. Blur score: 72.74.
tiswan_001936,tiswan,cleaned_v1,datasets/skin/acne/final/subtype_classification/valid/open_comedo/tiswan_001936.jpg,valid,open_comedo,usable,non_expert,subtype_classification,acne,1.0,9a324db8c0dc896c9598a8d9bda1ab1aa8bcd2acad31fa99d72d53fde59c731e,Cleaned fine-grained classification image. Class: Blackheads. Blur score: 72.86.
tiswan_001937,tiswan,cleaned_v1,datasets/skin/acne/final/subtype_classification/valid/open_comedo/tiswan_001937.jpg,valid,open_comedo,borderline,non_expert,subtype_classification,acne,1.0,ed1cb6ebd0ab115301d41e868f90726f7d6f623732cebe940a631a660a1e988a,Cleaned fine-grained classification image. Class: Blackheads. Blur score: 44.23.
tiswan_001938,tiswan,cleaned_v1,datasets/skin/acne/final/subtype_classification/valid/open_comedo/tiswan_001938.jpg,valid,open_comedo,borderline,non_expert,subtype_classification,acne,1.0,d28e880bf40f0a1c53f850f4baa739db33eb367b4c892f1897f108ccd8134b1d,Cleaned fine-grained classification image. Class: Blackheads. Blur score: 47.36.
tiswan_001939,tiswan,cleaned_v1,datasets/skin/acne/final/subtype_classification/valid/open_comedo/tiswan_001939.jpg,valid,open_comedo,usable,non_expert,subtype_classification,acne,1.0,4bc5b16d4b186e162855091125c193120052ef2e68a389b15dac3cdc87685398,Cleaned fine-grained classification image. Class: Blackheads. Blur score: 77.72.
tiswan_001940,tiswan,cleaned_v1,datasets/skin/acne/final/subtype_classification/valid/open_comedo/tiswan_001940.jpg,valid,open_comedo,borderline,non_expert,subtype_classification,acne,1.0,ccee9784207db6c13e2f05dc7a4cfd5cbbab8f2f4ea5c65298d3d58a06d74921,Cleaned fine-grained classification image. Class: Blackheads. Blur score: 37.62.
tiswan_001941,tiswan,cleaned_v1,datasets/skin/acne/final/subtype_classification/valid/open_comedo/tiswan_001941.jpg,valid,open_comedo,borderline,non_expert,subtype_classification,acne,1.0,6ac66ab11a1132511ca6539b992c5bfdb68a423b33c1304040c0437028278c39,Cleaned fine-grained classification image. Class: Blackheads. Blur score: 55.66.
tiswan_001942,tiswan,cleaned_v1,datasets/skin/acne/final/subtype_classification/valid/open_comedo/tiswan_001942.jpg,valid,open_comedo,borderline,non_expert,subtype_classification,acne,1.0,37cd61eb96bfbe4244aa7a458e2940b5cf65a426e8604605c6db2768adea6241,Cleaned fine-grained classification image. Class: Blackheads. Blur score: 46.89.
tiswan_001943,tiswan,cleaned_v1,datasets/skin/acne/final/subtype_classification/valid/open_comedo/tiswan_001943.jpg,valid,open_comedo,usable,non_expert,subtype_classification,acne,1.0,c81420a111c174fd98eb4f5995af2b08e0ba7d2541d1e95fb0c50eea5c994365,Cleaned fine-grained classification image. Class: Blackheads. Blur score: 84.31.
tiswan_001944,tiswan,cleaned_v1,datasets/skin/acne/final/subtype_classification/valid/cystic/tiswan_001944.jpg,valid,cystic,sharp,non_expert,subtype_classification,acne,1.0,1dd26747bc5e70aa360f01d83dc097f21b9354013f66c8b305060b77ba77aefa,Cleaned fine-grained classification image. Class: Cyst. Blur score: 156.29.
tiswan_001945,tiswan,cleaned_v1,datasets/skin/acne/final/subtype_classification/valid/cystic/tiswan_001945.jpg,valid,cystic,usable,non_expert,subtype_classification,acne,1.0,a6fda0bbec3ad37451dd64c95e61d636e1850434d238efaf30847050b27f5044,Cleaned fine-grained classification image. Class: Cyst. Blur score: 82.76.
tiswan_001946,tiswan,cleaned_v1,datasets/skin/acne/final/subtype_classification/valid/cystic/tiswan_001946.jpg,valid,cystic,sharp,non_expert,subtype_classification,acne,1.0,9e3aa29680ed91838cbe3f43348eb3ad7883591f853ec026a307d01e1d24f33d,Cleaned fine-grained classification image. Class: Cyst. Blur score: 157.85.
tiswan_001947,tiswan,cleaned_v1,datasets/skin/acne/final/subtype_classification/valid/cystic/tiswan_001947.jpg,valid,cystic,usable,non_expert,subtype_classification,acne,1.0,663899fbe5c8f68e1adb1ba912661764f85253c2a62cc0051243e09647954ed3,Cleaned fine-grained classification image. Class: Cyst. Blur score: 75.34.
tiswan_001948,tiswan,cleaned_v1,datasets/skin/acne/final/subtype_classification/valid/cystic/tiswan_001948.jpg,valid,cystic,borderline,non_expert,subtype_classification,acne,1.0,5b04d8ab5b01f7ecb8919738dc36218330f7766b31177201075b8ef43b5c4da3,Cleaned fine-grained classification image. Class: Cyst. Blur score: 53.54.
tiswan_001949,tiswan,cleaned_v1,datasets/skin/acne/final/subtype_classification/valid/cystic/tiswan_001949.jpg,valid,cystic,usable,non_expert,subtype_classification,acne,1.0,9a2863edc4177e1350171900b86f20add05f821dd94dce1e9bcb908c8cfd125d,Cleaned fine-grained classification image. Class: Cyst. Blur score: 86.88.
tiswan_001950,tiswan,cleaned_v1,datasets/skin/acne/final/subtype_classification/valid/cystic/tiswan_001950.jpg,valid,cystic,usable,non_expert,subtype_classification,acne,1.0,44a2c69df88d4aac6d89cbb0a11d8bdd25e73fb10e3a9791983899ce3f9eb215,Cleaned fine-grained classification image. Class: Cyst. Blur score: 115.22.
tiswan_001951,tiswan,cleaned_v1,datasets/skin/acne/final/subtype_classification/valid/cystic/tiswan_001951.jpg,valid,cystic,usable,non_expert,subtype_classification,acne,1.0,d9400cc8100184bced2012397bd48802c4c4f73e9eb1964a82b9ec53685933e9,Cleaned fine-grained classification image. Class: Cyst. Blur score: 102.64.
tiswan_001952,tiswan,cleaned_v1,datasets/skin/acne/final/subtype_classification/valid/cystic/tiswan_001952.jpg,valid,cystic,usable,non_expert,subtype_classification,acne,1.0,54a1033cb6d2300696d3fe41df36ee6ecc7edf0950538c8c90c4ef0c5db3faca,Cleaned fine-grained classification image. Class: Cyst. Blur score: 84.8.
tiswan_001953,tiswan,cleaned_v1,datasets/skin/acne/final/subtype_classification/valid/cystic/tiswan_001953.jpg,valid,cystic,usable,non_expert,subtype_classification,acne,1.0,1b518e6ecacc065102a50189a3d4623812e3f2c848146a9dbfb73d2f0aeada3d,Cleaned fine-grained classification image. Class: Cyst. Blur score: 116.34.
tiswan_001954,tiswan,cleaned_v1,datasets/skin/acne/final/subtype_classification/valid/cystic/tiswan_001954.jpg,valid,cystic,usable,non_expert,subtype_classification,acne,1.0,826814ad505a0472032ace621224da972e7f6ec0bd70ab6b8df7035e82889423,Cleaned fine-grained classification image. Class: Cyst. Blur score: 79.29.
tiswan_001955,tiswan,cleaned_v1,datasets/skin/acne/final/subtype_classification/valid/cystic/tiswan_001955.jpg,valid,cystic,sharp,non_expert,subtype_classification,acne,1.0,e793c60c64880738a42c11d8125196bec602f43f64990cc11a4430b15cdac650,Cleaned fine-grained classification image. Class: Cyst. Blur score: 287.94.
tiswan_001956,tiswan,cleaned_v1,datasets/skin/acne/final/subtype_classification/valid/cystic/tiswan_001956.jpg,valid,cystic,usable,non_expert,subtype_classification,acne,1.0,f85b0d01dfbbf5cab48e607eea81edc133031b184afb993b04c5a61a8cf5744b,Cleaned fine-grained classification image. Class: Cyst. Blur score: 104.47.
tiswan_001957,tiswan,cleaned_v1,datasets/skin/acne/final/subtype_classification/valid/cystic/tiswan_001957.jpg,valid,cystic,usable,non_expert,subtype_classification,acne,1.0,be2f3760d867f2290b7e9c270f216d3f5cc335e28997eb98d94ed9e48d7566fb,Cleaned fine-grained classification image. Class: Cyst. Blur score: 134.8.
tiswan_001958,tiswan,cleaned_v1,datasets/skin/acne/final/subtype_classification/valid/cystic/tiswan_001958.jpg,valid,cystic,usable,non_expert,subtype_classification,acne,1.0,0ddde7cad4f4dc6dc0d84959acc3c59a615918b5bc2ac263fdc8d84c4a14ffd9,Cleaned fine-grained classification image. Class: Cyst. Blur score: 102.24.
tiswan_001959,tiswan,cleaned_v1,datasets/skin/acne/final/subtype_classification/valid/cystic/tiswan_001959.jpg,valid,cystic,sharp,non_expert,subtype_classification,acne,1.0,b48c4513bc38e72970570e3fbb99a798efe8e357ce0ffa6ebb54acdb1663ec49,Cleaned fine-grained classification image. Class: Cyst. Blur score: 216.83.
tiswan_001960,tiswan,cleaned_v1,datasets/skin/acne/final/subtype_classification/valid/cystic/tiswan_001960.jpg,valid,cystic,usable,non_expert,subtype_classification,acne,1.0,b47fe163ae651b486b12c5208f2d80b0dfa0e28ff6e34098e5df3c57fc62ed80,Cleaned fine-grained classification image. Class: Cyst. Blur score: 63.61.
tiswan_001961,tiswan,cleaned_v1,datasets/skin/acne/final/subtype_classification/valid/cystic/tiswan_001961.jpg,valid,cystic,usable,non_expert,subtype_classification,acne,1.0,3bb2a1ec174d12c5b89218b9fa2994a7e0068b0be8add73dee5cad668d2708b8,Cleaned fine-grained classification image. Class: Cyst. Blur score: 72.08.
tiswan_001962,tiswan,cleaned_v1,datasets/skin/acne/final/subtype_classification/valid/cystic/tiswan_001962.jpg,valid,cystic,usable,non_expert,subtype_classification,acne,1.0,528be3ac2c588e11010186d56a8331cc87a38af958c62894ca4c1221a4f8ca7d,Cleaned fine-grained classification image. Class: Cyst. Blur score: 104.65.
tiswan_001963,tiswan,cleaned_v1,datasets/skin/acne/final/subtype_classification/valid/cystic/tiswan_001963.jpg,valid,cystic,usable,non_expert,subtype_classification,acne,1.0,fea7ace5f7acbd8adcb6cd0957a442ec97921d5b72520b5cedcbe8f106b34afe,Cleaned fine-grained classification image. Class: Cyst. Blur score: 83.52.
tiswan_001964,tiswan,cleaned_v1,datasets/skin/acne/final/subtype_classification/valid/cystic/tiswan_001964.jpg,valid,cystic,usable,non_expert,subtype_classification,acne,1.0,eb52941dafa0d09362a721f23593192cca58008c13a81ef4b581cbf3be390820,Cleaned fine-grained classification image. Class: Cyst. Blur score: 138.85.
tiswan_001965,tiswan,cleaned_v1,datasets/skin/acne/final/subtype_classification/valid/cystic/tiswan_001965.jpg,valid,cystic,usable,non_expert,subtype_classification,acne,1.0,4fc22bd815fc04b5103cf8dfa00e326ca0cee7c61b9495001989f83be2a25a28,Cleaned fine-grained classification image. Class: Cyst. Blur score: 96.4.
tiswan_001966,tiswan,cleaned_v1,datasets/skin/acne/final/subtype_classification/valid/cystic/tiswan_001966.jpg,valid,cystic,usable,non_expert,subtype_classification,acne,1.0,697f2a7191d68de6da61c893152dc7143c599cad52fb9156263f83111ef46e14,Cleaned fine-grained classification image. Class: Cyst. Blur score: 91.02.
tiswan_001967,tiswan,cleaned_v1,datasets/skin/acne/final/subtype_classification/valid/cystic/tiswan_001967.jpg,valid,cystic,usable,non_expert,subtype_classification,acne,1.0,42309ef0d2659432436d3c839d854168a47cda50f9f5bcd0b33b92abd930a731,Cleaned fine-grained classification image. Class: Cyst. Blur score: 134.45.
tiswan_001968,tiswan,cleaned_v1,datasets/skin/acne/final/subtype_classification/valid/cystic/tiswan_001968.jpg,valid,cystic,borderline,non_expert,subtype_classification,acne,1.0,eab1d69f82ea4303ec254a0011fa4da076fb1537465cbe530ddd81865b9f955f,Cleaned fine-grained classification image. Class: Cyst. Blur score: 46.98.
tiswan_001969,tiswan,cleaned_v1,datasets/skin/acne/final/subtype_classification/valid/cystic/tiswan_001969.jpg,valid,cystic,usable,non_expert,subtype_classification,acne,1.0,0a795f4ae78f744ef9089102464e951cd34fa3d7c12f220304acbd70c7c5d219,Cleaned fine-grained classification image. Class: Cyst. Blur score: 147.72.
tiswan_001970,tiswan,cleaned_v1,datasets/skin/acne/final/subtype_classification/valid/cystic/tiswan_001970.jpg,valid,cystic,usable,non_expert,subtype_classification,acne,1.0,02ca29d6fe35f370123866b65acbb706d99365d3749e9ee53a107aba761e6f49,Cleaned fine-grained classification image. Class: Cyst. Blur score: 88.93.
tiswan_001971,tiswan,cleaned_v1,datasets/skin/acne/final/subtype_classification/valid/cystic/tiswan_001971.jpg,valid,cystic,borderline,non_expert,subtype_classification,acne,1.0,5d712c8f799d62f27c231a3119a69879f695cbd449767c55ee4df1760f09a15e,Cleaned fine-grained classification image. Class: Cyst. Blur score: 40.65.
tiswan_001972,tiswan,cleaned_v1,datasets/skin/acne/final/subtype_classification/valid/cystic/tiswan_001972.jpg,valid,cystic,usable,non_expert,subtype_classification,acne,1.0,bee69ef45c0c9af252328f8261f8ddbf49e96a26f88f4edfc034e65b15e27ce0,Cleaned fine-grained classification image. Class: Cyst. Blur score: 75.4.
tiswan_001973,tiswan,cleaned_v1,datasets/skin/acne/final/subtype_classification/valid/cystic/tiswan_001973.jpg,valid,cystic,usable,non_expert,subtype_classification,acne,1.0,3f1b35cb7da2270c309457150e2a7ab41d769e4d9ced3305fd39068182fd7d2c,Cleaned fine-grained classification image. Class: Cyst. Blur score: 112.35.
tiswan_001974,tiswan,cleaned_v1,datasets/skin/acne/final/subtype_classification/valid/cystic/tiswan_001974.jpg,valid,cystic,usable,non_expert,subtype_classification,acne,1.0,867caebd6761be836739b8b6e5a4905a8abca46f193109d96daaa4a3c3e234fe,Cleaned fine-grained classification image. Class: Cyst. Blur score: 88.82.
tiswan_001975,tiswan,cleaned_v1,datasets/skin/acne/final/subtype_classification/valid/cystic/tiswan_001975.jpg,valid,cystic,usable,non_expert,subtype_classification,acne,1.0,5cafc326fe46876baf96ef84fc91b047e0da499fcdd37d68af0cc4c235256882,Cleaned fine-grained classification image. Class: Cyst. Blur score: 98.71.
tiswan_001976,tiswan,cleaned_v1,datasets/skin/acne/final/subtype_classification/valid/cystic/tiswan_001976.jpg,valid,cystic,usable,non_expert,subtype_classification,acne,1.0,dd2e7cf66041bf1d7b2026c1dd5238da8b7b3ef7cc72092552a6b82ad49d2848,Cleaned fine-grained classification image. Class: Cyst. Blur score: 127.24.
tiswan_001977,tiswan,cleaned_v1,datasets/skin/acne/final/subtype_classification/valid/cystic/tiswan_001977.jpg,valid,cystic,usable,non_expert,subtype_classification,acne,1.0,d171d9a34f0c4459caaa12ff2bc55115a8c3606f83427d72bfe704ff602c1d2d,Cleaned fine-grained classification image. Class: Cyst. Blur score: 113.38.
tiswan_001978,tiswan,cleaned_v1,datasets/skin/acne/final/subtype_classification/valid/cystic/tiswan_001978.jpg,valid,cystic,usable,non_expert,subtype_classification,acne,1.0,77c8578a4bb175b9fbcd40945d7be143ce1cc1aa6e8893fdfb8da7b508359b60,Cleaned fine-grained classification image. Class: Cyst. Blur score: 136.5.
tiswan_001979,tiswan,cleaned_v1,datasets/skin/acne/final/subtype_classification/valid/cystic/tiswan_001979.jpg,valid,cystic,usable,non_expert,subtype_classification,acne,1.0,6ae91ee918697002970bf0f50c03461c4e59cf4d8d490c28a10964869488da6e,Cleaned fine-grained classification image. Class: Cyst. Blur score: 63.13.
tiswan_001980,tiswan,cleaned_v1,datasets/skin/acne/final/subtype_classification/valid/cystic/tiswan_001980.jpg,valid,cystic,sharp,non_expert,subtype_classification,acne,1.0,b800825a241d367443986c319eef80146115a3d6dc6a7c69a4e0124b460e4d44,Cleaned fine-grained classification image. Class: Cyst. Blur score: 275.54.
tiswan_001981,tiswan,cleaned_v1,datasets/skin/acne/final/subtype_classification/valid/cystic/tiswan_001981.jpg,valid,cystic,usable,non_expert,subtype_classification,acne,1.0,fdb1002a294db2b175cada1cff149785b81aaf3c09835fda0cc68e5b69ce2c33,Cleaned fine-grained classification image. Class: Cyst. Blur score: 134.33.
tiswan_001982,tiswan,cleaned_v1,datasets/skin/acne/final/subtype_classification/valid/cystic/tiswan_001982.jpg,valid,cystic,usable,non_expert,subtype_classification,acne,1.0,3dae8ddc34a157d9374f506a6faf0dcc3d6ef6163e66480d58cc5051d64875fc,Cleaned fine-grained classification image. Class: Cyst. Blur score: 119.3.
tiswan_001983,tiswan,cleaned_v1,datasets/skin/acne/final/subtype_classification/valid/cystic/tiswan_001983.jpg,valid,cystic,usable,non_expert,subtype_classification,acne,1.0,be165bbb5201e43a2b3c7404b6148ba39503c6cf9bae02c90cda5890466b1791,Cleaned fine-grained classification image. Class: Cyst. Blur score: 86.25.
tiswan_001984,tiswan,cleaned_v1,datasets/skin/acne/final/subtype_classification/valid/cystic/tiswan_001984.jpg,valid,cystic,sharp,non_expert,subtype_classification,acne,1.0,c6129d62c57af1e5efd304e265e962e89cfb496b9016899b0638cc253ba6620b,Cleaned fine-grained classification image. Class: Cyst. Blur score: 194.29.
tiswan_001985,tiswan,cleaned_v1,datasets/skin/acne/final/subtype_classification/valid/cystic/tiswan_001985.jpg,valid,cystic,borderline,non_expert,subtype_classification,acne,1.0,a5e9229161fe71cf19d1e61e2781241030e79f9e4987e9f7fdadbdf4da85281a,Cleaned fine-grained classification image. Class: Cyst. Blur score: 46.45.
tiswan_001986,tiswan,cleaned_v1,datasets/skin/acne/final/subtype_classification/valid/cystic/tiswan_001986.jpg,valid,cystic,usable,non_expert,subtype_classification,acne,1.0,d81d155865123f4695726d1269209808785efef27f57fb7369adba2e7d4ad36f,Cleaned fine-grained classification image. Class: Cyst. Blur score: 142.38.
tiswan_001987,tiswan,cleaned_v1,datasets/skin/acne/final/subtype_classification/valid/cystic/tiswan_001987.jpg,valid,cystic,borderline,non_expert,subtype_classification,acne,1.0,e947a218e51f41dd0d9e6f244e9ff30dc401a15d2ff6853194ab6401fb91f471,Cleaned fine-grained classification image. Class: Cyst. Blur score: 38.48.
tiswan_001988,tiswan,cleaned_v1,datasets/skin/acne/final/subtype_classification/valid/cystic/tiswan_001988.jpg,valid,cystic,borderline,non_expert,subtype_classification,acne,1.0,a49b9d401efea386e412dae4a7d403a31dc0b5dd76eec46921cbd938cc5f2d20,Cleaned fine-grained classification image. Class: Cyst. Blur score: 53.75.
tiswan_001989,tiswan,cleaned_v1,datasets/skin/acne/final/subtype_classification/valid/cystic/tiswan_001989.jpg,valid,cystic,usable,non_expert,subtype_classification,acne,1.0,03934e3a550f0d6d8379ee24931691fdaaca8af00d4d69aa6e9d965a2a2960c8,Cleaned fine-grained classification image. Class: Cyst. Blur score: 94.92.
tiswan_001990,tiswan,cleaned_v1,datasets/skin/acne/final/subtype_classification/valid/cystic/tiswan_001990.jpg,valid,cystic,usable,non_expert,subtype_classification,acne,1.0,e59006fb51b3f97fb07e1d08ea379796bdb8936ee4feb87dedcb66cc3733b175,Cleaned fine-grained classification image. Class: Cyst. Blur score: 60.93.
tiswan_001991,tiswan,cleaned_v1,datasets/skin/acne/final/subtype_classification/valid/cystic/tiswan_001991.jpg,valid,cystic,usable,non_expert,subtype_classification,acne,1.0,840a76cdeb45c6dfe2682b5e065e8312365f8932e298a5bbe97023ee83aa292f,Cleaned fine-grained classification image. Class: Cyst. Blur score: 75.12.
tiswan_001992,tiswan,cleaned_v1,datasets/skin/acne/final/subtype_classification/valid/cystic/tiswan_001992.jpg,valid,cystic,usable,non_expert,subtype_classification,acne,1.0,023294c400e47a0757debfcc0d42ea4dc4fc17818d1dc13ff3b8a58bc52bf4d7,Cleaned fine-grained classification image. Class: Cyst. Blur score: 82.77.
tiswan_001993,tiswan,cleaned_v1,datasets/skin/acne/final/subtype_classification/valid/cystic/tiswan_001993.jpg,valid,cystic,usable,non_expert,subtype_classification,acne,1.0,ad57a634f7a6b28f2d458a1963b16ac72cb18387708c4da37823198b7857f4eb,Cleaned fine-grained classification image. Class: Cyst. Blur score: 67.9.
tiswan_001994,tiswan,cleaned_v1,datasets/skin/acne/final/subtype_classification/valid/cystic/tiswan_001994.jpg,valid,cystic,usable,non_expert,subtype_classification,acne,1.0,3c06810fadf4c3bafe1ede4b9447a91964cee426d34a307e0137876e1c46ce61,Cleaned fine-grained classification image. Class: Cyst. Blur score: 89.45.
tiswan_001995,tiswan,cleaned_v1,datasets/skin/acne/final/subtype_classification/valid/cystic/tiswan_001995.jpg,valid,cystic,borderline,non_expert,subtype_classification,acne,1.0,a3fe64822e229c75c7fabbfad2d394ec110ea518fc44fff87377eb942cd3f683,Cleaned fine-grained classification image. Class: Cyst. Blur score: 32.26.
tiswan_001996,tiswan,cleaned_v1,datasets/skin/acne/final/subtype_classification/valid/cystic/tiswan_001996.jpg,valid,cystic,sharp,non_expert,subtype_classification,acne,1.0,87eba8fffbc3180fb2dd0cec20e6d6563f25ae2d04bc5b4bf61582233ea38af0,Cleaned fine-grained classification image. Class: Cyst. Blur score: 186.21.
tiswan_001997,tiswan,cleaned_v1,datasets/skin/acne/final/subtype_classification/valid/cystic/tiswan_001997.jpg,valid,cystic,sharp,non_expert,subtype_classification,acne,1.0,9d5c7bf9d244b715dd4ac638161e0a328f0f6e618360fbd7a305323621285c90,Cleaned fine-grained classification image. Class: Cyst. Blur score: 150.1.
tiswan_001998,tiswan,cleaned_v1,datasets/skin/acne/final/subtype_classification/valid/cystic/tiswan_001998.jpg,valid,cystic,usable,non_expert,subtype_classification,acne,1.0,82cc3908f1386d9d41a4de8610bb73dc4f7f2b8630a59e0484dd2b63ba6be89f,Cleaned fine-grained classification image. Class: Cyst. Blur score: 61.05.
tiswan_001999,tiswan,cleaned_v1,datasets/skin/acne/final/subtype_classification/valid/cystic/tiswan_001999.jpg,valid,cystic,usable,non_expert,subtype_classification,acne,1.0,3091ca31919d1d557f17fe5fe451de69a9b3841b594741fcadc4cae5e5f10bb4,Cleaned fine-grained classification image. Class: Cyst. Blur score: 68.17.
tiswan_002000,tiswan,cleaned_v1,datasets/skin/acne/final/subtype_classification/valid/cystic/tiswan_002000.jpg,valid,cystic,usable,non_expert,subtype_classification,acne,1.0,5400000820c60487e955c0db99d7f088e96383a5641435b7d788b8decf3f582d,Cleaned fine-grained classification image. Class: Cyst. Blur score: 100.24.
tiswan_002001,tiswan,cleaned_v1,datasets/skin/acne/final/subtype_classification/valid/cystic/tiswan_002001.jpg,valid,cystic,borderline,non_expert,subtype_classification,acne,1.0,ed60fa46361d3079130f050ed1464b50f55fe7238bc00279c7deb9680104e8ae,Cleaned fine-grained classification image. Class: Cyst. Blur score: 46.26.
tiswan_002002,tiswan,cleaned_v1,datasets/skin/acne/final/subtype_classification/valid/cystic/tiswan_002002.jpg,valid,cystic,usable,non_expert,subtype_classification,acne,1.0,c8075a6d81dc8528f2b11ae56a24b90e07d190e817eb401da9cdb042d63ab856,Cleaned fine-grained classification image. Class: Cyst. Blur score: 75.21.
tiswan_002003,tiswan,cleaned_v1,datasets/skin/acne/final/subtype_classification/valid/cystic/tiswan_002003.jpg,valid,cystic,usable,non_expert,subtype_classification,acne,1.0,e228419c44e1439ba8a3f707747db1cfb1dc7ca9fc2629f5a48589b1b2104234,Cleaned fine-grained classification image. Class: Cyst. Blur score: 91.04.
tiswan_002004,tiswan,cleaned_v1,datasets/skin/acne/final/subtype_classification/valid/cystic/tiswan_002004.jpg,valid,cystic,usable,non_expert,subtype_classification,acne,1.0,9c7a9feff2cde3a746b245ac0323a25882aac46f2469b2bfba010c177f470ec1,Cleaned fine-grained classification image. Class: Cyst. Blur score: 127.19.
tiswan_002005,tiswan,cleaned_v1,datasets/skin/acne/final/subtype_classification/valid/cystic/tiswan_002005.jpg,valid,cystic,usable,non_expert,subtype_classification,acne,1.0,8a53699ea36f18a0feae5abd685c2b418e5c4aab59d61a62c65e010f02f3f02f,Cleaned fine-grained classification image. Class: Cyst. Blur score: 112.59.
tiswan_002006,tiswan,cleaned_v1,datasets/skin/acne/final/subtype_classification/valid/cystic/tiswan_002006.jpg,valid,cystic,sharp,non_expert,subtype_classification,acne,1.0,64df5ba571994a85958499a3a256bea2a7d6d6603ffa29b2c982cd4b2868cc0b,Cleaned fine-grained classification image. Class: Cyst. Blur score: 270.91.
tiswan_002007,tiswan,cleaned_v1,datasets/skin/acne/final/subtype_classification/valid/cystic/tiswan_002007.jpg,valid,cystic,usable,non_expert,subtype_classification,acne,1.0,1aa2d0bc664762c581f9f9ecaa013988c0e30c92dfb991992e0201c49d844f93,Cleaned fine-grained classification image. Class: Cyst. Blur score: 112.81.
tiswan_002008,tiswan,cleaned_v1,datasets/skin/acne/final/subtype_classification/valid/cystic/tiswan_002008.jpg,valid,cystic,usable,non_expert,subtype_classification,acne,1.0,966a69bbbfd31c300961abf5c7df0c818c6291ef0d804f9f3bb5f2a57210a7bb,Cleaned fine-grained classification image. Class: Cyst. Blur score: 88.22.
tiswan_002009,tiswan,cleaned_v1,datasets/skin/acne/final/subtype_classification/valid/cystic/tiswan_002009.jpg,valid,cystic,sharp,non_expert,subtype_classification,acne,1.0,ebd96c284694834f095332c60f82a1b06ea9115cc9474ee22a6089b1e2fd5c68,Cleaned fine-grained classification image. Class: Cyst. Blur score: 226.75.
tiswan_002010,tiswan,cleaned_v1,datasets/skin/acne/final/subtype_classification/valid/cystic/tiswan_002010.jpg,valid,cystic,borderline,non_expert,subtype_classification,acne,1.0,0d80f8761aad05c33e953319e4dc29b68698cb0d836a5caeb82c619326eea950,Cleaned fine-grained classification image. Class: Cyst. Blur score: 42.99.
tiswan_002011,tiswan,cleaned_v1,datasets/skin/acne/final/subtype_classification/valid/cystic/tiswan_002011.jpg,valid,cystic,sharp,non_expert,subtype_classification,acne,1.0,e381eeae31b9b8e1ed3c22e7936deeccf37538d972ca64d04cddddc0592fcad0,Cleaned fine-grained classification image. Class: Cyst. Blur score: 169.94.
tiswan_002012,tiswan,cleaned_v1,datasets/skin/acne/final/subtype_classification/valid/cystic/tiswan_002012.jpg,valid,cystic,usable,non_expert,subtype_classification,acne,1.0,6980d10438697d9613be90fab80efa0d1a4c5f8b7002ead1f8baef830aca14e3,Cleaned fine-grained classification image. Class: Cyst. Blur score: 127.39.
tiswan_002013,tiswan,cleaned_v1,datasets/skin/acne/final/subtype_classification/valid/cystic/tiswan_002013.jpg,valid,cystic,usable,non_expert,subtype_classification,acne,1.0,48f92c6b803a6bae4e8772f24b5701305c1188c62b221932e4e7b46a47a14946,Cleaned fine-grained classification image. Class: Cyst. Blur score: 142.29.
tiswan_002014,tiswan,cleaned_v1,datasets/skin/acne/final/subtype_classification/valid/cystic/tiswan_002014.jpg,valid,cystic,usable,non_expert,subtype_classification,acne,1.0,d8b45de13ddea354113c0fe1b005e9e24322a0fc05848c49a8a61c4bded20ee1,Cleaned fine-grained classification image. Class: Cyst. Blur score: 119.75.
tiswan_002015,tiswan,cleaned_v1,datasets/skin/acne/final/subtype_classification/valid/cystic/tiswan_002015.jpg,valid,cystic,usable,non_expert,subtype_classification,acne,1.0,a25658f03e2f6b79493994cdd0119928290a2151cc4a0ab98c634e30d93327f9,Cleaned fine-grained classification image. Class: Cyst. Blur score: 139.98.
tiswan_002016,tiswan,cleaned_v1,datasets/skin/acne/final/subtype_classification/valid/cystic/tiswan_002016.jpg,valid,cystic,sharp,non_expert,subtype_classification,acne,1.0,444c52f7cc425c8eb8525bfb86c83f635023849ce98ef7ef2aada7ed6e7da160,Cleaned fine-grained classification image. Class: Cyst. Blur score: 182.11.
tiswan_002017,tiswan,cleaned_v1,datasets/skin/acne/final/subtype_classification/valid/cystic/tiswan_002017.jpg,valid,cystic,sharp,non_expert,subtype_classification,acne,1.0,c0e062cab632ddedc5d4bb1cfeecec78f1305c6fe194f93d24d9539e097e147b,Cleaned fine-grained classification image. Class: Cyst. Blur score: 177.79.
tiswan_002018,tiswan,cleaned_v1,datasets/skin/acne/final/subtype_classification/valid/cystic/tiswan_002018.jpg,valid,cystic,usable,non_expert,subtype_classification,acne,1.0,a6b83c8918232a20b11c53544fe8506796632cb967c6eb32e52ceec561f38402,Cleaned fine-grained classification image. Class: Cyst. Blur score: 86.7.
tiswan_002019,tiswan,cleaned_v1,datasets/skin/acne/final/subtype_classification/valid/cystic/tiswan_002019.jpg,valid,cystic,usable,non_expert,subtype_classification,acne,1.0,982c12b412e18307ce728ef3f37f6ed71e135f871a0da91fe7d3a105beac911b,Cleaned fine-grained classification image. Class: Cyst. Blur score: 135.32.
tiswan_002020,tiswan,cleaned_v1,datasets/skin/acne/final/subtype_classification/valid/cystic/tiswan_002020.jpg,valid,cystic,usable,non_expert,subtype_classification,acne,1.0,13012aa880e3af8f0678c1b8d5b058f1742e2d8cde4da4759d808daef101187f,Cleaned fine-grained classification image. Class: Cyst. Blur score: 100.43.
tiswan_002021,tiswan,cleaned_v1,datasets/skin/acne/final/subtype_classification/valid/cystic/tiswan_002021.jpg,valid,cystic,usable,non_expert,subtype_classification,acne,1.0,8891c36f1cbe729b621eed31bf4041e690bf34799f7fee4cc0eac14501c4f389,Cleaned fine-grained classification image. Class: Cyst. Blur score: 134.73.
tiswan_002022,tiswan,cleaned_v1,datasets/skin/acne/final/subtype_classification/valid/cystic/tiswan_002022.jpg,valid,cystic,usable,non_expert,subtype_classification,acne,1.0,69f6692c7b02dfe0b5d7e10c82c113f6aeb73c2d3baffecff880bc0630484741,Cleaned fine-grained classification image. Class: Cyst. Blur score: 91.8.
tiswan_002023,tiswan,cleaned_v1,datasets/skin/acne/final/subtype_classification/valid/cystic/tiswan_002023.jpg,valid,cystic,usable,non_expert,subtype_classification,acne,1.0,69348a9bdf80415303cf641bb1c54aaa21462d50cd9e38d4cbe82953dc1c449c,Cleaned fine-grained classification image. Class: Cyst. Blur score: 85.95.
tiswan_002024,tiswan,cleaned_v1,datasets/skin/acne/final/subtype_classification/valid/cystic/tiswan_002024.jpg,valid,cystic,usable,non_expert,subtype_classification,acne,1.0,73039b9c5c38487e7952b0663f94b82a1b6374a6f692f5531d6fe1b039e61cbb,Cleaned fine-grained classification image. Class: Cyst. Blur score: 60.5.
tiswan_002025,tiswan,cleaned_v1,datasets/skin/acne/final/subtype_classification/valid/cystic/tiswan_002025.jpg,valid,cystic,usable,non_expert,subtype_classification,acne,1.0,2459bf0105e0ba5cd4fe644878dd414763f20d36b7ed1ba1f4134daa514ec822,Cleaned fine-grained classification image. Class: Cyst. Blur score: 127.53.
tiswan_002026,tiswan,cleaned_v1,datasets/skin/acne/final/subtype_classification/valid/cystic/tiswan_002026.jpg,valid,cystic,usable,non_expert,subtype_classification,acne,1.0,a1439dee35f536e3ccca035e92ff369c44a7ef32073ae4427b0cc0c55ed91459,Cleaned fine-grained classification image. Class: Cyst. Blur score: 94.37.
tiswan_002027,tiswan,cleaned_v1,datasets/skin/acne/final/subtype_classification/valid/cystic/tiswan_002027.jpg,valid,cystic,sharp,non_expert,subtype_classification,acne,1.0,607d6d627c9b1f237709391696b6c8e4f4ad6e7ab6c6c0007882c46ab691fd03,Cleaned fine-grained classification image. Class: Cyst. Blur score: 240.51.
tiswan_002028,tiswan,cleaned_v1,datasets/skin/acne/final/subtype_classification/valid/cystic/tiswan_002028.jpg,valid,cystic,usable,non_expert,subtype_classification,acne,1.0,5261a5b26fc690065c7866eae0d342bc77c5d91acc3528589f4c00b231707e49,Cleaned fine-grained classification image. Class: Cyst. Blur score: 70.01.
tiswan_002029,tiswan,cleaned_v1,datasets/skin/acne/final/subtype_classification/valid/cystic/tiswan_002029.jpg,valid,cystic,usable,non_expert,subtype_classification,acne,1.0,902b2ff33ed4bbb6619aebcd5ac457d8ab0c0543f5fccf827e1e9f6033006303,Cleaned fine-grained classification image. Class: Cyst. Blur score: 92.9.
tiswan_002030,tiswan,cleaned_v1,datasets/skin/acne/final/subtype_classification/valid/cystic/tiswan_002030.jpg,valid,cystic,borderline,non_expert,subtype_classification,acne,1.0,971835a5dd1a9327a8eadcd6f7e874956c4bd2b8f4ef9fa548f2f032eb394518,Cleaned fine-grained classification image. Class: Cyst. Blur score: 34.22.
tiswan_002031,tiswan,cleaned_v1,datasets/skin/acne/final/subtype_classification/valid/cystic/tiswan_002031.jpg,valid,cystic,usable,non_expert,subtype_classification,acne,1.0,d809a39b96494f22c4eb63f881914ace06baf06ae3f15294d7d9f7887aea1ad2,Cleaned fine-grained classification image. Class: Cyst. Blur score: 107.36.
tiswan_002032,tiswan,cleaned_v1,datasets/skin/acne/final/subtype_classification/valid/cystic/tiswan_002032.jpg,valid,cystic,usable,non_expert,subtype_classification,acne,1.0,b3753706de5ba7d9a4af92c1b7a495b70fb8e2a5a1fd99160dd7540b45c11b85,Cleaned fine-grained classification image. Class: Cyst. Blur score: 91.41.
tiswan_002033,tiswan,cleaned_v1,datasets/skin/acne/final/subtype_classification/valid/cystic/tiswan_002033.jpg,valid,cystic,usable,non_expert,subtype_classification,acne,1.0,a8b291070f5000f3df2c0fc53e60c2e634c43c186d9998d022d1dcdc13fe38d5,Cleaned fine-grained classification image. Class: Cyst. Blur score: 87.72.
tiswan_002034,tiswan,cleaned_v1,datasets/skin/acne/final/subtype_classification/valid/cystic/tiswan_002034.jpg,valid,cystic,sharp,non_expert,subtype_classification,acne,1.0,190b0bcf5ac8852e05355c7f305c568ae4eeb88142a880288516d0589862d259,Cleaned fine-grained classification image. Class: Cyst. Blur score: 164.06.
tiswan_002035,tiswan,cleaned_v1,datasets/skin/acne/final/subtype_classification/valid/cystic/tiswan_002035.jpg,valid,cystic,borderline,non_expert,subtype_classification,acne,1.0,d6fb4dc1f395afbbedd122eb8f9b67ff95292a25341a3fe5fbb44185563234ca,Cleaned fine-grained classification image. Class: Cyst. Blur score: 37.43.
tiswan_002036,tiswan,cleaned_v1,datasets/skin/acne/final/subtype_classification/valid/cystic/tiswan_002036.jpg,valid,cystic,usable,non_expert,subtype_classification,acne,1.0,6510b63d4edf9ab8cc4d994664711dc7cec737b43b0a2babf0b665b8e04980c2,Cleaned fine-grained classification image. Class: Cyst. Blur score: 86.8.
tiswan_002037,tiswan,cleaned_v1,datasets/skin/acne/final/subtype_classification/valid/cystic/tiswan_002037.jpg,valid,cystic,usable,non_expert,subtype_classification,acne,1.0,09c154963530bec9e5ef3f19db9397394451e1c0259dcb8a40134031ac2c3b40,Cleaned fine-grained classification image. Class: Cyst. Blur score: 78.85.
tiswan_002038,tiswan,cleaned_v1,datasets/skin/acne/final/subtype_classification/valid/cystic/tiswan_002038.jpg,valid,cystic,usable,non_expert,subtype_classification,acne,1.0,14a270bc8ee6628b837839753a521f36b78fa1d643b0098f602deac09ddf419d,Cleaned fine-grained classification image. Class: Cyst. Blur score: 95.86.
tiswan_002039,tiswan,cleaned_v1,datasets/skin/acne/final/subtype_classification/valid/cystic/tiswan_002039.jpg,valid,cystic,usable,non_expert,subtype_classification,acne,1.0,dd6f518eb5b68e229abb4e7c19b67783b0b8e7128d3b4e4fc30b1a91b78942f8,Cleaned fine-grained classification image. Class: Cyst. Blur score: 75.09.
tiswan_002040,tiswan,cleaned_v1,datasets/skin/acne/final/subtype_classification/valid/papular/tiswan_002040.jpg,valid,papular,usable,non_expert,subtype_classification,acne,1.0,b673544bd60440dc06497bf7587ebd1a94e2f541041624f1ba65204d28db9333,Cleaned fine-grained classification image. Class: Papules. Blur score: 89.13.
tiswan_002041,tiswan,cleaned_v1,datasets/skin/acne/final/subtype_classification/valid/papular/tiswan_002041.jpg,valid,papular,borderline,non_expert,subtype_classification,acne,1.0,9ebcc6b3d2bac5ed41ff8a7ed4f0332a8f4bbf148e681d9fc6a04f6022a199fc,Cleaned fine-grained classification image. Class: Papules. Blur score: 46.59.
tiswan_002042,tiswan,cleaned_v1,datasets/skin/acne/final/subtype_classification/valid/papular/tiswan_002042.jpg,valid,papular,usable,non_expert,subtype_classification,acne,1.0,00642c2f4f3be9fd488a9b836a4d4f8f4daf30f35353bfd519adca151622c6eb,Cleaned fine-grained classification image. Class: Papules. Blur score: 68.56.
tiswan_002043,tiswan,cleaned_v1,datasets/skin/acne/final/subtype_classification/valid/papular/tiswan_002043.jpg,valid,papular,borderline,non_expert,subtype_classification,acne,1.0,d589caba9bbf9bf6e87f1d10487cebd5314c04f8f2a72849bb509868c0e4c437,Cleaned fine-grained classification image. Class: Papules. Blur score: 54.91.
tiswan_002044,tiswan,cleaned_v1,datasets/skin/acne/final/subtype_classification/valid/papular/tiswan_002044.jpg,valid,papular,borderline,non_expert,subtype_classification,acne,1.0,50f289dbcdf0557d8def630154f1e914c0a901aa8b5704f069bd6223b6fecc9f,Cleaned fine-grained classification image. Class: Papules. Blur score: 33.1.
tiswan_002045,tiswan,cleaned_v1,datasets/skin/acne/final/subtype_classification/valid/papular/tiswan_002045.jpg,valid,papular,borderline,non_expert,subtype_classification,acne,1.0,ee563fa232521f11930150cb7f6f767122fda956d0a903bf1800206f370a7799,Cleaned fine-grained classification image. Class: Papules. Blur score: 44.56.
tiswan_002046,tiswan,cleaned_v1,datasets/skin/acne/final/subtype_classification/valid/papular/tiswan_002046.jpg,valid,papular,usable,non_expert,subtype_classification,acne,1.0,6665ae8e89904f4ef5aeb2570527c2d436fe5c9fcc93e533dccb84761b627469,Cleaned fine-grained classification image. Class: Papules. Blur score: 76.0.
tiswan_002047,tiswan,cleaned_v1,datasets/skin/acne/final/subtype_classification/valid/papular/tiswan_002047.jpg,valid,papular,usable,non_expert,subtype_classification,acne,1.0,7f29a66de54429c605fa31ff72a37a3bc7b1ba23acfc3e15b8e02b0a5cd453b0,Cleaned fine-grained classification image. Class: Papules. Blur score: 81.47.
tiswan_002048,tiswan,cleaned_v1,datasets/skin/acne/final/subtype_classification/valid/papular/tiswan_002048.jpg,valid,papular,usable,non_expert,subtype_classification,acne,1.0,e86212e1917498d106999daed06d652966b8c8e3bdc00a86a2a5f1f2072654b5,Cleaned fine-grained classification image. Class: Papules. Blur score: 60.52.
tiswan_002049,tiswan,cleaned_v1,datasets/skin/acne/final/subtype_classification/valid/papular/tiswan_002049.jpg,valid,papular,borderline,non_expert,subtype_classification,acne,1.0,4b6bbdf07a2f4f992ec762332c516da84d9c03684db948ed16e114d8387ab22f,Cleaned fine-grained classification image. Class: Papules. Blur score: 52.44.
tiswan_002050,tiswan,cleaned_v1,datasets/skin/acne/final/subtype_classification/valid/papular/tiswan_002050.jpg,valid,papular,usable,non_expert,subtype_classification,acne,1.0,c9e60cab5a0a1fec179c0a44de09e8bac3ae8909a16d8423e788a8ff1d0d9d0d,Cleaned fine-grained classification image. Class: Papules. Blur score: 93.78.
tiswan_002051,tiswan,cleaned_v1,datasets/skin/acne/final/subtype_classification/valid/papular/tiswan_002051.jpg,valid,papular,borderline,non_expert,subtype_classification,acne,1.0,b7422498b912ab35fda216f48020cd1548ba98cd3170217272cee64618dd5e30,Cleaned fine-grained classification image. Class: Papules. Blur score: 58.61.
tiswan_002052,tiswan,cleaned_v1,datasets/skin/acne/final/subtype_classification/valid/papular/tiswan_002052.jpg,valid,papular,borderline,non_expert,subtype_classification,acne,1.0,55c77781dc29bed661899d036dc9b29f5ddca367e9a9549d86934e9f2efdc85c,Cleaned fine-grained classification image. Class: Papules. Blur score: 55.11.
tiswan_002053,tiswan,cleaned_v1,datasets/skin/acne/final/subtype_classification/valid/papular/tiswan_002053.jpg,valid,papular,borderline,non_expert,subtype_classification,acne,1.0,abab79b33a8d7c7cf745df77358c661b08036d00689ffe741104f2bb0bf73cb3,Cleaned fine-grained classification image. Class: Papules. Blur score: 53.86.
tiswan_002054,tiswan,cleaned_v1,datasets/skin/acne/final/subtype_classification/valid/papular/tiswan_002054.jpg,valid,papular,borderline,non_expert,subtype_classification,acne,1.0,3b5c254873b518a64d475b6c0e871a1542031bd534e0fe59f909cbab890707cf,Cleaned fine-grained classification image. Class: Papules. Blur score: 31.98.
tiswan_002055,tiswan,cleaned_v1,datasets/skin/acne/final/subtype_classification/valid/papular/tiswan_002055.jpg,valid,papular,usable,non_expert,subtype_classification,acne,1.0,a7d254a7b92ff653e0e37358c307a91e385d42d07b7ede016ca48b7e10934296,Cleaned fine-grained classification image. Class: Papules. Blur score: 76.72.
tiswan_002056,tiswan,cleaned_v1,datasets/skin/acne/final/subtype_classification/valid/papular/tiswan_002056.jpg,valid,papular,borderline,non_expert,subtype_classification,acne,1.0,bf22e81f6e266cf69f70151ffbf442e658487893a6fefbdc199fa59daa0e9513,Cleaned fine-grained classification image. Class: Papules. Blur score: 33.53.
tiswan_002057,tiswan,cleaned_v1,datasets/skin/acne/final/subtype_classification/valid/papular/tiswan_002057.jpg,valid,papular,usable,non_expert,subtype_classification,acne,1.0,3d7c0e2170b92c7b958604ab127ddaaf05dc6fbf5de8f21b15c6bd6e3c943d44,Cleaned fine-grained classification image. Class: Papules. Blur score: 90.73.
tiswan_002058,tiswan,cleaned_v1,datasets/skin/acne/final/subtype_classification/valid/papular/tiswan_002058.jpg,valid,papular,usable,non_expert,subtype_classification,acne,1.0,bb0fcc8c6941b2b47fede98c68a9ad1966f82437df8592a20df9b49b1d69fda0,Cleaned fine-grained classification image. Class: Papules. Blur score: 72.98.
tiswan_002059,tiswan,cleaned_v1,datasets/skin/acne/final/subtype_classification/valid/papular/tiswan_002059.jpg,valid,papular,usable,non_expert,subtype_classification,acne,1.0,72fd45d159bc982a753ad7b70caad70f830fb77df037ecf0b04343be3ab577ed,Cleaned fine-grained classification image. Class: Papules. Blur score: 89.84.
tiswan_002060,tiswan,cleaned_v1,datasets/skin/acne/final/subtype_classification/valid/papular/tiswan_002060.jpg,valid,papular,usable,non_expert,subtype_classification,acne,1.0,09e885b7c8579f3cb9e2e3571ea2f1486caeb29681b7432aed719e047c228f12,Cleaned fine-grained classification image. Class: Papules. Blur score: 81.68.
tiswan_002061,tiswan,cleaned_v1,datasets/skin/acne/final/subtype_classification/valid/papular/tiswan_002061.jpg,valid,papular,usable,non_expert,subtype_classification,acne,1.0,6f63121790069edfa2f78efb9d4bf9e7b825ddf68e646ebc1e3f8b86c42c2afe,Cleaned fine-grained classification image. Class: Papules. Blur score: 123.36.
tiswan_002062,tiswan,cleaned_v1,datasets/skin/acne/final/subtype_classification/valid/papular/tiswan_002062.jpg,valid,papular,borderline,non_expert,subtype_classification,acne,1.0,16bf25eb104e3c55443dc138cac263558b3ef92e9c0f6cfe3e123cdb5467bee7,Cleaned fine-grained classification image. Class: Papules. Blur score: 46.3.
tiswan_002063,tiswan,cleaned_v1,datasets/skin/acne/final/subtype_classification/valid/papular/tiswan_002063.jpg,valid,papular,usable,non_expert,subtype_classification,acne,1.0,db499b2b8dd1e571e2924f2c05f3f085015c1b1f47d1cb868949b42ed63fdd71,Cleaned fine-grained classification image. Class: Papules. Blur score: 63.19.
tiswan_002064,tiswan,cleaned_v1,datasets/skin/acne/final/subtype_classification/valid/papular/tiswan_002064.jpg,valid,papular,usable,non_expert,subtype_classification,acne,1.0,8504b3efa6d8d8d1a75bd00879251aea90cc238a6cb8899bbd2623dbd270cf4e,Cleaned fine-grained classification image. Class: Papules. Blur score: 71.76.
tiswan_002065,tiswan,cleaned_v1,datasets/skin/acne/final/subtype_classification/valid/papular/tiswan_002065.jpg,valid,papular,usable,non_expert,subtype_classification,acne,1.0,beea6e535fac72900e294ed66d2dbe82694095967eecb5aaef3ae8bcf3161be0,Cleaned fine-grained classification image. Class: Papules. Blur score: 117.86.
tiswan_002066,tiswan,cleaned_v1,datasets/skin/acne/final/subtype_classification/valid/papular/tiswan_002066.jpg,valid,papular,usable,non_expert,subtype_classification,acne,1.0,94a062057bf2eb5564db3a02094e827a3f875e467bb761c8a54e7bc6a5bd786d,Cleaned fine-grained classification image. Class: Papules. Blur score: 117.23.
tiswan_002067,tiswan,cleaned_v1,datasets/skin/acne/final/subtype_classification/valid/papular/tiswan_002067.jpg,valid,papular,borderline,non_expert,subtype_classification,acne,1.0,b401856de13f210f50b474a50938520c11eab82f7b4b4e106399b2dd0110954d,Cleaned fine-grained classification image. Class: Papules. Blur score: 53.48.
tiswan_002068,tiswan,cleaned_v1,datasets/skin/acne/final/subtype_classification/valid/papular/tiswan_002068.jpg,valid,papular,usable,non_expert,subtype_classification,acne,1.0,8e59fc83f30d61544446df7c54ed06f4df2a4e3e31e60bba7db0ddd665b45ce4,Cleaned fine-grained classification image. Class: Papules. Blur score: 62.92.
tiswan_002069,tiswan,cleaned_v1,datasets/skin/acne/final/subtype_classification/valid/papular/tiswan_002069.jpg,valid,papular,usable,non_expert,subtype_classification,acne,1.0,320648d28a22e7e0a5d50656439dec6870a31325169c0e7392c7054bb1bc23f8,Cleaned fine-grained classification image. Class: Papules. Blur score: 62.94.
tiswan_002070,tiswan,cleaned_v1,datasets/skin/acne/final/subtype_classification/valid/papular/tiswan_002070.jpg,valid,papular,usable,non_expert,subtype_classification,acne,1.0,4f4aec2db66792d51e3c96e3c7eef637ce44fd4b75d25a624866bb57595074ce,Cleaned fine-grained classification image. Class: Papules. Blur score: 98.51.
tiswan_002071,tiswan,cleaned_v1,datasets/skin/acne/final/subtype_classification/valid/papular/tiswan_002071.jpg,valid,papular,usable,non_expert,subtype_classification,acne,1.0,dab2ab1da7a4f5c494a1239158a37a206cad6940c37625e7999b8075c02d35cb,Cleaned fine-grained classification image. Class: Papules. Blur score: 70.58.
tiswan_002072,tiswan,cleaned_v1,datasets/skin/acne/final/subtype_classification/valid/papular/tiswan_002072.jpg,valid,papular,usable,non_expert,subtype_classification,acne,1.0,2a58094daef53be3e7d3fc076fe656f6604d402faa481481b76d928bf4281160,Cleaned fine-grained classification image. Class: Papules. Blur score: 76.14.
tiswan_002073,tiswan,cleaned_v1,datasets/skin/acne/final/subtype_classification/valid/papular/tiswan_002073.jpg,valid,papular,usable,non_expert,subtype_classification,acne,1.0,6b36cb49dacbf605d7746a4d8cab2b05583673f44a595e02fda0231480718911,Cleaned fine-grained classification image. Class: Papules. Blur score: 80.92.
tiswan_002074,tiswan,cleaned_v1,datasets/skin/acne/final/subtype_classification/valid/papular/tiswan_002074.jpg,valid,papular,borderline,non_expert,subtype_classification,acne,1.0,26275953e7aefdecbe58fde14154fe74db10ca0b215a3fd24115c0efb71b4ef9,Cleaned fine-grained classification image. Class: Papules. Blur score: 56.88.
tiswan_002075,tiswan,cleaned_v1,datasets/skin/acne/final/subtype_classification/valid/papular/tiswan_002075.jpg,valid,papular,usable,non_expert,subtype_classification,acne,1.0,b0312428d3cc340986ddb648a2380856743b52a9b1607c2161344e83d7336d07,Cleaned fine-grained classification image. Class: Papules. Blur score: 78.31.
tiswan_002076,tiswan,cleaned_v1,datasets/skin/acne/final/subtype_classification/valid/papular/tiswan_002076.jpg,valid,papular,usable,non_expert,subtype_classification,acne,1.0,97555ae8ca75b281aec57a7fa86203779b18fcaf38c6a6d8cb0f91d96de252b0,Cleaned fine-grained classification image. Class: Papules. Blur score: 86.95.
tiswan_002077,tiswan,cleaned_v1,datasets/skin/acne/final/subtype_classification/valid/papular/tiswan_002077.jpg,valid,papular,usable,non_expert,subtype_classification,acne,1.0,50702293d2436033afcaebf79a58022175f7bfbe1ef4299409f3fdd8a1be882b,Cleaned fine-grained classification image. Class: Papules. Blur score: 60.42.
tiswan_002078,tiswan,cleaned_v1,datasets/skin/acne/final/subtype_classification/valid/papular/tiswan_002078.jpg,valid,papular,usable,non_expert,subtype_classification,acne,1.0,20144b844ca7593fb6cded84a78949816747f79a1d347460704f3c8f96fb1e13,Cleaned fine-grained classification image. Class: Papules. Blur score: 84.74.
tiswan_002079,tiswan,cleaned_v1,datasets/skin/acne/final/subtype_classification/valid/papular/tiswan_002079.jpg,valid,papular,usable,non_expert,subtype_classification,acne,1.0,0c79b0def8d037f726565fc8d4eee01dc60aef41508b5eb7a58cdbb936eb30d4,Cleaned fine-grained classification image. Class: Papules. Blur score: 115.94.
tiswan_002080,tiswan,cleaned_v1,datasets/skin/acne/final/subtype_classification/valid/papular/tiswan_002080.jpg,valid,papular,usable,non_expert,subtype_classification,acne,1.0,a1e01ed7e7d80a0c0f312f9da645bc7421ff4fe61de161a3810eacd6d781ddd5,Cleaned fine-grained classification image. Class: Papules. Blur score: 70.86.
tiswan_002081,tiswan,cleaned_v1,datasets/skin/acne/final/subtype_classification/valid/papular/tiswan_002081.jpg,valid,papular,usable,non_expert,subtype_classification,acne,1.0,be0c71f42468d8e9d3fad79d708694a2d68e0ac82d30b29b9cc419ab36f50122,Cleaned fine-grained classification image. Class: Papules. Blur score: 63.47.
tiswan_002082,tiswan,cleaned_v1,datasets/skin/acne/final/subtype_classification/valid/papular/tiswan_002082.jpg,valid,papular,usable,non_expert,subtype_classification,acne,1.0,87d750b1a3150b15b268a937102778855fecebd68af2c9667a7ceda9374069e7,Cleaned fine-grained classification image. Class: Papules. Blur score: 63.74.
tiswan_002083,tiswan,cleaned_v1,datasets/skin/acne/final/subtype_classification/valid/papular/tiswan_002083.jpg,valid,papular,usable,non_expert,subtype_classification,acne,1.0,9e6c0c0fa5068e39f84c78e04a77ef227a9261c050271ced767ed6ead2141afd,Cleaned fine-grained classification image. Class: Papules. Blur score: 117.43.
tiswan_002084,tiswan,cleaned_v1,datasets/skin/acne/final/subtype_classification/valid/papular/tiswan_002084.jpg,valid,papular,usable,non_expert,subtype_classification,acne,1.0,838714dd63c8b73f3db2e85c72d539e764d6bc8bfadd015f9fdc55bbb361fb80,Cleaned fine-grained classification image. Class: Papules. Blur score: 63.16.
tiswan_002085,tiswan,cleaned_v1,datasets/skin/acne/final/subtype_classification/valid/papular/tiswan_002085.jpg,valid,papular,usable,non_expert,subtype_classification,acne,1.0,b599a08ded75887ee921651ef53335b903ac97450fe8de1a8482f6651bfec047,Cleaned fine-grained classification image. Class: Papules. Blur score: 61.49.
tiswan_002086,tiswan,cleaned_v1,datasets/skin/acne/final/subtype_classification/valid/papular/tiswan_002086.jpg,valid,papular,usable,non_expert,subtype_classification,acne,1.0,f875498ffb1b0e33a1e144a589f8325c070402838e4fcafd29699ebb7390c7df,Cleaned fine-grained classification image. Class: Papules. Blur score: 121.31.
tiswan_002087,tiswan,cleaned_v1,datasets/skin/acne/final/subtype_classification/valid/papular/tiswan_002087.jpg,valid,papular,usable,non_expert,subtype_classification,acne,1.0,b25030bce02c841ea0d57537e9611d3a4c5abad530579703def81c063fccac00,Cleaned fine-grained classification image. Class: Papules. Blur score: 133.65.
tiswan_002088,tiswan,cleaned_v1,datasets/skin/acne/final/subtype_classification/valid/papular/tiswan_002088.jpg,valid,papular,usable,non_expert,subtype_classification,acne,1.0,bc34a7e6d3200f927bcbde25d14fd171e6eef86b79ddfeb0ec35abcc63ec8db9,Cleaned fine-grained classification image. Class: Papules. Blur score: 74.35.
tiswan_002089,tiswan,cleaned_v1,datasets/skin/acne/final/subtype_classification/valid/papular/tiswan_002089.jpg,valid,papular,borderline,non_expert,subtype_classification,acne,1.0,7d92834258bff34adeebd15a40d4a566393397e443280af4295631ad409a636d,Cleaned fine-grained classification image. Class: Papules. Blur score: 31.67.
tiswan_002090,tiswan,cleaned_v1,datasets/skin/acne/final/subtype_classification/valid/papular/tiswan_002090.jpg,valid,papular,usable,non_expert,subtype_classification,acne,1.0,decd26e24cd0d21510cd455d4115fae8afec723729d2289cc4194189cccc0755,Cleaned fine-grained classification image. Class: Papules. Blur score: 71.85.
tiswan_002091,tiswan,cleaned_v1,datasets/skin/acne/final/subtype_classification/valid/papular/tiswan_002091.jpg,valid,papular,usable,non_expert,subtype_classification,acne,1.0,a940812f5e9c3e1a8e54b278a5abba1c7497b0edc6514fd0981ac503abbf5ec9,Cleaned fine-grained classification image. Class: Papules. Blur score: 134.82.
tiswan_002092,tiswan,cleaned_v1,datasets/skin/acne/final/subtype_classification/valid/papular/tiswan_002092.jpg,valid,papular,usable,non_expert,subtype_classification,acne,1.0,92fa11b20bdf5804f53f4cba6943c01ce5410ef595e28ceff526b37840dcd2ef,Cleaned fine-grained classification image. Class: Papules. Blur score: 96.04.
tiswan_002093,tiswan,cleaned_v1,datasets/skin/acne/final/subtype_classification/valid/papular/tiswan_002093.jpg,valid,papular,usable,non_expert,subtype_classification,acne,1.0,1a1b1ce8ea0261b63613083aa3aa9b0f5ba872d681990f3e2283ca59d28683ae,Cleaned fine-grained classification image. Class: Papules. Blur score: 75.92.
tiswan_002094,tiswan,cleaned_v1,datasets/skin/acne/final/subtype_classification/valid/papular/tiswan_002094.jpg,valid,papular,borderline,non_expert,subtype_classification,acne,1.0,38461dfa2d0c70bd605b42ea2cb5cbfef3cb48cbd36998967afe319da2fcc4c5,Cleaned fine-grained classification image. Class: Papules. Blur score: 46.89.
tiswan_002095,tiswan,cleaned_v1,datasets/skin/acne/final/subtype_classification/valid/papular/tiswan_002095.jpg,valid,papular,usable,non_expert,subtype_classification,acne,1.0,deb4ee4d9ece509b05e97fe85b858a67c8c8ce2bfcb2b68bbf09751766ecbf0b,Cleaned fine-grained classification image. Class: Papules. Blur score: 61.83.
tiswan_002096,tiswan,cleaned_v1,datasets/skin/acne/final/subtype_classification/valid/papular/tiswan_002096.jpg,valid,papular,usable,non_expert,subtype_classification,acne,1.0,df5d01af9395f7113ecf875d646cfa2de023ac95d9dc7b56d45e98f4adc9aeeb,Cleaned fine-grained classification image. Class: Papules. Blur score: 102.99.
tiswan_002097,tiswan,cleaned_v1,datasets/skin/acne/final/subtype_classification/valid/papular/tiswan_002097.jpg,valid,papular,usable,non_expert,subtype_classification,acne,1.0,068a65e367e3c78f73dc87deaef2a1c2c53e783a9763e06de7e67be774b13d85,Cleaned fine-grained classification image. Class: Papules. Blur score: 73.92.
tiswan_002098,tiswan,cleaned_v1,datasets/skin/acne/final/subtype_classification/valid/papular/tiswan_002098.jpg,valid,papular,usable,non_expert,subtype_classification,acne,1.0,71e3e0f7a89f6429a24f94045e8951d29e67283dc1b26512283754718518f3a3,Cleaned fine-grained classification image. Class: Papules. Blur score: 84.88.
tiswan_002099,tiswan,cleaned_v1,datasets/skin/acne/final/subtype_classification/valid/papular/tiswan_002099.jpg,valid,papular,usable,non_expert,subtype_classification,acne,1.0,021ed281beb8bea842b3b94c4988335700eb1aa11352928e3db2369160a80ecc,Cleaned fine-grained classification image. Class: Papules. Blur score: 74.27.
tiswan_002100,tiswan,cleaned_v1,datasets/skin/acne/final/subtype_classification/valid/papular/tiswan_002100.jpg,valid,papular,usable,non_expert,subtype_classification,acne,1.0,daded81719a851c6d7523694e1a35293efc6aeedf09a604a562e47a471d280a4,Cleaned fine-grained classification image. Class: Papules. Blur score: 114.17.
tiswan_002101,tiswan,cleaned_v1,datasets/skin/acne/final/subtype_classification/valid/papular/tiswan_002101.jpg,valid,papular,usable,non_expert,subtype_classification,acne,1.0,da1d1c18659fc26704868b639a700930cb4271246f21fb11c2764b7d212db198,Cleaned fine-grained classification image. Class: Papules. Blur score: 135.35.
tiswan_002102,tiswan,cleaned_v1,datasets/skin/acne/final/subtype_classification/valid/papular/tiswan_002102.jpg,valid,papular,usable,non_expert,subtype_classification,acne,1.0,b4ee2ba53c46325ddcc54c4b5d49ca83291d15a8e226ce2e5d2b80db4afabb03,Cleaned fine-grained classification image. Class: Papules. Blur score: 92.25.
tiswan_002103,tiswan,cleaned_v1,datasets/skin/acne/final/subtype_classification/valid/papular/tiswan_002103.jpg,valid,papular,usable,non_expert,subtype_classification,acne,1.0,34590007582787e824c3257640fb2164eb7ea183643d91590eca012c17d6b2e2,Cleaned fine-grained classification image. Class: Papules. Blur score: 99.63.
tiswan_002104,tiswan,cleaned_v1,datasets/skin/acne/final/subtype_classification/valid/papular/tiswan_002104.jpg,valid,papular,borderline,non_expert,subtype_classification,acne,1.0,48527f00874e33d35aae726115bd85476b6d647e2b3292edd97b41a81d40410d,Cleaned fine-grained classification image. Class: Papules. Blur score: 36.64.
tiswan_002105,tiswan,cleaned_v1,datasets/skin/acne/final/subtype_classification/valid/papular/tiswan_002105.jpg,valid,papular,usable,non_expert,subtype_classification,acne,1.0,fb28b08985a26aaaab5f931a274f9d6db13e28cdbb3d07600cc6ff2a8f122a74,Cleaned fine-grained classification image. Class: Papules. Blur score: 92.63.
tiswan_002106,tiswan,cleaned_v1,datasets/skin/acne/final/subtype_classification/valid/papular/tiswan_002106.jpg,valid,papular,usable,non_expert,subtype_classification,acne,1.0,a787db136e7896991b3d7072ecb63cc86c5073c4a2fe70a9680a0c92806c4e5f,Cleaned fine-grained classification image. Class: Papules. Blur score: 76.94.
tiswan_002107,tiswan,cleaned_v1,datasets/skin/acne/final/subtype_classification/valid/papular/tiswan_002107.jpg,valid,papular,borderline,non_expert,subtype_classification,acne,1.0,e4fa9abe8f7d6a85bc289cf58f74be0c053ce8a1fc27ede8ce9e625d0f0d4ab2,Cleaned fine-grained classification image. Class: Papules. Blur score: 57.3.
tiswan_002108,tiswan,cleaned_v1,datasets/skin/acne/final/subtype_classification/valid/papular/tiswan_002108.jpg,valid,papular,borderline,non_expert,subtype_classification,acne,1.0,2411af444cdacee5198ade17b0bcb6353fe77471549176108070ab8c1bf6d3a6,Cleaned fine-grained classification image. Class: Papules. Blur score: 54.06.
tiswan_002109,tiswan,cleaned_v1,datasets/skin/acne/final/subtype_classification/valid/papular/tiswan_002109.jpg,valid,papular,usable,non_expert,subtype_classification,acne,1.0,6dfd42d91c2b215e707fa3a51140352e93be1f642d2de83ff54d910f721f9a20,Cleaned fine-grained classification image. Class: Papules. Blur score: 103.23.
tiswan_002110,tiswan,cleaned_v1,datasets/skin/acne/final/subtype_classification/valid/papular/tiswan_002110.jpg,valid,papular,borderline,non_expert,subtype_classification,acne,1.0,857f1c53bb9b9c89a8b554d587c9e003d5cb5c69b7bd60d4d7862532601979a9,Cleaned fine-grained classification image. Class: Papules. Blur score: 59.89.
tiswan_002111,tiswan,cleaned_v1,datasets/skin/acne/final/subtype_classification/valid/papular/tiswan_002111.jpg,valid,papular,usable,non_expert,subtype_classification,acne,1.0,e657f914ea49e7080b5fbddc220506ba3d9d817cfb180a7ae00526eba43ed617,Cleaned fine-grained classification image. Class: Papules. Blur score: 69.52.
tiswan_002112,tiswan,cleaned_v1,datasets/skin/acne/final/subtype_classification/valid/papular/tiswan_002112.jpg,valid,papular,usable,non_expert,subtype_classification,acne,1.0,1d83c14a3a79f04785888d7342c43bc72a5a5dbb6ce29bf432876f11ec34a897,Cleaned fine-grained classification image. Class: Papules. Blur score: 66.42.
tiswan_002113,tiswan,cleaned_v1,datasets/skin/acne/final/subtype_classification/valid/papular/tiswan_002113.jpg,valid,papular,borderline,non_expert,subtype_classification,acne,1.0,c5aa3df405cefa051bba6691bbf4e543b5b9da82eeff1b73457cd3a27d5d02cd,Cleaned fine-grained classification image. Class: Papules. Blur score: 37.79.
tiswan_002114,tiswan,cleaned_v1,datasets/skin/acne/final/subtype_classification/valid/papular/tiswan_002114.jpg,valid,papular,borderline,non_expert,subtype_classification,acne,1.0,034d7b59b45fb0fe71975842cfb9e06808ebc9346db6a9b98730aa3da271e17c,Cleaned fine-grained classification image. Class: Papules. Blur score: 46.74.
tiswan_002115,tiswan,cleaned_v1,datasets/skin/acne/final/subtype_classification/valid/papular/tiswan_002115.jpg,valid,papular,borderline,non_expert,subtype_classification,acne,1.0,b9ff45b6c8f020e0609055544b46834d4a068ffa16ebe0b75d70ede6450cad24,Cleaned fine-grained classification image. Class: Papules. Blur score: 59.41.
tiswan_002116,tiswan,cleaned_v1,datasets/skin/acne/final/subtype_classification/valid/papular/tiswan_002116.jpg,valid,papular,usable,non_expert,subtype_classification,acne,1.0,287e7ca898edec73ffd11f9ac1ec40fceba8c63c123da44010adfc388bebdd3c,Cleaned fine-grained classification image. Class: Papules. Blur score: 69.05.
tiswan_002117,tiswan,cleaned_v1,datasets/skin/acne/final/subtype_classification/valid/papular/tiswan_002117.jpg,valid,papular,usable,non_expert,subtype_classification,acne,1.0,1fabe3fe3bfec9bbb6dfb6536dbb57c2efd340ce4f648cb221cf38c1a9c223c6,Cleaned fine-grained classification image. Class: Papules. Blur score: 93.54.
tiswan_002118,tiswan,cleaned_v1,datasets/skin/acne/final/subtype_classification/valid/papular/tiswan_002118.jpg,valid,papular,borderline,non_expert,subtype_classification,acne,1.0,8534621bcd908bfafacf3bf9b60db511d93153fec7ab701517b23206c611a87b,Cleaned fine-grained classification image. Class: Papules. Blur score: 49.21.
tiswan_002119,tiswan,cleaned_v1,datasets/skin/acne/final/subtype_classification/valid/papular/tiswan_002119.jpg,valid,papular,borderline,non_expert,subtype_classification,acne,1.0,cc48b6083042a51d4bed611f4df5bd43698382375ba1e156b7e7db23c3699f91,Cleaned fine-grained classification image. Class: Papules. Blur score: 53.46.
tiswan_002120,tiswan,cleaned_v1,datasets/skin/acne/final/subtype_classification/valid/papular/tiswan_002120.jpg,valid,papular,usable,non_expert,subtype_classification,acne,1.0,cbfe5a63ebc48d01ebff2190a5de48fbdd7d7874eb55a8859d646f9296782603,Cleaned fine-grained classification image. Class: Papules. Blur score: 91.17.
tiswan_002121,tiswan,cleaned_v1,datasets/skin/acne/final/subtype_classification/valid/papular/tiswan_002121.jpg,valid,papular,borderline,non_expert,subtype_classification,acne,1.0,1ad1dc4b78a40e098c5e79e98210660b3b6b5471a018f80c6d1a22d9c1c10592,Cleaned fine-grained classification image. Class: Papules. Blur score: 42.41.
tiswan_002122,tiswan,cleaned_v1,datasets/skin/acne/final/subtype_classification/valid/papular/tiswan_002122.jpg,valid,papular,usable,non_expert,subtype_classification,acne,1.0,323e75ad85bc7e1409e0b63f691b1e35988d33dfa896e1b7947b016795c367a3,Cleaned fine-grained classification image. Class: Papules. Blur score: 126.72.
tiswan_002123,tiswan,cleaned_v1,datasets/skin/acne/final/subtype_classification/valid/papular/tiswan_002123.jpg,valid,papular,usable,non_expert,subtype_classification,acne,1.0,0bd37a81dffa48b740fcfc9a64236f27791dd483a97ff11b5aaf8e0449929662,Cleaned fine-grained classification image. Class: Papules. Blur score: 89.84.
tiswan_002124,tiswan,cleaned_v1,datasets/skin/acne/final/subtype_classification/valid/papular/tiswan_002124.jpg,valid,papular,usable,non_expert,subtype_classification,acne,1.0,0a3bea7770a0498ca46aabdab72ea38bd67360c7a7f4eface3629461c3714cd6,Cleaned fine-grained classification image. Class: Papules. Blur score: 108.57.
tiswan_002125,tiswan,cleaned_v1,datasets/skin/acne/final/subtype_classification/valid/papular/tiswan_002125.jpg,valid,papular,usable,non_expert,subtype_classification,acne,1.0,566ee08bb55c2252553ccabca99678478a3b13ce9076eb62356bd96fb89b88c0,Cleaned fine-grained classification image. Class: Papules. Blur score: 64.66.
tiswan_002126,tiswan,cleaned_v1,datasets/skin/acne/final/subtype_classification/valid/papular/tiswan_002126.jpg,valid,papular,usable,non_expert,subtype_classification,acne,1.0,8155b3c2fd383e2c0877ba8f59a5259477839839318ffb30772559db440f59c1,Cleaned fine-grained classification image. Class: Papules. Blur score: 101.06.
tiswan_002127,tiswan,cleaned_v1,datasets/skin/acne/final/subtype_classification/valid/papular/tiswan_002127.jpg,valid,papular,usable,non_expert,subtype_classification,acne,1.0,ee2e333085236839bbe358be2bf0154276f674e3e71e3dd7ae591306d48c4a1b,Cleaned fine-grained classification image. Class: Papules. Blur score: 139.34.
tiswan_002128,tiswan,cleaned_v1,datasets/skin/acne/final/subtype_classification/valid/papular/tiswan_002128.jpg,valid,papular,borderline,non_expert,subtype_classification,acne,1.0,b397c4d243cf81ab18eaca5be0f70c9d8014abc6f2892ffe9a6c0c502c946b23,Cleaned fine-grained classification image. Class: Papules. Blur score: 33.4.
tiswan_002129,tiswan,cleaned_v1,datasets/skin/acne/final/subtype_classification/valid/papular/tiswan_002129.jpg,valid,papular,borderline,non_expert,subtype_classification,acne,1.0,9be86e2793610f97de9f8d4b5782b10cf53c12d894baae315441cd4cd563af6c,Cleaned fine-grained classification image. Class: Papules. Blur score: 48.97.
tiswan_002130,tiswan,cleaned_v1,datasets/skin/acne/final/subtype_classification/valid/papular/tiswan_002130.jpg,valid,papular,usable,non_expert,subtype_classification,acne,1.0,482d71c1ac159afb7059370803071395bf50ce1f0f3d5cc9fe82261929363aeb,Cleaned fine-grained classification image. Class: Papules. Blur score: 71.23.
tiswan_002131,tiswan,cleaned_v1,datasets/skin/acne/final/subtype_classification/valid/pustular/tiswan_002131.jpg,valid,pustular,borderline,non_expert,subtype_classification,acne,1.0,a839ee65abdc39d56b04866fbb6a5f4942c7439cf406e38c75e0a34dce6c8287,Cleaned fine-grained classification image. Class: Pustules. Blur score: 42.69.
tiswan_002132,tiswan,cleaned_v1,datasets/skin/acne/final/subtype_classification/valid/pustular/tiswan_002132.jpg,valid,pustular,borderline,non_expert,subtype_classification,acne,1.0,fe23a85ef482b4f5fcfc7923cfca92fd3f1863e10035d40b4f7c19a2a48ab611,Cleaned fine-grained classification image. Class: Pustules. Blur score: 57.49.
tiswan_002133,tiswan,cleaned_v1,datasets/skin/acne/final/subtype_classification/valid/pustular/tiswan_002133.jpg,valid,pustular,borderline,non_expert,subtype_classification,acne,1.0,7e50b8f9fa12413e43ad6992fca25c197d8552b42f20c37d658a77a2c1e5c489,Cleaned fine-grained classification image. Class: Pustules. Blur score: 42.05.
tiswan_002134,tiswan,cleaned_v1,datasets/skin/acne/final/subtype_classification/valid/pustular/tiswan_002134.jpg,valid,pustular,usable,non_expert,subtype_classification,acne,1.0,4d61c8d7b3536b936207757b3032bc4441deaf52d5be687587ac0ad991ddee68,Cleaned fine-grained classification image. Class: Pustules. Blur score: 82.59.
tiswan_002135,tiswan,cleaned_v1,datasets/skin/acne/final/subtype_classification/valid/pustular/tiswan_002135.jpg,valid,pustular,borderline,non_expert,subtype_classification,acne,1.0,e520fbfb91fb10470f306569ff54f3afb119c04b365238bfd67e4a6b7b3daa54,Cleaned fine-grained classification image. Class: Pustules. Blur score: 41.86.
tiswan_002136,tiswan,cleaned_v1,datasets/skin/acne/final/subtype_classification/valid/pustular/tiswan_002136.jpg,valid,pustular,borderline,non_expert,subtype_classification,acne,1.0,692135d962922836fc20090dd2cfb9df35439f9642106f2ffcaa337d72c66b81,Cleaned fine-grained classification image. Class: Pustules. Blur score: 49.57.
tiswan_002137,tiswan,cleaned_v1,datasets/skin/acne/final/subtype_classification/valid/pustular/tiswan_002137.jpg,valid,pustular,borderline,non_expert,subtype_classification,acne,1.0,b0f4150f7d286e0af3d48b3932114d435450c2f300085ee032b2df5ec998653c,Cleaned fine-grained classification image. Class: Pustules. Blur score: 43.15.
tiswan_002138,tiswan,cleaned_v1,datasets/skin/acne/final/subtype_classification/valid/pustular/tiswan_002138.jpg,valid,pustular,borderline,non_expert,subtype_classification,acne,1.0,432089c08d465ba7b07fa5dd966f99b296ff24692f8055d1aabf3de3c253db93,Cleaned fine-grained classification image. Class: Pustules. Blur score: 35.44.
tiswan_002139,tiswan,cleaned_v1,datasets/skin/acne/final/subtype_classification/valid/pustular/tiswan_002139.jpg,valid,pustular,borderline,non_expert,subtype_classification,acne,1.0,c93110f9f6aec68e3e3b14cdd9b73673feadbca23d14921dee729b3a3442858d,Cleaned fine-grained classification image. Class: Pustules. Blur score: 40.16.
tiswan_002140,tiswan,cleaned_v1,datasets/skin/acne/final/subtype_classification/valid/pustular/tiswan_002140.jpg,valid,pustular,usable,non_expert,subtype_classification,acne,1.0,1b65c8561a3cfab44f140c1a610bf9d3dd09dde069bdd835e6052564984ff28d,Cleaned fine-grained classification image. Class: Pustules. Blur score: 63.12.
tiswan_002141,tiswan,cleaned_v1,datasets/skin/acne/final/subtype_classification/valid/pustular/tiswan_002141.jpg,valid,pustular,borderline,non_expert,subtype_classification,acne,1.0,32e30657c8fd1372d5d3b9e1fd50227dfbf45975fbbfa4e8fbb8c8bb395cf8ec,Cleaned fine-grained classification image. Class: Pustules. Blur score: 54.84.
tiswan_002142,tiswan,cleaned_v1,datasets/skin/acne/final/subtype_classification/valid/pustular/tiswan_002142.jpg,valid,pustular,usable,non_expert,subtype_classification,acne,1.0,c7cd90427df4606e7c117b5b07a43c1f10c47e8a4ffdbaac540a5e3b7c5fcf12,Cleaned fine-grained classification image. Class: Pustules. Blur score: 98.27.
tiswan_002143,tiswan,cleaned_v1,datasets/skin/acne/final/subtype_classification/valid/pustular/tiswan_002143.jpg,valid,pustular,usable,non_expert,subtype_classification,acne,1.0,d32598def0337a69a67b36373fb1554b213bc180a180f26aa4f518d33355dcec,Cleaned fine-grained classification image. Class: Pustules. Blur score: 78.75.
tiswan_002144,tiswan,cleaned_v1,datasets/skin/acne/final/subtype_classification/valid/pustular/tiswan_002144.jpg,valid,pustular,usable,non_expert,subtype_classification,acne,1.0,0c110d5c2850ab72404d823c66a4d8deb56c4fff999514b9edc7dd1cdd584a24,Cleaned fine-grained classification image. Class: Pustules. Blur score: 61.94.
tiswan_002145,tiswan,cleaned_v1,datasets/skin/acne/final/subtype_classification/valid/pustular/tiswan_002145.jpg,valid,pustular,borderline,non_expert,subtype_classification,acne,1.0,58c9bbf10f9c252f62b10df8da4878e7a195c079b9b5ca53c0a3c3bfb703862f,Cleaned fine-grained classification image. Class: Pustules. Blur score: 37.48.
tiswan_002146,tiswan,cleaned_v1,datasets/skin/acne/final/subtype_classification/valid/pustular/tiswan_002146.jpg,valid,pustular,usable,non_expert,subtype_classification,acne,1.0,a92dede663b69528ef0560d51549c639a4f4777b0067c929c987f25858647c81,Cleaned fine-grained classification image. Class: Pustules. Blur score: 81.97.
tiswan_002147,tiswan,cleaned_v1,datasets/skin/acne/final/subtype_classification/valid/pustular/tiswan_002147.jpg,valid,pustular,usable,non_expert,subtype_classification,acne,1.0,7ec5e4c57936074429be95645b51be61f150ef9f87c5814ed825ae196217a1a8,Cleaned fine-grained classification image. Class: Pustules. Blur score: 95.89.
tiswan_002148,tiswan,cleaned_v1,datasets/skin/acne/final/subtype_classification/valid/pustular/tiswan_002148.jpg,valid,pustular,usable,non_expert,subtype_classification,acne,1.0,4e45910b2cfedadf84934bd7b44e65542f31f45e6448e8935d8ca9d44ce388a0,Cleaned fine-grained classification image. Class: Pustules. Blur score: 72.91.
tiswan_002149,tiswan,cleaned_v1,datasets/skin/acne/final/subtype_classification/valid/pustular/tiswan_002149.jpg,valid,pustular,usable,non_expert,subtype_classification,acne,1.0,74ba15d6e82842a75121c02433dfff08a2a3dbf1ffe69647d7a1c96aa82de5fa,Cleaned fine-grained classification image. Class: Pustules. Blur score: 68.97.
tiswan_002150,tiswan,cleaned_v1,datasets/skin/acne/final/subtype_classification/valid/pustular/tiswan_002150.jpg,valid,pustular,borderline,non_expert,subtype_classification,acne,1.0,4700c83e1cf982a0cb251d46730624d733b5bb748bc28656d609db6147f8d810,Cleaned fine-grained classification image. Class: Pustules. Blur score: 48.35.
tiswan_002151,tiswan,cleaned_v1,datasets/skin/acne/final/subtype_classification/valid/pustular/tiswan_002151.jpg,valid,pustular,borderline,non_expert,subtype_classification,acne,1.0,75dd8a0801d1c65f740cba8274573bee0e9e235bca21094ebb8440f8a0b5e480,Cleaned fine-grained classification image. Class: Pustules. Blur score: 44.21.
tiswan_002152,tiswan,cleaned_v1,datasets/skin/acne/final/subtype_classification/valid/pustular/tiswan_002152.jpg,valid,pustular,usable,non_expert,subtype_classification,acne,1.0,0edd08940c36cb4d520dd6952de6636c6a605c6409e1948da272006c7c9141b8,Cleaned fine-grained classification image. Class: Pustules. Blur score: 102.19.
tiswan_002153,tiswan,cleaned_v1,datasets/skin/acne/final/subtype_classification/valid/pustular/tiswan_002153.jpg,valid,pustular,usable,non_expert,subtype_classification,acne,1.0,761ab72dc5f301dafe64b302fdb53f00f3d96429ed4090456f3222a7643e1813,Cleaned fine-grained classification image. Class: Pustules. Blur score: 73.49.
tiswan_002154,tiswan,cleaned_v1,datasets/skin/acne/final/subtype_classification/valid/pustular/tiswan_002154.jpg,valid,pustular,borderline,non_expert,subtype_classification,acne,1.0,021b134cc117b811e0999eec7ee79126148f1cb18041860140f660736900e2af,Cleaned fine-grained classification image. Class: Pustules. Blur score: 50.76.
tiswan_002155,tiswan,cleaned_v1,datasets/skin/acne/final/subtype_classification/valid/pustular/tiswan_002155.jpg,valid,pustular,usable,non_expert,subtype_classification,acne,1.0,3735c551937d19638851f27545ee7e1dea48d26304dd5de5d8186f67fb4e7fcf,Cleaned fine-grained classification image. Class: Pustules. Blur score: 123.62.
tiswan_002156,tiswan,cleaned_v1,datasets/skin/acne/final/subtype_classification/valid/pustular/tiswan_002156.jpg,valid,pustular,usable,non_expert,subtype_classification,acne,1.0,69108b2f49eea4f1db1d0ec2797ee88da7e031dbaa3ea8b6e297a1ec06d0bd1c,Cleaned fine-grained classification image. Class: Pustules. Blur score: 71.24.
tiswan_002157,tiswan,cleaned_v1,datasets/skin/acne/final/subtype_classification/valid/pustular/tiswan_002157.jpg,valid,pustular,usable,non_expert,subtype_classification,acne,1.0,f0b23c231527958d9b3ba7f9a706659d52cbc8a096b44c9d78158186b73471bf,Cleaned fine-grained classification image. Class: Pustules. Blur score: 96.95.
tiswan_002158,tiswan,cleaned_v1,datasets/skin/acne/final/subtype_classification/valid/pustular/tiswan_002158.jpg,valid,pustular,borderline,non_expert,subtype_classification,acne,1.0,3f9ec85d18fe64b06b643258164b97d79c344e2afef06d952331f4a3ec8711b4,Cleaned fine-grained classification image. Class: Pustules. Blur score: 54.43.
tiswan_002159,tiswan,cleaned_v1,datasets/skin/acne/final/subtype_classification/valid/pustular/tiswan_002159.jpg,valid,pustular,usable,non_expert,subtype_classification,acne,1.0,2a4dbb57077ce6efa8713d896601e93bfc02204697ff8e9ad1c681f795ab5eeb,Cleaned fine-grained classification image. Class: Pustules. Blur score: 102.22.
tiswan_002160,tiswan,cleaned_v1,datasets/skin/acne/final/subtype_classification/valid/pustular/tiswan_002160.jpg,valid,pustular,usable,non_expert,subtype_classification,acne,1.0,f35fb932d0ad1eaaa6a0b9432e2c7abc21e4f040dd80120bf41b3fda6b400258,Cleaned fine-grained classification image. Class: Pustules. Blur score: 100.76.
tiswan_002161,tiswan,cleaned_v1,datasets/skin/acne/final/subtype_classification/valid/pustular/tiswan_002161.jpg,valid,pustular,borderline,non_expert,subtype_classification,acne,1.0,b3553e24f464748f02d494fcd7699af7916a1940a490c6d335e5971858c1772b,Cleaned fine-grained classification image. Class: Pustules. Blur score: 55.4.
tiswan_002162,tiswan,cleaned_v1,datasets/skin/acne/final/subtype_classification/valid/pustular/tiswan_002162.jpg,valid,pustular,usable,non_expert,subtype_classification,acne,1.0,8f8ddfcc2a20308943623fca4df1d6829be5cd68658614d865d44f80fdc89351,Cleaned fine-grained classification image. Class: Pustules. Blur score: 64.8.
tiswan_002163,tiswan,cleaned_v1,datasets/skin/acne/final/subtype_classification/valid/pustular/tiswan_002163.jpg,valid,pustular,usable,non_expert,subtype_classification,acne,1.0,d3b437bc807de12a392fe85bc98c40cc06f2c50b37ae94f1ff24324d9c33fb59,Cleaned fine-grained classification image. Class: Pustules. Blur score: 70.67.
tiswan_002164,tiswan,cleaned_v1,datasets/skin/acne/final/subtype_classification/valid/pustular/tiswan_002164.jpg,valid,pustular,usable,non_expert,subtype_classification,acne,1.0,ae2d5a8a7b15ae345d3a705b16be2ae20bc96a629d2027c7d2d355335508f86d,Cleaned fine-grained classification image. Class: Pustules. Blur score: 93.25.
tiswan_002165,tiswan,cleaned_v1,datasets/skin/acne/final/subtype_classification/valid/pustular/tiswan_002165.jpg,valid,pustular,usable,non_expert,subtype_classification,acne,1.0,cac943258019fdd9794cc45506492e8c2c8e8b8df97e6947603addeace7116e7,Cleaned fine-grained classification image. Class: Pustules. Blur score: 89.4.
tiswan_002166,tiswan,cleaned_v1,datasets/skin/acne/final/subtype_classification/valid/pustular/tiswan_002166.jpg,valid,pustular,usable,non_expert,subtype_classification,acne,1.0,001f27064470a49839cc5d9a0625395792ec5c39710fd7fdad153ce75b444fda,Cleaned fine-grained classification image. Class: Pustules. Blur score: 69.7.
tiswan_002167,tiswan,cleaned_v1,datasets/skin/acne/final/subtype_classification/valid/pustular/tiswan_002167.jpg,valid,pustular,usable,non_expert,subtype_classification,acne,1.0,19e7166fce06b33148e0ad7cd4b81491109abe3b9933b78f0eb64a675939a844,Cleaned fine-grained classification image. Class: Pustules. Blur score: 77.17.
tiswan_002168,tiswan,cleaned_v1,datasets/skin/acne/final/subtype_classification/valid/pustular/tiswan_002168.jpg,valid,pustular,usable,non_expert,subtype_classification,acne,1.0,90b5d5422a28e28841a2481e561d13603a041b2f2f52f0f261043ad6786a3c3c,Cleaned fine-grained classification image. Class: Pustules. Blur score: 93.25.
tiswan_002169,tiswan,cleaned_v1,datasets/skin/acne/final/subtype_classification/valid/pustular/tiswan_002169.jpg,valid,pustular,usable,non_expert,subtype_classification,acne,1.0,ed2fae091f88a955f8205813eeb06df4690d5322f90fd4a0bc22e12321de08cc,Cleaned fine-grained classification image. Class: Pustules. Blur score: 67.38.
tiswan_002170,tiswan,cleaned_v1,datasets/skin/acne/final/subtype_classification/valid/pustular/tiswan_002170.jpg,valid,pustular,usable,non_expert,subtype_classification,acne,1.0,38c14334c6c2ca2356a767d5fe702124dae2a63191c61864f15ff29b76004ffd,Cleaned fine-grained classification image. Class: Pustules. Blur score: 90.87.
tiswan_002171,tiswan,cleaned_v1,datasets/skin/acne/final/subtype_classification/valid/pustular/tiswan_002171.jpg,valid,pustular,usable,non_expert,subtype_classification,acne,1.0,5784f59d9ff66d396984bb9f26b61bc7ca9ca2ca0ab4b6a8a6e4db4040c9b5e7,Cleaned fine-grained classification image. Class: Pustules. Blur score: 86.41.
tiswan_002172,tiswan,cleaned_v1,datasets/skin/acne/final/subtype_classification/valid/pustular/tiswan_002172.jpg,valid,pustular,usable,non_expert,subtype_classification,acne,1.0,99a66986f8f3a9f96c20340e564e1465cd2d66a1de0bf55f75372012ff77f8bf,Cleaned fine-grained classification image. Class: Pustules. Blur score: 98.43.
tiswan_002173,tiswan,cleaned_v1,datasets/skin/acne/final/subtype_classification/valid/pustular/tiswan_002173.jpg,valid,pustular,usable,non_expert,subtype_classification,acne,1.0,ccdfc0fcd80b9ada36ea7e239222ca0a8ff7155cd9dd6117b166ee8c7cfb6a34,Cleaned fine-grained classification image. Class: Pustules. Blur score: 87.37.
tiswan_002174,tiswan,cleaned_v1,datasets/skin/acne/final/subtype_classification/valid/pustular/tiswan_002174.jpg,valid,pustular,borderline,non_expert,subtype_classification,acne,1.0,57b839991470af6828cd81ba512876bf08cd233042fbdce9e5bedf1793871c1b,Cleaned fine-grained classification image. Class: Pustules. Blur score: 53.0.
tiswan_002175,tiswan,cleaned_v1,datasets/skin/acne/final/subtype_classification/valid/pustular/tiswan_002175.jpg,valid,pustular,usable,non_expert,subtype_classification,acne,1.0,a26fd0c66375bbd4588f33e71f0b60cb9f9b55e8a8fd404be0ee1d503e00144a,Cleaned fine-grained classification image. Class: Pustules. Blur score: 62.15.
tiswan_002176,tiswan,cleaned_v1,datasets/skin/acne/final/subtype_classification/valid/pustular/tiswan_002176.jpg,valid,pustular,usable,non_expert,subtype_classification,acne,1.0,252606e90966be03ddd3282be29a5477ba82a1fca66c2b7d0a18420eeab0486f,Cleaned fine-grained classification image. Class: Pustules. Blur score: 77.43.
tiswan_002177,tiswan,cleaned_v1,datasets/skin/acne/final/subtype_classification/valid/pustular/tiswan_002177.jpg,valid,pustular,usable,non_expert,subtype_classification,acne,1.0,f999a46a6d217bd3725f44cfe900be8035f0a4c80e8081caf52c814c24a60d16,Cleaned fine-grained classification image. Class: Pustules. Blur score: 89.18.
tiswan_002178,tiswan,cleaned_v1,datasets/skin/acne/final/subtype_classification/valid/pustular/tiswan_002178.jpg,valid,pustular,borderline,non_expert,subtype_classification,acne,1.0,3fe3b131306cc5394b539073919880f92736c87bd5080e5123218b2c91ae368c,Cleaned fine-grained classification image. Class: Pustules. Blur score: 52.85.
tiswan_002179,tiswan,cleaned_v1,datasets/skin/acne/final/subtype_classification/valid/pustular/tiswan_002179.jpg,valid,pustular,usable,non_expert,subtype_classification,acne,1.0,b0aff4277915be41fde390892ed0cc5d6eaa03e77266fc9380456b1998326647,Cleaned fine-grained classification image. Class: Pustules. Blur score: 73.53.
tiswan_002180,tiswan,cleaned_v1,datasets/skin/acne/final/subtype_classification/valid/pustular/tiswan_002180.jpg,valid,pustular,usable,non_expert,subtype_classification,acne,1.0,4a17c478b80a3ce05c5dcb1b08158e05df46a1709fa16ac442dc50c642965858,Cleaned fine-grained classification image. Class: Pustules. Blur score: 67.95.
tiswan_002181,tiswan,cleaned_v1,datasets/skin/acne/final/subtype_classification/valid/pustular/tiswan_002181.jpg,valid,pustular,usable,non_expert,subtype_classification,acne,1.0,bd154bf723d1bb3304f891360ae71e6304be14a8b828cd4c9087e7f77ca0bd32,Cleaned fine-grained classification image. Class: Pustules. Blur score: 74.79.
tiswan_002182,tiswan,cleaned_v1,datasets/skin/acne/final/subtype_classification/valid/pustular/tiswan_002182.jpg,valid,pustular,usable,non_expert,subtype_classification,acne,1.0,ea13bc6df60ee2d311f56bb3e74fa2dbcf3240b52e4dba611b055c4999cd01e4,Cleaned fine-grained classification image. Class: Pustules. Blur score: 89.83.
tiswan_002183,tiswan,cleaned_v1,datasets/skin/acne/final/subtype_classification/valid/pustular/tiswan_002183.jpg,valid,pustular,usable,non_expert,subtype_classification,acne,1.0,d74afe85be857645a4b48e6b7d9efdb89e797d57cb11c158cffe77e5e3321e25,Cleaned fine-grained classification image. Class: Pustules. Blur score: 94.19.
tiswan_002184,tiswan,cleaned_v1,datasets/skin/acne/final/subtype_classification/valid/pustular/tiswan_002184.jpg,valid,pustular,usable,non_expert,subtype_classification,acne,1.0,6d4a91cfbbe9f5bb755be1171026d9dec70a15dd7f5cdedeeee07f033e799974,Cleaned fine-grained classification image. Class: Pustules. Blur score: 131.87.
tiswan_002185,tiswan,cleaned_v1,datasets/skin/acne/final/subtype_classification/valid/pustular/tiswan_002185.jpg,valid,pustular,borderline,non_expert,subtype_classification,acne,1.0,12fd6c14c34ba001c52070811124e8b55d4505af697b5824344ad58ee895b096,Cleaned fine-grained classification image. Class: Pustules. Blur score: 54.54.
tiswan_002186,tiswan,cleaned_v1,datasets/skin/acne/final/subtype_classification/valid/pustular/tiswan_002186.jpg,valid,pustular,usable,non_expert,subtype_classification,acne,1.0,5f7ddc69b31e531c449a0a6f2bb0bbfd361c6b64d123c0e304f5788e58100065,Cleaned fine-grained classification image. Class: Pustules. Blur score: 77.59.
tiswan_002187,tiswan,cleaned_v1,datasets/skin/acne/final/subtype_classification/valid/pustular/tiswan_002187.jpg,valid,pustular,usable,non_expert,subtype_classification,acne,1.0,e9a6712b977dcebcd65f7e6ccddf9ec0f35ec95d7c746ed4f988c2cf97dfeace,Cleaned fine-grained classification image. Class: Pustules. Blur score: 66.89.
tiswan_002188,tiswan,cleaned_v1,datasets/skin/acne/final/subtype_classification/valid/pustular/tiswan_002188.jpg,valid,pustular,usable,non_expert,subtype_classification,acne,1.0,6691f3cb280753e76376ddae8fe2f4f99da3fe3546e90fc62b2a20226eeacc7a,Cleaned fine-grained classification image. Class: Pustules. Blur score: 89.32.
tiswan_002189,tiswan,cleaned_v1,datasets/skin/acne/final/subtype_classification/valid/pustular/tiswan_002189.jpg,valid,pustular,usable,non_expert,subtype_classification,acne,1.0,15d270633d96dbb0a299706254e7541867f8f4397c7e3266b642a1706a35e240,Cleaned fine-grained classification image. Class: Pustules. Blur score: 107.7.
tiswan_002190,tiswan,cleaned_v1,datasets/skin/acne/final/subtype_classification/valid/pustular/tiswan_002190.jpg,valid,pustular,usable,non_expert,subtype_classification,acne,1.0,c243dfb895dbddac6021af24cba1f18a7b37cd24b493061787620ed6a4b30dc3,Cleaned fine-grained classification image. Class: Pustules. Blur score: 129.36.
tiswan_002191,tiswan,cleaned_v1,datasets/skin/acne/final/subtype_classification/valid/pustular/tiswan_002191.jpg,valid,pustular,usable,non_expert,subtype_classification,acne,1.0,dddd82eddc16d878cbca205564aef8cf5fd4fe1fb3ce6032bd5352440aff4689,Cleaned fine-grained classification image. Class: Pustules. Blur score: 93.84.
tiswan_002192,tiswan,cleaned_v1,datasets/skin/acne/final/subtype_classification/valid/pustular/tiswan_002192.jpg,valid,pustular,usable,non_expert,subtype_classification,acne,1.0,c3f79cf8a6e28a713d91bd230c2edf8af1efba30b3f5bcd9ed4684b0fd59e954,Cleaned fine-grained classification image. Class: Pustules. Blur score: 64.05.
tiswan_002193,tiswan,cleaned_v1,datasets/skin/acne/final/subtype_classification/valid/pustular/tiswan_002193.jpg,valid,pustular,usable,non_expert,subtype_classification,acne,1.0,13cbd6868c0a72c709b7c22f3c60da6a1762c9a5ea69be8586a4529729e1e0b6,Cleaned fine-grained classification image. Class: Pustules. Blur score: 108.74.
tiswan_002194,tiswan,cleaned_v1,datasets/skin/acne/final/subtype_classification/valid/pustular/tiswan_002194.jpg,valid,pustular,borderline,non_expert,subtype_classification,acne,1.0,5163fbcf21f8c4dad80d65fa34828e9d16c8bcab477cd94b7932ed3895ef66ea,Cleaned fine-grained classification image. Class: Pustules. Blur score: 56.02.
tiswan_002195,tiswan,cleaned_v1,datasets/skin/acne/final/subtype_classification/valid/pustular/tiswan_002195.jpg,valid,pustular,usable,non_expert,subtype_classification,acne,1.0,21e0d305b6dbc31bcb86dccb7e320a336c5f2d95b8bd7ff1cf0859c2693898a5,Cleaned fine-grained classification image. Class: Pustules. Blur score: 111.05.
tiswan_002196,tiswan,cleaned_v1,datasets/skin/acne/final/subtype_classification/valid/pustular/tiswan_002196.jpg,valid,pustular,usable,non_expert,subtype_classification,acne,1.0,a174f0bc83918451e3b184a82f0c0d5f2aaa99bd08b27bc741412ee5dc026f06,Cleaned fine-grained classification image. Class: Pustules. Blur score: 77.44.
tiswan_002197,tiswan,cleaned_v1,datasets/skin/acne/final/subtype_classification/valid/pustular/tiswan_002197.jpg,valid,pustular,usable,non_expert,subtype_classification,acne,1.0,20e3a836a75bd7104a45e088ad7a44ac1a94113ba50d83ef5f9cfcfcf840086a,Cleaned fine-grained classification image. Class: Pustules. Blur score: 99.31.
tiswan_002198,tiswan,cleaned_v1,datasets/skin/acne/final/subtype_classification/valid/pustular/tiswan_002198.jpg,valid,pustular,borderline,non_expert,subtype_classification,acne,1.0,0a3d29e8e21a42ca8bd6b62b1d94f383096b6499bf0eb34a931fd33fe3fe88ff,Cleaned fine-grained classification image. Class: Pustules. Blur score: 42.96.
tiswan_002199,tiswan,cleaned_v1,datasets/skin/acne/final/subtype_classification/valid/pustular/tiswan_002199.jpg,valid,pustular,usable,non_expert,subtype_classification,acne,1.0,4802d0e0938af1b9f546338ee727fcf0aa0cbc90ad296f77ec8a4f416b5138ef,Cleaned fine-grained classification image. Class: Pustules. Blur score: 101.93.
tiswan_002200,tiswan,cleaned_v1,datasets/skin/acne/final/subtype_classification/valid/pustular/tiswan_002200.jpg,valid,pustular,borderline,non_expert,subtype_classification,acne,1.0,be03d5ed9e692d3d9430937969cdbb3227fc264dbb81e151ad5f330d90cba45c,Cleaned fine-grained classification image. Class: Pustules. Blur score: 45.65.
tiswan_002201,tiswan,cleaned_v1,datasets/skin/acne/final/subtype_classification/valid/pustular/tiswan_002201.jpg,valid,pustular,usable,non_expert,subtype_classification,acne,1.0,8e8530e15df427d90f772b7b96e3d4a980b2e249720c36057621965809c877b4,Cleaned fine-grained classification image. Class: Pustules. Blur score: 68.61.
tiswan_002202,tiswan,cleaned_v1,datasets/skin/acne/final/subtype_classification/valid/pustular/tiswan_002202.jpg,valid,pustular,usable,non_expert,subtype_classification,acne,1.0,917eb903cff6ac4c8e7edd969f7c02b68605094dda45ca9f3a84fa4d45674475,Cleaned fine-grained classification image. Class: Pustules. Blur score: 60.4.
tiswan_002203,tiswan,cleaned_v1,datasets/skin/acne/final/subtype_classification/valid/pustular/tiswan_002203.jpg,valid,pustular,usable,non_expert,subtype_classification,acne,1.0,33ab62952dabd0f9e7d51d66e0f0195b22d99eb133a20f8ad90d0a447a28890c,Cleaned fine-grained classification image. Class: Pustules. Blur score: 70.76.
tiswan_002204,tiswan,cleaned_v1,datasets/skin/acne/final/subtype_classification/valid/pustular/tiswan_002204.jpg,valid,pustular,usable,non_expert,subtype_classification,acne,1.0,be4729acc7163238726a4c2c8be7df2ee8975d5319fde103d50f6ab60bb0e9f3,Cleaned fine-grained classification image. Class: Pustules. Blur score: 99.64.
tiswan_002205,tiswan,cleaned_v1,datasets/skin/acne/final/subtype_classification/valid/pustular/tiswan_002205.jpg,valid,pustular,usable,non_expert,subtype_classification,acne,1.0,dfcb10ccd5c3997e5320c81a1af5c8b78e192d2f6edacfc125bb1f2da7befffa,Cleaned fine-grained classification image. Class: Pustules. Blur score: 76.9.
tiswan_002206,tiswan,cleaned_v1,datasets/skin/acne/final/subtype_classification/valid/pustular/tiswan_002206.jpg,valid,pustular,usable,non_expert,subtype_classification,acne,1.0,0025c4bb0f72b79e2058f05d43dbd2fbc0d2971badc07914a6a472d45775b93f,Cleaned fine-grained classification image. Class: Pustules. Blur score: 93.02.
tiswan_002207,tiswan,cleaned_v1,datasets/skin/acne/final/subtype_classification/valid/pustular/tiswan_002207.jpg,valid,pustular,usable,non_expert,subtype_classification,acne,1.0,358aa6d6628d4b7ca4f327ec20dc142f1a6738d63d40066554520dd514f4d6b7,Cleaned fine-grained classification image. Class: Pustules. Blur score: 117.82.
tiswan_002208,tiswan,cleaned_v1,datasets/skin/acne/final/subtype_classification/valid/pustular/tiswan_002208.jpg,valid,pustular,usable,non_expert,subtype_classification,acne,1.0,32d36bb6bf5d276bd9c342afc80ba6c9fa53000aeb0c56a67642b5f7a8f8928c,Cleaned fine-grained classification image. Class: Pustules. Blur score: 99.03.
tiswan_002209,tiswan,cleaned_v1,datasets/skin/acne/final/subtype_classification/valid/pustular/tiswan_002209.jpg,valid,pustular,usable,non_expert,subtype_classification,acne,1.0,e3f315c480761d46d51353a336130a7f074b1287a586c74c6019986ba8604259,Cleaned fine-grained classification image. Class: Pustules. Blur score: 126.79.
tiswan_002210,tiswan,cleaned_v1,datasets/skin/acne/final/subtype_classification/valid/pustular/tiswan_002210.jpg,valid,pustular,sharp,non_expert,subtype_classification,acne,1.0,c18e2480ef29d9f8e577f9cecd22a172340f5eeca17ad351f93533d283d4f68d,Cleaned fine-grained classification image. Class: Pustules. Blur score: 196.31.
tiswan_002211,tiswan,cleaned_v1,datasets/skin/acne/final/subtype_classification/valid/pustular/tiswan_002211.jpg,valid,pustular,usable,non_expert,subtype_classification,acne,1.0,df1fe695f6c05623cfd85cf11fd9bd426508830d3ca21a27ba3cc04e4f55df3f,Cleaned fine-grained classification image. Class: Pustules. Blur score: 83.58.
tiswan_002212,tiswan,cleaned_v1,datasets/skin/acne/final/subtype_classification/valid/pustular/tiswan_002212.jpg,valid,pustular,sharp,non_expert,subtype_classification,acne,1.0,81006b8766540d763774639802b1196f490b7a6e650dcdae60ebc9c2d27f4d58,Cleaned fine-grained classification image. Class: Pustules. Blur score: 151.24.
tiswan_002213,tiswan,cleaned_v1,datasets/skin/acne/final/subtype_classification/valid/pustular/tiswan_002213.jpg,valid,pustular,usable,non_expert,subtype_classification,acne,1.0,8ba09f8d87c6c88911c9a490705edea09b7e0ab74e2a25dc909ca2d94df9014f,Cleaned fine-grained classification image. Class: Pustules. Blur score: 91.91.
tiswan_002214,tiswan,cleaned_v1,datasets/skin/acne/final/subtype_classification/valid/pustular/tiswan_002214.jpg,valid,pustular,borderline,non_expert,subtype_classification,acne,1.0,7bb9278b554d87b8a875b36cc1f3357ae2862ff7c39a94d23146c78884a4e1f9,Cleaned fine-grained classification image. Class: Pustules. Blur score: 50.11.
tiswan_002215,tiswan,cleaned_v1,datasets/skin/acne/final/subtype_classification/valid/pustular/tiswan_002215.jpg,valid,pustular,usable,non_expert,subtype_classification,acne,1.0,1379e1669499972da457c69e827da1ba1c1f106116634ec4da2a3dbe0cbe6d60,Cleaned fine-grained classification image. Class: Pustules. Blur score: 62.57.
tiswan_002216,tiswan,cleaned_v1,datasets/skin/acne/final/subtype_classification/valid/closed_comedo/tiswan_002216.jpg,valid,closed_comedo,borderline,non_expert,subtype_classification,acne,1.0,88bfb3d425940d686a95c5c3e9f5f9c70431fcbef72ae780c9de1f95eb966335,Cleaned fine-grained classification image. Class: Whiteheads. Blur score: 49.58.
tiswan_002217,tiswan,cleaned_v1,datasets/skin/acne/final/subtype_classification/valid/closed_comedo/tiswan_002217.jpg,valid,closed_comedo,borderline,non_expert,subtype_classification,acne,1.0,0b60e6442455a3cc14993b66a1249a64ea7b718a76995c2a6cc37f9174f308e7,Cleaned fine-grained classification image. Class: Whiteheads. Blur score: 47.66.
tiswan_002218,tiswan,cleaned_v1,datasets/skin/acne/final/subtype_classification/valid/closed_comedo/tiswan_002218.jpg,valid,closed_comedo,usable,non_expert,subtype_classification,acne,1.0,485c7a09a783acb3c01397a85c97ac3ff6a368b1897b262c820b6471a407b7cd,Cleaned fine-grained classification image. Class: Whiteheads. Blur score: 67.91.
tiswan_002219,tiswan,cleaned_v1,datasets/skin/acne/final/subtype_classification/valid/closed_comedo/tiswan_002219.jpg,valid,closed_comedo,usable,non_expert,subtype_classification,acne,1.0,23acdee558ef8f7c008992a2772afc56d803b7bc118eca0257fddf047c613413,Cleaned fine-grained classification image. Class: Whiteheads. Blur score: 101.84.
tiswan_002220,tiswan,cleaned_v1,datasets/skin/acne/final/subtype_classification/valid/closed_comedo/tiswan_002220.jpg,valid,closed_comedo,usable,non_expert,subtype_classification,acne,1.0,ef9a353570d6cd132f5064b47cba06ec0842132289ae27d95bddfa4da6a79622,Cleaned fine-grained classification image. Class: Whiteheads. Blur score: 103.88.
tiswan_002221,tiswan,cleaned_v1,datasets/skin/acne/final/subtype_classification/valid/closed_comedo/tiswan_002221.jpg,valid,closed_comedo,borderline,non_expert,subtype_classification,acne,1.0,cc7bf88399c586308297abc1fd9990dbe00664cae9380c26f171a6b222b7f277,Cleaned fine-grained classification image. Class: Whiteheads. Blur score: 20.07.
tiswan_002222,tiswan,cleaned_v1,datasets/skin/acne/final/subtype_classification/valid/closed_comedo/tiswan_002222.jpg,valid,closed_comedo,sharp,non_expert,subtype_classification,acne,1.0,930014ccdfc08b160252b2919d681032d5c575f0382cad7b15bc76caf890e8a6,Cleaned fine-grained classification image. Class: Whiteheads. Blur score: 156.79.
tiswan_002223,tiswan,cleaned_v1,datasets/skin/acne/final/subtype_classification/valid/closed_comedo/tiswan_002223.jpg,valid,closed_comedo,borderline,non_expert,subtype_classification,acne,1.0,756d350be7251735a7724d2470c760598e09dfcb61ea6e93201a878b20e69d6d,Cleaned fine-grained classification image. Class: Whiteheads. Blur score: 21.5.
tiswan_002224,tiswan,cleaned_v1,datasets/skin/acne/final/subtype_classification/valid/closed_comedo/tiswan_002224.jpg,valid,closed_comedo,borderline,non_expert,subtype_classification,acne,1.0,e3d6c7812dc4163b247369b97af1cae7d276247eb026ef65d32548fc7d7c8bd7,Cleaned fine-grained classification image. Class: Whiteheads. Blur score: 26.94.
tiswan_002225,tiswan,cleaned_v1,datasets/skin/acne/final/subtype_classification/valid/closed_comedo/tiswan_002225.jpg,valid,closed_comedo,borderline,non_expert,subtype_classification,acne,1.0,3f392ffce3779c95dd8729badd720b54abdbd012b04a8b32d4ed789d6bdda53f,Cleaned fine-grained classification image. Class: Whiteheads. Blur score: 55.99.
tiswan_002226,tiswan,cleaned_v1,datasets/skin/acne/final/subtype_classification/valid/closed_comedo/tiswan_002226.jpg,valid,closed_comedo,poor,non_expert,subtype_classification,acne,1.0,cf7bec21a23d17b7722776e613d88ceb371474ff02cc1ceea3e597df8d36bbdf,Cleaned fine-grained classification image. Class: Whiteheads. Blur score: 17.95.
tiswan_002227,tiswan,cleaned_v1,datasets/skin/acne/final/subtype_classification/valid/closed_comedo/tiswan_002227.jpg,valid,closed_comedo,usable,non_expert,subtype_classification,acne,1.0,f85769b7584620e1d184739fcb12291cb8f8544a499979a69dfbc44babe24014,Cleaned fine-grained classification image. Class: Whiteheads. Blur score: 106.76.
tiswan_002228,tiswan,cleaned_v1,datasets/skin/acne/final/subtype_classification/valid/closed_comedo/tiswan_002228.jpg,valid,closed_comedo,usable,non_expert,subtype_classification,acne,1.0,be28e919421f6ec73b69c4de1d4ae88195e04651ac26515963f1a8be210c88da,Cleaned fine-grained classification image. Class: Whiteheads. Blur score: 84.97.
tiswan_002229,tiswan,cleaned_v1,datasets/skin/acne/final/subtype_classification/valid/closed_comedo/tiswan_002229.jpg,valid,closed_comedo,usable,non_expert,subtype_classification,acne,1.0,e6cfbae72f21e52d00f171915d949c79eef40813a3523c2c3d5f4a7aa16e1e75,Cleaned fine-grained classification image. Class: Whiteheads. Blur score: 112.95.
tiswan_002230,tiswan,cleaned_v1,datasets/skin/acne/final/subtype_classification/valid/closed_comedo/tiswan_002230.jpg,valid,closed_comedo,borderline,non_expert,subtype_classification,acne,1.0,241b755f91fb1913e8c4c2baf3b4d3cc6295c4c8db57c86bfa2e3620e20e102b,Cleaned fine-grained classification image. Class: Whiteheads. Blur score: 23.16.
tiswan_002231,tiswan,cleaned_v1,datasets/skin/acne/final/subtype_classification/valid/closed_comedo/tiswan_002231.jpg,valid,closed_comedo,borderline,non_expert,subtype_classification,acne,1.0,1fcc6e2ce1ab4e10c7813cf583ef0e81ba8bdac9f1bcca98cef1949f036b0af1,Cleaned fine-grained classification image. Class: Whiteheads. Blur score: 57.57.
tiswan_002232,tiswan,cleaned_v1,datasets/skin/acne/final/subtype_classification/valid/closed_comedo/tiswan_002232.jpg,valid,closed_comedo,usable,non_expert,subtype_classification,acne,1.0,b439f04afaf41791fa8843a8955cb4ea2d6eae5f9aef50a4956eb5db4f46bd2e,Cleaned fine-grained classification image. Class: Whiteheads. Blur score: 79.8.
tiswan_002233,tiswan,cleaned_v1,datasets/skin/acne/final/subtype_classification/valid/closed_comedo/tiswan_002233.jpg,valid,closed_comedo,borderline,non_expert,subtype_classification,acne,1.0,ee20020942821999aab99cdc801f30647a1a260d922c42a021d5b16f091e83bf,Cleaned fine-grained classification image. Class: Whiteheads. Blur score: 37.07.
tiswan_002234,tiswan,cleaned_v1,datasets/skin/acne/final/subtype_classification/valid/closed_comedo/tiswan_002234.jpg,valid,closed_comedo,usable,non_expert,subtype_classification,acne,1.0,a3a0d418995e98cb078129ebd7dfcf151553570f7b6e3a46c11dc8c25bad8f77,Cleaned fine-grained classification image. Class: Whiteheads. Blur score: 81.72.
tiswan_002235,tiswan,cleaned_v1,datasets/skin/acne/final/subtype_classification/valid/closed_comedo/tiswan_002235.jpg,valid,closed_comedo,borderline,non_expert,subtype_classification,acne,1.0,55cb58d28f7f13c046bc2f47f3f506c7b4d39b1848c89052e7a099f04680c5a7,Cleaned fine-grained classification image. Class: Whiteheads. Blur score: 36.59.
tiswan_002236,tiswan,cleaned_v1,datasets/skin/acne/final/subtype_classification/test/open_comedo/tiswan_002236.jpg,test,open_comedo,borderline,non_expert,subtype_classification,acne,1.0,d4601dcf3277ac2c0ae985b5bd1bc6378713e7e36ca2dd33b09d366d913a1fca,Cleaned fine-grained classification image. Class: Blackheads. Blur score: 38.7.
tiswan_002237,tiswan,cleaned_v1,datasets/skin/acne/final/subtype_classification/test/open_comedo/tiswan_002237.jpg,test,open_comedo,borderline,non_expert,subtype_classification,acne,1.0,709518333ea0935118fb739bae9a1047a2df37d026db65107075a3b33ba445d2,Cleaned fine-grained classification image. Class: Blackheads. Blur score: 49.13.
tiswan_002238,tiswan,cleaned_v1,datasets/skin/acne/final/subtype_classification/test/open_comedo/tiswan_002238.jpg,test,open_comedo,usable,non_expert,subtype_classification,acne,1.0,a87d58d84e2694dd24274fe322cbc32c76f60ae0b0e6d83ab8d986ee17b8fe56,Cleaned fine-grained classification image. Class: Blackheads. Blur score: 66.2.
tiswan_002239,tiswan,cleaned_v1,datasets/skin/acne/final/subtype_classification/test/open_comedo/tiswan_002239.jpg,test,open_comedo,borderline,non_expert,subtype_classification,acne,1.0,08715cd74830384ced299c73fb59d2033303d4180e725f37c8ab0aef01c2346a,Cleaned fine-grained classification image. Class: Blackheads. Blur score: 45.56.
tiswan_002240,tiswan,cleaned_v1,datasets/skin/acne/final/subtype_classification/test/open_comedo/tiswan_002240.jpg,test,open_comedo,borderline,non_expert,subtype_classification,acne,1.0,4a385dbfc3045527925bc7d74bd305cd73763a6acfa4291a79f7c67cc9cccf7d,Cleaned fine-grained classification image. Class: Blackheads. Blur score: 54.47.
tiswan_002241,tiswan,cleaned_v1,datasets/skin/acne/final/subtype_classification/test/open_comedo/tiswan_002241.jpg,test,open_comedo,sharp,non_expert,subtype_classification,acne,1.0,1cc98b7240fcc578d4e37c8cb3f29c891ad7688ecdbcb4f14a16543babf76d0b,Cleaned fine-grained classification image. Class: Blackheads. Blur score: 153.29.
tiswan_002242,tiswan,cleaned_v1,datasets/skin/acne/final/subtype_classification/test/open_comedo/tiswan_002242.jpg,test,open_comedo,usable,non_expert,subtype_classification,acne,1.0,990a4b439378511ec113f5d7d4ef5ae75c25285e7145902765a0c80586f88f04,Cleaned fine-grained classification image. Class: Blackheads. Blur score: 110.41.
tiswan_002243,tiswan,cleaned_v1,datasets/skin/acne/final/subtype_classification/test/open_comedo/tiswan_002243.jpg,test,open_comedo,usable,non_expert,subtype_classification,acne,1.0,46d4d189a566b3307d6af6d96de5e0fd8d039eee358fdb185b668fce6a971dcb,Cleaned fine-grained classification image. Class: Blackheads. Blur score: 117.81.
tiswan_002244,tiswan,cleaned_v1,datasets/skin/acne/final/subtype_classification/test/open_comedo/tiswan_002244.jpg,test,open_comedo,usable,non_expert,subtype_classification,acne,1.0,7f192c5b33ecdb2be08c06f28e82c9829ea0499d52f67286c8c5494e56270fd5,Cleaned fine-grained classification image. Class: Blackheads. Blur score: 107.36.
tiswan_002245,tiswan,cleaned_v1,datasets/skin/acne/final/subtype_classification/test/open_comedo/tiswan_002245.jpg,test,open_comedo,usable,non_expert,subtype_classification,acne,1.0,ae4a11979070fa97213f54960d75d439776ac4980a0f427e5c62787db7285f24,Cleaned fine-grained classification image. Class: Blackheads. Blur score: 85.63.
tiswan_002246,tiswan,cleaned_v1,datasets/skin/acne/final/subtype_classification/test/open_comedo/tiswan_002246.jpg,test,open_comedo,usable,non_expert,subtype_classification,acne,1.0,3b4161aae975f938b9c39f46cc07e6c612c03a58148c8537ba209667ad59886e,Cleaned fine-grained classification image. Class: Blackheads. Blur score: 66.27.
tiswan_002247,tiswan,cleaned_v1,datasets/skin/acne/final/subtype_classification/test/open_comedo/tiswan_002247.jpg,test,open_comedo,borderline,non_expert,subtype_classification,acne,1.0,286acae01ca50e080d56481f630da01d8ff74257d6bf192e8c9d1f32de94b909,Cleaned fine-grained classification image. Class: Blackheads. Blur score: 34.56.
tiswan_002248,tiswan,cleaned_v1,datasets/skin/acne/final/subtype_classification/test/open_comedo/tiswan_002248.jpg,test,open_comedo,usable,non_expert,subtype_classification,acne,1.0,83d4b7f77ecf3f60b088dffce55e8d68e7fa9fc948fc380feadf97637d3704a7,Cleaned fine-grained classification image. Class: Blackheads. Blur score: 92.76.
tiswan_002249,tiswan,cleaned_v1,datasets/skin/acne/final/subtype_classification/test/open_comedo/tiswan_002249.jpg,test,open_comedo,usable,non_expert,subtype_classification,acne,1.0,dad9d5a42616119d79d0d25dbd28949300b94805af5b1586f0ddc7e0882e3cb3,Cleaned fine-grained classification image. Class: Blackheads. Blur score: 96.97.
tiswan_002250,tiswan,cleaned_v1,datasets/skin/acne/final/subtype_classification/test/open_comedo/tiswan_002250.jpg,test,open_comedo,usable,non_expert,subtype_classification,acne,1.0,0a0bd2263c6f3fa9fdfdc31093a489590c61d72b117feee883caf3e81c09f3d7,Cleaned fine-grained classification image. Class: Blackheads. Blur score: 83.92.
tiswan_002251,tiswan,cleaned_v1,datasets/skin/acne/final/subtype_classification/test/open_comedo/tiswan_002251.jpg,test,open_comedo,borderline,non_expert,subtype_classification,acne,1.0,d2c74a2cc8da79874a56371426c65657ef2db7d71b7960601b43341de23cc935,Cleaned fine-grained classification image. Class: Blackheads. Blur score: 53.04.
tiswan_002252,tiswan,cleaned_v1,datasets/skin/acne/final/subtype_classification/test/open_comedo/tiswan_002252.jpg,test,open_comedo,usable,non_expert,subtype_classification,acne,1.0,f41a6fb294f5cb9146d8b8b8340f0ca95f004fe50757f0b04c3e00bbdc651cd1,Cleaned fine-grained classification image. Class: Blackheads. Blur score: 62.91.
tiswan_002253,tiswan,cleaned_v1,datasets/skin/acne/final/subtype_classification/test/open_comedo/tiswan_002253.jpg,test,open_comedo,usable,non_expert,subtype_classification,acne,1.0,90cf7b1015a88cd61b1adf828bcd36e024cc1674fdeb9ae19c6346b2b869a808,Cleaned fine-grained classification image. Class: Blackheads. Blur score: 63.34.
tiswan_002254,tiswan,cleaned_v1,datasets/skin/acne/final/subtype_classification/test/open_comedo/tiswan_002254.jpg,test,open_comedo,usable,non_expert,subtype_classification,acne,1.0,ff3c0714f504ba4fc8e22cc7ff3a98732aab96cee4845f726deb1e03f016c405,Cleaned fine-grained classification image. Class: Blackheads. Blur score: 69.72.
tiswan_002255,tiswan,cleaned_v1,datasets/skin/acne/final/subtype_classification/test/open_comedo/tiswan_002255.jpg,test,open_comedo,usable,non_expert,subtype_classification,acne,1.0,f2da991973dfe2ad114abe494cffa9ac1d2f815d556aba14969a8a58210f313b,Cleaned fine-grained classification image. Class: Blackheads. Blur score: 79.12.
tiswan_002256,tiswan,cleaned_v1,datasets/skin/acne/final/subtype_classification/test/open_comedo/tiswan_002256.jpg,test,open_comedo,borderline,non_expert,subtype_classification,acne,1.0,26ff4df1ad388097099caebf361471d6e0cb7e46012f54e88d517a2806c8fd72,Cleaned fine-grained classification image. Class: Blackheads. Blur score: 36.25.
tiswan_002257,tiswan,cleaned_v1,datasets/skin/acne/final/subtype_classification/test/open_comedo/tiswan_002257.jpg,test,open_comedo,usable,non_expert,subtype_classification,acne,1.0,04043de3ec1ab1d0af63e221350ba32052d4aecde650b2d30f613f05e5962ac2,Cleaned fine-grained classification image. Class: Blackheads. Blur score: 114.35.
tiswan_002258,tiswan,cleaned_v1,datasets/skin/acne/final/subtype_classification/test/open_comedo/tiswan_002258.jpg,test,open_comedo,borderline,non_expert,subtype_classification,acne,1.0,c3eda1a76cd806fd08a5f92c35cd945424ae5fa8b3fc398dcc2e89fe7bb4460a,Cleaned fine-grained classification image. Class: Blackheads. Blur score: 52.85.
tiswan_002259,tiswan,cleaned_v1,datasets/skin/acne/final/subtype_classification/test/open_comedo/tiswan_002259.jpg,test,open_comedo,borderline,non_expert,subtype_classification,acne,1.0,a4a1870238a03c0a338149ed92bb4f465ab58f473e91a95eb5a0b5f0a3d3bd41,Cleaned fine-grained classification image. Class: Blackheads. Blur score: 48.18.
tiswan_002260,tiswan,cleaned_v1,datasets/skin/acne/final/subtype_classification/test/open_comedo/tiswan_002260.jpg,test,open_comedo,usable,non_expert,subtype_classification,acne,1.0,e1482fbbdc6d8a166629aac46d79214a82889530be994de7cabab9eb7ace6e7e,Cleaned fine-grained classification image. Class: Blackheads. Blur score: 69.65.
tiswan_002261,tiswan,cleaned_v1,datasets/skin/acne/final/subtype_classification/test/open_comedo/tiswan_002261.jpg,test,open_comedo,borderline,non_expert,subtype_classification,acne,1.0,377b8f0ad93d72035667eaf7b788866695e2157ece75205dbb7337847392464c,Cleaned fine-grained classification image. Class: Blackheads. Blur score: 52.64.
tiswan_002262,tiswan,cleaned_v1,datasets/skin/acne/final/subtype_classification/test/open_comedo/tiswan_002262.jpg,test,open_comedo,usable,non_expert,subtype_classification,acne,1.0,d0502bdface6d3c816fa2b2691c55f2769dd84b6ce05fd2a8ce6a63c903a1ba7,Cleaned fine-grained classification image. Class: Blackheads. Blur score: 105.5.
tiswan_002263,tiswan,cleaned_v1,datasets/skin/acne/final/subtype_classification/test/open_comedo/tiswan_002263.jpg,test,open_comedo,usable,non_expert,subtype_classification,acne,1.0,2ccdc3e2e106bd0160cc3628f13899535bc04283a9f39e8b7ce0fcac267c815b,Cleaned fine-grained classification image. Class: Blackheads. Blur score: 71.82.
tiswan_002264,tiswan,cleaned_v1,datasets/skin/acne/final/subtype_classification/test/open_comedo/tiswan_002264.jpg,test,open_comedo,borderline,non_expert,subtype_classification,acne,1.0,b54fb72cea1ee07db3c9193e92a589a9439b9670971261ad01ff74b0ad179e6f,Cleaned fine-grained classification image. Class: Blackheads. Blur score: 54.11.
tiswan_002265,tiswan,cleaned_v1,datasets/skin/acne/final/subtype_classification/test/open_comedo/tiswan_002265.jpg,test,open_comedo,borderline,non_expert,subtype_classification,acne,1.0,a0d42ba6951341080a1ab1f99ee83ab5dbb58a163bf219e937768a2d96afcee6,Cleaned fine-grained classification image. Class: Blackheads. Blur score: 37.55.
tiswan_002266,tiswan,cleaned_v1,datasets/skin/acne/final/subtype_classification/test/open_comedo/tiswan_002266.jpg,test,open_comedo,usable,non_expert,subtype_classification,acne,1.0,cd6bc54297f619eb1b4f73dbf2a88ff9947540f20abfc8f9df65c00817b83fc2,Cleaned fine-grained classification image. Class: Blackheads. Blur score: 66.26.
tiswan_002267,tiswan,cleaned_v1,datasets/skin/acne/final/subtype_classification/test/open_comedo/tiswan_002267.jpg,test,open_comedo,borderline,non_expert,subtype_classification,acne,1.0,047c6c9b83eaafbc218d9d485c737b4ee5624856734a45b861042e560393aca5,Cleaned fine-grained classification image. Class: Blackheads. Blur score: 54.92.
tiswan_002268,tiswan,cleaned_v1,datasets/skin/acne/final/subtype_classification/test/open_comedo/tiswan_002268.jpg,test,open_comedo,usable,non_expert,subtype_classification,acne,1.0,58638e2b43d3a513633277fd6a776a78c018467bea5c2298ad8d58bc5f928dff,Cleaned fine-grained classification image. Class: Blackheads. Blur score: 72.54.
tiswan_002269,tiswan,cleaned_v1,datasets/skin/acne/final/subtype_classification/test/open_comedo/tiswan_002269.jpg,test,open_comedo,usable,non_expert,subtype_classification,acne,1.0,02d0dde17fb5a73bab519cfcfb32a2d247a7b7fcf7f66ef8ec52a0e87ed3a4b8,Cleaned fine-grained classification image. Class: Blackheads. Blur score: 108.08.
tiswan_002270,tiswan,cleaned_v1,datasets/skin/acne/final/subtype_classification/test/open_comedo/tiswan_002270.jpg,test,open_comedo,borderline,non_expert,subtype_classification,acne,1.0,1c412167911f1087cfd02e99687bcd837242cfcf9e70dc74bab5708abeb71a27,Cleaned fine-grained classification image. Class: Blackheads. Blur score: 52.59.
tiswan_002271,tiswan,cleaned_v1,datasets/skin/acne/final/subtype_classification/test/open_comedo/tiswan_002271.jpg,test,open_comedo,usable,non_expert,subtype_classification,acne,1.0,1d422ba951d388bc87009e4b062729da177cd92e4b9708681a304027d780e705,Cleaned fine-grained classification image. Class: Blackheads. Blur score: 107.52.
tiswan_002272,tiswan,cleaned_v1,datasets/skin/acne/final/subtype_classification/test/open_comedo/tiswan_002272.jpg,test,open_comedo,usable,non_expert,subtype_classification,acne,1.0,2105d6bb156aafc59eda3dcf4289f44412d92b7be25312e2a2e4ae2e3af3b588,Cleaned fine-grained classification image. Class: Blackheads. Blur score: 62.43.
tiswan_002273,tiswan,cleaned_v1,datasets/skin/acne/final/subtype_classification/test/open_comedo/tiswan_002273.jpg,test,open_comedo,usable,non_expert,subtype_classification,acne,1.0,10837e91ace9068deab1b7e26894f6cb90351128f2d583c22aaab68372005d7f,Cleaned fine-grained classification image. Class: Blackheads. Blur score: 84.98.
tiswan_002274,tiswan,cleaned_v1,datasets/skin/acne/final/subtype_classification/test/open_comedo/tiswan_002274.jpg,test,open_comedo,borderline,non_expert,subtype_classification,acne,1.0,0b542d676f6b0e2f9581d015ca696c69458e7a74aed3a81854ca96650c953831,Cleaned fine-grained classification image. Class: Blackheads. Blur score: 30.31.
tiswan_002275,tiswan,cleaned_v1,datasets/skin/acne/final/subtype_classification/test/open_comedo/tiswan_002275.jpg,test,open_comedo,borderline,non_expert,subtype_classification,acne,1.0,9b65a94565fac0cb0330b2c9a5bd62ec5d02de8c80ac8ca5f23cbed9ad97ba4b,Cleaned fine-grained classification image. Class: Blackheads. Blur score: 44.57.
tiswan_002276,tiswan,cleaned_v1,datasets/skin/acne/final/subtype_classification/test/open_comedo/tiswan_002276.jpg,test,open_comedo,usable,non_expert,subtype_classification,acne,1.0,336b924fe82feffbbd6afad96aa78a943d59ee27b1d9a623e791946960101004,Cleaned fine-grained classification image. Class: Blackheads. Blur score: 81.97.
tiswan_002277,tiswan,cleaned_v1,datasets/skin/acne/final/subtype_classification/test/open_comedo/tiswan_002277.jpg,test,open_comedo,usable,non_expert,subtype_classification,acne,1.0,9e7256b23cc15be0ee661ea4426fa5643552d2dbe6e77b14a30c8df6bc5d1c51,Cleaned fine-grained classification image. Class: Blackheads. Blur score: 95.87.
tiswan_002278,tiswan,cleaned_v1,datasets/skin/acne/final/subtype_classification/test/open_comedo/tiswan_002278.jpg,test,open_comedo,usable,non_expert,subtype_classification,acne,1.0,bd07a39f1b6e8419a2f44d6a37ee1f839fe38ece6573794096b3d553f6ae1e0e,Cleaned fine-grained classification image. Class: Blackheads. Blur score: 79.07.
tiswan_002279,tiswan,cleaned_v1,datasets/skin/acne/final/subtype_classification/test/open_comedo/tiswan_002279.jpg,test,open_comedo,usable,non_expert,subtype_classification,acne,1.0,159b1227eff1b643d70a73420093314ef65c358984c930d3b097d341f0156dce,Cleaned fine-grained classification image. Class: Blackheads. Blur score: 66.44.
tiswan_002280,tiswan,cleaned_v1,datasets/skin/acne/final/subtype_classification/test/open_comedo/tiswan_002280.jpg,test,open_comedo,usable,non_expert,subtype_classification,acne,1.0,687306cc3c280bfd94e69b5748912ec58b31d17b8d9ad50b1db3593af3210899,Cleaned fine-grained classification image. Class: Blackheads. Blur score: 64.39.
tiswan_002281,tiswan,cleaned_v1,datasets/skin/acne/final/subtype_classification/test/open_comedo/tiswan_002281.jpg,test,open_comedo,sharp,non_expert,subtype_classification,acne,1.0,cf7bf811acd0e8ce89803d2948337a5bc4a2110e44ac66070d932dd55092be72,Cleaned fine-grained classification image. Class: Blackheads. Blur score: 153.8.
tiswan_002282,tiswan,cleaned_v1,datasets/skin/acne/final/subtype_classification/test/open_comedo/tiswan_002282.jpg,test,open_comedo,borderline,non_expert,subtype_classification,acne,1.0,d173ce16db9912db3baa823948ae35c33f815e83e327a7f9d5b69fbbecf94d7c,Cleaned fine-grained classification image. Class: Blackheads. Blur score: 45.01.
tiswan_002283,tiswan,cleaned_v1,datasets/skin/acne/final/subtype_classification/test/open_comedo/tiswan_002283.jpg,test,open_comedo,borderline,non_expert,subtype_classification,acne,1.0,1af1cfc94d17c9eb443ce808ecd07a5782babba02b2d7742d23debf30e29eda0,Cleaned fine-grained classification image. Class: Blackheads. Blur score: 48.38.
tiswan_002284,tiswan,cleaned_v1,datasets/skin/acne/final/subtype_classification/test/open_comedo/tiswan_002284.jpg,test,open_comedo,borderline,non_expert,subtype_classification,acne,1.0,8014fe51d982cac4fb91ef2790d3093f293a00518dc3f7fa53316dc6254758b3,Cleaned fine-grained classification image. Class: Blackheads. Blur score: 53.63.
tiswan_002285,tiswan,cleaned_v1,datasets/skin/acne/final/subtype_classification/test/open_comedo/tiswan_002285.jpg,test,open_comedo,usable,non_expert,subtype_classification,acne,1.0,946a0531b953bb13bbbe26b29a61d22859a10ab35d9da71950d8c14bcb1db12e,Cleaned fine-grained classification image. Class: Blackheads. Blur score: 78.41.
tiswan_002286,tiswan,cleaned_v1,datasets/skin/acne/final/subtype_classification/test/open_comedo/tiswan_002286.jpg,test,open_comedo,usable,non_expert,subtype_classification,acne,1.0,49a3494449c8800e93b7735e7eaaadbb50f6683975dd3be1eaa7079a7d54c954,Cleaned fine-grained classification image. Class: Blackheads. Blur score: 83.73.
tiswan_002287,tiswan,cleaned_v1,datasets/skin/acne/final/subtype_classification/test/open_comedo/tiswan_002287.jpg,test,open_comedo,usable,non_expert,subtype_classification,acne,1.0,1dd05d8fb46ab8b1e19cac7d28c4b5d00407e1dd2d26d251dc84ec1d318ba66a,Cleaned fine-grained classification image. Class: Blackheads. Blur score: 101.41.
tiswan_002288,tiswan,cleaned_v1,datasets/skin/acne/final/subtype_classification/test/open_comedo/tiswan_002288.jpg,test,open_comedo,usable,non_expert,subtype_classification,acne,1.0,e1cb8b696400667d5424e303383304361adc4bdd1dc520137df14c010bdba971,Cleaned fine-grained classification image. Class: Blackheads. Blur score: 67.4.
tiswan_002289,tiswan,cleaned_v1,datasets/skin/acne/final/subtype_classification/test/open_comedo/tiswan_002289.jpg,test,open_comedo,usable,non_expert,subtype_classification,acne,1.0,457c14955a4795a9b6726e8aaaff75aa5db3e2e224167a34b334911eaef414b3,Cleaned fine-grained classification image. Class: Blackheads. Blur score: 106.27.
tiswan_002290,tiswan,cleaned_v1,datasets/skin/acne/final/subtype_classification/test/open_comedo/tiswan_002290.jpg,test,open_comedo,usable,non_expert,subtype_classification,acne,1.0,6c247e5dc766ba7274385053efa4efddf706db358b8b303e8cc8141df1707ba4,Cleaned fine-grained classification image. Class: Blackheads. Blur score: 108.51.
tiswan_002291,tiswan,cleaned_v1,datasets/skin/acne/final/subtype_classification/test/open_comedo/tiswan_002291.jpg,test,open_comedo,usable,non_expert,subtype_classification,acne,1.0,815f6fad7c3e72b3b3d7fcb45ddc7c6448ca40ef0dd0586fe8f8cfab87b11393,Cleaned fine-grained classification image. Class: Blackheads. Blur score: 132.33.
tiswan_002292,tiswan,cleaned_v1,datasets/skin/acne/final/subtype_classification/test/open_comedo/tiswan_002292.jpg,test,open_comedo,borderline,non_expert,subtype_classification,acne,1.0,612fa03c48c94ffd2547a65ad85c6c93926ad8b41176a1172740d2d12bb00001,Cleaned fine-grained classification image. Class: Blackheads. Blur score: 59.15.
tiswan_002293,tiswan,cleaned_v1,datasets/skin/acne/final/subtype_classification/test/open_comedo/tiswan_002293.jpg,test,open_comedo,usable,non_expert,subtype_classification,acne,1.0,7c0d9469787e5483952997f8bdc2e59ad81f51220337febc3d3d3d4734e33906,Cleaned fine-grained classification image. Class: Blackheads. Blur score: 87.42.
tiswan_002294,tiswan,cleaned_v1,datasets/skin/acne/final/subtype_classification/test/open_comedo/tiswan_002294.jpg,test,open_comedo,usable,non_expert,subtype_classification,acne,1.0,07b9a259493d9dda27f8edfd68489fa27cc82f66cfb1a371a85f8ec25de24b51,Cleaned fine-grained classification image. Class: Blackheads. Blur score: 73.73.
tiswan_002295,tiswan,cleaned_v1,datasets/skin/acne/final/subtype_classification/test/open_comedo/tiswan_002295.jpg,test,open_comedo,sharp,non_expert,subtype_classification,acne,1.0,d49dd82dbdec8bcff17b8f2244516a5c858135426214d621e2d0ead68677772c,Cleaned fine-grained classification image. Class: Blackheads. Blur score: 311.73.
tiswan_002296,tiswan,cleaned_v1,datasets/skin/acne/final/subtype_classification/test/open_comedo/tiswan_002296.jpg,test,open_comedo,borderline,non_expert,subtype_classification,acne,1.0,c05e2cae40ce1054920a74e41c66483e3a9e69e1bc8c2010bb6ccebb40663000,Cleaned fine-grained classification image. Class: Blackheads. Blur score: 46.67.
tiswan_002297,tiswan,cleaned_v1,datasets/skin/acne/final/subtype_classification/test/open_comedo/tiswan_002297.jpg,test,open_comedo,usable,non_expert,subtype_classification,acne,1.0,09c5c3d6ff445a53dfeafd313a4b6584261f4a3bbbd3f9c0b138f0222b91992c,Cleaned fine-grained classification image. Class: Blackheads. Blur score: 79.5.
tiswan_002298,tiswan,cleaned_v1,datasets/skin/acne/final/subtype_classification/test/open_comedo/tiswan_002298.jpg,test,open_comedo,usable,non_expert,subtype_classification,acne,1.0,5eabae3b07826ce9282f73ebea274b3f5cec81f09165859f85ccee9a7b1637a0,Cleaned fine-grained classification image. Class: Blackheads. Blur score: 118.83.
tiswan_002299,tiswan,cleaned_v1,datasets/skin/acne/final/subtype_classification/test/open_comedo/tiswan_002299.jpg,test,open_comedo,usable,non_expert,subtype_classification,acne,1.0,ffa67909e16491567b2647935036447562fa474d1bd01ce0b94154bd5f634828,Cleaned fine-grained classification image. Class: Blackheads. Blur score: 75.74.
tiswan_002300,tiswan,cleaned_v1,datasets/skin/acne/final/subtype_classification/test/open_comedo/tiswan_002300.jpg,test,open_comedo,usable,non_expert,subtype_classification,acne,1.0,8edded17e175ade1503b8c6ac0d554234e1803d996b0526afb62bd45762858af,Cleaned fine-grained classification image. Class: Blackheads. Blur score: 91.38.
tiswan_002301,tiswan,cleaned_v1,datasets/skin/acne/final/subtype_classification/test/open_comedo/tiswan_002301.jpg,test,open_comedo,usable,non_expert,subtype_classification,acne,1.0,174341d4977107125563350b94d8e8c35f2de4b2e0d64ce5e7cbe1b6ee2d88c6,Cleaned fine-grained classification image. Class: Blackheads. Blur score: 63.67.
tiswan_002302,tiswan,cleaned_v1,datasets/skin/acne/final/subtype_classification/test/open_comedo/tiswan_002302.jpg,test,open_comedo,usable,non_expert,subtype_classification,acne,1.0,ad6049a0ca1424e7b3028944a38cda2712ad2c501824fa8ab06df4179317dfb3,Cleaned fine-grained classification image. Class: Blackheads. Blur score: 76.93.
tiswan_002303,tiswan,cleaned_v1,datasets/skin/acne/final/subtype_classification/test/open_comedo/tiswan_002303.jpg,test,open_comedo,usable,non_expert,subtype_classification,acne,1.0,8c290a56dc8b19ee092fce085bb5fd4f17385737173b38c2baa4d1b85af406d7,Cleaned fine-grained classification image. Class: Blackheads. Blur score: 67.3.
tiswan_002304,tiswan,cleaned_v1,datasets/skin/acne/final/subtype_classification/test/open_comedo/tiswan_002304.jpg,test,open_comedo,usable,non_expert,subtype_classification,acne,1.0,386cbbff2504658053abdb3346221f3377388395957301141a0183216d75fbd5,Cleaned fine-grained classification image. Class: Blackheads. Blur score: 89.26.
tiswan_002305,tiswan,cleaned_v1,datasets/skin/acne/final/subtype_classification/test/open_comedo/tiswan_002305.jpg,test,open_comedo,usable,non_expert,subtype_classification,acne,1.0,132a1197b3b5293619f68944ee859724c8ba0ba4af889864e4b0ff365281e160,Cleaned fine-grained classification image. Class: Blackheads. Blur score: 77.36.
tiswan_002306,tiswan,cleaned_v1,datasets/skin/acne/final/subtype_classification/test/open_comedo/tiswan_002306.jpg,test,open_comedo,usable,non_expert,subtype_classification,acne,1.0,2f2ece46d14f56490e1642e674ee10421478c6571e7101da9de9f1adcff22319,Cleaned fine-grained classification image. Class: Blackheads. Blur score: 79.93.
tiswan_002307,tiswan,cleaned_v1,datasets/skin/acne/final/subtype_classification/test/open_comedo/tiswan_002307.jpg,test,open_comedo,usable,non_expert,subtype_classification,acne,1.0,97c5dc26ae09f2dfd110bdf863a27de6e92b2bb68a2054f874980d398941ed07,Cleaned fine-grained classification image. Class: Blackheads. Blur score: 92.42.
tiswan_002308,tiswan,cleaned_v1,datasets/skin/acne/final/subtype_classification/test/open_comedo/tiswan_002308.jpg,test,open_comedo,usable,non_expert,subtype_classification,acne,1.0,594ea0d89aa9e32addb2ddfeaab050420759e49fda3c56ee95297aff817f9547,Cleaned fine-grained classification image. Class: Blackheads. Blur score: 86.72.
tiswan_002309,tiswan,cleaned_v1,datasets/skin/acne/final/subtype_classification/test/open_comedo/tiswan_002309.jpg,test,open_comedo,usable,non_expert,subtype_classification,acne,1.0,3e1f28ca673f950b7edb379147e1dc06f6a3167eb9c769befe5d6a95cadf22ed,Cleaned fine-grained classification image. Class: Blackheads. Blur score: 86.01.
tiswan_002310,tiswan,cleaned_v1,datasets/skin/acne/final/subtype_classification/test/open_comedo/tiswan_002310.jpg,test,open_comedo,usable,non_expert,subtype_classification,acne,1.0,8892ab3161ace0e436df62b5b41a0d36c3e0479a8a9dd6ef00c02920d84f08a8,Cleaned fine-grained classification image. Class: Blackheads. Blur score: 96.09.
tiswan_002311,tiswan,cleaned_v1,datasets/skin/acne/final/subtype_classification/test/open_comedo/tiswan_002311.jpg,test,open_comedo,usable,non_expert,subtype_classification,acne,1.0,8d45b41c9d6a8572af9c4da92deb2c799fbb7a13a3ca90cf4db08e8203f699a4,Cleaned fine-grained classification image. Class: Blackheads. Blur score: 73.41.
tiswan_002312,tiswan,cleaned_v1,datasets/skin/acne/final/subtype_classification/test/open_comedo/tiswan_002312.jpg,test,open_comedo,borderline,non_expert,subtype_classification,acne,1.0,05db56845a057ba4be531d0c7c154180fbdebabea0b28abd2a9663e54f908e6c,Cleaned fine-grained classification image. Class: Blackheads. Blur score: 56.07.
tiswan_002313,tiswan,cleaned_v1,datasets/skin/acne/final/subtype_classification/test/open_comedo/tiswan_002313.jpg,test,open_comedo,borderline,non_expert,subtype_classification,acne,1.0,cb25f0662cf19a2074b8f9f5d9a0fb57155791afc8758556bbde3c5866ef80f8,Cleaned fine-grained classification image. Class: Blackheads. Blur score: 45.01.
tiswan_002314,tiswan,cleaned_v1,datasets/skin/acne/final/subtype_classification/test/open_comedo/tiswan_002314.jpg,test,open_comedo,usable,non_expert,subtype_classification,acne,1.0,099710ebc0c272643215bfe9aeb3ac28f887f55c30f9b52caeb2f20f8ded1fb1,Cleaned fine-grained classification image. Class: Blackheads. Blur score: 84.05.
tiswan_002315,tiswan,cleaned_v1,datasets/skin/acne/final/subtype_classification/test/open_comedo/tiswan_002315.jpg,test,open_comedo,usable,non_expert,subtype_classification,acne,1.0,eda22d7eabb3f88392dcd4c27a331d8f6e5ce9b38ddf6dcb8dc8ead2abf33be3,Cleaned fine-grained classification image. Class: Blackheads. Blur score: 89.1.
tiswan_002316,tiswan,cleaned_v1,datasets/skin/acne/final/subtype_classification/test/open_comedo/tiswan_002316.jpg,test,open_comedo,usable,non_expert,subtype_classification,acne,1.0,e29a29dd6332d1851b9c3d04cd1a3d357f8f11299202da7053dbdc7d490bea9b,Cleaned fine-grained classification image. Class: Blackheads. Blur score: 84.55.
tiswan_002317,tiswan,cleaned_v1,datasets/skin/acne/final/subtype_classification/test/open_comedo/tiswan_002317.jpg,test,open_comedo,borderline,non_expert,subtype_classification,acne,1.0,053e026c1b83d7c196a0b74c542929bddfb234308fae36deeba76427a0e492c6,Cleaned fine-grained classification image. Class: Blackheads. Blur score: 59.6.
tiswan_002318,tiswan,cleaned_v1,datasets/skin/acne/final/subtype_classification/test/open_comedo/tiswan_002318.jpg,test,open_comedo,borderline,non_expert,subtype_classification,acne,1.0,bce69ab910188437bb3f374867d0dae110012f5dcb76ec39799e9ec753d2df7f,Cleaned fine-grained classification image. Class: Blackheads. Blur score: 52.64.
tiswan_002319,tiswan,cleaned_v1,datasets/skin/acne/final/subtype_classification/test/open_comedo/tiswan_002319.jpg,test,open_comedo,usable,non_expert,subtype_classification,acne,1.0,d3f0fbc920ebf0b9d2d15ecc809c029130576ec38bba8fc2f1e9d3f32e6337c5,Cleaned fine-grained classification image. Class: Blackheads. Blur score: 60.73.
tiswan_002320,tiswan,cleaned_v1,datasets/skin/acne/final/subtype_classification/test/open_comedo/tiswan_002320.jpg,test,open_comedo,usable,non_expert,subtype_classification,acne,1.0,5f6efee5b8ac6406c915831487b9d53dc2a3d45a80ea17cc9e40da91d8f8b24a,Cleaned fine-grained classification image. Class: Blackheads. Blur score: 69.09.
tiswan_002321,tiswan,cleaned_v1,datasets/skin/acne/final/subtype_classification/test/open_comedo/tiswan_002321.jpg,test,open_comedo,usable,non_expert,subtype_classification,acne,1.0,a0beb6ec2a106d1d7d0672c9d0b4099efab7381501224efdfcd7b4b92f24b6db,Cleaned fine-grained classification image. Class: Blackheads. Blur score: 94.32.
tiswan_002322,tiswan,cleaned_v1,datasets/skin/acne/final/subtype_classification/test/open_comedo/tiswan_002322.jpg,test,open_comedo,usable,non_expert,subtype_classification,acne,1.0,7ea4f6271dcb8ad290cc3b58ad660af673dec2708d9971f89459557a9272959b,Cleaned fine-grained classification image. Class: Blackheads. Blur score: 78.46.
tiswan_002323,tiswan,cleaned_v1,datasets/skin/acne/final/subtype_classification/test/open_comedo/tiswan_002323.jpg,test,open_comedo,usable,non_expert,subtype_classification,acne,1.0,926459d8adebf43b387e990db66d3698afaa707870930ecae844eb93a35b1a52,Cleaned fine-grained classification image. Class: Blackheads. Blur score: 131.53.
tiswan_002324,tiswan,cleaned_v1,datasets/skin/acne/final/subtype_classification/test/open_comedo/tiswan_002324.jpg,test,open_comedo,borderline,non_expert,subtype_classification,acne,1.0,1ce6bf4ea515d62234a58f1fc5ff558c00de05b85db6baaae37529ad68258256,Cleaned fine-grained classification image. Class: Blackheads. Blur score: 55.61.
tiswan_002325,tiswan,cleaned_v1,datasets/skin/acne/final/subtype_classification/test/open_comedo/tiswan_002325.jpg,test,open_comedo,usable,non_expert,subtype_classification,acne,1.0,d249086aefe9e3ce628ae18539516ee158e6f67ee18d0e3bb96ea7b50ed0be3b,Cleaned fine-grained classification image. Class: Blackheads. Blur score: 137.79.
tiswan_002326,tiswan,cleaned_v1,datasets/skin/acne/final/subtype_classification/test/open_comedo/tiswan_002326.jpg,test,open_comedo,usable,non_expert,subtype_classification,acne,1.0,a5465b100fa7e7b4ff0e74c50c7f8705660f47656993f100615304190adb1103,Cleaned fine-grained classification image. Class: Blackheads. Blur score: 72.57.
tiswan_002327,tiswan,cleaned_v1,datasets/skin/acne/final/subtype_classification/test/open_comedo/tiswan_002327.jpg,test,open_comedo,usable,non_expert,subtype_classification,acne,1.0,0da308fe4027c1aea9a3300ee77dde51777a9d42467a424e4e2cc6125ecf72bc,Cleaned fine-grained classification image. Class: Blackheads. Blur score: 67.1.
tiswan_002328,tiswan,cleaned_v1,datasets/skin/acne/final/subtype_classification/test/open_comedo/tiswan_002328.jpg,test,open_comedo,usable,non_expert,subtype_classification,acne,1.0,1064fa320ac22d5ffdf0f66e40798068271b5e3f4f63471748d941423eab0ad4,Cleaned fine-grained classification image. Class: Blackheads. Blur score: 75.58.
tiswan_002329,tiswan,cleaned_v1,datasets/skin/acne/final/subtype_classification/test/open_comedo/tiswan_002329.jpg,test,open_comedo,usable,non_expert,subtype_classification,acne,1.0,810d02232d6ec4df603ca9d0cbc69e9b90ff418fcb5ed71e495caed160c71437,Cleaned fine-grained classification image. Class: Blackheads. Blur score: 77.63.
tiswan_002330,tiswan,cleaned_v1,datasets/skin/acne/final/subtype_classification/test/open_comedo/tiswan_002330.jpg,test,open_comedo,usable,non_expert,subtype_classification,acne,1.0,12bd8fbcc6a9e0bfd70649549dbbea151ca5364428016f11678a7be327676a35,Cleaned fine-grained classification image. Class: Blackheads. Blur score: 83.92.
tiswan_002331,tiswan,cleaned_v1,datasets/skin/acne/final/subtype_classification/test/open_comedo/tiswan_002331.jpg,test,open_comedo,usable,non_expert,subtype_classification,acne,1.0,79ebee74e8ef31f611c185cf853f8d0cdbd99466fee856146df4a338fd0eb483,Cleaned fine-grained classification image. Class: Blackheads. Blur score: 88.46.
tiswan_002332,tiswan,cleaned_v1,datasets/skin/acne/final/subtype_classification/test/open_comedo/tiswan_002332.jpg,test,open_comedo,usable,non_expert,subtype_classification,acne,1.0,91843a956a92ad625b54a9f089f6529cf21657c63e8923e34eccd7555815a6d7,Cleaned fine-grained classification image. Class: Blackheads. Blur score: 95.8.
tiswan_002333,tiswan,cleaned_v1,datasets/skin/acne/final/subtype_classification/test/open_comedo/tiswan_002333.jpg,test,open_comedo,usable,non_expert,subtype_classification,acne,1.0,b9a3b0578d3d1e26f67d8688b27cb44f305ed9be7aaa9c60b68f079f344232ad,Cleaned fine-grained classification image. Class: Blackheads. Blur score: 60.22.
tiswan_002334,tiswan,cleaned_v1,datasets/skin/acne/final/subtype_classification/test/open_comedo/tiswan_002334.jpg,test,open_comedo,borderline,non_expert,subtype_classification,acne,1.0,8acc76dab26494c5f47f1e5ec3886d93e9f284e9da5781421bbca900348d39ec,Cleaned fine-grained classification image. Class: Blackheads. Blur score: 40.3.
tiswan_002335,tiswan,cleaned_v1,datasets/skin/acne/final/subtype_classification/test/open_comedo/tiswan_002335.jpg,test,open_comedo,borderline,non_expert,subtype_classification,acne,1.0,c2bb6b6615ce805e99f5c8b6c7cfc574c71d53b8f4e0be40775fd5f876e6e6ac,Cleaned fine-grained classification image. Class: Blackheads. Blur score: 58.09.
tiswan_002336,tiswan,cleaned_v1,datasets/skin/acne/final/subtype_classification/test/open_comedo/tiswan_002336.jpg,test,open_comedo,usable,non_expert,subtype_classification,acne,1.0,e64a7ddf9c9004490f4fca4e1f2b0670bd14fb0dcec4c558c4bcc7b1b1279838,Cleaned fine-grained classification image. Class: Blackheads. Blur score: 65.92.
tiswan_002337,tiswan,cleaned_v1,datasets/skin/acne/final/subtype_classification/test/open_comedo/tiswan_002337.jpg,test,open_comedo,usable,non_expert,subtype_classification,acne,1.0,b6c281f9be3330527bcf0c85a5f0453d9c47384d350c0df3343875d9593dcf89,Cleaned fine-grained classification image. Class: Blackheads. Blur score: 83.29.
tiswan_002338,tiswan,cleaned_v1,datasets/skin/acne/final/subtype_classification/test/open_comedo/tiswan_002338.jpg,test,open_comedo,usable,non_expert,subtype_classification,acne,1.0,1c48346f43d678505e89ea8b4ec0fc46f7e649634ae9ac7bbf574404a75052fe,Cleaned fine-grained classification image. Class: Blackheads. Blur score: 106.99.
tiswan_002339,tiswan,cleaned_v1,datasets/skin/acne/final/subtype_classification/test/cystic/tiswan_002339.jpg,test,cystic,usable,non_expert,subtype_classification,acne,1.0,6f98b6509c60c14e5f90fcca27e89180b6e991dfd7c980da7ca34b63d72628a8,Cleaned fine-grained classification image. Class: Cyst. Blur score: 87.05.
tiswan_002340,tiswan,cleaned_v1,datasets/skin/acne/final/subtype_classification/test/cystic/tiswan_002340.jpg,test,cystic,usable,non_expert,subtype_classification,acne,1.0,3b2b0537eaec5324a9235c4b680a980790d1fa3fea0db10199dac40fa67ae291,Cleaned fine-grained classification image. Class: Cyst. Blur score: 99.39.
tiswan_002341,tiswan,cleaned_v1,datasets/skin/acne/final/subtype_classification/test/cystic/tiswan_002341.jpg,test,cystic,usable,non_expert,subtype_classification,acne,1.0,3d353e73e9ed6426589a2c42df6104a6b51ba00df9c8c2820836bf1c580319b8,Cleaned fine-grained classification image. Class: Cyst. Blur score: 99.92.
tiswan_002342,tiswan,cleaned_v1,datasets/skin/acne/final/subtype_classification/test/cystic/tiswan_002342.jpg,test,cystic,usable,non_expert,subtype_classification,acne,1.0,c544a57b06a0b837fb8271e49c09932f744a7ed36eca212e523d030f11fa8c79,Cleaned fine-grained classification image. Class: Cyst. Blur score: 110.75.
tiswan_002343,tiswan,cleaned_v1,datasets/skin/acne/final/subtype_classification/test/cystic/tiswan_002343.jpg,test,cystic,usable,non_expert,subtype_classification,acne,1.0,6cec3380629181abc8a00441bde38134f936653b3340234852d8062424b21729,Cleaned fine-grained classification image. Class: Cyst. Blur score: 134.74.
tiswan_002344,tiswan,cleaned_v1,datasets/skin/acne/final/subtype_classification/test/cystic/tiswan_002344.jpg,test,cystic,sharp,non_expert,subtype_classification,acne,1.0,787186a2c7a88de71d0b340d4cbc56f52bc84fa887b27c2584b9689d05ba3175,Cleaned fine-grained classification image. Class: Cyst. Blur score: 157.03.
tiswan_002345,tiswan,cleaned_v1,datasets/skin/acne/final/subtype_classification/test/cystic/tiswan_002345.jpg,test,cystic,usable,non_expert,subtype_classification,acne,1.0,9b049321a7e78052c8a552dc6b55ac7dffdd450f843e04cb4e480cbe0dcb3f2c,Cleaned fine-grained classification image. Class: Cyst. Blur score: 121.09.
tiswan_002346,tiswan,cleaned_v1,datasets/skin/acne/final/subtype_classification/test/cystic/tiswan_002346.jpg,test,cystic,sharp,non_expert,subtype_classification,acne,1.0,032cdc749e27381f616ed3422767b47b9b7f6aabd8f724e9f775e2dde42dcf93,Cleaned fine-grained classification image. Class: Cyst. Blur score: 297.6.
tiswan_002347,tiswan,cleaned_v1,datasets/skin/acne/final/subtype_classification/test/cystic/tiswan_002347.jpg,test,cystic,usable,non_expert,subtype_classification,acne,1.0,754002a75ec296fa8579c46b03f733e9fd3f65d6b7035d4d051162652c2941e1,Cleaned fine-grained classification image. Class: Cyst. Blur score: 88.93.
tiswan_002348,tiswan,cleaned_v1,datasets/skin/acne/final/subtype_classification/test/cystic/tiswan_002348.jpg,test,cystic,usable,non_expert,subtype_classification,acne,1.0,15cf53e00d64a856e035166a617b89b37c86230c275501117b8b8f76c92c87a8,Cleaned fine-grained classification image. Class: Cyst. Blur score: 80.21.
tiswan_002349,tiswan,cleaned_v1,datasets/skin/acne/final/subtype_classification/test/cystic/tiswan_002349.jpg,test,cystic,usable,non_expert,subtype_classification,acne,1.0,3a199087e7e0a2ec5d66440aceb57220b6ee5a1f94b16af551d604000de1a486,Cleaned fine-grained classification image. Class: Cyst. Blur score: 73.06.
tiswan_002350,tiswan,cleaned_v1,datasets/skin/acne/final/subtype_classification/test/cystic/tiswan_002350.jpg,test,cystic,usable,non_expert,subtype_classification,acne,1.0,e342e21aa1004a1e0275c9f0e7cb5626097aba8a8c4e6d586a5cafaeaac6173d,Cleaned fine-grained classification image. Class: Cyst. Blur score: 140.21.
tiswan_002351,tiswan,cleaned_v1,datasets/skin/acne/final/subtype_classification/test/cystic/tiswan_002351.jpg,test,cystic,usable,non_expert,subtype_classification,acne,1.0,e0e0607d0b28dd5ce12a2760a50880e73572f6ffb9bee173eef9b70031da34ea,Cleaned fine-grained classification image. Class: Cyst. Blur score: 115.86.
tiswan_002352,tiswan,cleaned_v1,datasets/skin/acne/final/subtype_classification/test/cystic/tiswan_002352.jpg,test,cystic,usable,non_expert,subtype_classification,acne,1.0,3447d55450cc65fe48d55c69fe172eb521b9ee0c812d502fe9cb2d7ec6b54e30,Cleaned fine-grained classification image. Class: Cyst. Blur score: 78.58.
tiswan_002353,tiswan,cleaned_v1,datasets/skin/acne/final/subtype_classification/test/cystic/tiswan_002353.jpg,test,cystic,usable,non_expert,subtype_classification,acne,1.0,8d8fe06ec8be3cd3482b18d9fa66be2c70efd7215f08511277119035b8133c7c,Cleaned fine-grained classification image. Class: Cyst. Blur score: 65.66.
tiswan_002354,tiswan,cleaned_v1,datasets/skin/acne/final/subtype_classification/test/cystic/tiswan_002354.jpg,test,cystic,sharp,non_expert,subtype_classification,acne,1.0,f4c54554a80143b8a397ce9cf05336edcb38168a6e1b98c2c69429ba9f8341d0,Cleaned fine-grained classification image. Class: Cyst. Blur score: 524.8.
tiswan_002355,tiswan,cleaned_v1,datasets/skin/acne/final/subtype_classification/test/cystic/tiswan_002355.jpg,test,cystic,borderline,non_expert,subtype_classification,acne,1.0,6b601ca6d2640bcea270f0c92d68a86eb445d0f772bcc7283ca72c28a3d8664d,Cleaned fine-grained classification image. Class: Cyst. Blur score: 54.36.
tiswan_002356,tiswan,cleaned_v1,datasets/skin/acne/final/subtype_classification/test/cystic/tiswan_002356.jpg,test,cystic,sharp,non_expert,subtype_classification,acne,1.0,495fa03a0caa096fe6e29f7a2271d7c442e32b81d29e0646ed481d9b59dc0f3d,Cleaned fine-grained classification image. Class: Cyst. Blur score: 283.75.
tiswan_002357,tiswan,cleaned_v1,datasets/skin/acne/final/subtype_classification/test/cystic/tiswan_002357.jpg,test,cystic,usable,non_expert,subtype_classification,acne,1.0,558fd6bd2f381a91acce2041ca9004e5960cac4931a7ec5c5e96b4fb3e819d45,Cleaned fine-grained classification image. Class: Cyst. Blur score: 116.79.
tiswan_002358,tiswan,cleaned_v1,datasets/skin/acne/final/subtype_classification/test/cystic/tiswan_002358.jpg,test,cystic,usable,non_expert,subtype_classification,acne,1.0,ce4d6731c2bb24006b5db8cdf880f8adc42b7de4504ec14400fe917d9c1f6798,Cleaned fine-grained classification image. Class: Cyst. Blur score: 61.3.
tiswan_002359,tiswan,cleaned_v1,datasets/skin/acne/final/subtype_classification/test/cystic/tiswan_002359.jpg,test,cystic,borderline,non_expert,subtype_classification,acne,1.0,b2ab886d4fea9d00fd7a037dbd2d4a7d6612d66b98a69eeaa59b3550a84cc332,Cleaned fine-grained classification image. Class: Cyst. Blur score: 50.29.
tiswan_002360,tiswan,cleaned_v1,datasets/skin/acne/final/subtype_classification/test/cystic/tiswan_002360.jpg,test,cystic,borderline,non_expert,subtype_classification,acne,1.0,714c533d99b41772c7ce43f2e11d194faf35cbce4d3a01b86db0646a89b09ab3,Cleaned fine-grained classification image. Class: Cyst. Blur score: 39.83.
tiswan_002361,tiswan,cleaned_v1,datasets/skin/acne/final/subtype_classification/test/cystic/tiswan_002361.jpg,test,cystic,borderline,non_expert,subtype_classification,acne,1.0,940bd33c0ab15f4bcce3f483df66ce052db5467efb1a1c4bccd4a256a74d9071,Cleaned fine-grained classification image. Class: Cyst. Blur score: 40.68.
tiswan_002362,tiswan,cleaned_v1,datasets/skin/acne/final/subtype_classification/test/cystic/tiswan_002362.jpg,test,cystic,usable,non_expert,subtype_classification,acne,1.0,ea85317abea9a88e58115a9b507024556a9c51f9b9d8bc3b84e108f88ee23ca6,Cleaned fine-grained classification image. Class: Cyst. Blur score: 131.14.
tiswan_002363,tiswan,cleaned_v1,datasets/skin/acne/final/subtype_classification/test/cystic/tiswan_002363.jpg,test,cystic,usable,non_expert,subtype_classification,acne,1.0,05bcf26da276562588e63829204510747c64efde4ede3e066852075eb6252fb1,Cleaned fine-grained classification image. Class: Cyst. Blur score: 78.28.
tiswan_002364,tiswan,cleaned_v1,datasets/skin/acne/final/subtype_classification/test/cystic/tiswan_002364.jpg,test,cystic,usable,non_expert,subtype_classification,acne,1.0,a79e3a1993bc43302c4a675aba446a50a00d4d615a3cb6929afe2a8e52ec69bf,Cleaned fine-grained classification image. Class: Cyst. Blur score: 71.77.
tiswan_002365,tiswan,cleaned_v1,datasets/skin/acne/final/subtype_classification/test/cystic/tiswan_002365.jpg,test,cystic,usable,non_expert,subtype_classification,acne,1.0,f7d9106d6b67fb6ef8152bac2ac941e95c473e211dddf596681451e934cccee4,Cleaned fine-grained classification image. Class: Cyst. Blur score: 61.02.
tiswan_002366,tiswan,cleaned_v1,datasets/skin/acne/final/subtype_classification/test/cystic/tiswan_002366.jpg,test,cystic,usable,non_expert,subtype_classification,acne,1.0,a677f161b5f320aecaaff4fcb7d7c8f1b4c9b65756fa9c6a0efa1f53e1468d38,Cleaned fine-grained classification image. Class: Cyst. Blur score: 103.52.
tiswan_002367,tiswan,cleaned_v1,datasets/skin/acne/final/subtype_classification/test/cystic/tiswan_002367.jpg,test,cystic,usable,non_expert,subtype_classification,acne,1.0,9be260bb87949938d74a8c0370f3077028c11a42b0c44e2c0d6220cb8f424d61,Cleaned fine-grained classification image. Class: Cyst. Blur score: 62.55.
tiswan_002368,tiswan,cleaned_v1,datasets/skin/acne/final/subtype_classification/test/cystic/tiswan_002368.jpg,test,cystic,usable,non_expert,subtype_classification,acne,1.0,63ea7f8b72a56b4fea9de6662374f10040d6af816ff8fc6e2e7c809a84356c7e,Cleaned fine-grained classification image. Class: Cyst. Blur score: 67.43.
tiswan_002369,tiswan,cleaned_v1,datasets/skin/acne/final/subtype_classification/test/cystic/tiswan_002369.jpg,test,cystic,sharp,non_expert,subtype_classification,acne,1.0,e67eac3d560539e5c4cb16198cdd04023281582731535ec74e8e0ddb3f0796d5,Cleaned fine-grained classification image. Class: Cyst. Blur score: 276.78.
tiswan_002370,tiswan,cleaned_v1,datasets/skin/acne/final/subtype_classification/test/cystic/tiswan_002370.jpg,test,cystic,usable,non_expert,subtype_classification,acne,1.0,57fec63041b84b7fef073adf083dc71b4a4e031c3d05da0c8bbdb8cabc9b7012,Cleaned fine-grained classification image. Class: Cyst. Blur score: 67.87.
tiswan_002371,tiswan,cleaned_v1,datasets/skin/acne/final/subtype_classification/test/cystic/tiswan_002371.jpg,test,cystic,borderline,non_expert,subtype_classification,acne,1.0,2a5944fa58cd1333bd976bf94edf597f11064fded46cdc92a079607c35c6b373,Cleaned fine-grained classification image. Class: Cyst. Blur score: 58.92.
tiswan_002372,tiswan,cleaned_v1,datasets/skin/acne/final/subtype_classification/test/cystic/tiswan_002372.jpg,test,cystic,usable,non_expert,subtype_classification,acne,1.0,3540ff0e2352463364bb2e84c89fc9168172a635fc6045205e3f042268b3b752,Cleaned fine-grained classification image. Class: Cyst. Blur score: 67.84.
tiswan_002373,tiswan,cleaned_v1,datasets/skin/acne/final/subtype_classification/test/cystic/tiswan_002373.jpg,test,cystic,usable,non_expert,subtype_classification,acne,1.0,534966e42ea91b1335e68d2fe30d7e9fb69366d5872a227310f5e688f1759ecd,Cleaned fine-grained classification image. Class: Cyst. Blur score: 94.33.
tiswan_002374,tiswan,cleaned_v1,datasets/skin/acne/final/subtype_classification/test/cystic/tiswan_002374.jpg,test,cystic,usable,non_expert,subtype_classification,acne,1.0,bdcb65822864fc87882b89798b7221af53e4fcd643d1e74cf3598ddf769135fb,Cleaned fine-grained classification image. Class: Cyst. Blur score: 86.8.
tiswan_002375,tiswan,cleaned_v1,datasets/skin/acne/final/subtype_classification/test/cystic/tiswan_002375.jpg,test,cystic,usable,non_expert,subtype_classification,acne,1.0,c62707368f32ae1ec41d987c16f41fb5ddde8e0e07a7f2a8f3f48c59d416d96b,Cleaned fine-grained classification image. Class: Cyst. Blur score: 65.53.
tiswan_002376,tiswan,cleaned_v1,datasets/skin/acne/final/subtype_classification/test/cystic/tiswan_002376.jpg,test,cystic,usable,non_expert,subtype_classification,acne,1.0,ce81d20903d6369f8a8e31ebc886bd059b4e35ab9a4793d74af1d845c4d95a75,Cleaned fine-grained classification image. Class: Cyst. Blur score: 107.83.
tiswan_002377,tiswan,cleaned_v1,datasets/skin/acne/final/subtype_classification/test/cystic/tiswan_002377.jpg,test,cystic,usable,non_expert,subtype_classification,acne,1.0,4cbb759e7d7a9f0b4d937525734dec6796aa01552e0f98003b3d739d2dae598f,Cleaned fine-grained classification image. Class: Cyst. Blur score: 121.36.
tiswan_002378,tiswan,cleaned_v1,datasets/skin/acne/final/subtype_classification/test/cystic/tiswan_002378.jpg,test,cystic,usable,non_expert,subtype_classification,acne,1.0,a4d96c327e4eaf15a737f82a0ee8eb00178b52369620605acea7863ebaf21355,Cleaned fine-grained classification image. Class: Cyst. Blur score: 66.78.
tiswan_002379,tiswan,cleaned_v1,datasets/skin/acne/final/subtype_classification/test/cystic/tiswan_002379.jpg,test,cystic,usable,non_expert,subtype_classification,acne,1.0,385fa5b7fb1c58178d8d32c9fda294916eaccc4e72e6f3d29a806ef908948f6d,Cleaned fine-grained classification image. Class: Cyst. Blur score: 120.41.
tiswan_002380,tiswan,cleaned_v1,datasets/skin/acne/final/subtype_classification/test/cystic/tiswan_002380.jpg,test,cystic,usable,non_expert,subtype_classification,acne,1.0,a253852ee420188a30fd453e4f087ca8aa61096d0a5077dca963ab0f40f7f5be,Cleaned fine-grained classification image. Class: Cyst. Blur score: 126.35.
tiswan_002381,tiswan,cleaned_v1,datasets/skin/acne/final/subtype_classification/test/cystic/tiswan_002381.jpg,test,cystic,usable,non_expert,subtype_classification,acne,1.0,af7967d2b05e83a4b4d758b9f68d57f9c95c1ba5998c71ed809b8d79a65ba867,Cleaned fine-grained classification image. Class: Cyst. Blur score: 80.71.
tiswan_002382,tiswan,cleaned_v1,datasets/skin/acne/final/subtype_classification/test/cystic/tiswan_002382.jpg,test,cystic,sharp,non_expert,subtype_classification,acne,1.0,ea5c2d1af1987186bf662f1e6b5685c50bd0502155d1233cbe56d51a2ed8b39d,Cleaned fine-grained classification image. Class: Cyst. Blur score: 408.95.
tiswan_002383,tiswan,cleaned_v1,datasets/skin/acne/final/subtype_classification/test/cystic/tiswan_002383.jpg,test,cystic,usable,non_expert,subtype_classification,acne,1.0,91f1cdd18227408e254db35f51f0ca767bfb08d3a8d30777393411c78a8208d2,Cleaned fine-grained classification image. Class: Cyst. Blur score: 93.3.
tiswan_002384,tiswan,cleaned_v1,datasets/skin/acne/final/subtype_classification/test/cystic/tiswan_002384.jpg,test,cystic,usable,non_expert,subtype_classification,acne,1.0,0b7cfb5238e2865ee94ce7cb303518db3c29e623483b7bc8ac7d226c0e235bf9,Cleaned fine-grained classification image. Class: Cyst. Blur score: 74.88.
tiswan_002385,tiswan,cleaned_v1,datasets/skin/acne/final/subtype_classification/test/cystic/tiswan_002385.jpg,test,cystic,sharp,non_expert,subtype_classification,acne,1.0,a97749664eeb1d32eac97291cf72efa7317d333b74898aa2b40cdfd9374dc612,Cleaned fine-grained classification image. Class: Cyst. Blur score: 349.28.
tiswan_002386,tiswan,cleaned_v1,datasets/skin/acne/final/subtype_classification/test/cystic/tiswan_002386.jpg,test,cystic,borderline,non_expert,subtype_classification,acne,1.0,82182242234ca9a6be82c119a366931ca5ddcb4c543cdb22ca856649bd04a2f3,Cleaned fine-grained classification image. Class: Cyst. Blur score: 48.27.
tiswan_002387,tiswan,cleaned_v1,datasets/skin/acne/final/subtype_classification/test/cystic/tiswan_002387.jpg,test,cystic,usable,non_expert,subtype_classification,acne,1.0,f410e7b6a1563f563052f882ec23cdba159365f26ee6960d39726fc48064db78,Cleaned fine-grained classification image. Class: Cyst. Blur score: 81.16.
tiswan_002388,tiswan,cleaned_v1,datasets/skin/acne/final/subtype_classification/test/cystic/tiswan_002388.jpg,test,cystic,usable,non_expert,subtype_classification,acne,1.0,0f6700ebfb3585eac4cd85d1eb5db05a75b8aef78274cf0a7fdc45ed54224d17,Cleaned fine-grained classification image. Class: Cyst. Blur score: 131.03.
tiswan_002389,tiswan,cleaned_v1,datasets/skin/acne/final/subtype_classification/test/cystic/tiswan_002389.jpg,test,cystic,usable,non_expert,subtype_classification,acne,1.0,dc526bcf24f71bc1dcf6b6185bf13dddfefb870fd7a8525809ce8a62f69af21d,Cleaned fine-grained classification image. Class: Cyst. Blur score: 123.72.
tiswan_002390,tiswan,cleaned_v1,datasets/skin/acne/final/subtype_classification/test/cystic/tiswan_002390.jpg,test,cystic,usable,non_expert,subtype_classification,acne,1.0,66c523edd09c89db773d7fa37c4228776a5245cb452116f2503c3eb38bf0587a,Cleaned fine-grained classification image. Class: Cyst. Blur score: 81.4.
tiswan_002391,tiswan,cleaned_v1,datasets/skin/acne/final/subtype_classification/test/cystic/tiswan_002391.jpg,test,cystic,usable,non_expert,subtype_classification,acne,1.0,950026b434464b5f22a362e11489c778bf1bfb3e59724253607a37edbe42588f,Cleaned fine-grained classification image. Class: Cyst. Blur score: 100.89.
tiswan_002392,tiswan,cleaned_v1,datasets/skin/acne/final/subtype_classification/test/cystic/tiswan_002392.jpg,test,cystic,borderline,non_expert,subtype_classification,acne,1.0,b758f81e23cb3c4cb26a115939375a45fe766a5f91d7dd089274941a8cd29e5a,Cleaned fine-grained classification image. Class: Cyst. Blur score: 38.99.
tiswan_002393,tiswan,cleaned_v1,datasets/skin/acne/final/subtype_classification/test/cystic/tiswan_002393.jpg,test,cystic,borderline,non_expert,subtype_classification,acne,1.0,e81ca9c8108db8bb6ba611a88dacaf92304fc56338478611f1e5c2fb65585feb,Cleaned fine-grained classification image. Class: Cyst. Blur score: 53.11.
tiswan_002394,tiswan,cleaned_v1,datasets/skin/acne/final/subtype_classification/test/cystic/tiswan_002394.jpg,test,cystic,sharp,non_expert,subtype_classification,acne,1.0,08450badbeb805143ff76d904dd70690544e3d177377f375b8535cb2454498f4,Cleaned fine-grained classification image. Class: Cyst. Blur score: 209.01.
tiswan_002395,tiswan,cleaned_v1,datasets/skin/acne/final/subtype_classification/test/cystic/tiswan_002395.jpg,test,cystic,sharp,non_expert,subtype_classification,acne,1.0,7267548f27d69e59c4d1332fd5e3174831adb3914d7686102a9b45b4a6a1581c,Cleaned fine-grained classification image. Class: Cyst. Blur score: 182.99.
tiswan_002396,tiswan,cleaned_v1,datasets/skin/acne/final/subtype_classification/test/cystic/tiswan_002396.jpg,test,cystic,usable,non_expert,subtype_classification,acne,1.0,0f013fe89dd38caa1fbc38ca4ba9703b277f8247efd56458c988ff2a836fbc3a,Cleaned fine-grained classification image. Class: Cyst. Blur score: 85.51.
tiswan_002397,tiswan,cleaned_v1,datasets/skin/acne/final/subtype_classification/test/cystic/tiswan_002397.jpg,test,cystic,usable,non_expert,subtype_classification,acne,1.0,153f463c1cf61499c2d3951a6ce4c6f2b42106c0f888ebd1dd87fc941ae9486b,Cleaned fine-grained classification image. Class: Cyst. Blur score: 89.32.
tiswan_002398,tiswan,cleaned_v1,datasets/skin/acne/final/subtype_classification/test/cystic/tiswan_002398.jpg,test,cystic,usable,non_expert,subtype_classification,acne,1.0,6807a96199a0c413c4827bb8bad1ea0d33b72ef91ac66c29ec1e40c88fec34aa,Cleaned fine-grained classification image. Class: Cyst. Blur score: 66.59.
tiswan_002399,tiswan,cleaned_v1,datasets/skin/acne/final/subtype_classification/test/cystic/tiswan_002399.jpg,test,cystic,sharp,non_expert,subtype_classification,acne,1.0,7affc14e33109c8c52af4eb2e4c1441a31076c323035acfc7560fdcd80651fe1,Cleaned fine-grained classification image. Class: Cyst. Blur score: 185.55.
tiswan_002400,tiswan,cleaned_v1,datasets/skin/acne/final/subtype_classification/test/cystic/tiswan_002400.jpg,test,cystic,usable,non_expert,subtype_classification,acne,1.0,dbff0453a2317bff89c94ec6f460409cdfce0ae9e04e10540fe3536340cc8e49,Cleaned fine-grained classification image. Class: Cyst. Blur score: 129.66.
tiswan_002401,tiswan,cleaned_v1,datasets/skin/acne/final/subtype_classification/test/cystic/tiswan_002401.jpg,test,cystic,usable,non_expert,subtype_classification,acne,1.0,5fad6f4e71f4aa3971b4623b456e9bc5e73546a6e995f876996e3ba5f9144638,Cleaned fine-grained classification image. Class: Cyst. Blur score: 142.02.
tiswan_002402,tiswan,cleaned_v1,datasets/skin/acne/final/subtype_classification/test/cystic/tiswan_002402.jpg,test,cystic,usable,non_expert,subtype_classification,acne,1.0,22ab61cefeeebd2963fc32184f2299336376238c7f1bff99d42bbcd3b4e7d045,Cleaned fine-grained classification image. Class: Cyst. Blur score: 109.11.
tiswan_002403,tiswan,cleaned_v1,datasets/skin/acne/final/subtype_classification/test/cystic/tiswan_002403.jpg,test,cystic,sharp,non_expert,subtype_classification,acne,1.0,3f193d98718e45650acd29ad56f6a76d8d01661ba6bb3d64740f13cb89cdb03a,Cleaned fine-grained classification image. Class: Cyst. Blur score: 279.55.
tiswan_002404,tiswan,cleaned_v1,datasets/skin/acne/final/subtype_classification/test/cystic/tiswan_002404.jpg,test,cystic,usable,non_expert,subtype_classification,acne,1.0,12f68cb574f6cf1bcd57c40dd9a0e034ef47fee16c7dfbc214ce19fbb2df9dee,Cleaned fine-grained classification image. Class: Cyst. Blur score: 136.1.
tiswan_002405,tiswan,cleaned_v1,datasets/skin/acne/final/subtype_classification/test/cystic/tiswan_002405.jpg,test,cystic,usable,non_expert,subtype_classification,acne,1.0,b06e9ea8e10eda38661132ad0b83f6afe845fb071fecb6af384b11bc919b5443,Cleaned fine-grained classification image. Class: Cyst. Blur score: 117.37.
tiswan_002406,tiswan,cleaned_v1,datasets/skin/acne/final/subtype_classification/test/cystic/tiswan_002406.jpg,test,cystic,borderline,non_expert,subtype_classification,acne,1.0,fad2767c7da82895441442b09280fe35be49f9c11ff707d38f475a72cabdeffd,Cleaned fine-grained classification image. Class: Cyst. Blur score: 57.83.
tiswan_002407,tiswan,cleaned_v1,datasets/skin/acne/final/subtype_classification/test/cystic/tiswan_002407.jpg,test,cystic,usable,non_expert,subtype_classification,acne,1.0,9d81d1ab9573e477d883a74e0b49cc3036381775b43b7b517920724c9a2c61b6,Cleaned fine-grained classification image. Class: Cyst. Blur score: 101.67.
tiswan_002408,tiswan,cleaned_v1,datasets/skin/acne/final/subtype_classification/test/cystic/tiswan_002408.jpg,test,cystic,usable,non_expert,subtype_classification,acne,1.0,286cae7b83bb0c29c00898800767f654e9b2388f0a1abace9f885fbfa5038ca6,Cleaned fine-grained classification image. Class: Cyst. Blur score: 65.85.
tiswan_002409,tiswan,cleaned_v1,datasets/skin/acne/final/subtype_classification/test/cystic/tiswan_002409.jpg,test,cystic,usable,non_expert,subtype_classification,acne,1.0,6fcd055c3148a0d99374646eba7b8361240df65f1b0e7db78aecb30c6cc2dfbc,Cleaned fine-grained classification image. Class: Cyst. Blur score: 91.02.
tiswan_002410,tiswan,cleaned_v1,datasets/skin/acne/final/subtype_classification/test/cystic/tiswan_002410.jpg,test,cystic,borderline,non_expert,subtype_classification,acne,1.0,ba131afbbd43c515616fc2ab140ea8e1de549fcc9e05347fa3604fa1348c0fc9,Cleaned fine-grained classification image. Class: Cyst. Blur score: 47.26.
tiswan_002411,tiswan,cleaned_v1,datasets/skin/acne/final/subtype_classification/test/cystic/tiswan_002411.jpg,test,cystic,borderline,non_expert,subtype_classification,acne,1.0,14ed0a902bccae7408c1228c8a07a952cab90e276a93bb32bafe800fe0771850,Cleaned fine-grained classification image. Class: Cyst. Blur score: 32.24.
tiswan_002412,tiswan,cleaned_v1,datasets/skin/acne/final/subtype_classification/test/cystic/tiswan_002412.jpg,test,cystic,usable,non_expert,subtype_classification,acne,1.0,d9a7566e0e076e433d52c87b3995c4356f34b3a31a17b74da1a4ea1d147fdecb,Cleaned fine-grained classification image. Class: Cyst. Blur score: 95.24.
tiswan_002413,tiswan,cleaned_v1,datasets/skin/acne/final/subtype_classification/test/cystic/tiswan_002413.jpg,test,cystic,borderline,non_expert,subtype_classification,acne,1.0,0ddbb5999ec6964f42dc47c9c6edc45cb4f2000eef3f59ee2360e10cfdcb9fd8,Cleaned fine-grained classification image. Class: Cyst. Blur score: 50.96.
tiswan_002414,tiswan,cleaned_v1,datasets/skin/acne/final/subtype_classification/test/cystic/tiswan_002414.jpg,test,cystic,borderline,non_expert,subtype_classification,acne,1.0,6216a857223b31e12c54254fb86c719b36a384c3d7a6c4cd2820030dd38b102d,Cleaned fine-grained classification image. Class: Cyst. Blur score: 45.23.
tiswan_002415,tiswan,cleaned_v1,datasets/skin/acne/final/subtype_classification/test/cystic/tiswan_002415.jpg,test,cystic,sharp,non_expert,subtype_classification,acne,1.0,50a79cce791561b79fff02aa696b2d4891a4537de91713c042553132eacc2330,Cleaned fine-grained classification image. Class: Cyst. Blur score: 341.95.
tiswan_002416,tiswan,cleaned_v1,datasets/skin/acne/final/subtype_classification/test/cystic/tiswan_002416.jpg,test,cystic,usable,non_expert,subtype_classification,acne,1.0,b791a3067ee5a3216e4a1a5292ff670ba81fcd542d2ace24cbe8524e38581d9f,Cleaned fine-grained classification image. Class: Cyst. Blur score: 80.81.
tiswan_002417,tiswan,cleaned_v1,datasets/skin/acne/final/subtype_classification/test/cystic/tiswan_002417.jpg,test,cystic,usable,non_expert,subtype_classification,acne,1.0,941cbcf6ce3054c9b715e1d67bfa596a3e06313b35a43d972b279a0b8243f49b,Cleaned fine-grained classification image. Class: Cyst. Blur score: 65.67.
tiswan_002418,tiswan,cleaned_v1,datasets/skin/acne/final/subtype_classification/test/cystic/tiswan_002418.jpg,test,cystic,usable,non_expert,subtype_classification,acne,1.0,453b6f7a4357e6fec732e28f63fadef54a9e1b9204f3d3aa944a655ce7dda29d,Cleaned fine-grained classification image. Class: Cyst. Blur score: 85.2.
tiswan_002419,tiswan,cleaned_v1,datasets/skin/acne/final/subtype_classification/test/cystic/tiswan_002419.jpg,test,cystic,borderline,non_expert,subtype_classification,acne,1.0,97fa427154c34c005fd091c3a7a6f01b185c31c4da4ae144686ae989237864ea,Cleaned fine-grained classification image. Class: Cyst. Blur score: 52.94.
tiswan_002420,tiswan,cleaned_v1,datasets/skin/acne/final/subtype_classification/test/cystic/tiswan_002420.jpg,test,cystic,borderline,non_expert,subtype_classification,acne,1.0,a1b36ca8f1fd2208bf0b4df6a554a8b82af794cbbd158e6012fac50bac3d8f22,Cleaned fine-grained classification image. Class: Cyst. Blur score: 51.1.
tiswan_002421,tiswan,cleaned_v1,datasets/skin/acne/final/subtype_classification/test/cystic/tiswan_002421.jpg,test,cystic,usable,non_expert,subtype_classification,acne,1.0,db62976e8e4d314a3a150030c228b28ab2b5c0d6180dd9a068a7c7ec2ad00bd2,Cleaned fine-grained classification image. Class: Cyst. Blur score: 114.53.
tiswan_002422,tiswan,cleaned_v1,datasets/skin/acne/final/subtype_classification/test/cystic/tiswan_002422.jpg,test,cystic,usable,non_expert,subtype_classification,acne,1.0,5e86699714e35cfe20de648a2be75d354aea54430d4385b086541509a7b17de8,Cleaned fine-grained classification image. Class: Cyst. Blur score: 101.24.
tiswan_002423,tiswan,cleaned_v1,datasets/skin/acne/final/subtype_classification/test/cystic/tiswan_002423.jpg,test,cystic,usable,non_expert,subtype_classification,acne,1.0,7b3b8c2c481423d81e05f9256e690fd9704f4bde47fdb8fa66915795f0c1a9b7,Cleaned fine-grained classification image. Class: Cyst. Blur score: 95.36.
tiswan_002424,tiswan,cleaned_v1,datasets/skin/acne/final/subtype_classification/test/cystic/tiswan_002424.jpg,test,cystic,borderline,non_expert,subtype_classification,acne,1.0,0b1a6240ce8d715c4d37ba0249977f64e7e56327b048c4cebdd959a586546728,Cleaned fine-grained classification image. Class: Cyst. Blur score: 48.54.
tiswan_002425,tiswan,cleaned_v1,datasets/skin/acne/final/subtype_classification/test/cystic/tiswan_002425.jpg,test,cystic,sharp,non_expert,subtype_classification,acne,1.0,e7a89be1ec8e5219c139b7bcdbd0f2f34938f1d006bd0af938b11b16f9de315e,Cleaned fine-grained classification image. Class: Cyst. Blur score: 297.91.
tiswan_002426,tiswan,cleaned_v1,datasets/skin/acne/final/subtype_classification/test/cystic/tiswan_002426.jpg,test,cystic,borderline,non_expert,subtype_classification,acne,1.0,bd7cfe8fe144bdd0636e54082466bf6b0182e8d4743b314d5a965d6f13a45155,Cleaned fine-grained classification image. Class: Cyst. Blur score: 52.73.
tiswan_002427,tiswan,cleaned_v1,datasets/skin/acne/final/subtype_classification/test/cystic/tiswan_002427.jpg,test,cystic,usable,non_expert,subtype_classification,acne,1.0,2216e7b244aff3696c57ee82b5723d3db72181332a0ce2a0c221134c64009c1d,Cleaned fine-grained classification image. Class: Cyst. Blur score: 87.84.
tiswan_002428,tiswan,cleaned_v1,datasets/skin/acne/final/subtype_classification/test/cystic/tiswan_002428.jpg,test,cystic,usable,non_expert,subtype_classification,acne,1.0,8e823a6da76605e037bbf74ce1d52e60fd0455060eb780fdd52ef01c726b45a5,Cleaned fine-grained classification image. Class: Cyst. Blur score: 76.93.
tiswan_002429,tiswan,cleaned_v1,datasets/skin/acne/final/subtype_classification/test/cystic/tiswan_002429.jpg,test,cystic,borderline,non_expert,subtype_classification,acne,1.0,ea7fbcf4f9c9cd9ec8d636b7e89ff54f526f5ab7e3e676e502513b71556c2c2a,Cleaned fine-grained classification image. Class: Cyst. Blur score: 48.72.
tiswan_002430,tiswan,cleaned_v1,datasets/skin/acne/final/subtype_classification/test/cystic/tiswan_002430.jpg,test,cystic,usable,non_expert,subtype_classification,acne,1.0,fb5cfe8da8db5831a41082f6d6a8b2559d90932e2f13d0b27ca006ac63700040,Cleaned fine-grained classification image. Class: Cyst. Blur score: 67.39.
tiswan_002431,tiswan,cleaned_v1,datasets/skin/acne/final/subtype_classification/test/cystic/tiswan_002431.jpg,test,cystic,borderline,non_expert,subtype_classification,acne,1.0,a1fce66d537071e140c528ae6e2b01192baaf6841e936ae970a0ae7508cc373a,Cleaned fine-grained classification image. Class: Cyst. Blur score: 32.17.
tiswan_002432,tiswan,cleaned_v1,datasets/skin/acne/final/subtype_classification/test/cystic/tiswan_002432.jpg,test,cystic,usable,non_expert,subtype_classification,acne,1.0,29c0faaeb1e661b56a3929706e0ae310eace8e49d3735d283c1f13be62bb78fd,Cleaned fine-grained classification image. Class: Cyst. Blur score: 66.85.
tiswan_002433,tiswan,cleaned_v1,datasets/skin/acne/final/subtype_classification/test/cystic/tiswan_002433.jpg,test,cystic,usable,non_expert,subtype_classification,acne,1.0,a03c4c33bb5accaa82ef412d2a42b5e9fb3bc9b364a6f15afbea32e9dd6e72f7,Cleaned fine-grained classification image. Class: Cyst. Blur score: 99.03.
tiswan_002434,tiswan,cleaned_v1,datasets/skin/acne/final/subtype_classification/test/cystic/tiswan_002434.jpg,test,cystic,borderline,non_expert,subtype_classification,acne,1.0,a16dfaa23c8b6732c409c42c4fa99cdd31cbf7a91dbe026353af213503b9b577,Cleaned fine-grained classification image. Class: Cyst. Blur score: 57.4.
tiswan_002435,tiswan,cleaned_v1,datasets/skin/acne/final/subtype_classification/test/papular/tiswan_002435.jpg,test,papular,usable,non_expert,subtype_classification,acne,1.0,a5512d2d42cefd91e5f9406a78d8199ff4f74d038df16dfab21df511baeec054,Cleaned fine-grained classification image. Class: Papules. Blur score: 65.47.
tiswan_002436,tiswan,cleaned_v1,datasets/skin/acne/final/subtype_classification/test/papular/tiswan_002436.jpg,test,papular,usable,non_expert,subtype_classification,acne,1.0,fa21c01e9d8dc601d8f0738687f638341b8134672103e3c0bb135aef32e9e0f2,Cleaned fine-grained classification image. Class: Papules. Blur score: 63.38.
tiswan_002437,tiswan,cleaned_v1,datasets/skin/acne/final/subtype_classification/test/papular/tiswan_002437.jpg,test,papular,usable,non_expert,subtype_classification,acne,1.0,da2c5cb3421a16db29ff96e49ba55c1ac8a441969b4c9d70dbfa8488d6f6e600,Cleaned fine-grained classification image. Class: Papules. Blur score: 88.13.
tiswan_002438,tiswan,cleaned_v1,datasets/skin/acne/final/subtype_classification/test/papular/tiswan_002438.jpg,test,papular,borderline,non_expert,subtype_classification,acne,1.0,b16960ed50164a5e8a24818ae114af9ae87b9e59476f0ca1685780747310c0aa,Cleaned fine-grained classification image. Class: Papules. Blur score: 56.51.
tiswan_002439,tiswan,cleaned_v1,datasets/skin/acne/final/subtype_classification/test/papular/tiswan_002439.jpg,test,papular,usable,non_expert,subtype_classification,acne,1.0,bdf8fa00d1da92db70b8d63aec135c53ebac598090393033e736b94a6cd3aa99,Cleaned fine-grained classification image. Class: Papules. Blur score: 65.39.
tiswan_002440,tiswan,cleaned_v1,datasets/skin/acne/final/subtype_classification/test/papular/tiswan_002440.jpg,test,papular,borderline,non_expert,subtype_classification,acne,1.0,17622bf0ce29a909fb94445fc5f35a5dd5998bcaa47788a7bb603655a428cd8d,Cleaned fine-grained classification image. Class: Papules. Blur score: 31.97.
tiswan_002441,tiswan,cleaned_v1,datasets/skin/acne/final/subtype_classification/test/papular/tiswan_002441.jpg,test,papular,usable,non_expert,subtype_classification,acne,1.0,a5e2804cac6e6adc2977fd3a7b74629932033aa2c313cfaeb278df6278692c30,Cleaned fine-grained classification image. Class: Papules. Blur score: 63.15.
tiswan_002442,tiswan,cleaned_v1,datasets/skin/acne/final/subtype_classification/test/papular/tiswan_002442.jpg,test,papular,usable,non_expert,subtype_classification,acne,1.0,d410bf3f17811a6ef46eb3ef75e36d0b3fd012cdc461bc25034a1d8289f9205e,Cleaned fine-grained classification image. Class: Papules. Blur score: 91.03.
tiswan_002443,tiswan,cleaned_v1,datasets/skin/acne/final/subtype_classification/test/papular/tiswan_002443.jpg,test,papular,borderline,non_expert,subtype_classification,acne,1.0,7585b52214ebfde182fac9e52af4d47a66e2b11afd7f6f298b6c82a57ae32665,Cleaned fine-grained classification image. Class: Papules. Blur score: 38.01.
tiswan_002444,tiswan,cleaned_v1,datasets/skin/acne/final/subtype_classification/test/papular/tiswan_002444.jpg,test,papular,usable,non_expert,subtype_classification,acne,1.0,804f30e4b69836242cd7d968280e949d065e87a969ea7789e1c53760a8e3f7fc,Cleaned fine-grained classification image. Class: Papules. Blur score: 69.81.
tiswan_002445,tiswan,cleaned_v1,datasets/skin/acne/final/subtype_classification/test/papular/tiswan_002445.jpg,test,papular,usable,non_expert,subtype_classification,acne,1.0,cdbe1a5a8d07bf17acbbf6c378f02d5e8264d89b56a933dacae5adff114219c0,Cleaned fine-grained classification image. Class: Papules. Blur score: 67.68.
tiswan_002446,tiswan,cleaned_v1,datasets/skin/acne/final/subtype_classification/test/papular/tiswan_002446.jpg,test,papular,usable,non_expert,subtype_classification,acne,1.0,42b809244f0bdb40553a161269ec3f79a678e0cb367a568cfd8c2513f76e1c7e,Cleaned fine-grained classification image. Class: Papules. Blur score: 104.22.
tiswan_002447,tiswan,cleaned_v1,datasets/skin/acne/final/subtype_classification/test/papular/tiswan_002447.jpg,test,papular,borderline,non_expert,subtype_classification,acne,1.0,467309e60c91dc04c9fea3c0e7f08b5e8f3a6b28c87dc5a37f6e57fd70bd615f,Cleaned fine-grained classification image. Class: Papules. Blur score: 38.11.
tiswan_002448,tiswan,cleaned_v1,datasets/skin/acne/final/subtype_classification/test/papular/tiswan_002448.jpg,test,papular,borderline,non_expert,subtype_classification,acne,1.0,dc0ba05dcdd4086222359dd64883452fa3ed1c1814e000bdac1819f4f1befa11,Cleaned fine-grained classification image. Class: Papules. Blur score: 45.56.
tiswan_002449,tiswan,cleaned_v1,datasets/skin/acne/final/subtype_classification/test/papular/tiswan_002449.jpg,test,papular,usable,non_expert,subtype_classification,acne,1.0,d36856ead05b21eb5d6d940e39ad9fda22fa7e73693c10da0849eed7c007a1d0,Cleaned fine-grained classification image. Class: Papules. Blur score: 63.9.
tiswan_002450,tiswan,cleaned_v1,datasets/skin/acne/final/subtype_classification/test/papular/tiswan_002450.jpg,test,papular,usable,non_expert,subtype_classification,acne,1.0,89201d0667fe8b3f1e0e746d7db2cddb2efd493e169ce70d6392fd802cefb90c,Cleaned fine-grained classification image. Class: Papules. Blur score: 79.7.
tiswan_002451,tiswan,cleaned_v1,datasets/skin/acne/final/subtype_classification/test/papular/tiswan_002451.jpg,test,papular,usable,non_expert,subtype_classification,acne,1.0,7c22c442063d12eb9ccf70d76ff82d4a8811986709e85cb98c581160703e1779,Cleaned fine-grained classification image. Class: Papules. Blur score: 114.61.
tiswan_002452,tiswan,cleaned_v1,datasets/skin/acne/final/subtype_classification/test/papular/tiswan_002452.jpg,test,papular,borderline,non_expert,subtype_classification,acne,1.0,d1ea7c3df3c180e6a441b9b139f516dc0ad2b89ef2c1dcdff9e10bc0e6f8da42,Cleaned fine-grained classification image. Class: Papules. Blur score: 41.99.
tiswan_002453,tiswan,cleaned_v1,datasets/skin/acne/final/subtype_classification/test/papular/tiswan_002453.jpg,test,papular,usable,non_expert,subtype_classification,acne,1.0,456397b6e839dec92220bf4b19eac3918eb399767b47573420f7a7616d64b616,Cleaned fine-grained classification image. Class: Papules. Blur score: 86.58.
tiswan_002454,tiswan,cleaned_v1,datasets/skin/acne/final/subtype_classification/test/papular/tiswan_002454.jpg,test,papular,usable,non_expert,subtype_classification,acne,1.0,9189bbdceec74e1efac4f95ffdb021caf5761227bdc543264848ca7297b43f79,Cleaned fine-grained classification image. Class: Papules. Blur score: 83.15.
tiswan_002455,tiswan,cleaned_v1,datasets/skin/acne/final/subtype_classification/test/papular/tiswan_002455.jpg,test,papular,usable,non_expert,subtype_classification,acne,1.0,01599faa560e459e644d18ffbd8f3284c032a7ce35705f834e884f5fd204b355,Cleaned fine-grained classification image. Class: Papules. Blur score: 75.22.
tiswan_002456,tiswan,cleaned_v1,datasets/skin/acne/final/subtype_classification/test/papular/tiswan_002456.jpg,test,papular,borderline,non_expert,subtype_classification,acne,1.0,34e0e6e49e26f7201d4c71393d794573c2bbdf9a8d3df4485133ddd758288c58,Cleaned fine-grained classification image. Class: Papules. Blur score: 55.57.
tiswan_002457,tiswan,cleaned_v1,datasets/skin/acne/final/subtype_classification/test/papular/tiswan_002457.jpg,test,papular,borderline,non_expert,subtype_classification,acne,1.0,112c34d95f57e55da69eeb8017a151fbf34ad6495b6c195b36322708973645ff,Cleaned fine-grained classification image. Class: Papules. Blur score: 33.34.
tiswan_002458,tiswan,cleaned_v1,datasets/skin/acne/final/subtype_classification/test/papular/tiswan_002458.jpg,test,papular,usable,non_expert,subtype_classification,acne,1.0,ecbf80d7f371d89734a5f4b97d984540cbb93cb98354245c67250f73ebc9b698,Cleaned fine-grained classification image. Class: Papules. Blur score: 71.53.
tiswan_002459,tiswan,cleaned_v1,datasets/skin/acne/final/subtype_classification/test/papular/tiswan_002459.jpg,test,papular,usable,non_expert,subtype_classification,acne,1.0,55cfefdd4630e9ece8b422dd7007534b257040b22fc37f0a5d5732a151deb934,Cleaned fine-grained classification image. Class: Papules. Blur score: 113.75.
tiswan_002460,tiswan,cleaned_v1,datasets/skin/acne/final/subtype_classification/test/papular/tiswan_002460.jpg,test,papular,usable,non_expert,subtype_classification,acne,1.0,0fb2f799fe70f8b789da688efa81716ec8be82463ac962720cf0c8805f679266,Cleaned fine-grained classification image. Class: Papules. Blur score: 88.39.
tiswan_002461,tiswan,cleaned_v1,datasets/skin/acne/final/subtype_classification/test/papular/tiswan_002461.jpg,test,papular,usable,non_expert,subtype_classification,acne,1.0,dd46c30e7e219e864af44b435e812d3b38bbf7b5fb55c31afaa84cf97a991367,Cleaned fine-grained classification image. Class: Papules. Blur score: 79.42.
tiswan_002462,tiswan,cleaned_v1,datasets/skin/acne/final/subtype_classification/test/papular/tiswan_002462.jpg,test,papular,usable,non_expert,subtype_classification,acne,1.0,8319f436a14357d00523f5a0ffcdfc5cc2a1f033ab56e2acb8285a9bb78b660e,Cleaned fine-grained classification image. Class: Papules. Blur score: 112.54.
tiswan_002463,tiswan,cleaned_v1,datasets/skin/acne/final/subtype_classification/test/papular/tiswan_002463.jpg,test,papular,usable,non_expert,subtype_classification,acne,1.0,8ea72f32663a6219e32bd37c6897138d7253fc19a6c6e34371783d46a720140b,Cleaned fine-grained classification image. Class: Papules. Blur score: 99.32.
tiswan_002464,tiswan,cleaned_v1,datasets/skin/acne/final/subtype_classification/test/papular/tiswan_002464.jpg,test,papular,usable,non_expert,subtype_classification,acne,1.0,6fa3e813effe6ea0c0f46b27417611c7065a1532903e2257b151e2f0da914ece,Cleaned fine-grained classification image. Class: Papules. Blur score: 103.1.
tiswan_002465,tiswan,cleaned_v1,datasets/skin/acne/final/subtype_classification/test/papular/tiswan_002465.jpg,test,papular,usable,non_expert,subtype_classification,acne,1.0,8e52a03680b95888df22b9708df2512e45b564a28696748cff0e1cf4d057342e,Cleaned fine-grained classification image. Class: Papules. Blur score: 76.74.
tiswan_002466,tiswan,cleaned_v1,datasets/skin/acne/final/subtype_classification/test/papular/tiswan_002466.jpg,test,papular,usable,non_expert,subtype_classification,acne,1.0,f8c24accb8655c68aade5703588512b13239a2b3575daad657ea94f3e79da52c,Cleaned fine-grained classification image. Class: Papules. Blur score: 112.68.
tiswan_002467,tiswan,cleaned_v1,datasets/skin/acne/final/subtype_classification/test/papular/tiswan_002467.jpg,test,papular,usable,non_expert,subtype_classification,acne,1.0,680ea6c1e8239142167f6c71249baa347cdd34ee7ee8e9d7ad6d9ac4a7a696a2,Cleaned fine-grained classification image. Class: Papules. Blur score: 77.01.
tiswan_002468,tiswan,cleaned_v1,datasets/skin/acne/final/subtype_classification/test/papular/tiswan_002468.jpg,test,papular,usable,non_expert,subtype_classification,acne,1.0,30c64c6450cd9963eaa8bd1c066d6fead72221ba3d60a6a6ac7b6fee1c7c7ec3,Cleaned fine-grained classification image. Class: Papules. Blur score: 78.05.
tiswan_002469,tiswan,cleaned_v1,datasets/skin/acne/final/subtype_classification/test/papular/tiswan_002469.jpg,test,papular,borderline,non_expert,subtype_classification,acne,1.0,7789b18d76bb285bc8466c1475d11094a55b4b3ac59b775c297a9faf175e839c,Cleaned fine-grained classification image. Class: Papules. Blur score: 46.15.
tiswan_002470,tiswan,cleaned_v1,datasets/skin/acne/final/subtype_classification/test/papular/tiswan_002470.jpg,test,papular,usable,non_expert,subtype_classification,acne,1.0,5f2143296a00f944f3dbad3f47e32ff30b5e66d98b1cf6ce132c8cb8f677d448,Cleaned fine-grained classification image. Class: Papules. Blur score: 75.71.
tiswan_002471,tiswan,cleaned_v1,datasets/skin/acne/final/subtype_classification/test/papular/tiswan_002471.jpg,test,papular,usable,non_expert,subtype_classification,acne,1.0,6c70d2aff9f84dde901a0a02fcdbe5bee9dff56823be29306141ae9a0e0fa754,Cleaned fine-grained classification image. Class: Papules. Blur score: 60.13.
tiswan_002472,tiswan,cleaned_v1,datasets/skin/acne/final/subtype_classification/test/papular/tiswan_002472.jpg,test,papular,borderline,non_expert,subtype_classification,acne,1.0,1e272c4219895ab9d0aea3d64eee2cb053b86e7767ae76c7519efa2695413fa0,Cleaned fine-grained classification image. Class: Papules. Blur score: 59.08.
tiswan_002473,tiswan,cleaned_v1,datasets/skin/acne/final/subtype_classification/test/papular/tiswan_002473.jpg,test,papular,usable,non_expert,subtype_classification,acne,1.0,8df262c5e79684f19557a6ce06205423dce6c04b2d10b3935931d71f3f4e6449,Cleaned fine-grained classification image. Class: Papules. Blur score: 72.46.
tiswan_002474,tiswan,cleaned_v1,datasets/skin/acne/final/subtype_classification/test/papular/tiswan_002474.jpg,test,papular,usable,non_expert,subtype_classification,acne,1.0,b829316bdedbc6bd24961f391b8aa73ded4446909d71ac72f26316865dbad44b,Cleaned fine-grained classification image. Class: Papules. Blur score: 81.06.
tiswan_002475,tiswan,cleaned_v1,datasets/skin/acne/final/subtype_classification/test/papular/tiswan_002475.jpg,test,papular,usable,non_expert,subtype_classification,acne,1.0,b22439d50a4ae4ccec0752846f3c9be377ca3bf0181fe2370655062ebd3f5e9e,Cleaned fine-grained classification image. Class: Papules. Blur score: 66.34.
tiswan_002476,tiswan,cleaned_v1,datasets/skin/acne/final/subtype_classification/test/papular/tiswan_002476.jpg,test,papular,borderline,non_expert,subtype_classification,acne,1.0,5999a2455824d07e9307d4dc09791c2a6750b9faf1a07ae286deb86a2a624d04,Cleaned fine-grained classification image. Class: Papules. Blur score: 46.09.
tiswan_002477,tiswan,cleaned_v1,datasets/skin/acne/final/subtype_classification/test/papular/tiswan_002477.jpg,test,papular,usable,non_expert,subtype_classification,acne,1.0,5dfe9c9e328bec48542f8e6cdecc98d6756888d06fed2b64409d3d058b512717,Cleaned fine-grained classification image. Class: Papules. Blur score: 71.38.
tiswan_002478,tiswan,cleaned_v1,datasets/skin/acne/final/subtype_classification/test/papular/tiswan_002478.jpg,test,papular,usable,non_expert,subtype_classification,acne,1.0,407ee32bcd8037ea6ce9261791647a7416952b1f70c174c504a9aafec940ee66,Cleaned fine-grained classification image. Class: Papules. Blur score: 97.76.
tiswan_002479,tiswan,cleaned_v1,datasets/skin/acne/final/subtype_classification/test/papular/tiswan_002479.jpg,test,papular,borderline,non_expert,subtype_classification,acne,1.0,6d7376f9688bd1c6f21c133a752158cf2750c93b8335898eb12cd708cf9a1ebf,Cleaned fine-grained classification image. Class: Papules. Blur score: 52.34.
tiswan_002480,tiswan,cleaned_v1,datasets/skin/acne/final/subtype_classification/test/papular/tiswan_002480.jpg,test,papular,borderline,non_expert,subtype_classification,acne,1.0,17a4a34bfcfa3c6fca46059f989d04fba512274fd3268bc3ef72fcdcb54423e5,Cleaned fine-grained classification image. Class: Papules. Blur score: 44.9.
tiswan_002481,tiswan,cleaned_v1,datasets/skin/acne/final/subtype_classification/test/papular/tiswan_002481.jpg,test,papular,borderline,non_expert,subtype_classification,acne,1.0,551213555dff6ff6e606b49e94948f7948ec562c3556badf5bcb767ec6deaae4,Cleaned fine-grained classification image. Class: Papules. Blur score: 53.14.
tiswan_002482,tiswan,cleaned_v1,datasets/skin/acne/final/subtype_classification/test/papular/tiswan_002482.jpg,test,papular,usable,non_expert,subtype_classification,acne,1.0,52f5e51a7b72448235e8a58f320629e7e5fcf16eb437432c67e3e84f86bdb7a8,Cleaned fine-grained classification image. Class: Papules. Blur score: 141.64.
tiswan_002483,tiswan,cleaned_v1,datasets/skin/acne/final/subtype_classification/test/papular/tiswan_002483.jpg,test,papular,usable,non_expert,subtype_classification,acne,1.0,ccac385c7885253d168f386eda22a00716b692f7f7975429254aa50a6e4a82a9,Cleaned fine-grained classification image. Class: Papules. Blur score: 92.79.
tiswan_002484,tiswan,cleaned_v1,datasets/skin/acne/final/subtype_classification/test/papular/tiswan_002484.jpg,test,papular,usable,non_expert,subtype_classification,acne,1.0,3392601cc5f26f6acf36c5ba66637d0a900533c22f0537e085a6b5f70aa5ff7e,Cleaned fine-grained classification image. Class: Papules. Blur score: 97.93.
tiswan_002485,tiswan,cleaned_v1,datasets/skin/acne/final/subtype_classification/test/papular/tiswan_002485.jpg,test,papular,usable,non_expert,subtype_classification,acne,1.0,f0ccdbb6117276d54ba7288bac9eeca9e1ac08cd7f8d9b39af13377db049445f,Cleaned fine-grained classification image. Class: Papules. Blur score: 118.98.
tiswan_002486,tiswan,cleaned_v1,datasets/skin/acne/final/subtype_classification/test/papular/tiswan_002486.jpg,test,papular,usable,non_expert,subtype_classification,acne,1.0,f7af01b6c8b261eb0c45682d958e774f6af739051d9350b6b0f7395c8e73f2a4,Cleaned fine-grained classification image. Class: Papules. Blur score: 94.7.
tiswan_002487,tiswan,cleaned_v1,datasets/skin/acne/final/subtype_classification/test/papular/tiswan_002487.jpg,test,papular,usable,non_expert,subtype_classification,acne,1.0,040172238fa5bddf8268163c9b2bd50badaafe1635448b45727507871e710b6d,Cleaned fine-grained classification image. Class: Papules. Blur score: 87.4.
tiswan_002488,tiswan,cleaned_v1,datasets/skin/acne/final/subtype_classification/test/papular/tiswan_002488.jpg,test,papular,usable,non_expert,subtype_classification,acne,1.0,e5482566beace5fa6727bb3abba54013e360f399f2f15c9f47178012f036bb02,Cleaned fine-grained classification image. Class: Papules. Blur score: 78.19.
tiswan_002489,tiswan,cleaned_v1,datasets/skin/acne/final/subtype_classification/test/papular/tiswan_002489.jpg,test,papular,usable,non_expert,subtype_classification,acne,1.0,b9a89d4d1da249128a9d457fe4e1b964169e313edff9d7f2751becb31afa1bf0,Cleaned fine-grained classification image. Class: Papules. Blur score: 89.89.
tiswan_002490,tiswan,cleaned_v1,datasets/skin/acne/final/subtype_classification/test/papular/tiswan_002490.jpg,test,papular,borderline,non_expert,subtype_classification,acne,1.0,1874bbc59042b5ea2ac09619d69978f1be7a166c8e7085af84befd3cb02fc419,Cleaned fine-grained classification image. Class: Papules. Blur score: 54.16.
tiswan_002491,tiswan,cleaned_v1,datasets/skin/acne/final/subtype_classification/test/papular/tiswan_002491.jpg,test,papular,usable,non_expert,subtype_classification,acne,1.0,e2c47ecc9232a1eed3dc8df08b6ffd0c608f572e80efe4e662dc2a665d20ee47,Cleaned fine-grained classification image. Class: Papules. Blur score: 91.24.
tiswan_002492,tiswan,cleaned_v1,datasets/skin/acne/final/subtype_classification/test/papular/tiswan_002492.jpg,test,papular,usable,non_expert,subtype_classification,acne,1.0,2418589c53a429b2dfbf82bfe01e8b0ced38f389c00f0de81d25177253d01e17,Cleaned fine-grained classification image. Class: Papules. Blur score: 83.83.
tiswan_002493,tiswan,cleaned_v1,datasets/skin/acne/final/subtype_classification/test/papular/tiswan_002493.jpg,test,papular,usable,non_expert,subtype_classification,acne,1.0,ad433926a6cc4b66b3bab504a3907cdd03d04d179583ed9561958535f4d4bce4,Cleaned fine-grained classification image. Class: Papules. Blur score: 61.83.
tiswan_002494,tiswan,cleaned_v1,datasets/skin/acne/final/subtype_classification/test/papular/tiswan_002494.jpg,test,papular,usable,non_expert,subtype_classification,acne,1.0,96893dc2ab624e8e285cc5f55ac307c1eb70160d80c916d3043d5f8eb0786ac8,Cleaned fine-grained classification image. Class: Papules. Blur score: 71.6.
tiswan_002495,tiswan,cleaned_v1,datasets/skin/acne/final/subtype_classification/test/papular/tiswan_002495.jpg,test,papular,usable,non_expert,subtype_classification,acne,1.0,f03697dc7e290f6bda0ca1252e492330bcc3f0ff511937eb2a6957b562bf5473,Cleaned fine-grained classification image. Class: Papules. Blur score: 96.36.
tiswan_002496,tiswan,cleaned_v1,datasets/skin/acne/final/subtype_classification/test/papular/tiswan_002496.jpg,test,papular,usable,non_expert,subtype_classification,acne,1.0,e2c9849651d063e1328037ba679d9bd9463c4a1b21bfc10c7c173081e92ce731,Cleaned fine-grained classification image. Class: Papules. Blur score: 71.42.
tiswan_002497,tiswan,cleaned_v1,datasets/skin/acne/final/subtype_classification/test/papular/tiswan_002497.jpg,test,papular,usable,non_expert,subtype_classification,acne,1.0,5d03f171a08a61c4fb59fb6d633b2c2644b96c049a2bd8d89255fa8f1521fb94,Cleaned fine-grained classification image. Class: Papules. Blur score: 114.9.
tiswan_002498,tiswan,cleaned_v1,datasets/skin/acne/final/subtype_classification/test/papular/tiswan_002498.jpg,test,papular,usable,non_expert,subtype_classification,acne,1.0,58c969c36858b545e0f85843a4ffb527c2d543e15187b73c02f9095739302983,Cleaned fine-grained classification image. Class: Papules. Blur score: 65.94.
tiswan_002499,tiswan,cleaned_v1,datasets/skin/acne/final/subtype_classification/test/papular/tiswan_002499.jpg,test,papular,usable,non_expert,subtype_classification,acne,1.0,a4675c722a745f19a4d070662241321c2c0e82eb511e4a6a48ce48e62684c19f,Cleaned fine-grained classification image. Class: Papules. Blur score: 60.59.
tiswan_002500,tiswan,cleaned_v1,datasets/skin/acne/final/subtype_classification/test/papular/tiswan_002500.jpg,test,papular,usable,non_expert,subtype_classification,acne,1.0,366b8156163dc5388317f750208c1f6e38c39ef6e4d7a237af2a2213561a4f7d,Cleaned fine-grained classification image. Class: Papules. Blur score: 98.81.
tiswan_002501,tiswan,cleaned_v1,datasets/skin/acne/final/subtype_classification/test/papular/tiswan_002501.jpg,test,papular,usable,non_expert,subtype_classification,acne,1.0,fb1e40754cbd28555fb57a385bef1bfa8f6284a931ed5d93eed59a69c7150901,Cleaned fine-grained classification image. Class: Papules. Blur score: 92.43.
tiswan_002502,tiswan,cleaned_v1,datasets/skin/acne/final/subtype_classification/test/papular/tiswan_002502.jpg,test,papular,usable,non_expert,subtype_classification,acne,1.0,eb8149769e0a8439a4de9f567a994f4d60e559d680a36711da81634aab274796,Cleaned fine-grained classification image. Class: Papules. Blur score: 97.25.
tiswan_002503,tiswan,cleaned_v1,datasets/skin/acne/final/subtype_classification/test/papular/tiswan_002503.jpg,test,papular,usable,non_expert,subtype_classification,acne,1.0,7195f800e40fe246e7a36a7f0c201b9c858f55368eb4f2df39cd87713a15648d,Cleaned fine-grained classification image. Class: Papules. Blur score: 83.27.
tiswan_002504,tiswan,cleaned_v1,datasets/skin/acne/final/subtype_classification/test/papular/tiswan_002504.jpg,test,papular,usable,non_expert,subtype_classification,acne,1.0,aa056885ac1fc6fb6e51f7c9227194080a19e6068e2df4d893a75a0101b35d91,Cleaned fine-grained classification image. Class: Papules. Blur score: 83.23.
tiswan_002505,tiswan,cleaned_v1,datasets/skin/acne/final/subtype_classification/test/papular/tiswan_002505.jpg,test,papular,usable,non_expert,subtype_classification,acne,1.0,da234de255f80b0e64ed90e0230860a6e32cf872b1e6a1876164ad9aa69ec661,Cleaned fine-grained classification image. Class: Papules. Blur score: 92.39.
tiswan_002506,tiswan,cleaned_v1,datasets/skin/acne/final/subtype_classification/test/papular/tiswan_002506.jpg,test,papular,usable,non_expert,subtype_classification,acne,1.0,f485c4107a48695160da83651c360f6ba67904de3d0f982e4a46ea06d11af122,Cleaned fine-grained classification image. Class: Papules. Blur score: 88.45.
tiswan_002507,tiswan,cleaned_v1,datasets/skin/acne/final/subtype_classification/test/papular/tiswan_002507.jpg,test,papular,usable,non_expert,subtype_classification,acne,1.0,eef718f6fc5e3864c4f8fc041c51759394dbad5674f3ced58e59393cdd2beb12,Cleaned fine-grained classification image. Class: Papules. Blur score: 63.05.
tiswan_002508,tiswan,cleaned_v1,datasets/skin/acne/final/subtype_classification/test/papular/tiswan_002508.jpg,test,papular,usable,non_expert,subtype_classification,acne,1.0,b19b6c2ae0fb31b6dc8e4bd83687f15acc42f7d30d44824b8aab03daa31fbfbe,Cleaned fine-grained classification image. Class: Papules. Blur score: 64.29.
tiswan_002509,tiswan,cleaned_v1,datasets/skin/acne/final/subtype_classification/test/papular/tiswan_002509.jpg,test,papular,borderline,non_expert,subtype_classification,acne,1.0,c7575b4d1a960a0795c4091a40b416e925c29c54662aa09adfad51404e300a35,Cleaned fine-grained classification image. Class: Papules. Blur score: 52.02.
tiswan_002510,tiswan,cleaned_v1,datasets/skin/acne/final/subtype_classification/test/papular/tiswan_002510.jpg,test,papular,borderline,non_expert,subtype_classification,acne,1.0,a6e83dfba3a56d7e125a5b1b4e52ca5104cb33ddb57f40994681465c6c8bfbf8,Cleaned fine-grained classification image. Class: Papules. Blur score: 58.96.
tiswan_002511,tiswan,cleaned_v1,datasets/skin/acne/final/subtype_classification/test/papular/tiswan_002511.jpg,test,papular,usable,non_expert,subtype_classification,acne,1.0,b15e18d3c1f1fed9202ce928e6858f7b0b90812df860030b7b90df3a624cacd0,Cleaned fine-grained classification image. Class: Papules. Blur score: 80.08.
tiswan_002512,tiswan,cleaned_v1,datasets/skin/acne/final/subtype_classification/test/papular/tiswan_002512.jpg,test,papular,usable,non_expert,subtype_classification,acne,1.0,823f0111cb289845910a11dcd2de746c44172ec0dfb5d3e345a154d667067c75,Cleaned fine-grained classification image. Class: Papules. Blur score: 131.51.
tiswan_002513,tiswan,cleaned_v1,datasets/skin/acne/final/subtype_classification/test/papular/tiswan_002513.jpg,test,papular,usable,non_expert,subtype_classification,acne,1.0,51785adb1cc60c115448adae2e945f61d99465cf4c76c2e4f0ec55c1df65cb90,Cleaned fine-grained classification image. Class: Papules. Blur score: 82.13.
tiswan_002514,tiswan,cleaned_v1,datasets/skin/acne/final/subtype_classification/test/papular/tiswan_002514.jpg,test,papular,usable,non_expert,subtype_classification,acne,1.0,a7627aa0a7233c494e8416bb2e5668e79a178475dae61dd28a5ea33364f34559,Cleaned fine-grained classification image. Class: Papules. Blur score: 96.05.
tiswan_002515,tiswan,cleaned_v1,datasets/skin/acne/final/subtype_classification/test/papular/tiswan_002515.jpg,test,papular,borderline,non_expert,subtype_classification,acne,1.0,61298827a65d7b8674390e3ad0697914d9702bcdf89877e1a5e6da4cab4fc26b,Cleaned fine-grained classification image. Class: Papules. Blur score: 31.06.
tiswan_002516,tiswan,cleaned_v1,datasets/skin/acne/final/subtype_classification/test/papular/tiswan_002516.jpg,test,papular,usable,non_expert,subtype_classification,acne,1.0,f3289efcf42c48001244787c14fbf29deee887ae6d4b57edf3b3b3582f71d674,Cleaned fine-grained classification image. Class: Papules. Blur score: 72.03.
tiswan_002517,tiswan,cleaned_v1,datasets/skin/acne/final/subtype_classification/test/papular/tiswan_002517.jpg,test,papular,usable,non_expert,subtype_classification,acne,1.0,fd4951df6ed211e1e2e8cc689d4e0c508699f688ab41d0463e4b9511175b8921,Cleaned fine-grained classification image. Class: Papules. Blur score: 68.39.
tiswan_002518,tiswan,cleaned_v1,datasets/skin/acne/final/subtype_classification/test/papular/tiswan_002518.jpg,test,papular,usable,non_expert,subtype_classification,acne,1.0,5071817e6b15a88417382f25068266236d9eee6a5173bfa6d91ad2672c92300e,Cleaned fine-grained classification image. Class: Papules. Blur score: 103.9.
tiswan_002519,tiswan,cleaned_v1,datasets/skin/acne/final/subtype_classification/test/papular/tiswan_002519.jpg,test,papular,usable,non_expert,subtype_classification,acne,1.0,958d01f08a7af3e8e41fd7f1b149fa82ec9d75dd2458a905f34d452ed1591b6d,Cleaned fine-grained classification image. Class: Papules. Blur score: 101.01.
tiswan_002520,tiswan,cleaned_v1,datasets/skin/acne/final/subtype_classification/test/papular/tiswan_002520.jpg,test,papular,usable,non_expert,subtype_classification,acne,1.0,98ea7b77b482c817634041fad1331bd1720c044570e4819c8ce860fd87d22c7c,Cleaned fine-grained classification image. Class: Papules. Blur score: 135.05.
tiswan_002521,tiswan,cleaned_v1,datasets/skin/acne/final/subtype_classification/test/papular/tiswan_002521.jpg,test,papular,usable,non_expert,subtype_classification,acne,1.0,004c9bd46839c783d7ffd3d05b359599087b882ea88f141425c0eb3efa617cb7,Cleaned fine-grained classification image. Class: Papules. Blur score: 73.49.
tiswan_002522,tiswan,cleaned_v1,datasets/skin/acne/final/subtype_classification/test/papular/tiswan_002522.jpg,test,papular,usable,non_expert,subtype_classification,acne,1.0,451d7e30ca6c6e7b36f1f8ac4ea01cff0f6a3403e08fb379159ebbd4208b2f84,Cleaned fine-grained classification image. Class: Papules. Blur score: 83.58.
tiswan_002523,tiswan,cleaned_v1,datasets/skin/acne/final/subtype_classification/test/papular/tiswan_002523.jpg,test,papular,usable,non_expert,subtype_classification,acne,1.0,91d506791d6584a08b5316e20a83484ae051e412145d513a59ea00e8cfaac8b9,Cleaned fine-grained classification image. Class: Papules. Blur score: 72.83.
tiswan_002524,tiswan,cleaned_v1,datasets/skin/acne/final/subtype_classification/test/papular/tiswan_002524.jpg,test,papular,usable,non_expert,subtype_classification,acne,1.0,83797f142916783c2f86ca0bb09e0411ad6d75c8bda3829f59a47f52f5457a3c,Cleaned fine-grained classification image. Class: Papules. Blur score: 63.53.
tiswan_002525,tiswan,cleaned_v1,datasets/skin/acne/final/subtype_classification/test/papular/tiswan_002525.jpg,test,papular,usable,non_expert,subtype_classification,acne,1.0,cfb6ca7d4761feca889f5d39cee9498f86ef4737020c3b2902d4297be27df172,Cleaned fine-grained classification image. Class: Papules. Blur score: 68.5.
tiswan_002526,tiswan,cleaned_v1,datasets/skin/acne/final/subtype_classification/test/papular/tiswan_002526.jpg,test,papular,borderline,non_expert,subtype_classification,acne,1.0,3557103ca7a737497ffd745edcbfadf7285a9ae267cd4c5c861ba6c6f6504c56,Cleaned fine-grained classification image. Class: Papules. Blur score: 54.69.
tiswan_002527,tiswan,cleaned_v1,datasets/skin/acne/final/subtype_classification/test/pustular/tiswan_002527.jpg,test,pustular,borderline,non_expert,subtype_classification,acne,1.0,32974be22d06ec7d5af4dbb86c26d7590cb2a922a20e35affeb878b39f223f77,Cleaned fine-grained classification image. Class: Pustules. Blur score: 46.61.
tiswan_002528,tiswan,cleaned_v1,datasets/skin/acne/final/subtype_classification/test/pustular/tiswan_002528.jpg,test,pustular,usable,non_expert,subtype_classification,acne,1.0,97720ddfd85fd4b577bb2655d95e1117624ab769bcdefdef00a8a3c22e2a4094,Cleaned fine-grained classification image. Class: Pustules. Blur score: 68.94.
tiswan_002529,tiswan,cleaned_v1,datasets/skin/acne/final/subtype_classification/test/pustular/tiswan_002529.jpg,test,pustular,usable,non_expert,subtype_classification,acne,1.0,61e1ec37017dfa372eea4bde73fba11f1a730c6bde29066d6930c756095358d0,Cleaned fine-grained classification image. Class: Pustules. Blur score: 75.91.
tiswan_002530,tiswan,cleaned_v1,datasets/skin/acne/final/subtype_classification/test/pustular/tiswan_002530.jpg,test,pustular,borderline,non_expert,subtype_classification,acne,1.0,b553a88704449ad4921a44f06386d9034020ccbfe17d8a98d99a98c8a295ffe0,Cleaned fine-grained classification image. Class: Pustules. Blur score: 52.63.
tiswan_002531,tiswan,cleaned_v1,datasets/skin/acne/final/subtype_classification/test/pustular/tiswan_002531.jpg,test,pustular,usable,non_expert,subtype_classification,acne,1.0,38959193d3a641034de9673baafc192c9c900b464e1f7d0d1e85e415a9de0372,Cleaned fine-grained classification image. Class: Pustules. Blur score: 62.73.
tiswan_002532,tiswan,cleaned_v1,datasets/skin/acne/final/subtype_classification/test/pustular/tiswan_002532.jpg,test,pustular,borderline,non_expert,subtype_classification,acne,1.0,e5cddc172ed7deadce122008dc106756063108c8c69dbe561b2fcf3bdd0d48db,Cleaned fine-grained classification image. Class: Pustules. Blur score: 40.06.
tiswan_002533,tiswan,cleaned_v1,datasets/skin/acne/final/subtype_classification/test/pustular/tiswan_002533.jpg,test,pustular,borderline,non_expert,subtype_classification,acne,1.0,e4ded7fb2ec5e8c25d3b063cdd76abc63b1b328a0a77864ad71715179e7198d2,Cleaned fine-grained classification image. Class: Pustules. Blur score: 37.86.
tiswan_002534,tiswan,cleaned_v1,datasets/skin/acne/final/subtype_classification/test/pustular/tiswan_002534.jpg,test,pustular,usable,non_expert,subtype_classification,acne,1.0,46b9a5fc96b22954b33de8d07027b1f80c9ec4111facc3eeea14dec07429bf6e,Cleaned fine-grained classification image. Class: Pustules. Blur score: 68.57.
tiswan_002535,tiswan,cleaned_v1,datasets/skin/acne/final/subtype_classification/test/pustular/tiswan_002535.jpg,test,pustular,borderline,non_expert,subtype_classification,acne,1.0,3472cbafccbb12b9df3352ad61c737e70e8ae3f74aba5b39587dc7f70510f2c3,Cleaned fine-grained classification image. Class: Pustules. Blur score: 42.86.
tiswan_002536,tiswan,cleaned_v1,datasets/skin/acne/final/subtype_classification/test/pustular/tiswan_002536.jpg,test,pustular,borderline,non_expert,subtype_classification,acne,1.0,ef2c16b68eb1a9db341b1ca9287739cbfa8e29f3d89694ce2edbe1ea9e2a658d,Cleaned fine-grained classification image. Class: Pustules. Blur score: 48.49.
tiswan_002537,tiswan,cleaned_v1,datasets/skin/acne/final/subtype_classification/test/pustular/tiswan_002537.jpg,test,pustular,usable,non_expert,subtype_classification,acne,1.0,72030d7ca49fa1a6a31ea3d99c80c9db088a53bb4db593e3e6d4e794d55e92ed,Cleaned fine-grained classification image. Class: Pustules. Blur score: 78.28.
tiswan_002538,tiswan,cleaned_v1,datasets/skin/acne/final/subtype_classification/test/pustular/tiswan_002538.jpg,test,pustular,usable,non_expert,subtype_classification,acne,1.0,c9baaa4d6415b3ac9dbd81a780286e8d7ba881417f83bebf47f944accb21e648,Cleaned fine-grained classification image. Class: Pustules. Blur score: 74.26.
tiswan_002539,tiswan,cleaned_v1,datasets/skin/acne/final/subtype_classification/test/pustular/tiswan_002539.jpg,test,pustular,borderline,non_expert,subtype_classification,acne,1.0,5f474bd2a0eeee42212fd5c2791aab72762f30d95e37e7e53d7669c548b99f81,Cleaned fine-grained classification image. Class: Pustules. Blur score: 51.92.
tiswan_002540,tiswan,cleaned_v1,datasets/skin/acne/final/subtype_classification/test/pustular/tiswan_002540.jpg,test,pustular,borderline,non_expert,subtype_classification,acne,1.0,ac273d5fd5d14f685261e779f57359f56abd9152b97334bc0cb6fc1596cead97,Cleaned fine-grained classification image. Class: Pustules. Blur score: 59.78.
tiswan_002541,tiswan,cleaned_v1,datasets/skin/acne/final/subtype_classification/test/pustular/tiswan_002541.jpg,test,pustular,borderline,non_expert,subtype_classification,acne,1.0,86e57fa4e754b9eb766cbf57dfcf47db2cc118890d86303c23a3d4761e2214f0,Cleaned fine-grained classification image. Class: Pustules. Blur score: 44.76.
tiswan_002542,tiswan,cleaned_v1,datasets/skin/acne/final/subtype_classification/test/pustular/tiswan_002542.jpg,test,pustular,borderline,non_expert,subtype_classification,acne,1.0,81e98902c85f157b4ac3a0662c55df95ff26f6069252047af924e30a5e0897ff,Cleaned fine-grained classification image. Class: Pustules. Blur score: 59.01.
tiswan_002543,tiswan,cleaned_v1,datasets/skin/acne/final/subtype_classification/test/pustular/tiswan_002543.jpg,test,pustular,usable,non_expert,subtype_classification,acne,1.0,ede1ba2b522f112f64c6067100de419e35c7a88fcf5a9c80c55527df6514ceab,Cleaned fine-grained classification image. Class: Pustules. Blur score: 90.7.
tiswan_002544,tiswan,cleaned_v1,datasets/skin/acne/final/subtype_classification/test/pustular/tiswan_002544.jpg,test,pustular,usable,non_expert,subtype_classification,acne,1.0,eda52371f4684ccb8c590a0ba1f9a2f1babe2167e72dd290ebd6fc2f91d974b7,Cleaned fine-grained classification image. Class: Pustules. Blur score: 71.6.
tiswan_002545,tiswan,cleaned_v1,datasets/skin/acne/final/subtype_classification/test/pustular/tiswan_002545.jpg,test,pustular,usable,non_expert,subtype_classification,acne,1.0,cdc32be270795c45c3c7b85faddbb168b833ab78e2c739866668d5846577c5c0,Cleaned fine-grained classification image. Class: Pustules. Blur score: 86.3.
tiswan_002546,tiswan,cleaned_v1,datasets/skin/acne/final/subtype_classification/test/pustular/tiswan_002546.jpg,test,pustular,usable,non_expert,subtype_classification,acne,1.0,d7eda5e9fa15399368c57a6565ac3de6b2ab247b25e24e534ec06004edb13984,Cleaned fine-grained classification image. Class: Pustules. Blur score: 72.31.
tiswan_002547,tiswan,cleaned_v1,datasets/skin/acne/final/subtype_classification/test/pustular/tiswan_002547.jpg,test,pustular,usable,non_expert,subtype_classification,acne,1.0,0d88a1836e4a1b64f6a7a6d6adfe5326eb18453c3c1939f8d279c42edfd0f779,Cleaned fine-grained classification image. Class: Pustules. Blur score: 102.34.
tiswan_002548,tiswan,cleaned_v1,datasets/skin/acne/final/subtype_classification/test/pustular/tiswan_002548.jpg,test,pustular,borderline,non_expert,subtype_classification,acne,1.0,487c09ff175ec3626515437f9bed3b614ff17b6ec6db41748825621f44f9a7ed,Cleaned fine-grained classification image. Class: Pustules. Blur score: 58.73.
tiswan_002549,tiswan,cleaned_v1,datasets/skin/acne/final/subtype_classification/test/pustular/tiswan_002549.jpg,test,pustular,borderline,non_expert,subtype_classification,acne,1.0,a02e340feb9e822724b90d55f275189c921ca819da3d308e0c7426efc6d2df73,Cleaned fine-grained classification image. Class: Pustules. Blur score: 58.96.
tiswan_002550,tiswan,cleaned_v1,datasets/skin/acne/final/subtype_classification/test/pustular/tiswan_002550.jpg,test,pustular,borderline,non_expert,subtype_classification,acne,1.0,690b9508bdd80347e758630014f0b5c085b05d8082d060ba8b7143c0293608ad,Cleaned fine-grained classification image. Class: Pustules. Blur score: 48.28.
tiswan_002551,tiswan,cleaned_v1,datasets/skin/acne/final/subtype_classification/test/pustular/tiswan_002551.jpg,test,pustular,usable,non_expert,subtype_classification,acne,1.0,34ad7704ea79b7e29819f286c5fac8d2f59095025362a4a6e35cbb9bdec97d90,Cleaned fine-grained classification image. Class: Pustules. Blur score: 102.15.
tiswan_002552,tiswan,cleaned_v1,datasets/skin/acne/final/subtype_classification/test/pustular/tiswan_002552.jpg,test,pustular,usable,non_expert,subtype_classification,acne,1.0,727a9109011d1a88f539fbe2dd65c649b13b3d3e28fb345fe2c4a5e6b2474d43,Cleaned fine-grained classification image. Class: Pustules. Blur score: 71.32.
tiswan_002553,tiswan,cleaned_v1,datasets/skin/acne/final/subtype_classification/test/pustular/tiswan_002553.jpg,test,pustular,usable,non_expert,subtype_classification,acne,1.0,c6742a4c63f3ce74c150a3864e17f1eeaab8ba192cfda57175c8bb7e90c156f7,Cleaned fine-grained classification image. Class: Pustules. Blur score: 140.4.
tiswan_002554,tiswan,cleaned_v1,datasets/skin/acne/final/subtype_classification/test/pustular/tiswan_002554.jpg,test,pustular,usable,non_expert,subtype_classification,acne,1.0,50791083b2585b68a9c126a3be1a2eaef616c79da6904c607f83ccad6213cfd3,Cleaned fine-grained classification image. Class: Pustules. Blur score: 141.19.
tiswan_002555,tiswan,cleaned_v1,datasets/skin/acne/final/subtype_classification/test/pustular/tiswan_002555.jpg,test,pustular,borderline,non_expert,subtype_classification,acne,1.0,3c72bc920762a2a2d5b492e627b95e269359a49b0003eec02af093b7370b951c,Cleaned fine-grained classification image. Class: Pustules. Blur score: 59.84.
tiswan_002556,tiswan,cleaned_v1,datasets/skin/acne/final/subtype_classification/test/pustular/tiswan_002556.jpg,test,pustular,usable,non_expert,subtype_classification,acne,1.0,158eb11af82e4ec4bab00934a10fee82f1400021ef97e26b835a66dbc586e17a,Cleaned fine-grained classification image. Class: Pustules. Blur score: 140.31.
tiswan_002557,tiswan,cleaned_v1,datasets/skin/acne/final/subtype_classification/test/pustular/tiswan_002557.jpg,test,pustular,usable,non_expert,subtype_classification,acne,1.0,caf0cddd0efaff9f432d73b6080985618e9cf0f473f1770f19cb1fcf65df5ceb,Cleaned fine-grained classification image. Class: Pustules. Blur score: 120.73.
tiswan_002558,tiswan,cleaned_v1,datasets/skin/acne/final/subtype_classification/test/pustular/tiswan_002558.jpg,test,pustular,usable,non_expert,subtype_classification,acne,1.0,7f246755377cd49ba522d12cd199aba4f9cf2ca24c95f01270c3cf82eb23b4de,Cleaned fine-grained classification image. Class: Pustules. Blur score: 108.16.
tiswan_002559,tiswan,cleaned_v1,datasets/skin/acne/final/subtype_classification/test/pustular/tiswan_002559.jpg,test,pustular,usable,non_expert,subtype_classification,acne,1.0,439d82c80c47218c26facbfbef1fd77272f58b6ea9774e286ad5a1a3f2671171,Cleaned fine-grained classification image. Class: Pustules. Blur score: 73.27.
tiswan_002560,tiswan,cleaned_v1,datasets/skin/acne/final/subtype_classification/test/pustular/tiswan_002560.jpg,test,pustular,usable,non_expert,subtype_classification,acne,1.0,21c84a79993354c210c5a62bbd96207c7f159681bfbe9d0498647a6ae0ab2100,Cleaned fine-grained classification image. Class: Pustules. Blur score: 104.48.
tiswan_002561,tiswan,cleaned_v1,datasets/skin/acne/final/subtype_classification/test/pustular/tiswan_002561.jpg,test,pustular,usable,non_expert,subtype_classification,acne,1.0,96ff05442ac0d75ded916801225757c4eb59d1fd4caa05932e42a7e0ae62a9c1,Cleaned fine-grained classification image. Class: Pustules. Blur score: 121.72.
tiswan_002562,tiswan,cleaned_v1,datasets/skin/acne/final/subtype_classification/test/pustular/tiswan_002562.jpg,test,pustular,usable,non_expert,subtype_classification,acne,1.0,93b16d743ac946b37395462437ad0fc632a3fddc54e5f0a52b1a50934b621c59,Cleaned fine-grained classification image. Class: Pustules. Blur score: 61.15.
tiswan_002563,tiswan,cleaned_v1,datasets/skin/acne/final/subtype_classification/test/pustular/tiswan_002563.jpg,test,pustular,borderline,non_expert,subtype_classification,acne,1.0,0ea613aa83e9b8b3a9cbf81843c465a5b2f80279e0e46082dbb4ef7669d95472,Cleaned fine-grained classification image. Class: Pustules. Blur score: 50.05.
tiswan_002564,tiswan,cleaned_v1,datasets/skin/acne/final/subtype_classification/test/pustular/tiswan_002564.jpg,test,pustular,usable,non_expert,subtype_classification,acne,1.0,b623f259db2278fc1342a6d138ca20b887cbcb70a27c826a039ca8d78a83c965,Cleaned fine-grained classification image. Class: Pustules. Blur score: 125.11.
tiswan_002565,tiswan,cleaned_v1,datasets/skin/acne/final/subtype_classification/test/pustular/tiswan_002565.jpg,test,pustular,usable,non_expert,subtype_classification,acne,1.0,85645e4e5d0846f415fd1d8dd97dc650449d5863a6493d6935102760a8a3de6b,Cleaned fine-grained classification image. Class: Pustules. Blur score: 68.48.
tiswan_002566,tiswan,cleaned_v1,datasets/skin/acne/final/subtype_classification/test/pustular/tiswan_002566.jpg,test,pustular,borderline,non_expert,subtype_classification,acne,1.0,091c1de3b8eac684b537a4aa62b7571dee1e86b4f57e26d8d3a20f20fb8d269c,Cleaned fine-grained classification image. Class: Pustules. Blur score: 53.5.
tiswan_002567,tiswan,cleaned_v1,datasets/skin/acne/final/subtype_classification/test/pustular/tiswan_002567.jpg,test,pustular,usable,non_expert,subtype_classification,acne,1.0,4858ad51b5d761ce5507ff9d07976f6910ee68e8d6a3a497381304a6f218d16e,Cleaned fine-grained classification image. Class: Pustules. Blur score: 84.17.
tiswan_002568,tiswan,cleaned_v1,datasets/skin/acne/final/subtype_classification/test/pustular/tiswan_002568.jpg,test,pustular,usable,non_expert,subtype_classification,acne,1.0,cec7942c211726534f9899caf54854a2fd61988c6dc776a0e9e4af5f1ae856a8,Cleaned fine-grained classification image. Class: Pustules. Blur score: 82.99.
tiswan_002569,tiswan,cleaned_v1,datasets/skin/acne/final/subtype_classification/test/pustular/tiswan_002569.jpg,test,pustular,usable,non_expert,subtype_classification,acne,1.0,6d5eba4ab2d99e6cdb07d1661b7b79562da25a3272896acce18da61b4c334105,Cleaned fine-grained classification image. Class: Pustules. Blur score: 90.71.
tiswan_002570,tiswan,cleaned_v1,datasets/skin/acne/final/subtype_classification/test/pustular/tiswan_002570.jpg,test,pustular,usable,non_expert,subtype_classification,acne,1.0,699f4941b0ff6dcdceaeb94761562eb0506ae36d36e12e3cf1f0c1be12bf5d83,Cleaned fine-grained classification image. Class: Pustules. Blur score: 80.62.
tiswan_002571,tiswan,cleaned_v1,datasets/skin/acne/final/subtype_classification/test/pustular/tiswan_002571.jpg,test,pustular,usable,non_expert,subtype_classification,acne,1.0,4c91ac25e582c5a81168431060def119c3487e3faddd2d3ac17d1725c11c992b,Cleaned fine-grained classification image. Class: Pustules. Blur score: 60.85.
tiswan_002572,tiswan,cleaned_v1,datasets/skin/acne/final/subtype_classification/test/pustular/tiswan_002572.jpg,test,pustular,borderline,non_expert,subtype_classification,acne,1.0,023face5df4a67bd56eccc990cd873aa97aa4c85b87bf06b5bb00db540948906,Cleaned fine-grained classification image. Class: Pustules. Blur score: 38.5.
tiswan_002573,tiswan,cleaned_v1,datasets/skin/acne/final/subtype_classification/test/pustular/tiswan_002573.jpg,test,pustular,usable,non_expert,subtype_classification,acne,1.0,490c622e240322b6d6e835bcb3a8e41e0777d5929199338816e1890c7751f1a7,Cleaned fine-grained classification image. Class: Pustules. Blur score: 68.22.
tiswan_002574,tiswan,cleaned_v1,datasets/skin/acne/final/subtype_classification/test/pustular/tiswan_002574.jpg,test,pustular,usable,non_expert,subtype_classification,acne,1.0,27e0d9b727fa13e023b86f15bd241ecdc5847fc7bffedb8cf023352609d86569,Cleaned fine-grained classification image. Class: Pustules. Blur score: 66.13.
tiswan_002575,tiswan,cleaned_v1,datasets/skin/acne/final/subtype_classification/test/pustular/tiswan_002575.jpg,test,pustular,borderline,non_expert,subtype_classification,acne,1.0,ea4865feb0f9a90ce730e9068d4d145ad6588cc51b9a00bde52be70c6bb69e58,Cleaned fine-grained classification image. Class: Pustules. Blur score: 39.4.
tiswan_002576,tiswan,cleaned_v1,datasets/skin/acne/final/subtype_classification/test/pustular/tiswan_002576.jpg,test,pustular,usable,non_expert,subtype_classification,acne,1.0,98f26600e59e4d6403680fb41a77a8b56c2dbb6592165ba0d687790fb8c3b780,Cleaned fine-grained classification image. Class: Pustules. Blur score: 74.7.
tiswan_002577,tiswan,cleaned_v1,datasets/skin/acne/final/subtype_classification/test/pustular/tiswan_002577.jpg,test,pustular,usable,non_expert,subtype_classification,acne,1.0,87cc2daef8f2bb8b032180de2e63c7f2c1ef07b2178387add85e5a76c963d921,Cleaned fine-grained classification image. Class: Pustules. Blur score: 108.23.
tiswan_002578,tiswan,cleaned_v1,datasets/skin/acne/final/subtype_classification/test/pustular/tiswan_002578.jpg,test,pustular,usable,non_expert,subtype_classification,acne,1.0,a9c3a70edcdee981cd7be3ccbb0b7acfc574d27907f14997fc58f5bc7a955391,Cleaned fine-grained classification image. Class: Pustules. Blur score: 90.33.
tiswan_002579,tiswan,cleaned_v1,datasets/skin/acne/final/subtype_classification/test/pustular/tiswan_002579.jpg,test,pustular,borderline,non_expert,subtype_classification,acne,1.0,41b6d3de6cc9be2e99effba0978b16a6fcb90f6aa85950f6d13f4ecfc6805c0a,Cleaned fine-grained classification image. Class: Pustules. Blur score: 50.25.
tiswan_002580,tiswan,cleaned_v1,datasets/skin/acne/final/subtype_classification/test/pustular/tiswan_002580.jpg,test,pustular,usable,non_expert,subtype_classification,acne,1.0,5b3d8d8bd322d37767b568ba4c062faff688298d81acdd2e009da693e53d25a0,Cleaned fine-grained classification image. Class: Pustules. Blur score: 95.48.
tiswan_002581,tiswan,cleaned_v1,datasets/skin/acne/final/subtype_classification/test/pustular/tiswan_002581.jpg,test,pustular,usable,non_expert,subtype_classification,acne,1.0,facbe6376e6a5296dae2a2b37f9f4cd1c48c6c87de44d776246e896bb880d2b0,Cleaned fine-grained classification image. Class: Pustules. Blur score: 78.21.
tiswan_002582,tiswan,cleaned_v1,datasets/skin/acne/final/subtype_classification/test/pustular/tiswan_002582.jpg,test,pustular,usable,non_expert,subtype_classification,acne,1.0,f7df1046c98a018a6dde97e0b47d3666927c101ab043cd393346fe4cf54c9659,Cleaned fine-grained classification image. Class: Pustules. Blur score: 104.2.
tiswan_002583,tiswan,cleaned_v1,datasets/skin/acne/final/subtype_classification/test/pustular/tiswan_002583.jpg,test,pustular,usable,non_expert,subtype_classification,acne,1.0,782664265572326cca7f41a6d51dccb63e61db0364ed0ac6721e024997d2f5f8,Cleaned fine-grained classification image. Class: Pustules. Blur score: 127.09.
tiswan_002584,tiswan,cleaned_v1,datasets/skin/acne/final/subtype_classification/test/pustular/tiswan_002584.jpg,test,pustular,usable,non_expert,subtype_classification,acne,1.0,9d6e61fcb562f9e6b23a1cb1a5266e6dec70363c3bd98bb0c7a26c2003c1d522,Cleaned fine-grained classification image. Class: Pustules. Blur score: 82.92.
tiswan_002585,tiswan,cleaned_v1,datasets/skin/acne/final/subtype_classification/test/pustular/tiswan_002585.jpg,test,pustular,usable,non_expert,subtype_classification,acne,1.0,e624e0c782a16929659cc85752ea8b0f27cdb2ebd4637c824cd764b0ad2d29ee,Cleaned fine-grained classification image. Class: Pustules. Blur score: 122.24.
tiswan_002586,tiswan,cleaned_v1,datasets/skin/acne/final/subtype_classification/test/pustular/tiswan_002586.jpg,test,pustular,usable,non_expert,subtype_classification,acne,1.0,9fc9fb03f02bedd4baca81063b6567ae056965279a081a2bd74efacd6637056a,Cleaned fine-grained classification image. Class: Pustules. Blur score: 114.61.
tiswan_002587,tiswan,cleaned_v1,datasets/skin/acne/final/subtype_classification/test/pustular/tiswan_002587.jpg,test,pustular,borderline,non_expert,subtype_classification,acne,1.0,52eb760a2f238654809923d668f809bec4fc882cfad09af124469d58a1c31154,Cleaned fine-grained classification image. Class: Pustules. Blur score: 41.92.
tiswan_002588,tiswan,cleaned_v1,datasets/skin/acne/final/subtype_classification/test/pustular/tiswan_002588.jpg,test,pustular,borderline,non_expert,subtype_classification,acne,1.0,f7e080726726d82c71062dc2b51a0d2587c1216676604985ae274eb072c87104,Cleaned fine-grained classification image. Class: Pustules. Blur score: 59.58.
tiswan_002589,tiswan,cleaned_v1,datasets/skin/acne/final/subtype_classification/test/pustular/tiswan_002589.jpg,test,pustular,borderline,non_expert,subtype_classification,acne,1.0,3f2be75c7562c88b71b787ff79e7288f8988e6d5d7751511711ef56c137b349a,Cleaned fine-grained classification image. Class: Pustules. Blur score: 42.17.
tiswan_002590,tiswan,cleaned_v1,datasets/skin/acne/final/subtype_classification/test/pustular/tiswan_002590.jpg,test,pustular,usable,non_expert,subtype_classification,acne,1.0,7b655762333e64a7f89b2c04ce01827e76b386348e08b3b4d85c8f58917e855f,Cleaned fine-grained classification image. Class: Pustules. Blur score: 75.55.
tiswan_002591,tiswan,cleaned_v1,datasets/skin/acne/final/subtype_classification/test/pustular/tiswan_002591.jpg,test,pustular,borderline,non_expert,subtype_classification,acne,1.0,7ebb3602ea8de541f9f5fbf36860176b03796863909bd67b9660046ea75ae54e,Cleaned fine-grained classification image. Class: Pustules. Blur score: 57.0.
tiswan_002592,tiswan,cleaned_v1,datasets/skin/acne/final/subtype_classification/test/pustular/tiswan_002592.jpg,test,pustular,usable,non_expert,subtype_classification,acne,1.0,18df31787bca0a8e292c2ef4915a3aaf52b6deb7a068653a4bd641484a30eabf,Cleaned fine-grained classification image. Class: Pustules. Blur score: 68.88.
tiswan_002593,tiswan,cleaned_v1,datasets/skin/acne/final/subtype_classification/test/pustular/tiswan_002593.jpg,test,pustular,usable,non_expert,subtype_classification,acne,1.0,8f7c63019a15f4915a5e22644e1e28367b1f476484009f7d428f6c8543337425,Cleaned fine-grained classification image. Class: Pustules. Blur score: 64.08.
tiswan_002594,tiswan,cleaned_v1,datasets/skin/acne/final/subtype_classification/test/pustular/tiswan_002594.jpg,test,pustular,usable,non_expert,subtype_classification,acne,1.0,6d71844af756f4189ad59f6147bfbd4e1d6bb6e84e06e565bb8abe065d425cbb,Cleaned fine-grained classification image. Class: Pustules. Blur score: 72.13.
tiswan_002595,tiswan,cleaned_v1,datasets/skin/acne/final/subtype_classification/test/pustular/tiswan_002595.jpg,test,pustular,usable,non_expert,subtype_classification,acne,1.0,434b147712818c60c9be19fcf771a5acaac3db2c025259c0488903a42800abac,Cleaned fine-grained classification image. Class: Pustules. Blur score: 91.87.
tiswan_002596,tiswan,cleaned_v1,datasets/skin/acne/final/subtype_classification/test/pustular/tiswan_002596.jpg,test,pustular,usable,non_expert,subtype_classification,acne,1.0,dc0ca6c529423ca6645b20dc0472665efafcb88408bb62e36f0d8696d3e59193,Cleaned fine-grained classification image. Class: Pustules. Blur score: 86.07.
tiswan_002597,tiswan,cleaned_v1,datasets/skin/acne/final/subtype_classification/test/pustular/tiswan_002597.jpg,test,pustular,borderline,non_expert,subtype_classification,acne,1.0,4e14293911bcec2d95b6db1d4f0356cd279ab0ab084ee371a6f540f24e40403c,Cleaned fine-grained classification image. Class: Pustules. Blur score: 35.33.
tiswan_002598,tiswan,cleaned_v1,datasets/skin/acne/final/subtype_classification/test/pustular/tiswan_002598.jpg,test,pustular,borderline,non_expert,subtype_classification,acne,1.0,b870df23143417102adcc0ae8e2b14efbb8f8a46156b2fd099c4023d87225dfc,Cleaned fine-grained classification image. Class: Pustules. Blur score: 47.0.
tiswan_002599,tiswan,cleaned_v1,datasets/skin/acne/final/subtype_classification/test/pustular/tiswan_002599.jpg,test,pustular,usable,non_expert,subtype_classification,acne,1.0,1a8aeb79928cf1746864a5f6689d044014cdcb79b0879689b4201a8cf9905e2e,Cleaned fine-grained classification image. Class: Pustules. Blur score: 66.03.
tiswan_002600,tiswan,cleaned_v1,datasets/skin/acne/final/subtype_classification/test/pustular/tiswan_002600.jpg,test,pustular,usable,non_expert,subtype_classification,acne,1.0,0d935cde18b34e40e69ab7d06fccbd343adb0ee0a2a04bea1e4a01c9e22dce93,Cleaned fine-grained classification image. Class: Pustules. Blur score: 94.74.
tiswan_002601,tiswan,cleaned_v1,datasets/skin/acne/final/subtype_classification/test/pustular/tiswan_002601.jpg,test,pustular,borderline,non_expert,subtype_classification,acne,1.0,aa722a7fbfd3c7e37e47367f381d38d40162de8fea29fab869155904ba9cddd8,Cleaned fine-grained classification image. Class: Pustules. Blur score: 50.37.
tiswan_002602,tiswan,cleaned_v1,datasets/skin/acne/final/subtype_classification/test/pustular/tiswan_002602.jpg,test,pustular,usable,non_expert,subtype_classification,acne,1.0,7311d5b15561c98313d2b02ffe4ccc759a8d3e1176b6d95c1e16f96f2daf1fa9,Cleaned fine-grained classification image. Class: Pustules. Blur score: 103.19.
tiswan_002603,tiswan,cleaned_v1,datasets/skin/acne/final/subtype_classification/test/pustular/tiswan_002603.jpg,test,pustular,usable,non_expert,subtype_classification,acne,1.0,8bac21a173aceb9a75ffb56cd9c991aa02554a88723af31faf5a5742c89d2585,Cleaned fine-grained classification image. Class: Pustules. Blur score: 92.97.
tiswan_002604,tiswan,cleaned_v1,datasets/skin/acne/final/subtype_classification/test/pustular/tiswan_002604.jpg,test,pustular,usable,non_expert,subtype_classification,acne,1.0,a04b858173c454eb5148842c9be880fd6b7c5bacf43a832af6ef7cf4b90e5de4,Cleaned fine-grained classification image. Class: Pustules. Blur score: 80.25.
tiswan_002605,tiswan,cleaned_v1,datasets/skin/acne/final/subtype_classification/test/pustular/tiswan_002605.jpg,test,pustular,borderline,non_expert,subtype_classification,acne,1.0,fb1671eed17f1ac37beb9b3cc945fbc45271cb1d7b77f21ada57fbfa1e45a7b1,Cleaned fine-grained classification image. Class: Pustules. Blur score: 47.1.
tiswan_002606,tiswan,cleaned_v1,datasets/skin/acne/final/subtype_classification/test/pustular/tiswan_002606.jpg,test,pustular,usable,non_expert,subtype_classification,acne,1.0,bd4743a7f47b5f74ab28e2eb08d24240906e07b41b3a92fec338541fe502714e,Cleaned fine-grained classification image. Class: Pustules. Blur score: 68.6.
tiswan_002607,tiswan,cleaned_v1,datasets/skin/acne/final/subtype_classification/test/pustular/tiswan_002607.jpg,test,pustular,usable,non_expert,subtype_classification,acne,1.0,8d5f6a40100dc60bc88073342c0fe77a46b6361be46aacabe4d834c1941a2d1a,Cleaned fine-grained classification image. Class: Pustules. Blur score: 92.69.
tiswan_002608,tiswan,cleaned_v1,datasets/skin/acne/final/subtype_classification/test/pustular/tiswan_002608.jpg,test,pustular,usable,non_expert,subtype_classification,acne,1.0,e4f19fc73c4df48f173333f8950347b05c9c506a2c647eb66cfbc7c7009e0f40,Cleaned fine-grained classification image. Class: Pustules. Blur score: 86.03.
tiswan_002609,tiswan,cleaned_v1,datasets/skin/acne/final/subtype_classification/test/pustular/tiswan_002609.jpg,test,pustular,usable,non_expert,subtype_classification,acne,1.0,94fba81396b2b23e9ceb73453d745cfd9d32989c10bbc73581221de7a3fc1419,Cleaned fine-grained classification image. Class: Pustules. Blur score: 95.16.
tiswan_002610,tiswan,cleaned_v1,datasets/skin/acne/final/subtype_classification/test/pustular/tiswan_002610.jpg,test,pustular,borderline,non_expert,subtype_classification,acne,1.0,0251a9c0876918bea751284c4419549d651ebae6df1734ec80d3e01e43204d35,Cleaned fine-grained classification image. Class: Pustules. Blur score: 40.69.
tiswan_002611,tiswan,cleaned_v1,datasets/skin/acne/final/subtype_classification/test/pustular/tiswan_002611.jpg,test,pustular,usable,non_expert,subtype_classification,acne,1.0,273126709a3114067382c8d9a113dd324795abff4279df14de6d164fc79400d7,Cleaned fine-grained classification image. Class: Pustules. Blur score: 109.04.
tiswan_002612,tiswan,cleaned_v1,datasets/skin/acne/final/subtype_classification/test/closed_comedo/tiswan_002612.jpg,test,closed_comedo,borderline,non_expert,subtype_classification,acne,1.0,891875311d0daddb3561ca30a2fe9c022dd849e47803d6414488265944904289,Cleaned fine-grained classification image. Class: Whiteheads. Blur score: 36.25.
tiswan_002613,tiswan,cleaned_v1,datasets/skin/acne/final/subtype_classification/test/closed_comedo/tiswan_002613.jpg,test,closed_comedo,usable,non_expert,subtype_classification,acne,1.0,2e84d9518ce71fec7f4fb3e995d7b6c148d1d14eb49834e9094ab3d96dac8c03,Cleaned fine-grained classification image. Class: Whiteheads. Blur score: 100.54.
tiswan_002614,tiswan,cleaned_v1,datasets/skin/acne/final/subtype_classification/test/closed_comedo/tiswan_002614.jpg,test,closed_comedo,borderline,non_expert,subtype_classification,acne,1.0,1ba41914ddfe70389858bb59e65c236966c2c503f4e223a249b89dfa94568b18,Cleaned fine-grained classification image. Class: Whiteheads. Blur score: 26.02.
tiswan_002615,tiswan,cleaned_v1,datasets/skin/acne/final/subtype_classification/test/closed_comedo/tiswan_002615.jpg,test,closed_comedo,sharp,non_expert,subtype_classification,acne,1.0,3c4f7a63bfad87efa83651bf93bebed663736b82365e2addd38e93033964d6c5,Cleaned fine-grained classification image. Class: Whiteheads. Blur score: 237.56.
tiswan_002616,tiswan,cleaned_v1,datasets/skin/acne/final/subtype_classification/test/closed_comedo/tiswan_002616.jpg,test,closed_comedo,usable,non_expert,subtype_classification,acne,1.0,eb1939fb02a6715d6a825792c924c4a9c07bea67a0fb9cc6147d66e166127fc9,Cleaned fine-grained classification image. Class: Whiteheads. Blur score: 75.13.
tiswan_002617,tiswan,cleaned_v1,datasets/skin/acne/final/subtype_classification/test/closed_comedo/tiswan_002617.jpg,test,closed_comedo,sharp,non_expert,subtype_classification,acne,1.0,592c2ed3686f54c1664ede7ca68b0ff3b965982d42786c353579b00ffa68a3b3,Cleaned fine-grained classification image. Class: Whiteheads. Blur score: 559.78.
tiswan_002618,tiswan,cleaned_v1,datasets/skin/acne/final/subtype_classification/test/closed_comedo/tiswan_002618.jpg,test,closed_comedo,borderline,non_expert,subtype_classification,acne,1.0,877e460a1af8320f0a167cd2a5a74ff0d1a2ff90b6097105ffc1c9187ae65000,Cleaned fine-grained classification image. Class: Whiteheads. Blur score: 20.01.
tiswan_002619,tiswan,cleaned_v1,datasets/skin/acne/final/subtype_classification/test/closed_comedo/tiswan_002619.jpg,test,closed_comedo,poor,non_expert,subtype_classification,acne,1.0,d90641c67f01652e60683de7f6ad6468e7bdc28fbf77f5eb1056cae28a7882ad,Cleaned fine-grained classification image. Class: Whiteheads. Blur score: 19.44.
tiswan_002620,tiswan,cleaned_v1,datasets/skin/acne/final/subtype_classification/test/closed_comedo/tiswan_002620.jpg,test,closed_comedo,poor,non_expert,subtype_classification,acne,1.0,85cdb142980808bbbf42c2470c293b22d749372ef4e64305d50f2bbf92c4660c,Cleaned fine-grained classification image. Class: Whiteheads. Blur score: 16.47.
tiswan_002621,tiswan,cleaned_v1,datasets/skin/acne/final/subtype_classification/test/closed_comedo/tiswan_002621.jpg,test,closed_comedo,usable,non_expert,subtype_classification,acne,1.0,e503b74b1e695049db9dc94849a4742655be485530b5892ff5c548886d48e5cc,Cleaned fine-grained classification image. Class: Whiteheads. Blur score: 74.87.
tiswan_002622,tiswan,cleaned_v1,datasets/skin/acne/final/subtype_classification/test/closed_comedo/tiswan_002622.jpg,test,closed_comedo,borderline,non_expert,subtype_classification,acne,1.0,8766ac7b194483f4462a8e59981b6c221df3491570db200206c5c6aaff3416c9,Cleaned fine-grained classification image. Class: Whiteheads. Blur score: 41.45.
tiswan_002623,tiswan,cleaned_v1,datasets/skin/acne/final/subtype_classification/test/closed_comedo/tiswan_002623.jpg,test,closed_comedo,poor,non_expert,subtype_classification,acne,1.0,e30b3452813a0ebfb342c25901779dfa9e7221ab3c947cde3495fcab15a04189,Cleaned fine-grained classification image. Class: Whiteheads. Blur score: 15.27.
tiswan_002624,tiswan,cleaned_v1,datasets/skin/acne/final/subtype_classification/test/closed_comedo/tiswan_002624.jpg,test,closed_comedo,poor,non_expert,subtype_classification,acne,1.0,9ed95e976ee670b1a18a3464759a88566cffcf1e8a132892af3022ae2cf5cf12,Cleaned fine-grained classification image. Class: Whiteheads. Blur score: 15.49.
tiswan_002625,tiswan,cleaned_v1,datasets/skin/acne/final/subtype_classification/test/closed_comedo/tiswan_002625.jpg,test,closed_comedo,poor,non_expert,subtype_classification,acne,1.0,a55961effb3202f8649986e1c522699ac1bf3f39d8f419e2c5147f8b7c26117f,Cleaned fine-grained classification image. Class: Whiteheads. Blur score: 15.44.
tiswan_002626,tiswan,cleaned_v1,datasets/skin/acne/final/subtype_classification/test/closed_comedo/tiswan_002626.jpg,test,closed_comedo,usable,non_expert,subtype_classification,acne,1.0,0b7f207a6e0e0d62890ac05c5382c21f32f9ba6df2f219697fa623edf3757290,Cleaned fine-grained classification image. Class: Whiteheads. Blur score: 95.61.
tiswan_002627,tiswan,cleaned_v1,datasets/skin/acne/final/subtype_classification/test/closed_comedo/tiswan_002627.jpg,test,closed_comedo,usable,non_expert,subtype_classification,acne,1.0,3db3b5912b40a22f5557f7c29f61bae3596129b565f368248c162b9d30f6bba8,Cleaned fine-grained classification image. Class: Whiteheads. Blur score: 98.55.
tiswan_002628,tiswan,cleaned_v1,datasets/skin/acne/final/subtype_classification/test/closed_comedo/tiswan_002628.jpg,test,closed_comedo,usable,non_expert,subtype_classification,acne,1.0,5474c232a38feae450744fbfee21a085780e12c977b7fdba1a987e7c1be6da40,Cleaned fine-grained classification image. Class: Whiteheads. Blur score: 120.82.
tiswan_002629,tiswan,cleaned_v1,datasets/skin/acne/final/subtype_classification/test/closed_comedo/tiswan_002629.jpg,test,closed_comedo,usable,non_expert,subtype_classification,acne,1.0,93a7ab2430a605fe11cd96fcc35033267d58fdfda5416881b55e2461a696940c,Cleaned fine-grained classification image. Class: Whiteheads. Blur score: 124.01.
tiswan_002630,tiswan,cleaned_v1,datasets/skin/acne/final/subtype_classification/test/closed_comedo/tiswan_002630.jpg,test,closed_comedo,usable,non_expert,subtype_classification,acne,1.0,1ea91670c5dbd4097bdf9bb303e90af80e705a616dec6e76b56ecaf24b5413c2,Cleaned fine-grained classification image. Class: Whiteheads. Blur score: 95.56.
tiswan_002631,tiswan,cleaned_v1,datasets/skin/acne/final/subtype_classification/test/closed_comedo/tiswan_002631.jpg,test,closed_comedo,usable,non_expert,subtype_classification,acne,1.0,69ae7c60736e7e3baa8dff46e1f3b13e60e3dbf981d06d18bef9dc44635a6f26,Cleaned fine-grained classification image. Class: Whiteheads. Blur score: 83.55.
tiswan_002632,tiswan,cleaned_v1,datasets/skin/acne/final/subtype_classification/test/closed_comedo/tiswan_002632.jpg,test,closed_comedo,usable,non_expert,subtype_classification,acne,1.0,4f964b98911568357e3d62188a6beab1ce2b2aa4eacc901a78ca6bef65fb827c,Cleaned fine-grained classification image. Class: Whiteheads. Blur score: 81.19.
dermnet_000001,dermnet,dermnet_cleaned_v1,datasets/skin/acne/final/subtype_classification/train/closed_comedo/dermnet_000001.jpg,train,closed_comedo,sharp,dermatologist_expert,clinical_reference,acne,1.3,d95c49f044328c21f1c88ce03682dc7eb24a48f883d11ca9254a7998a1ff0716,DermNet clean acne atlas image. Subtype: closed_comedo. Blur score: 312.51.
dermnet_000002,dermnet,dermnet_cleaned_v1,datasets/skin/acne/final/subtype_classification/train/closed_comedo/dermnet_000002.jpg,train,closed_comedo,sharp,dermatologist_expert,clinical_reference,acne,1.3,7d4fe7c238cacb6e19687af137b666e48b4681d94271fbc3cd69eb5ad80af987,DermNet clean acne atlas image. Subtype: closed_comedo. Blur score: 788.49.
dermnet_000003,dermnet,dermnet_cleaned_v1,datasets/skin/acne/final/subtype_classification/train/closed_comedo/dermnet_000003.jpg,train,closed_comedo,usable,dermatologist_expert,clinical_reference,acne,1.3,817dc2d7714a9120df69c2cd35a1f15d07e5c751dbc94bea0a6b66f386890ba0,DermNet clean acne atlas image. Subtype: closed_comedo. Blur score: 147.15.
dermnet_000004,dermnet,dermnet_cleaned_v1,datasets/skin/acne/final/subtype_classification/train/closed_comedo/dermnet_000004.jpg,train,closed_comedo,usable,dermatologist_expert,clinical_reference,acne,1.3,1727a6ed82817cb8fa951903c1e1c3938fe2603c2cbd262120d232922a22ed5f,DermNet clean acne atlas image. Subtype: closed_comedo. Blur score: 111.4.
dermnet_000005,dermnet,dermnet_cleaned_v1,datasets/skin/acne/final/subtype_classification/train/closed_comedo/dermnet_000005.jpg,train,closed_comedo,sharp,dermatologist_expert,clinical_reference,acne,1.3,dbbcf0d785e13c0f05a2a834fcd8db4eebaf7b2980fe533f7b0969020d9db454,DermNet clean acne atlas image. Subtype: closed_comedo. Blur score: 980.91.
dermnet_000006,dermnet,dermnet_cleaned_v1,datasets/skin/acne/final/subtype_classification/train/closed_comedo/dermnet_000006.jpg,train,closed_comedo,usable,dermatologist_expert,clinical_reference,acne,1.3,5169c7c0ad61d1ab8639bb853d1296e8fcf1fe8720e56284028913bd476f9525,DermNet clean acne atlas image. Subtype: closed_comedo. Blur score: 77.16.
dermnet_000007,dermnet,dermnet_cleaned_v1,datasets/skin/acne/final/subtype_classification/train/closed_comedo/dermnet_000007.jpg,train,closed_comedo,sharp,dermatologist_expert,clinical_reference,acne,1.3,1b18bf42af4101b877c40abaa518d6459a56d424c6c66610087907648cd7b1d1,DermNet clean acne atlas image. Subtype: closed_comedo. Blur score: 196.94.
dermnet_000008,dermnet,dermnet_cleaned_v1,datasets/skin/acne/final/subtype_classification/train/closed_comedo/dermnet_000008.jpg,train,closed_comedo,borderline,dermatologist_expert,clinical_reference,acne,1.3,80601c6aff8a9971bf49b06e9c30cd1386c7447a69ae2daa807b64c2508eb40f,DermNet clean acne atlas image. Subtype: closed_comedo. Blur score: 36.89.
dermnet_000009,dermnet,dermnet_cleaned_v1,datasets/skin/acne/final/subtype_classification/train/closed_comedo/dermnet_000009.jpg,train,closed_comedo,sharp,dermatologist_expert,clinical_reference,acne,1.3,769bd7cefdb979d8c46566843f9b9e50daf53a32ae08f5ebb1c387649969bda3,DermNet clean acne atlas image. Subtype: closed_comedo. Blur score: 532.8.
dermnet_000010,dermnet,dermnet_cleaned_v1,datasets/skin/acne/final/subtype_classification/train/closed_comedo/dermnet_000010.jpg,train,closed_comedo,sharp,dermatologist_expert,clinical_reference,acne,1.3,c700edc6db5f64187cea9765bddb4339c594892fbb9df78757347404c43ebe09,DermNet clean acne atlas image. Subtype: closed_comedo. Blur score: 2230.09.
dermnet_000011,dermnet,dermnet_cleaned_v1,datasets/skin/acne/final/subtype_classification/train/closed_comedo/dermnet_000011.jpg,train,closed_comedo,sharp,dermatologist_expert,clinical_reference,acne,1.3,72a39b2a4f778a92a7067968638720da008fd81818eaa9ea91b7b2987bca7ab9,DermNet clean acne atlas image. Subtype: closed_comedo. Blur score: 1853.37.
dermnet_000012,dermnet,dermnet_cleaned_v1,datasets/skin/acne/final/subtype_classification/train/closed_comedo/dermnet_000012.jpg,train,closed_comedo,sharp,dermatologist_expert,clinical_reference,acne,1.3,65b44f20cbcf197ed84d47ac225c687961336aa2269bffea663def8284f7ee75,DermNet clean acne atlas image. Subtype: closed_comedo. Blur score: 2045.99.
dermnet_000013,dermnet,dermnet_cleaned_v1,datasets/skin/acne/final/subtype_classification/train/closed_comedo/dermnet_000013.jpg,train,closed_comedo,sharp,dermatologist_expert,clinical_reference,acne,1.3,33d607b149e23c70a1859d3b97264edb44a9f53ef5a2b16507b8e6020c88272a,DermNet clean acne atlas image. Subtype: closed_comedo. Blur score: 1654.93.
dermnet_000014,dermnet,dermnet_cleaned_v1,datasets/skin/acne/final/subtype_classification/train/closed_comedo/dermnet_000014.jpg,train,closed_comedo,sharp,dermatologist_expert,clinical_reference,acne,1.3,924ebf0ac37a26d0b02e5827b4afb28bd4b5bc090583e58657dfe2d0636c0c5c,DermNet clean acne atlas image. Subtype: closed_comedo. Blur score: 1070.16.
dermnet_000015,dermnet,dermnet_cleaned_v1,datasets/skin/acne/final/subtype_classification/train/closed_comedo/dermnet_000015.jpg,train,closed_comedo,sharp,dermatologist_expert,clinical_reference,acne,1.3,e63f6cca337d04616495ff5635b4341ee9d9abc6cb02ef0525b5f3a3cf0a418b,DermNet clean acne atlas image. Subtype: closed_comedo. Blur score: 296.26.
dermnet_000016,dermnet,dermnet_cleaned_v1,datasets/skin/acne/final/subtype_classification/train/closed_comedo/dermnet_000016.jpg,train,closed_comedo,usable,dermatologist_expert,clinical_reference,acne,1.3,db826a23b7facad10fabe7b4107561ca507c09047775ad02ca845b6234b3c17a,DermNet clean acne atlas image. Subtype: closed_comedo. Blur score: 97.69.
dermnet_000017,dermnet,dermnet_cleaned_v1,datasets/skin/acne/final/subtype_classification/train/closed_comedo/dermnet_000017.jpg,train,closed_comedo,borderline,dermatologist_expert,clinical_reference,acne,1.3,14c26bf162b8a2e310043fa65192c218137a1376ab98892ec45fd45a17fd4891,DermNet clean acne atlas image. Subtype: closed_comedo. Blur score: 44.53.
dermnet_000018,dermnet,dermnet_cleaned_v1,datasets/skin/acne/final/subtype_classification/train/closed_comedo/dermnet_000018.jpg,train,closed_comedo,sharp,dermatologist_expert,clinical_reference,acne,1.3,a5171074b1f7b17e104a5fc48d48c1a7717ae85e9d75b32fcb20d641c5b9f6c0,DermNet clean acne atlas image. Subtype: closed_comedo. Blur score: 2436.41.
dermnet_000019,dermnet,dermnet_cleaned_v1,datasets/skin/acne/final/subtype_classification/train/closed_comedo/dermnet_000019.jpg,train,closed_comedo,sharp,dermatologist_expert,clinical_reference,acne,1.3,b2cd6eadf74656d085c64f513c8ed19684f0d20de534681a919060c58565eafd,DermNet clean acne atlas image. Subtype: closed_comedo. Blur score: 2059.05.
dermnet_000020,dermnet,dermnet_cleaned_v1,datasets/skin/acne/final/subtype_classification/train/closed_comedo/dermnet_000020.jpg,train,closed_comedo,sharp,dermatologist_expert,clinical_reference,acne,1.3,202bf4434d0b9bb61c185a7ecf9604033f8f0ca8688555ea1d0c66764c514d77,DermNet clean acne atlas image. Subtype: closed_comedo. Blur score: 846.56.
dermnet_000021,dermnet,dermnet_cleaned_v1,datasets/skin/acne/final/subtype_classification/train/closed_comedo/dermnet_000021.jpg,train,closed_comedo,sharp,dermatologist_expert,clinical_reference,acne,1.3,02a0f56ee764a2630507b28e0571bbd59d7436330f63db9733a6e456ec9c851a,DermNet clean acne atlas image. Subtype: closed_comedo. Blur score: 956.06.
dermnet_000022,dermnet,dermnet_cleaned_v1,datasets/skin/acne/final/subtype_classification/train/closed_comedo/dermnet_000022.jpg,train,closed_comedo,sharp,dermatologist_expert,clinical_reference,acne,1.3,8000be908fc24e2ad11504a1c46fac3ae206f2b56e7fc0bc94c91886c84a2889,DermNet clean acne atlas image. Subtype: closed_comedo. Blur score: 592.18.
dermnet_000023,dermnet,dermnet_cleaned_v1,datasets/skin/acne/final/subtype_classification/train/closed_comedo/dermnet_000023.jpg,train,closed_comedo,sharp,dermatologist_expert,clinical_reference,acne,1.3,77f685852af9593a8b52a31e4bfb53a65771aaf543ebd1b43b99a60858772f6e,DermNet clean acne atlas image. Subtype: closed_comedo. Blur score: 840.36.
dermnet_000024,dermnet,dermnet_cleaned_v1,datasets/skin/acne/final/subtype_classification/train/cystic/dermnet_000024.jpg,train,cystic,sharp,dermatologist_expert,clinical_reference,acne,1.3,9bdf0f4694adb1b8691800ac288e42741338f868141c4ea9db16a2cd96aa304a,DermNet clean acne atlas image. Subtype: cystic. Blur score: 281.24.
dermnet_000025,dermnet,dermnet_cleaned_v1,datasets/skin/acne/final/subtype_classification/train/cystic/dermnet_000025.jpg,train,cystic,sharp,dermatologist_expert,clinical_reference,acne,1.3,c3ed07e3833126cc6a5dde9ba11958e250607712f6ef74553827ee0fb60220fd,DermNet clean acne atlas image. Subtype: cystic. Blur score: 915.53.
dermnet_000026,dermnet,dermnet_cleaned_v1,datasets/skin/acne/final/subtype_classification/train/cystic/dermnet_000026.jpg,train,cystic,sharp,dermatologist_expert,clinical_reference,acne,1.3,0fb4471fa58957cf6055ddf512717e2abf22daaf786ded346edeb051bcb97062,DermNet clean acne atlas image. Subtype: cystic. Blur score: 228.37.
dermnet_000027,dermnet,dermnet_cleaned_v1,datasets/skin/acne/final/subtype_classification/train/cystic/dermnet_000027.jpg,train,cystic,sharp,dermatologist_expert,clinical_reference,acne,1.3,212fea22a661b2cf99d0faeb70629efe8d8801efb9ee505a8392b47f29fd9ddc,DermNet clean acne atlas image. Subtype: cystic. Blur score: 862.82.
dermnet_000028,dermnet,dermnet_cleaned_v1,datasets/skin/acne/final/subtype_classification/train/cystic/dermnet_000028.jpg,train,cystic,sharp,dermatologist_expert,clinical_reference,acne,1.3,6a77b454fbc43b04508a9b3df030852cf45caadb381eaf6454e05a75a21208cc,DermNet clean acne atlas image. Subtype: cystic. Blur score: 1312.54.
dermnet_000029,dermnet,dermnet_cleaned_v1,datasets/skin/acne/final/subtype_classification/train/cystic/dermnet_000029.jpg,train,cystic,sharp,dermatologist_expert,clinical_reference,acne,1.3,31dc7d4c7f693938c81eb671cd1619b6479ac6ba9841a1f5b4e1eb7f8a30e6e7,DermNet clean acne atlas image. Subtype: cystic. Blur score: 899.64.
dermnet_000030,dermnet,dermnet_cleaned_v1,datasets/skin/acne/final/subtype_classification/train/cystic/dermnet_000030.jpg,train,cystic,sharp,dermatologist_expert,clinical_reference,acne,1.3,c90d4aa51b9387bd28617153f58fe1e3026b1e4cb93130c2a29b985ee605c20a,DermNet clean acne atlas image. Subtype: cystic. Blur score: 245.41.
dermnet_000031,dermnet,dermnet_cleaned_v1,datasets/skin/acne/final/subtype_classification/train/cystic/dermnet_000031.jpg,train,cystic,sharp,dermatologist_expert,clinical_reference,acne,1.3,599c7b176e8c484e9ba1afb758a3cf67d295d93b3955c0d8f88cc9b9ab63847e,DermNet clean acne atlas image. Subtype: cystic. Blur score: 305.54.
dermnet_000032,dermnet,dermnet_cleaned_v1,datasets/skin/acne/final/subtype_classification/train/cystic/dermnet_000032.jpg,train,cystic,sharp,dermatologist_expert,clinical_reference,acne,1.3,587d8f52ccc744f7b3d0644b390ae01444ef22eef94f8c961ee8d1d89d673c82,DermNet clean acne atlas image. Subtype: cystic. Blur score: 161.32.
dermnet_000033,dermnet,dermnet_cleaned_v1,datasets/skin/acne/final/subtype_classification/train/cystic/dermnet_000033.jpg,train,cystic,sharp,dermatologist_expert,clinical_reference,acne,1.3,07b066fd2ea3fe67a33ed1a8f745e60aafd8a35c7d618f3c30e418d9b2004a98,DermNet clean acne atlas image. Subtype: cystic. Blur score: 829.22.
dermnet_000034,dermnet,dermnet_cleaned_v1,datasets/skin/acne/final/subtype_classification/train/cystic/dermnet_000034.jpg,train,cystic,sharp,dermatologist_expert,clinical_reference,acne,1.3,a81583c849c59f4c0ab2f55ec9c5d524067dc3b4264899cc970c6f789597be81,DermNet clean acne atlas image. Subtype: cystic. Blur score: 229.78.
dermnet_000035,dermnet,dermnet_cleaned_v1,datasets/skin/acne/final/subtype_classification/train/cystic/dermnet_000035.jpg,train,cystic,sharp,dermatologist_expert,clinical_reference,acne,1.3,59b7d00045df3c54b5b2c2fa49dd96cb28275968e3c0fbcac1f3c3ad949c2794,DermNet clean acne atlas image. Subtype: cystic. Blur score: 1178.72.
dermnet_000036,dermnet,dermnet_cleaned_v1,datasets/skin/acne/final/subtype_classification/train/cystic/dermnet_000036.jpg,train,cystic,sharp,dermatologist_expert,clinical_reference,acne,1.3,737abe82976704f6446dd426c20ef3f9fb8305912cd65de07044d86c3f370edd,DermNet clean acne atlas image. Subtype: cystic. Blur score: 2316.85.
dermnet_000037,dermnet,dermnet_cleaned_v1,datasets/skin/acne/final/subtype_classification/train/cystic/dermnet_000037.jpg,train,cystic,sharp,dermatologist_expert,clinical_reference,acne,1.3,50d87208b682d4876be0c247155e1dcea419158553cb40f1b449a147c8b74768,DermNet clean acne atlas image. Subtype: cystic. Blur score: 1096.36.
dermnet_000038,dermnet,dermnet_cleaned_v1,datasets/skin/acne/final/subtype_classification/train/cystic/dermnet_000038.jpg,train,cystic,sharp,dermatologist_expert,clinical_reference,acne,1.3,9e3b6bcbc2593d8929497621849de7223ab6e7a77b8a353a6375f82233cef02a,DermNet clean acne atlas image. Subtype: cystic. Blur score: 547.96.
dermnet_000039,dermnet,dermnet_cleaned_v1,datasets/skin/acne/final/subtype_classification/train/cystic/dermnet_000039.jpg,train,cystic,sharp,dermatologist_expert,clinical_reference,acne,1.3,f3b42bdc5ab9ba3ff98f2116af5d66fd784a915265ad9459d8dac1bb3968d3a7,DermNet clean acne atlas image. Subtype: cystic. Blur score: 406.55.
dermnet_000040,dermnet,dermnet_cleaned_v1,datasets/skin/acne/final/subtype_classification/train/cystic/dermnet_000040.jpg,train,cystic,usable,dermatologist_expert,clinical_reference,acne,1.3,955d2305f67b9a4a39776b49b1113da2b61f68ee41cdbb25babb5fd30e110785,DermNet clean acne atlas image. Subtype: cystic. Blur score: 141.73.
dermnet_000041,dermnet,dermnet_cleaned_v1,datasets/skin/acne/final/subtype_classification/train/cystic/dermnet_000041.jpg,train,cystic,sharp,dermatologist_expert,clinical_reference,acne,1.3,72b70e6d7be39fbf32e51173995d8f907b71c8ef38ced0faa1f152e7756e9d7b,DermNet clean acne atlas image. Subtype: cystic. Blur score: 256.87.
dermnet_000042,dermnet,dermnet_cleaned_v1,datasets/skin/acne/final/subtype_classification/train/cystic/dermnet_000042.jpg,train,cystic,sharp,dermatologist_expert,clinical_reference,acne,1.3,4c8d6a1a5081dd01497b22a94740bf3d4acdceec9d5240f2f683da7d26b153be,DermNet clean acne atlas image. Subtype: cystic. Blur score: 1003.58.
dermnet_000043,dermnet,dermnet_cleaned_v1,datasets/skin/acne/final/subtype_classification/train/cystic/dermnet_000043.jpg,train,cystic,sharp,dermatologist_expert,clinical_reference,acne,1.3,cf10bc239265928b6e142b883ab9b48c05ffe4a23a1e0deb92d2cdd02ad53696,DermNet clean acne atlas image. Subtype: cystic. Blur score: 1459.23.
dermnet_000044,dermnet,dermnet_cleaned_v1,datasets/skin/acne/final/subtype_classification/train/cystic/dermnet_000044.jpg,train,cystic,sharp,dermatologist_expert,clinical_reference,acne,1.3,ead4661a116215f40329bc4a7a0b32d7e04b8d731c89b011fa3358c5b11f5beb,DermNet clean acne atlas image. Subtype: cystic. Blur score: 2554.66.
dermnet_000045,dermnet,dermnet_cleaned_v1,datasets/skin/acne/final/subtype_classification/train/cystic/dermnet_000045.jpg,train,cystic,sharp,dermatologist_expert,clinical_reference,acne,1.3,e1fd4fb5f7bd02b2d33496ee2fe61e09c573f2147c3af253a72d82ffb0fe7d17,DermNet clean acne atlas image. Subtype: cystic. Blur score: 898.67.
dermnet_000046,dermnet,dermnet_cleaned_v1,datasets/skin/acne/final/subtype_classification/train/cystic/dermnet_000046.jpg,train,cystic,sharp,dermatologist_expert,clinical_reference,acne,1.3,6884a6d089507fb5c890491f921f70daa4830b8367ebd9d82ee7770407ac9b13,DermNet clean acne atlas image. Subtype: cystic. Blur score: 1465.01.
dermnet_000047,dermnet,dermnet_cleaned_v1,datasets/skin/acne/final/subtype_classification/train/cystic/dermnet_000047.jpg,train,cystic,sharp,dermatologist_expert,clinical_reference,acne,1.3,69c98380157ff8bbb54f30681e673dfd2b3648ad584284727026f030e2eb1bac,DermNet clean acne atlas image. Subtype: cystic. Blur score: 1318.97.
dermnet_000048,dermnet,dermnet_cleaned_v1,datasets/skin/acne/final/subtype_classification/train/cystic/dermnet_000048.jpg,train,cystic,sharp,dermatologist_expert,clinical_reference,acne,1.3,b18d1b40e55ccef03e7d450824248635e80596ba4fdc5f2c37a89c5a2cf80f8b,DermNet clean acne atlas image. Subtype: cystic. Blur score: 2461.77.
dermnet_000049,dermnet,dermnet_cleaned_v1,datasets/skin/acne/final/subtype_classification/train/cystic/dermnet_000049.jpg,train,cystic,sharp,dermatologist_expert,clinical_reference,acne,1.3,789d88337be3f8409865ed5f2148e75471c79e00c90e5cb35bb28e497087ca8c,DermNet clean acne atlas image. Subtype: cystic. Blur score: 1853.01.
dermnet_000050,dermnet,dermnet_cleaned_v1,datasets/skin/acne/final/subtype_classification/train/cystic/dermnet_000050.jpg,train,cystic,sharp,dermatologist_expert,clinical_reference,acne,1.3,21b957a8e9b18f74486a96328080204a1de8dc68c6927f3f7a99a4e0fead7a51,DermNet clean acne atlas image. Subtype: cystic. Blur score: 1153.18.
dermnet_000051,dermnet,dermnet_cleaned_v1,datasets/skin/acne/final/subtype_classification/train/cystic/dermnet_000051.jpg,train,cystic,sharp,dermatologist_expert,clinical_reference,acne,1.3,4a9ae332ba2af62a6cd7bd42945db078a8a7af65f610fe944a7f70bdd965032e,DermNet clean acne atlas image. Subtype: cystic. Blur score: 1434.38.
dermnet_000052,dermnet,dermnet_cleaned_v1,datasets/skin/acne/final/subtype_classification/train/cystic/dermnet_000052.jpg,train,cystic,sharp,dermatologist_expert,clinical_reference,acne,1.3,c13bb592f573589f1e8cddb349a84e336e5ce4ee5fc4f5729333b52af30c3c3e,DermNet clean acne atlas image. Subtype: cystic. Blur score: 1470.62.
dermnet_000053,dermnet,dermnet_cleaned_v1,datasets/skin/acne/final/subtype_classification/train/cystic/dermnet_000053.jpg,train,cystic,sharp,dermatologist_expert,clinical_reference,acne,1.3,33a20f88f4a4057a47869e33b1b6f2ba6f8f9c8edac01d4ebc159296e95305ec,DermNet clean acne atlas image. Subtype: cystic. Blur score: 1053.03.
dermnet_000054,dermnet,dermnet_cleaned_v1,datasets/skin/acne/final/subtype_classification/train/cystic/dermnet_000054.jpg,train,cystic,sharp,dermatologist_expert,clinical_reference,acne,1.3,7ab00a96c8094eb0139a10aee82ecb14af9bb8cbcfcbf1e76cda6cbecceb4a7f,DermNet clean acne atlas image. Subtype: cystic. Blur score: 1526.15.
dermnet_000055,dermnet,dermnet_cleaned_v1,datasets/skin/acne/final/subtype_classification/train/cystic/dermnet_000055.jpg,train,cystic,sharp,dermatologist_expert,clinical_reference,acne,1.3,e35901c1c3d255a3254c22d600c02fd4c81310c668349f7103b7363ea2714948,DermNet clean acne atlas image. Subtype: cystic. Blur score: 425.92.
dermnet_000056,dermnet,dermnet_cleaned_v1,datasets/skin/acne/final/subtype_classification/train/cystic/dermnet_000056.jpg,train,cystic,sharp,dermatologist_expert,clinical_reference,acne,1.3,25a44b80461404d4decedd5dd72b63e00446733a800bd93e62fefa054347c918,DermNet clean acne atlas image. Subtype: cystic. Blur score: 529.61.
dermnet_000057,dermnet,dermnet_cleaned_v1,datasets/skin/acne/final/subtype_classification/train/cystic/dermnet_000057.jpg,train,cystic,sharp,dermatologist_expert,clinical_reference,acne,1.3,09eed89d0a761071375679a13e2d0d62a111a43491000c203352f63a0aa28b24,DermNet clean acne atlas image. Subtype: cystic. Blur score: 363.65.
dermnet_000058,dermnet,dermnet_cleaned_v1,datasets/skin/acne/final/subtype_classification/train/cystic/dermnet_000058.jpg,train,cystic,sharp,dermatologist_expert,clinical_reference,acne,1.3,df4dbb2979642b1a6d0aafe2db1b1802c1ba956e5fef827d204e67c03f99285e,DermNet clean acne atlas image. Subtype: cystic. Blur score: 440.69.
dermnet_000059,dermnet,dermnet_cleaned_v1,datasets/skin/acne/final/subtype_classification/train/cystic/dermnet_000059.jpg,train,cystic,sharp,dermatologist_expert,clinical_reference,acne,1.3,48bcea410d0b4f912034729a12689673108fbafb143c9c98087ec8b645faa73c,DermNet clean acne atlas image. Subtype: cystic. Blur score: 279.23.
dermnet_000060,dermnet,dermnet_cleaned_v1,datasets/skin/acne/final/subtype_classification/train/cystic/dermnet_000060.jpg,train,cystic,sharp,dermatologist_expert,clinical_reference,acne,1.3,cda6e9cf885c4a5f878817942260330f0c05c9c062f40a685255a2ffbcf65388,DermNet clean acne atlas image. Subtype: cystic. Blur score: 777.46.
dermnet_000061,dermnet,dermnet_cleaned_v1,datasets/skin/acne/final/subtype_classification/train/cystic/dermnet_000061.jpg,train,cystic,sharp,dermatologist_expert,clinical_reference,acne,1.3,7884e03c044e64b09553a22e703ebfd0d0068531db23b8be330e271af1b6ed04,DermNet clean acne atlas image. Subtype: cystic. Blur score: 640.87.
dermnet_000062,dermnet,dermnet_cleaned_v1,datasets/skin/acne/final/subtype_classification/train/cystic/dermnet_000062.jpg,train,cystic,sharp,dermatologist_expert,clinical_reference,acne,1.3,f0f8784561506d3ef0615cf987569e38c4370d675af14745e6dd3784c66cccb6,DermNet clean acne atlas image. Subtype: cystic. Blur score: 760.91.
dermnet_000063,dermnet,dermnet_cleaned_v1,datasets/skin/acne/final/subtype_classification/train/cystic/dermnet_000063.jpg,train,cystic,sharp,dermatologist_expert,clinical_reference,acne,1.3,7251dc230b028260eda10f9c80d0490d59b22ecf63b3f8de4d5d3c277fb1a4d3,DermNet clean acne atlas image. Subtype: cystic. Blur score: 598.56.
dermnet_000064,dermnet,dermnet_cleaned_v1,datasets/skin/acne/final/subtype_classification/train/cystic/dermnet_000064.jpg,train,cystic,sharp,dermatologist_expert,clinical_reference,acne,1.3,82f5ba8bf8980681e29e1c9f71970471998a1b077546c5bd19b31ee0c4edadc7,DermNet clean acne atlas image. Subtype: cystic. Blur score: 466.38.
dermnet_000065,dermnet,dermnet_cleaned_v1,datasets/skin/acne/final/subtype_classification/train/cystic/dermnet_000065.jpg,train,cystic,sharp,dermatologist_expert,clinical_reference,acne,1.3,d25cb3c4fce4831dd7045e90ba2107b11d848523a1e13b63da72fe153dc52ab3,DermNet clean acne atlas image. Subtype: cystic. Blur score: 619.52.
dermnet_000066,dermnet,dermnet_cleaned_v1,datasets/skin/acne/final/subtype_classification/train/cystic/dermnet_000066.jpg,train,cystic,sharp,dermatologist_expert,clinical_reference,acne,1.3,c8d2791da05bd1646c23c24cd94faebc3b03e97fbbf8882e56fddf93fc6f0ac4,DermNet clean acne atlas image. Subtype: cystic. Blur score: 1050.58.
dermnet_000067,dermnet,dermnet_cleaned_v1,datasets/skin/acne/final/subtype_classification/train/cystic/dermnet_000067.jpg,train,cystic,sharp,dermatologist_expert,clinical_reference,acne,1.3,5d4643d6787ae1411187cafb535e672b374939e2d395b715d66dd7f8170bbdb9,DermNet clean acne atlas image. Subtype: cystic. Blur score: 672.05.
dermnet_000068,dermnet,dermnet_cleaned_v1,datasets/skin/acne/final/subtype_classification/train/cystic/dermnet_000068.jpg,train,cystic,sharp,dermatologist_expert,clinical_reference,acne,1.3,222a505eb7e4edb030a7f6e9e2017462973174fe54ecbd09eadbd79f399f9e9a,DermNet clean acne atlas image. Subtype: cystic. Blur score: 153.98.
dermnet_000069,dermnet,dermnet_cleaned_v1,datasets/skin/acne/final/subtype_classification/train/cystic/dermnet_000069.jpg,train,cystic,sharp,dermatologist_expert,clinical_reference,acne,1.3,850415d081a398dde98bc5b617117b4f65252dab1fe11780ddbe7a23115697a7,DermNet clean acne atlas image. Subtype: cystic. Blur score: 879.07.
dermnet_000070,dermnet,dermnet_cleaned_v1,datasets/skin/acne/final/subtype_classification/train/cystic/dermnet_000070.jpg,train,cystic,sharp,dermatologist_expert,clinical_reference,acne,1.3,07ad29b3c00e5bc3809e3500263ac1f6cefee841f8ce276760f79c82a567478c,DermNet clean acne atlas image. Subtype: cystic. Blur score: 1211.98.
dermnet_000071,dermnet,dermnet_cleaned_v1,datasets/skin/acne/final/subtype_classification/train/cystic/dermnet_000071.jpg,train,cystic,sharp,dermatologist_expert,clinical_reference,acne,1.3,1677e006fb57a15154ce2de0586ee3293e73183a5c956612876d14eb342fa43c,DermNet clean acne atlas image. Subtype: cystic. Blur score: 1699.55.
dermnet_000072,dermnet,dermnet_cleaned_v1,datasets/skin/acne/final/subtype_classification/train/cystic/dermnet_000072.jpg,train,cystic,sharp,dermatologist_expert,clinical_reference,acne,1.3,b93413c727aa07dd30a7ff3da94e2823a5ed9351408df1507bc33628bde15722,DermNet clean acne atlas image. Subtype: cystic. Blur score: 164.48.
dermnet_000073,dermnet,dermnet_cleaned_v1,datasets/skin/acne/final/subtype_classification/train/cystic/dermnet_000073.jpg,train,cystic,sharp,dermatologist_expert,clinical_reference,acne,1.3,fdd7c6dc5b419d63319299ed430c533eb79d052d6ba40f264abb24ae5e6ff41e,DermNet clean acne atlas image. Subtype: cystic. Blur score: 387.68.
dermnet_000074,dermnet,dermnet_cleaned_v1,datasets/skin/acne/final/subtype_classification/train/cystic/dermnet_000074.jpg,train,cystic,sharp,dermatologist_expert,clinical_reference,acne,1.3,d7024095ea5c4bb0756a4e7b77a0a9aa134a4006edb8662517a91306ca223977,DermNet clean acne atlas image. Subtype: cystic. Blur score: 628.86.
dermnet_000075,dermnet,dermnet_cleaned_v1,datasets/skin/acne/final/subtype_classification/train/cystic/dermnet_000075.jpg,train,cystic,sharp,dermatologist_expert,clinical_reference,acne,1.3,a608842b563588dbe41ca9aed7242ca633da405cd40dac293960a65a983c7063,DermNet clean acne atlas image. Subtype: cystic. Blur score: 845.18.
dermnet_000076,dermnet,dermnet_cleaned_v1,datasets/skin/acne/final/subtype_classification/train/cystic/dermnet_000076.jpg,train,cystic,sharp,dermatologist_expert,clinical_reference,acne,1.3,619854476d0b736ea84ef21d07749e735bc4b9ad65b72a4c4a16724209b15e0f,DermNet clean acne atlas image. Subtype: cystic. Blur score: 245.78.
dermnet_000077,dermnet,dermnet_cleaned_v1,datasets/skin/acne/final/subtype_classification/train/cystic/dermnet_000077.jpg,train,cystic,sharp,dermatologist_expert,clinical_reference,acne,1.3,b59793a67f2f579e692d973383acc9006264d67aa04db68219edb6d6a07c4e8b,DermNet clean acne atlas image. Subtype: cystic. Blur score: 3501.48.
dermnet_000078,dermnet,dermnet_cleaned_v1,datasets/skin/acne/final/subtype_classification/train/cystic/dermnet_000078.jpg,train,cystic,sharp,dermatologist_expert,clinical_reference,acne,1.3,34ae7365cf2d9938b793d35a6da67a236dcd4ead270f8b1814a9b9011d6022a1,DermNet clean acne atlas image. Subtype: cystic. Blur score: 4743.83.
dermnet_000079,dermnet,dermnet_cleaned_v1,datasets/skin/acne/final/subtype_classification/train/cystic/dermnet_000079.jpg,train,cystic,sharp,dermatologist_expert,clinical_reference,acne,1.3,97a9b12aea592b11d7b52e87024a9b9aa5b77e9d9623833242f6d9143e0e6d99,DermNet clean acne atlas image. Subtype: cystic. Blur score: 2268.37.
dermnet_000080,dermnet,dermnet_cleaned_v1,datasets/skin/acne/final/subtype_classification/train/cystic/dermnet_000080.jpg,train,cystic,sharp,dermatologist_expert,clinical_reference,acne,1.3,328e6f561ab076bed3a8211a1661d6debdde55fad7ba64d33369ea03496e07fb,DermNet clean acne atlas image. Subtype: cystic. Blur score: 808.56.
dermnet_000081,dermnet,dermnet_cleaned_v1,datasets/skin/acne/final/subtype_classification/train/cystic/dermnet_000081.jpg,train,cystic,sharp,dermatologist_expert,clinical_reference,acne,1.3,3b1080fda4e322228c2e11c805af2d4806125f4fc2e865d77586b39ab27f064f,DermNet clean acne atlas image. Subtype: cystic. Blur score: 3696.29.
dermnet_000082,dermnet,dermnet_cleaned_v1,datasets/skin/acne/final/subtype_classification/train/cystic/dermnet_000082.jpg,train,cystic,sharp,dermatologist_expert,clinical_reference,acne,1.3,b702f870524cfc7d58a699f96a4f08973c29f9706928593d17bc2f157e2eb841,DermNet clean acne atlas image. Subtype: cystic. Blur score: 1551.31.
dermnet_000083,dermnet,dermnet_cleaned_v1,datasets/skin/acne/final/subtype_classification/train/cystic/dermnet_000083.jpg,train,cystic,sharp,dermatologist_expert,clinical_reference,acne,1.3,5b9c8b0df0fa884d33d0b8f69a2686a7fb8a63f359279876404aa69eabc30f06,DermNet clean acne atlas image. Subtype: cystic. Blur score: 770.95.
dermnet_000084,dermnet,dermnet_cleaned_v1,datasets/skin/acne/final/subtype_classification/train/cystic/dermnet_000084.jpg,train,cystic,sharp,dermatologist_expert,clinical_reference,acne,1.3,54b03489c6d511b7c2322e8105cab7ec65b8a72806ed6a718cc748406355bea8,DermNet clean acne atlas image. Subtype: cystic. Blur score: 448.59.
dermnet_000085,dermnet,dermnet_cleaned_v1,datasets/skin/acne/final/subtype_classification/train/cystic/dermnet_000085.jpg,train,cystic,sharp,dermatologist_expert,clinical_reference,acne,1.3,6cfa38edcf9e15afe1e39e30d12ad7c772d6749d1e97c7273a442da594e5bced,DermNet clean acne atlas image. Subtype: cystic. Blur score: 894.73.
dermnet_000086,dermnet,dermnet_cleaned_v1,datasets/skin/acne/final/subtype_classification/train/cystic/dermnet_000086.jpg,train,cystic,sharp,dermatologist_expert,clinical_reference,acne,1.3,ec3aff807a4ab0c7c676375355b3abd0a9cf2f16e9b2c2418582c3cfcc6e9c7d,DermNet clean acne atlas image. Subtype: cystic. Blur score: 212.01.
dermnet_000087,dermnet,dermnet_cleaned_v1,datasets/skin/acne/final/subtype_classification/train/cystic/dermnet_000087.jpg,train,cystic,usable,dermatologist_expert,clinical_reference,acne,1.3,1f6f4bd333d4f7515272063359e21760628ccea52b9d058aeb68b41252cc60a2,DermNet clean acne atlas image. Subtype: cystic. Blur score: 148.93.
dermnet_000088,dermnet,dermnet_cleaned_v1,datasets/skin/acne/final/subtype_classification/train/cystic/dermnet_000088.jpg,train,cystic,sharp,dermatologist_expert,clinical_reference,acne,1.3,bd00b0d2f3dea004bb074380c88fa73f2060fc0209b8e4de7bb7ef62ba502f32,DermNet clean acne atlas image. Subtype: cystic. Blur score: 1136.45.
dermnet_000089,dermnet,dermnet_cleaned_v1,datasets/skin/acne/final/subtype_classification/train/cystic/dermnet_000089.jpg,train,cystic,sharp,dermatologist_expert,clinical_reference,acne,1.3,2f302caa935af9c67dc3d077319938d8a2e6a9805189171f7e6032327373d0f8,DermNet clean acne atlas image. Subtype: cystic. Blur score: 443.49.
dermnet_000090,dermnet,dermnet_cleaned_v1,datasets/skin/acne/final/subtype_classification/train/cystic/dermnet_000090.jpg,train,cystic,sharp,dermatologist_expert,clinical_reference,acne,1.3,fce4b7b82213ec5507a325137c3c5220bbf3d6ef9459515a4b902de2ae67ee11,DermNet clean acne atlas image. Subtype: cystic. Blur score: 1466.98.
dermnet_000091,dermnet,dermnet_cleaned_v1,datasets/skin/acne/final/subtype_classification/train/cystic/dermnet_000091.jpg,train,cystic,sharp,dermatologist_expert,clinical_reference,acne,1.3,34087920ad71e57a409a6c52b06521638b3e67ab1291572e9acf829f150cfdfa,DermNet clean acne atlas image. Subtype: cystic. Blur score: 719.7.
dermnet_000092,dermnet,dermnet_cleaned_v1,datasets/skin/acne/final/subtype_classification/train/cystic/dermnet_000092.jpg,train,cystic,sharp,dermatologist_expert,clinical_reference,acne,1.3,00b3df52c43149dd2168bc83f75173edb5d0f8bfa776499f4f36000c5dd4ca34,DermNet clean acne atlas image. Subtype: cystic. Blur score: 1052.61.
dermnet_000093,dermnet,dermnet_cleaned_v1,datasets/skin/acne/final/subtype_classification/train/cystic/dermnet_000093.jpg,train,cystic,sharp,dermatologist_expert,clinical_reference,acne,1.3,86b2727a58219106157683f02cdca47eef8cc4d79e9ea20fc01537f3ea47fa8c,DermNet clean acne atlas image. Subtype: cystic. Blur score: 321.03.
dermnet_000094,dermnet,dermnet_cleaned_v1,datasets/skin/acne/final/subtype_classification/train/cystic/dermnet_000094.jpg,train,cystic,sharp,dermatologist_expert,clinical_reference,acne,1.3,955b5fa19ceabf226084ef2d27597f4bfe6bacd8c5ae2fe633dfa2e0f4dd06fd,DermNet clean acne atlas image. Subtype: cystic. Blur score: 190.39.
dermnet_000095,dermnet,dermnet_cleaned_v1,datasets/skin/acne/final/subtype_classification/train/cystic/dermnet_000095.jpg,train,cystic,sharp,dermatologist_expert,clinical_reference,acne,1.3,6c6176b6e804d8e3ddd8a7db83c32647ca88409c449b467225aae9a04e4874b4,DermNet clean acne atlas image. Subtype: cystic. Blur score: 1607.59.
dermnet_000096,dermnet,dermnet_cleaned_v1,datasets/skin/acne/final/subtype_classification/train/papular/dermnet_000096.jpg,train,papular,sharp,dermatologist_expert,clinical_reference,acne,1.3,3269c756a32681e44ac3721e7b624542d56344699b426322505fdc7cbf86f96d,DermNet clean acne atlas image. Subtype: papular. Blur score: 630.76.
dermnet_000097,dermnet,dermnet_cleaned_v1,datasets/skin/acne/final/subtype_classification/train/papular/dermnet_000097.jpg,train,papular,sharp,dermatologist_expert,clinical_reference,acne,1.3,d3a9a291df114b79625275fa45d3ad859f19fb1066daf35f715dd21b9092984c,DermNet clean acne atlas image. Subtype: papular. Blur score: 618.19.
dermnet_000098,dermnet,dermnet_cleaned_v1,datasets/skin/acne/final/subtype_classification/train/papular/dermnet_000098.jpg,train,papular,sharp,dermatologist_expert,clinical_reference,acne,1.3,0e9c3ff2c867a76dc50fa00c9de8dae406045199b13b35daf5e1900f9bdd72c9,DermNet clean acne atlas image. Subtype: papular. Blur score: 574.03.
dermnet_000099,dermnet,dermnet_cleaned_v1,datasets/skin/acne/final/subtype_classification/train/papular/dermnet_000099.jpg,train,papular,sharp,dermatologist_expert,clinical_reference,acne,1.3,2d4c5e68a9376f55adb8d09c3858a709a73d836d769eea7fbf45dab2fd29b78f,DermNet clean acne atlas image. Subtype: papular. Blur score: 263.22.
dermnet_000100,dermnet,dermnet_cleaned_v1,datasets/skin/acne/final/subtype_classification/train/papular/dermnet_000100.jpg,train,papular,sharp,dermatologist_expert,clinical_reference,acne,1.3,16b3588b1c49df5810753f2cf132235d6c79c714f71453e642630778aea284b9,DermNet clean acne atlas image. Subtype: papular. Blur score: 808.71.
dermnet_000101,dermnet,dermnet_cleaned_v1,datasets/skin/acne/final/subtype_classification/train/papular/dermnet_000101.jpg,train,papular,sharp,dermatologist_expert,clinical_reference,acne,1.3,7ccbbe79fb2600e8145d331c843103a543bb45ffd4fcbef470bd3e5b54e8fe3f,DermNet clean acne atlas image. Subtype: papular. Blur score: 950.56.
dermnet_000102,dermnet,dermnet_cleaned_v1,datasets/skin/acne/final/subtype_classification/train/papular/dermnet_000102.jpg,train,papular,sharp,dermatologist_expert,clinical_reference,acne,1.3,53963bb5f1645bf8408904bd6cb6142183074839c0cbc37a156b74a45855b2b7,DermNet clean acne atlas image. Subtype: papular. Blur score: 1104.32.
dermnet_000103,dermnet,dermnet_cleaned_v1,datasets/skin/acne/final/subtype_classification/train/papular/dermnet_000103.jpg,train,papular,sharp,dermatologist_expert,clinical_reference,acne,1.3,d420c2073e33e37021747f7ee6c22c725d948c5aff6159bf289a059da5ecd6c1,DermNet clean acne atlas image. Subtype: papular. Blur score: 838.31.
dermnet_000104,dermnet,dermnet_cleaned_v1,datasets/skin/acne/final/subtype_classification/train/papular/dermnet_000104.jpg,train,papular,sharp,dermatologist_expert,clinical_reference,acne,1.3,8c59d7383332251922f1ea8a073713e5fced1290026b2c99437098d27c97ee57,DermNet clean acne atlas image. Subtype: papular. Blur score: 898.93.
dermnet_000105,dermnet,dermnet_cleaned_v1,datasets/skin/acne/final/subtype_classification/train/papular/dermnet_000105.jpg,train,papular,sharp,dermatologist_expert,clinical_reference,acne,1.3,f6e1dc6c785254fafbdf8f5d8da8c9d231a2bcfe27048328a1fda9158689d067,DermNet clean acne atlas image. Subtype: papular. Blur score: 518.71.
dermnet_000106,dermnet,dermnet_cleaned_v1,datasets/skin/acne/final/subtype_classification/train/papular/dermnet_000106.jpg,train,papular,sharp,dermatologist_expert,clinical_reference,acne,1.3,cefb1e4d8ba5c1794994b3bc17a8fe8cd67951075a2ccf4cf37d537c5df7baeb,DermNet clean acne atlas image. Subtype: papular. Blur score: 263.65.
dermnet_000107,dermnet,dermnet_cleaned_v1,datasets/skin/acne/final/subtype_classification/train/papular/dermnet_000107.jpg,train,papular,usable,dermatologist_expert,clinical_reference,acne,1.3,2f83a41979de8d76e4001aabaf7365b07728e3dce279ccaac1ea858af60a0ab6,DermNet clean acne atlas image. Subtype: papular. Blur score: 99.71.
dermnet_000108,dermnet,dermnet_cleaned_v1,datasets/skin/acne/final/subtype_classification/train/papular/dermnet_000108.jpg,train,papular,sharp,dermatologist_expert,clinical_reference,acne,1.3,65877e87f1f8d7908b702fb213953f864f522a9492f9cd70fb271c770ed8ec7f,DermNet clean acne atlas image. Subtype: papular. Blur score: 331.13.
dermnet_000109,dermnet,dermnet_cleaned_v1,datasets/skin/acne/final/subtype_classification/train/papular/dermnet_000109.jpg,train,papular,sharp,dermatologist_expert,clinical_reference,acne,1.3,1e1eb69329c938a16ab973e125d1bc685a73ddde65d8d3e406e52ce2de50d0dc,DermNet clean acne atlas image. Subtype: papular. Blur score: 1081.61.
dermnet_000110,dermnet,dermnet_cleaned_v1,datasets/skin/acne/final/subtype_classification/train/papular/dermnet_000110.jpg,train,papular,sharp,dermatologist_expert,clinical_reference,acne,1.3,08c00b63fd4b9ff366303431ae444dc8e742cb64ad3282a76791a0ef111d9cd9,DermNet clean acne atlas image. Subtype: papular. Blur score: 1032.32.
dermnet_000111,dermnet,dermnet_cleaned_v1,datasets/skin/acne/final/subtype_classification/train/papular/dermnet_000111.jpg,train,papular,sharp,dermatologist_expert,clinical_reference,acne,1.3,f4655e6611cb3590ce839a9bbfea2fc6b9acff1005086ac1b9a21694d808b942,DermNet clean acne atlas image. Subtype: papular. Blur score: 653.83.
dermnet_000112,dermnet,dermnet_cleaned_v1,datasets/skin/acne/final/subtype_classification/train/infantile/dermnet_000112.jpg,train,infantile,sharp,dermatologist_expert,clinical_reference,acne,1.3,bb5f660c4b5ccfe631a09b6c1a3a32a1c7462616f1585a50b34e7aa3052b80ba,DermNet clean acne atlas image. Subtype: infantile. Blur score: 448.68.
dermnet_000113,dermnet,dermnet_cleaned_v1,datasets/skin/acne/final/subtype_classification/train/infantile/dermnet_000113.jpg,train,infantile,sharp,dermatologist_expert,clinical_reference,acne,1.3,2921f375a51a7c468149ee3ca5fae7d75cdc2e05198e5aa0fafb948741816738,DermNet clean acne atlas image. Subtype: infantile. Blur score: 420.08.
dermnet_000114,dermnet,dermnet_cleaned_v1,datasets/skin/acne/final/subtype_classification/train/infantile/dermnet_000114.jpg,train,infantile,sharp,dermatologist_expert,clinical_reference,acne,1.3,e5a2c33fda65b4016226f44500e9f9ec994bbf23f9dd9ffcda8032d587c7fa57,DermNet clean acne atlas image. Subtype: infantile. Blur score: 2624.47.
dermnet_000115,dermnet,dermnet_cleaned_v1,datasets/skin/acne/final/subtype_classification/train/infantile/dermnet_000115.jpg,train,infantile,sharp,dermatologist_expert,clinical_reference,acne,1.3,979c434ff235c54229d9b882a76f21dbfc07f7e639a32a07e50b9e7253256654,DermNet clean acne atlas image. Subtype: infantile. Blur score: 1110.02.
dermnet_000116,dermnet,dermnet_cleaned_v1,datasets/skin/acne/final/subtype_classification/train/infantile/dermnet_000116.jpg,train,infantile,sharp,dermatologist_expert,clinical_reference,acne,1.3,57391b1fa60d03d98400dc4cc610b5586c9bb73f932a8b9a7fa144a273811f6d,DermNet clean acne atlas image. Subtype: infantile. Blur score: 1761.31.
dermnet_000117,dermnet,dermnet_cleaned_v1,datasets/skin/acne/final/subtype_classification/train/infantile/dermnet_000117.jpg,train,infantile,sharp,dermatologist_expert,clinical_reference,acne,1.3,6365c5f8fc27957515c919db9b80a559879d1cc732df223c6d2843f6931c5862,DermNet clean acne atlas image. Subtype: infantile. Blur score: 353.8.
dermnet_000118,dermnet,dermnet_cleaned_v1,datasets/skin/acne/final/subtype_classification/train/infantile/dermnet_000118.jpg,train,infantile,sharp,dermatologist_expert,clinical_reference,acne,1.3,ffe6a1f72ad2299ffc7c33b2e64111aabe47c694d6c8c90e67fb8a00851d71dc,DermNet clean acne atlas image. Subtype: infantile. Blur score: 1033.05.
dermnet_000119,dermnet,dermnet_cleaned_v1,datasets/skin/acne/final/subtype_classification/train/infantile/dermnet_000119.jpg,train,infantile,usable,dermatologist_expert,clinical_reference,acne,1.3,d0b560ad5ea71177e320753a2b13fca0c69369c55f5ab46bdf14d71b9d034e31,DermNet clean acne atlas image. Subtype: infantile. Blur score: 80.79.
dermnet_000120,dermnet,dermnet_cleaned_v1,datasets/skin/acne/final/subtype_classification/train/infantile/dermnet_000120.jpg,train,infantile,sharp,dermatologist_expert,clinical_reference,acne,1.3,c4a8ce69ba77bc9303cb07e8154b295a5e7519857c190fd2a9e889c025dd3ff5,DermNet clean acne atlas image. Subtype: infantile. Blur score: 167.92.
dermnet_000121,dermnet,dermnet_cleaned_v1,datasets/skin/acne/final/subtype_classification/train/infantile/dermnet_000121.jpg,train,infantile,sharp,dermatologist_expert,clinical_reference,acne,1.3,d3e7c35abaabb08cb0cf701c53395fabb8d96f880b9bba608eea57b33d938fa0,DermNet clean acne atlas image. Subtype: infantile. Blur score: 357.64.
dermnet_000122,dermnet,dermnet_cleaned_v1,datasets/skin/acne/final/subtype_classification/train/infantile/dermnet_000122.jpg,train,infantile,sharp,dermatologist_expert,clinical_reference,acne,1.3,a44ed8e688707bb6c3c0c8c73e68f4985c80f91ed233609a2f5f79f534459254,DermNet clean acne atlas image. Subtype: infantile. Blur score: 416.18.
dermnet_000123,dermnet,dermnet_cleaned_v1,datasets/skin/acne/final/subtype_classification/train/open_comedo/dermnet_000123.jpg,train,open_comedo,sharp,dermatologist_expert,clinical_reference,acne,1.3,9c40a38426fdbc05d01c0747553b1e4eda48cc40f86eb98d4de3bec69dcfccfb,DermNet clean acne atlas image. Subtype: open_comedo. Blur score: 417.56.
dermnet_000124,dermnet,dermnet_cleaned_v1,datasets/skin/acne/final/subtype_classification/train/open_comedo/dermnet_000124.jpg,train,open_comedo,usable,dermatologist_expert,clinical_reference,acne,1.3,89f727af4f8010ef2143599775c0a63a0e29f2532c72411467c9043359c36b77,DermNet clean acne atlas image. Subtype: open_comedo. Blur score: 93.77.
dermnet_000125,dermnet,dermnet_cleaned_v1,datasets/skin/acne/final/subtype_classification/train/open_comedo/dermnet_000125.jpg,train,open_comedo,sharp,dermatologist_expert,clinical_reference,acne,1.3,bb39f0275228f3606e425fc37b482d4826404c4bea075df602b84539c6ab9be1,DermNet clean acne atlas image. Subtype: open_comedo. Blur score: 1327.68.
dermnet_000126,dermnet,dermnet_cleaned_v1,datasets/skin/acne/final/subtype_classification/train/open_comedo/dermnet_000126.jpg,train,open_comedo,sharp,dermatologist_expert,clinical_reference,acne,1.3,ca64516c5da6cf7d03de289e2626c17d74b1b01f0e9385d6b3d6e59546556ca3,DermNet clean acne atlas image. Subtype: open_comedo. Blur score: 664.03.
dermnet_000127,dermnet,dermnet_cleaned_v1,datasets/skin/acne/final/subtype_classification/train/open_comedo/dermnet_000127.jpg,train,open_comedo,sharp,dermatologist_expert,clinical_reference,acne,1.3,c8e91b20333717942a661940064bb319d0c2576da1babddc061cdb307bf033cd,DermNet clean acne atlas image. Subtype: open_comedo. Blur score: 339.91.
dermnet_000128,dermnet,dermnet_cleaned_v1,datasets/skin/acne/final/subtype_classification/train/open_comedo/dermnet_000128.jpg,train,open_comedo,sharp,dermatologist_expert,clinical_reference,acne,1.3,440cf18cea4518e9add7a20090dc03ee4f9fa672c1e00731e86821198c83f558,DermNet clean acne atlas image. Subtype: open_comedo. Blur score: 616.03.
dermnet_000129,dermnet,dermnet_cleaned_v1,datasets/skin/acne/final/subtype_classification/train/open_comedo/dermnet_000129.jpg,train,open_comedo,sharp,dermatologist_expert,clinical_reference,acne,1.3,5155560cda4ff342116fdd5d4b4b1326efb803980e60fa34721296f84ce71fc8,DermNet clean acne atlas image. Subtype: open_comedo. Blur score: 485.02.
dermnet_000130,dermnet,dermnet_cleaned_v1,datasets/skin/acne/final/subtype_classification/train/open_comedo/dermnet_000130.jpg,train,open_comedo,sharp,dermatologist_expert,clinical_reference,acne,1.3,4bea00652482f02b13a1e498cb8810595fcb3d47556a711593573cfe5a441f33,DermNet clean acne atlas image. Subtype: open_comedo. Blur score: 556.86.
dermnet_000131,dermnet,dermnet_cleaned_v1,datasets/skin/acne/final/subtype_classification/train/open_comedo/dermnet_000131.jpg,train,open_comedo,sharp,dermatologist_expert,clinical_reference,acne,1.3,54aa76376f70e784aeb0ea908e8f62376c67d9f913a2f1d8538f705f5929d763,DermNet clean acne atlas image. Subtype: open_comedo. Blur score: 1154.82.
dermnet_000132,dermnet,dermnet_cleaned_v1,datasets/skin/acne/final/subtype_classification/train/open_comedo/dermnet_000132.jpg,train,open_comedo,sharp,dermatologist_expert,clinical_reference,acne,1.3,bec59cd1de95c0736dbb0b4349bac946375498343c3e2cef25bf9a12d923f9af,DermNet clean acne atlas image. Subtype: open_comedo. Blur score: 1386.85.
dermnet_000133,dermnet,dermnet_cleaned_v1,datasets/skin/acne/final/subtype_classification/train/open_comedo/dermnet_000133.jpg,train,open_comedo,sharp,dermatologist_expert,clinical_reference,acne,1.3,6f75f7ea065a07d7fab6b158ca7493390fa89e65f2878fce00e9679983382836,DermNet clean acne atlas image. Subtype: open_comedo. Blur score: 369.4.
dermnet_000134,dermnet,dermnet_cleaned_v1,datasets/skin/acne/final/subtype_classification/train/open_comedo/dermnet_000134.jpg,train,open_comedo,sharp,dermatologist_expert,clinical_reference,acne,1.3,753633179e9526dd938faf64ac996c536d6bea3da4ed11872859ca25f2ba27e6,DermNet clean acne atlas image. Subtype: open_comedo. Blur score: 397.56.
dermnet_000135,dermnet,dermnet_cleaned_v1,datasets/skin/acne/final/subtype_classification/train/open_comedo/dermnet_000135.jpg,train,open_comedo,sharp,dermatologist_expert,clinical_reference,acne,1.3,60f5c90cb6016edf9b297e7c0b0e0d578494890a2304953b41f9a627099fdf19,DermNet clean acne atlas image. Subtype: open_comedo. Blur score: 1306.08.
dermnet_000136,dermnet,dermnet_cleaned_v1,datasets/skin/acne/final/subtype_classification/train/open_comedo/dermnet_000136.jpg,train,open_comedo,sharp,dermatologist_expert,clinical_reference,acne,1.3,ed4fd775f6b30eac62ebdda0ecfccfa1521e877c197b742df39ba50e0254586a,DermNet clean acne atlas image. Subtype: open_comedo. Blur score: 206.77.
dermnet_000137,dermnet,dermnet_cleaned_v1,datasets/skin/acne/final/subtype_classification/train/open_comedo/dermnet_000137.jpg,train,open_comedo,sharp,dermatologist_expert,clinical_reference,acne,1.3,39eeabc3ca3511d13f99dc4261b46a4a226dc2b717f8001c3d2cfcad78674b1b,DermNet clean acne atlas image. Subtype: open_comedo. Blur score: 520.63.
dermnet_000138,dermnet,dermnet_cleaned_v1,datasets/skin/acne/final/subtype_classification/train/open_comedo/dermnet_000138.jpg,train,open_comedo,sharp,dermatologist_expert,clinical_reference,acne,1.3,ea152c2acd4eefe07777faad66ed61b872cdc0f2c205567a91cd11a49829f7cf,DermNet clean acne atlas image. Subtype: open_comedo. Blur score: 1094.15.
dermnet_000139,dermnet,dermnet_cleaned_v1,datasets/skin/acne/final/subtype_classification/train/open_comedo/dermnet_000139.jpg,train,open_comedo,sharp,dermatologist_expert,clinical_reference,acne,1.3,7ab7f3e46840160c68256a23605b033e9480ef3fb8f1e33f6e279b041a91c330,DermNet clean acne atlas image. Subtype: open_comedo. Blur score: 461.06.
dermnet_000140,dermnet,dermnet_cleaned_v1,datasets/skin/acne/final/subtype_classification/train/open_comedo/dermnet_000140.jpg,train,open_comedo,borderline,dermatologist_expert,clinical_reference,acne,1.3,808c404ad14ec1eb42530cf3877d54023bc39694605165e95481ef93dc7f5a21,DermNet clean acne atlas image. Subtype: open_comedo. Blur score: 51.9.
dermnet_000141,dermnet,dermnet_cleaned_v1,datasets/skin/acne/final/subtype_classification/train/open_comedo/dermnet_000141.jpg,train,open_comedo,sharp,dermatologist_expert,clinical_reference,acne,1.3,f55d91d444f6b5e2a7eafebea72f0d4ff279eb5704bd50d107d782a6499cf1a9,DermNet clean acne atlas image. Subtype: open_comedo. Blur score: 300.18.
dermnet_000142,dermnet,dermnet_cleaned_v1,datasets/skin/acne/final/subtype_classification/train/open_comedo/dermnet_000142.jpg,train,open_comedo,sharp,dermatologist_expert,clinical_reference,acne,1.3,2e56b1322de2bcf24b09ab05b2c906eace8e876965abb1249080c58101827899,DermNet clean acne atlas image. Subtype: open_comedo. Blur score: 1089.44.
dermnet_000143,dermnet,dermnet_cleaned_v1,datasets/skin/acne/final/subtype_classification/train/open_comedo/dermnet_000143.jpg,train,open_comedo,sharp,dermatologist_expert,clinical_reference,acne,1.3,c4898322d1de5273c3d7da2ebb042f6c20b211e21cfc0f67895a9268129b78f1,DermNet clean acne atlas image. Subtype: open_comedo. Blur score: 1544.39.
dermnet_000144,dermnet,dermnet_cleaned_v1,datasets/skin/acne/final/subtype_classification/train/open_comedo/dermnet_000144.jpg,train,open_comedo,sharp,dermatologist_expert,clinical_reference,acne,1.3,4bb13b946cb5bdc3960c606155c383141dfce3043f06e51ca1378f96c406f4c1,DermNet clean acne atlas image. Subtype: open_comedo. Blur score: 352.01.
dermnet_000145,dermnet,dermnet_cleaned_v1,datasets/skin/acne/final/subtype_classification/train/open_comedo/dermnet_000145.jpg,train,open_comedo,sharp,dermatologist_expert,clinical_reference,acne,1.3,b490e601e0d680c948c4b3a14f25c6eb8f28cfb0bea5bd9d6cb8d2e2998ea26a,DermNet clean acne atlas image. Subtype: open_comedo. Blur score: 635.22.
dermnet_000146,dermnet,dermnet_cleaned_v1,datasets/skin/acne/final/subtype_classification/train/open_comedo/dermnet_000146.jpg,train,open_comedo,sharp,dermatologist_expert,clinical_reference,acne,1.3,86ebb466e9cddc7917153a19d08fec1bc932990e19406052cf79275eee8cc8f1,DermNet clean acne atlas image. Subtype: open_comedo. Blur score: 555.23.
dermnet_000147,dermnet,dermnet_cleaned_v1,datasets/skin/acne/final/subtype_classification/train/open_comedo/dermnet_000147.jpg,train,open_comedo,sharp,dermatologist_expert,clinical_reference,acne,1.3,eb73e0082ee2e133687a0efd800a88ef2c591ae0398751b8fc4b522009311d30,DermNet clean acne atlas image. Subtype: open_comedo. Blur score: 586.33.
dermnet_000148,dermnet,dermnet_cleaned_v1,datasets/skin/acne/final/subtype_classification/train/open_comedo/dermnet_000148.jpg,train,open_comedo,sharp,dermatologist_expert,clinical_reference,acne,1.3,831329194d39c823f4ebf18ef2417a512d9a0b2dcbe29af507dd93269429eee5,DermNet clean acne atlas image. Subtype: open_comedo. Blur score: 1468.72.
dermnet_000149,dermnet,dermnet_cleaned_v1,datasets/skin/acne/final/subtype_classification/train/open_comedo/dermnet_000149.jpg,train,open_comedo,sharp,dermatologist_expert,clinical_reference,acne,1.3,37909da68f3623c51fb6197cf07efa451bf684598976707393c8c23394db9770,DermNet clean acne atlas image. Subtype: open_comedo. Blur score: 1235.05.
dermnet_000150,dermnet,dermnet_cleaned_v1,datasets/skin/acne/final/subtype_classification/train/open_comedo/dermnet_000150.jpg,train,open_comedo,sharp,dermatologist_expert,clinical_reference,acne,1.3,1cd213a3c28224faf81224b601b3c5925f031d3ec90d932ef0c5a3c27ef16b7d,DermNet clean acne atlas image. Subtype: open_comedo. Blur score: 614.09.
dermnet_000151,dermnet,dermnet_cleaned_v1,datasets/skin/acne/final/subtype_classification/train/open_comedo/dermnet_000151.jpg,train,open_comedo,sharp,dermatologist_expert,clinical_reference,acne,1.3,5bbaaa2c6d1139493d6d9f9c32b8dabe95c00fd13858e8ebd785f15d0c2eb5ef,DermNet clean acne atlas image. Subtype: open_comedo. Blur score: 701.73.
dermnet_000152,dermnet,dermnet_cleaned_v1,datasets/skin/acne/final/subtype_classification/train/open_comedo/dermnet_000152.jpg,train,open_comedo,sharp,dermatologist_expert,clinical_reference,acne,1.3,6e2e479c123dba344d0dd62f267d55d34d4eae6df41e54ca8fd5816de0969536,DermNet clean acne atlas image. Subtype: open_comedo. Blur score: 466.58.
dermnet_000153,dermnet,dermnet_cleaned_v1,datasets/skin/acne/final/subtype_classification/train/open_comedo/dermnet_000153.jpg,train,open_comedo,sharp,dermatologist_expert,clinical_reference,acne,1.3,9b57e99a560406efdb6b1e41d74e2c8368e9dd3e990917a8c6772fcffcd9d18b,DermNet clean acne atlas image. Subtype: open_comedo. Blur score: 763.61.
dermnet_000154,dermnet,dermnet_cleaned_v1,datasets/skin/acne/final/subtype_classification/train/open_comedo/dermnet_000154.jpg,train,open_comedo,sharp,dermatologist_expert,clinical_reference,acne,1.3,df9fb6f7628fd5bba8674d8d5ee4a65d299305d5abfaaced8ee463bcacdbd3e3,DermNet clean acne atlas image. Subtype: open_comedo. Blur score: 451.14.
dermnet_000155,dermnet,dermnet_cleaned_v1,datasets/skin/acne/final/subtype_classification/train/open_comedo/dermnet_000155.jpg,train,open_comedo,sharp,dermatologist_expert,clinical_reference,acne,1.3,97b201c099145d33f3a632e38ae990f5de428db63778fdbf8b51eface5221d74,DermNet clean acne atlas image. Subtype: open_comedo. Blur score: 770.64.
dermnet_000156,dermnet,dermnet_cleaned_v1,datasets/skin/acne/final/subtype_classification/train/open_comedo/dermnet_000156.jpg,train,open_comedo,sharp,dermatologist_expert,clinical_reference,acne,1.3,9007e1986525ac9091ef5c1267c122b992fba84db19e4656878d0575c09303ef,DermNet clean acne atlas image. Subtype: open_comedo. Blur score: 277.52.
dermnet_000157,dermnet,dermnet_cleaned_v1,datasets/skin/acne/final/subtype_classification/train/open_comedo/dermnet_000157.jpg,train,open_comedo,sharp,dermatologist_expert,clinical_reference,acne,1.3,a699d9e4cb85b46030bdefeb23ec03df27c10fd51fb14fdd771f12f74b1da0b5,DermNet clean acne atlas image. Subtype: open_comedo. Blur score: 477.55.
dermnet_000158,dermnet,dermnet_cleaned_v1,datasets/skin/acne/final/subtype_classification/train/open_comedo/dermnet_000158.jpg,train,open_comedo,sharp,dermatologist_expert,clinical_reference,acne,1.3,f8d97fe41aebf0e850c7578ab815532934936b8780542131d710beeb5de260ac,DermNet clean acne atlas image. Subtype: open_comedo. Blur score: 1261.61.
dermnet_000159,dermnet,dermnet_cleaned_v1,datasets/skin/acne/final/subtype_classification/train/open_comedo/dermnet_000159.jpg,train,open_comedo,sharp,dermatologist_expert,clinical_reference,acne,1.3,5e8e8d6decb5f5289913170861eca660b21c058022c5d1947ab8e20af8e7f66a,DermNet clean acne atlas image. Subtype: open_comedo. Blur score: 2270.43.
dermnet_000160,dermnet,dermnet_cleaned_v1,datasets/skin/acne/final/subtype_classification/train/open_comedo/dermnet_000160.jpg,train,open_comedo,sharp,dermatologist_expert,clinical_reference,acne,1.3,3019703d491ce60630ed9d0dfbf4726c3b8dbddfcd3f75392fb609a955107cc7,DermNet clean acne atlas image. Subtype: open_comedo. Blur score: 434.08.
dermnet_000161,dermnet,dermnet_cleaned_v1,datasets/skin/acne/final/subtype_classification/train/open_comedo/dermnet_000161.jpg,train,open_comedo,sharp,dermatologist_expert,clinical_reference,acne,1.3,389e9ad42415d545e5e6279e4f28c4ee9e9048d25c5da97b54994ec53bf9847e,DermNet clean acne atlas image. Subtype: open_comedo. Blur score: 528.53.
dermnet_000162,dermnet,dermnet_cleaned_v1,datasets/skin/acne/final/subtype_classification/train/open_comedo/dermnet_000162.jpg,train,open_comedo,sharp,dermatologist_expert,clinical_reference,acne,1.3,65841ea98a00307af72e7104701f7adb3b60d4f194b899cea32c13c7d54a07b1,DermNet clean acne atlas image. Subtype: open_comedo. Blur score: 338.53.
dermnet_000163,dermnet,dermnet_cleaned_v1,datasets/skin/acne/final/subtype_classification/train/open_comedo/dermnet_000163.jpg,train,open_comedo,sharp,dermatologist_expert,clinical_reference,acne,1.3,5d4bb1ffd5bffbc1938904cc798796b49c337bd8c7093f44a548b64cb42b504e,DermNet clean acne atlas image. Subtype: open_comedo. Blur score: 1627.44.
dermnet_000164,dermnet,dermnet_cleaned_v1,datasets/skin/acne/final/subtype_classification/train/open_comedo/dermnet_000164.jpg,train,open_comedo,sharp,dermatologist_expert,clinical_reference,acne,1.3,388322f59e91dfe7b5382b6912959cc1da2119c4ea092d85fc98f8931f1d7443,DermNet clean acne atlas image. Subtype: open_comedo. Blur score: 679.78.
dermnet_000165,dermnet,dermnet_cleaned_v1,datasets/skin/acne/final/subtype_classification/train/open_comedo/dermnet_000165.jpg,train,open_comedo,sharp,dermatologist_expert,clinical_reference,acne,1.3,a7d607ac1e115fc4f4722f6f4a01bd155d9bdcb7d866ff65c5ade0445bd5ce5f,DermNet clean acne atlas image. Subtype: open_comedo. Blur score: 1024.5.
dermnet_000166,dermnet,dermnet_cleaned_v1,datasets/skin/acne/final/subtype_classification/train/open_comedo/dermnet_000166.jpg,train,open_comedo,sharp,dermatologist_expert,clinical_reference,acne,1.3,0841fa9530287573549d06cdbbc674d1c8bfffafd2e1e144c22f486bd27be5ee,DermNet clean acne atlas image. Subtype: open_comedo. Blur score: 761.22.
dermnet_000167,dermnet,dermnet_cleaned_v1,datasets/skin/acne/final/subtype_classification/train/open_comedo/dermnet_000167.jpg,train,open_comedo,sharp,dermatologist_expert,clinical_reference,acne,1.3,0d4e4167e4d6813d659aa8dee4f49cb0a12fc2aaa14e66f8492aa34f2762abf6,DermNet clean acne atlas image. Subtype: open_comedo. Blur score: 154.23.
dermnet_000168,dermnet,dermnet_cleaned_v1,datasets/skin/acne/final/subtype_classification/train/open_comedo/dermnet_000168.jpg,train,open_comedo,usable,dermatologist_expert,clinical_reference,acne,1.3,0f8d7d7b76b136fe5e7bf9e200366bce3cf503b45ad89bd6802759bdcbef83d2,DermNet clean acne atlas image. Subtype: open_comedo. Blur score: 81.07.
dermnet_000173,dermnet,dermnet_cleaned_v1,datasets/skin/acne/final/subtype_classification/train/pustular/dermnet_000173.jpg,train,pustular,sharp,dermatologist_expert,clinical_reference,acne,1.3,79e7ccc78b2a07933f332ca0a7bb47d7cbdc61e4edb1c7d271d9801d69fb2f30,DermNet clean acne atlas image. Subtype: pustular. Blur score: 1767.14.
dermnet_000174,dermnet,dermnet_cleaned_v1,datasets/skin/acne/final/subtype_classification/train/pustular/dermnet_000174.jpg,train,pustular,sharp,dermatologist_expert,clinical_reference,acne,1.3,5c89c0527fb85b46eb582e0a74f099b5f359ae0262eb4874b081a440ec6b0de0,DermNet clean acne atlas image. Subtype: pustular. Blur score: 498.46.
dermnet_000175,dermnet,dermnet_cleaned_v1,datasets/skin/acne/final/subtype_classification/train/pustular/dermnet_000175.jpg,train,pustular,sharp,dermatologist_expert,clinical_reference,acne,1.3,8d884491af2b7accd9d62f5347a4acd113a21fce8fab7579b9cbe94f92c334f4,DermNet clean acne atlas image. Subtype: pustular. Blur score: 822.32.
dermnet_000176,dermnet,dermnet_cleaned_v1,datasets/skin/acne/final/subtype_classification/train/pustular/dermnet_000176.jpg,train,pustular,sharp,dermatologist_expert,clinical_reference,acne,1.3,adf725249aed1fead3980beb6aa8e3e4e0e1f7d06ae6feb19ddf711b2f39f9f6,DermNet clean acne atlas image. Subtype: pustular. Blur score: 490.92.
dermnet_000177,dermnet,dermnet_cleaned_v1,datasets/skin/acne/final/subtype_classification/train/pustular/dermnet_000177.jpg,train,pustular,sharp,dermatologist_expert,clinical_reference,acne,1.3,1b50825376296881000d3ac24faedae62544520393886a6554e24fa4caa97b65,DermNet clean acne atlas image. Subtype: pustular. Blur score: 761.59.
dermnet_000178,dermnet,dermnet_cleaned_v1,datasets/skin/acne/final/subtype_classification/train/pustular/dermnet_000178.jpg,train,pustular,sharp,dermatologist_expert,clinical_reference,acne,1.3,4e14d88dd89e6a91b54ef792e88c4954203a29e4c323d6e939b58037ebe8acf8,DermNet clean acne atlas image. Subtype: pustular. Blur score: 469.51.
dermnet_000179,dermnet,dermnet_cleaned_v1,datasets/skin/acne/final/subtype_classification/train/pustular/dermnet_000179.jpg,train,pustular,sharp,dermatologist_expert,clinical_reference,acne,1.3,28257f1550b3d868e80bd3e05acc994a89139153021b20f727bac16605a5e084,DermNet clean acne atlas image. Subtype: pustular. Blur score: 175.73.
dermnet_000180,dermnet,dermnet_cleaned_v1,datasets/skin/acne/final/subtype_classification/train/pustular/dermnet_000180.jpg,train,pustular,usable,dermatologist_expert,clinical_reference,acne,1.3,04b419ac7461833023e3c85621f79d9b03edea8a8e6ac40e207002f8fe861318,DermNet clean acne atlas image. Subtype: pustular. Blur score: 70.98.
dermnet_000181,dermnet,dermnet_cleaned_v1,datasets/skin/acne/final/subtype_classification/train/pustular/dermnet_000181.jpg,train,pustular,sharp,dermatologist_expert,clinical_reference,acne,1.3,f24e35955aeedaf3460a4f79862c7bd7bb28dab94cec7ebdc4f44154ccf0e5fc,DermNet clean acne atlas image. Subtype: pustular. Blur score: 1025.61.
dermnet_000182,dermnet,dermnet_cleaned_v1,datasets/skin/acne/final/subtype_classification/train/pustular/dermnet_000182.jpg,train,pustular,sharp,dermatologist_expert,clinical_reference,acne,1.3,3df7afef91e019d5555686267bbaa9e433a6484c2c07a98442f937e00a0a2016,DermNet clean acne atlas image. Subtype: pustular. Blur score: 634.65.
dermnet_000183,dermnet,dermnet_cleaned_v1,datasets/skin/acne/final/subtype_classification/train/pustular/dermnet_000183.jpg,train,pustular,sharp,dermatologist_expert,clinical_reference,acne,1.3,996085d1b85816222993365ed354dbe050517c987e24d7ed63af78644742bc96,DermNet clean acne atlas image. Subtype: pustular. Blur score: 354.27.
dermnet_000184,dermnet,dermnet_cleaned_v1,datasets/skin/acne/final/subtype_classification/train/pustular/dermnet_000184.jpg,train,pustular,sharp,dermatologist_expert,clinical_reference,acne,1.3,5b35843aac99978d4b8f32d13b491c3953b02ca9453bae70a25474cfe16230b6,DermNet clean acne atlas image. Subtype: pustular. Blur score: 654.35.
dermnet_000185,dermnet,dermnet_cleaned_v1,datasets/skin/acne/final/subtype_classification/train/pustular/dermnet_000185.jpg,train,pustular,sharp,dermatologist_expert,clinical_reference,acne,1.3,e45876f21d74e9fab8836009aa8fd72f33593bef5fa090a76994904b0201ee77,DermNet clean acne atlas image. Subtype: pustular. Blur score: 501.21.
dermnet_000186,dermnet,dermnet_cleaned_v1,datasets/skin/acne/final/subtype_classification/train/pustular/dermnet_000186.jpg,train,pustular,sharp,dermatologist_expert,clinical_reference,acne,1.3,9efe9f0a7a8fb44ba43acf5cc9cd29ed71cda259ec643f24b01dc59319c64dfb,DermNet clean acne atlas image. Subtype: pustular. Blur score: 1587.66.
dermnet_000187,dermnet,dermnet_cleaned_v1,datasets/skin/acne/final/subtype_classification/train/pustular/dermnet_000187.jpg,train,pustular,sharp,dermatologist_expert,clinical_reference,acne,1.3,6d0e28480e7cd3c670a6ca37884f9b3a4105f3ded36e446b04d7a3673ac36fcf,DermNet clean acne atlas image. Subtype: pustular. Blur score: 599.34.
dermnet_000188,dermnet,dermnet_cleaned_v1,datasets/skin/acne/final/subtype_classification/train/pustular/dermnet_000188.jpg,train,pustular,sharp,dermatologist_expert,clinical_reference,acne,1.3,9566ca701a84013a978a611ef2759c90ec9873fe85f74f969aa9697b2e4919d9,DermNet clean acne atlas image. Subtype: pustular. Blur score: 694.73.
dermnet_000189,dermnet,dermnet_cleaned_v1,datasets/skin/acne/final/subtype_classification/train/pustular/dermnet_000189.jpg,train,pustular,sharp,dermatologist_expert,clinical_reference,acne,1.3,4788467311279f4f2e56be1a0976fd871d1824a02b90d9d7d1191e5b0a28cedf,DermNet clean acne atlas image. Subtype: pustular. Blur score: 1148.97.
dermnet_000190,dermnet,dermnet_cleaned_v1,datasets/skin/acne/final/subtype_classification/train/pustular/dermnet_000190.jpg,train,pustular,sharp,dermatologist_expert,clinical_reference,acne,1.3,87bd6fa3a9501851a88eb5f94d2182ff3ecc4f7ad6aaafec874af0f445f7d38d,DermNet clean acne atlas image. Subtype: pustular. Blur score: 719.78.
dermnet_000191,dermnet,dermnet_cleaned_v1,datasets/skin/acne/final/subtype_classification/train/pustular/dermnet_000191.jpg,train,pustular,sharp,dermatologist_expert,clinical_reference,acne,1.3,b59c0f8249af78284a2bf085ede21d65662830d874012abe192d6018e12b0d89,DermNet clean acne atlas image. Subtype: pustular. Blur score: 481.62.
dermnet_000192,dermnet,dermnet_cleaned_v1,datasets/skin/acne/final/subtype_classification/train/pustular/dermnet_000192.jpg,train,pustular,usable,dermatologist_expert,clinical_reference,acne,1.3,a6daa510bc4a76730b82cffbeb007cac51a1e0abecb3411d812db11dca9d1619,DermNet clean acne atlas image. Subtype: pustular. Blur score: 96.58.
dermnet_000193,dermnet,dermnet_cleaned_v1,datasets/skin/acne/final/subtype_classification/train/pustular/dermnet_000193.jpg,train,pustular,sharp,dermatologist_expert,clinical_reference,acne,1.3,983e1b1ce3fa5187ec930c6b19731d3bb7027184974425398ae9b308d64c23ed,DermNet clean acne atlas image. Subtype: pustular. Blur score: 3477.42.
dermnet_000194,dermnet,dermnet_cleaned_v1,datasets/skin/acne/final/subtype_classification/train/pustular/dermnet_000194.jpg,train,pustular,sharp,dermatologist_expert,clinical_reference,acne,1.3,9ed6e5fe281130a8f7759b455d1ada4caea6632031bc202bafb2e19f1b64b4c6,DermNet clean acne atlas image. Subtype: pustular. Blur score: 641.62.
dermnet_000195,dermnet,dermnet_cleaned_v1,datasets/skin/acne/final/subtype_classification/train/pustular/dermnet_000195.jpg,train,pustular,sharp,dermatologist_expert,clinical_reference,acne,1.3,78739e6679ab1b0074a9549d505f4393bfaec7bb8625fd88569f8a837769067d,DermNet clean acne atlas image. Subtype: pustular. Blur score: 389.02.
dermnet_000196,dermnet,dermnet_cleaned_v1,datasets/skin/acne/final/subtype_classification/train/pustular/dermnet_000196.jpg,train,pustular,sharp,dermatologist_expert,clinical_reference,acne,1.3,d1a1f171861463c43eefb9ba5c35b993073dfe00672344fd770ac6883bd56863,DermNet clean acne atlas image. Subtype: pustular. Blur score: 763.12.
dermnet_000197,dermnet,dermnet_cleaned_v1,datasets/skin/acne/final/subtype_classification/train/pustular/dermnet_000197.jpg,train,pustular,sharp,dermatologist_expert,clinical_reference,acne,1.3,687cbb77e782cc358e40097c04ef557b81de51203d17f6fcfa8480b86638d910,DermNet clean acne atlas image. Subtype: pustular. Blur score: 1889.7.
dermnet_000198,dermnet,dermnet_cleaned_v1,datasets/skin/acne/final/subtype_classification/train/pustular/dermnet_000198.jpg,train,pustular,sharp,dermatologist_expert,clinical_reference,acne,1.3,219bd5827e88b0cb804b64fb39eb6a7380bc84f50156ed0623fcc4f806fd0fb9,DermNet clean acne atlas image. Subtype: pustular. Blur score: 1039.19.
dermnet_000199,dermnet,dermnet_cleaned_v1,datasets/skin/acne/final/subtype_classification/train/pustular/dermnet_000199.jpg,train,pustular,sharp,dermatologist_expert,clinical_reference,acne,1.3,5779485897741248b71b3f31c71f18c3564d486114d397064e72fe2b46a6348b,DermNet clean acne atlas image. Subtype: pustular. Blur score: 196.64.
dermnet_000200,dermnet,dermnet_cleaned_v1,datasets/skin/acne/final/subtype_classification/train/pustular/dermnet_000200.jpg,train,pustular,sharp,dermatologist_expert,clinical_reference,acne,1.3,c2d6dae975dddf5abc88dfccc5c7bd5b5f92738a110a3186310a23e8c391a73c,DermNet clean acne atlas image. Subtype: pustular. Blur score: 757.37.
dermnet_000201,dermnet,dermnet_cleaned_v1,datasets/skin/acne/final/subtype_classification/train/pustular/dermnet_000201.jpg,train,pustular,sharp,dermatologist_expert,clinical_reference,acne,1.3,30ad89fb05b35220352bfbeea2ee1d9c71ffad5d5541d89d22305b2e0e341ae2,DermNet clean acne atlas image. Subtype: pustular. Blur score: 553.49.
dermnet_000202,dermnet,dermnet_cleaned_v1,datasets/skin/acne/final/subtype_classification/train/pustular/dermnet_000202.jpg,train,pustular,sharp,dermatologist_expert,clinical_reference,acne,1.3,96ad3868bf57fa0969e4ad9ed099ba4f70cd767f650b63d1716cfcff3dc48cec,DermNet clean acne atlas image. Subtype: pustular. Blur score: 666.51.
dermnet_000203,dermnet,dermnet_cleaned_v1,datasets/skin/acne/final/subtype_classification/train/pustular/dermnet_000203.jpg,train,pustular,sharp,dermatologist_expert,clinical_reference,acne,1.3,7c4e08fd95806e868d7f8804eb1cd63400f9c7c9523c2d8f7319550177b46f8e,DermNet clean acne atlas image. Subtype: pustular. Blur score: 1361.89.
dermnet_000204,dermnet,dermnet_cleaned_v1,datasets/skin/acne/final/subtype_classification/train/pustular/dermnet_000204.jpg,train,pustular,sharp,dermatologist_expert,clinical_reference,acne,1.3,d1c5535caeaa1456aff67658ac755a4bed692d7e366c0fcfd3a5f53518e6a904,DermNet clean acne atlas image. Subtype: pustular. Blur score: 1272.03.
dermnet_000205,dermnet,dermnet_cleaned_v1,datasets/skin/acne/final/subtype_classification/train/pustular/dermnet_000205.jpg,train,pustular,sharp,dermatologist_expert,clinical_reference,acne,1.3,ac65934aff679964ea23320e607b8257c74180b939f28c189ef63e59497de166,DermNet clean acne atlas image. Subtype: pustular. Blur score: 2106.9.
dermnet_000206,dermnet,dermnet_cleaned_v1,datasets/skin/acne/final/subtype_classification/train/pustular/dermnet_000206.jpg,train,pustular,sharp,dermatologist_expert,clinical_reference,acne,1.3,346675b11149df371031f87f7e2e56a72d3c5dd1a04a10915261b332c191addb,DermNet clean acne atlas image. Subtype: pustular. Blur score: 2534.49.
dermnet_000207,dermnet,dermnet_cleaned_v1,datasets/skin/acne/final/subtype_classification/train/pustular/dermnet_000207.jpg,train,pustular,sharp,dermatologist_expert,clinical_reference,acne,1.3,dd077464b0b704d7c3c8030cc04e9ed4e483a4ecb035f4ac868184dfeb6c06d7,DermNet clean acne atlas image. Subtype: pustular. Blur score: 4140.73.
dermnet_000208,dermnet,dermnet_cleaned_v1,datasets/skin/acne/final/subtype_classification/train/pustular/dermnet_000208.jpg,train,pustular,sharp,dermatologist_expert,clinical_reference,acne,1.3,5d3431d8b8ccc68d5ed617621f70fbb653c687d3bbb0dab4be7223c52a2488ca,DermNet clean acne atlas image. Subtype: pustular. Blur score: 916.71.
dermnet_000209,dermnet,dermnet_cleaned_v1,datasets/skin/acne/final/subtype_classification/train/pustular/dermnet_000209.jpg,train,pustular,sharp,dermatologist_expert,clinical_reference,acne,1.3,81fa632413616b3c547d6c5ba1c07e6d5455362bc276581cef86f1e306e9c03b,DermNet clean acne atlas image. Subtype: pustular. Blur score: 1789.33.
dermnet_000210,dermnet,dermnet_cleaned_v1,datasets/skin/acne/final/subtype_classification/train/pustular/dermnet_000210.jpg,train,pustular,sharp,dermatologist_expert,clinical_reference,acne,1.3,ce919bb469743a67ba79cbb71362e0984a3ea32429f7d04dbc711afdb666a168,DermNet clean acne atlas image. Subtype: pustular. Blur score: 2117.59.
dermnet_000211,dermnet,dermnet_cleaned_v1,datasets/skin/acne/final/subtype_classification/train/pustular/dermnet_000211.jpg,train,pustular,sharp,dermatologist_expert,clinical_reference,acne,1.3,e561dc682cde283c4705635ff2aab7f968420d225fb81efc4e4a6f75baa8cb80,DermNet clean acne atlas image. Subtype: pustular. Blur score: 507.29.
dermnet_000212,dermnet,dermnet_cleaned_v1,datasets/skin/acne/final/subtype_classification/train/pustular/dermnet_000212.jpg,train,pustular,sharp,dermatologist_expert,clinical_reference,acne,1.3,740c5a4c3434441a9d4f6ab547097e73d74ff1478f6b5f9eb8500b597e336bcb,DermNet clean acne atlas image. Subtype: pustular. Blur score: 931.74.
dermnet_000213,dermnet,dermnet_cleaned_v1,datasets/skin/acne/final/subtype_classification/train/pustular/dermnet_000213.jpg,train,pustular,sharp,dermatologist_expert,clinical_reference,acne,1.3,8f53fd7c085ebcaf8bf20c21ae11b89cee80378bda4d6c7defcea4477c2f77f9,DermNet clean acne atlas image. Subtype: pustular. Blur score: 905.39.
dermnet_000214,dermnet,dermnet_cleaned_v1,datasets/skin/acne/final/subtype_classification/train/pustular/dermnet_000214.jpg,train,pustular,sharp,dermatologist_expert,clinical_reference,acne,1.3,28ea277b155f8ccb87d00e1594b5c556be726730aaf29dfd8775985a0361c6b3,DermNet clean acne atlas image. Subtype: pustular. Blur score: 549.95.
dermnet_000215,dermnet,dermnet_cleaned_v1,datasets/skin/acne/final/subtype_classification/train/pustular/dermnet_000215.jpg,train,pustular,sharp,dermatologist_expert,clinical_reference,acne,1.3,26d5ca2624daee16c9f6fcc4e43265c21f6a6d7c4bea8af6203ecd98ef93132f,DermNet clean acne atlas image. Subtype: pustular. Blur score: 209.83.
dermnet_000216,dermnet,dermnet_cleaned_v1,datasets/skin/acne/final/subtype_classification/train/pustular/dermnet_000216.jpg,train,pustular,sharp,dermatologist_expert,clinical_reference,acne,1.3,c9c59e852648a52eac443e0b5b033b757c1fe570f3d303dcb94b4e504e07be4f,DermNet clean acne atlas image. Subtype: pustular. Blur score: 333.64.
dermnet_000217,dermnet,dermnet_cleaned_v1,datasets/skin/acne/final/subtype_classification/train/scar/dermnet_000217.jpg,train,scar,sharp,dermatologist_expert,clinical_reference,acne,1.3,fee6c8cf7389fc3848fcf15512562cb385eb2ef1ae352a9a7189eaf0e7204e80,DermNet clean acne atlas image. Subtype: scar. Blur score: 2221.35.
dermnet_000218,dermnet,dermnet_cleaned_v1,datasets/skin/acne/final/subtype_classification/train/scar/dermnet_000218.jpg,train,scar,sharp,dermatologist_expert,clinical_reference,acne,1.3,70d42cea67b059c8f5eaae75a237e84676c2caf761627a344c8fc4a63367776b,DermNet clean acne atlas image. Subtype: scar. Blur score: 746.82.
dermnet_000219,dermnet,dermnet_cleaned_v1,datasets/skin/acne/final/subtype_classification/train/scar/dermnet_000219.jpg,train,scar,sharp,dermatologist_expert,clinical_reference,acne,1.3,17265bae4349a3ad1b906f8d91d73c531f3f888c6eb4c668e52546fd0ea8f127,DermNet clean acne atlas image. Subtype: scar. Blur score: 682.27.
dermnet_000220,dermnet,dermnet_cleaned_v1,datasets/skin/acne/final/subtype_classification/train/scar/dermnet_000220.jpg,train,scar,sharp,dermatologist_expert,clinical_reference,acne,1.3,dca64dc065e92f0c31b91b31e92604a8236a32cc606749e39daa4211e3349336,DermNet clean acne atlas image. Subtype: scar. Blur score: 665.74.
dermnet_000221,dermnet,dermnet_cleaned_v1,datasets/skin/acne/final/subtype_classification/train/scar/dermnet_000221.jpg,train,scar,sharp,dermatologist_expert,clinical_reference,acne,1.3,f704901a3c6886b6ede05765ffa5ac4527431524bf058b587c6a6a9cf86a64c0,DermNet clean acne atlas image. Subtype: scar. Blur score: 902.84.
dermnet_000222,dermnet,dermnet_cleaned_v1,datasets/skin/acne/final/subtype_classification/train/scar/dermnet_000222.jpg,train,scar,sharp,dermatologist_expert,clinical_reference,acne,1.3,32c00255baafe1c02bbda5db142000cef695a0e0020d199a7c3be195050a8951,DermNet clean acne atlas image. Subtype: scar. Blur score: 1562.62.
dermnet_000223,dermnet,dermnet_cleaned_v1,datasets/skin/acne/final/subtype_classification/train/scar/dermnet_000223.jpg,train,scar,sharp,dermatologist_expert,clinical_reference,acne,1.3,ea87ea5e296ad7b42788dc2c9d7cf57ac10f794bfea89734686fe18e6160eff5,DermNet clean acne atlas image. Subtype: scar. Blur score: 1111.56.
dermnet_000224,dermnet,dermnet_cleaned_v1,datasets/skin/acne/final/subtype_classification/valid/closed_comedo/dermnet_000224.jpg,valid,closed_comedo,sharp,dermatologist_expert,clinical_reference,acne,1.3,d5c916094f79bb919fd5b4e242d28005ace932b0241000b969b6811d33901467,DermNet clean acne atlas image. Subtype: closed_comedo. Blur score: 984.83.
dermnet_000225,dermnet,dermnet_cleaned_v1,datasets/skin/acne/final/subtype_classification/valid/closed_comedo/dermnet_000225.jpg,valid,closed_comedo,sharp,dermatologist_expert,clinical_reference,acne,1.3,d8c6fce1a102049a79ecefd978fff0985759bd64cda47e879c0f435417fd5822,DermNet clean acne atlas image. Subtype: closed_comedo. Blur score: 153.07.
dermnet_000226,dermnet,dermnet_cleaned_v1,datasets/skin/acne/final/subtype_classification/valid/closed_comedo/dermnet_000226.jpg,valid,closed_comedo,sharp,dermatologist_expert,clinical_reference,acne,1.3,8a4fe5d264a88d1011084a4d6acff193663fec37ff5378d0029aa0983da8ba9f,DermNet clean acne atlas image. Subtype: closed_comedo. Blur score: 607.66.
dermnet_000227,dermnet,dermnet_cleaned_v1,datasets/skin/acne/final/subtype_classification/valid/closed_comedo/dermnet_000227.jpg,valid,closed_comedo,sharp,dermatologist_expert,clinical_reference,acne,1.3,4a6710d842946617201e59aee17b8d0b0c96ee8213c258dd72b4fc9252777c5e,DermNet clean acne atlas image. Subtype: closed_comedo. Blur score: 868.7.
dermnet_000228,dermnet,dermnet_cleaned_v1,datasets/skin/acne/final/subtype_classification/valid/closed_comedo/dermnet_000228.jpg,valid,closed_comedo,sharp,dermatologist_expert,clinical_reference,acne,1.3,78f25cd845f48273432afba4b7ad0c7a92f44a16c198492b7e77c9bddbda8952,DermNet clean acne atlas image. Subtype: closed_comedo. Blur score: 1313.55.
dermnet_000229,dermnet,dermnet_cleaned_v1,datasets/skin/acne/final/subtype_classification/valid/cystic/dermnet_000229.jpg,valid,cystic,usable,dermatologist_expert,clinical_reference,acne,1.3,dd6a83ee7fa8aba6559b6dd9ac4d273b8de73aa1e4db6baa7b59afb6c5b45706,DermNet clean acne atlas image. Subtype: cystic. Blur score: 136.18.
dermnet_000230,dermnet,dermnet_cleaned_v1,datasets/skin/acne/final/subtype_classification/valid/cystic/dermnet_000230.jpg,valid,cystic,sharp,dermatologist_expert,clinical_reference,acne,1.3,7528ca8cf65fd639330341daf68eff1e175d30c0182e0ad9c9e5b77bf3f86485,DermNet clean acne atlas image. Subtype: cystic. Blur score: 574.55.
dermnet_000231,dermnet,dermnet_cleaned_v1,datasets/skin/acne/final/subtype_classification/valid/cystic/dermnet_000231.jpg,valid,cystic,sharp,dermatologist_expert,clinical_reference,acne,1.3,0bdfc82300826fc86ef9e6d3d80563add4457a230c7a44e8eb99094d916d5a68,DermNet clean acne atlas image. Subtype: cystic. Blur score: 352.32.
dermnet_000232,dermnet,dermnet_cleaned_v1,datasets/skin/acne/final/subtype_classification/valid/cystic/dermnet_000232.jpg,valid,cystic,sharp,dermatologist_expert,clinical_reference,acne,1.3,86a99609e178a157a867d02e6cc4235bd90f69fe692d019f3277bba75adf662c,DermNet clean acne atlas image. Subtype: cystic. Blur score: 755.35.
dermnet_000233,dermnet,dermnet_cleaned_v1,datasets/skin/acne/final/subtype_classification/valid/cystic/dermnet_000233.jpg,valid,cystic,sharp,dermatologist_expert,clinical_reference,acne,1.3,5fb06db2271706ed923177340debf4f20614435e2025f79a453a4ed686cc7e98,DermNet clean acne atlas image. Subtype: cystic. Blur score: 1549.12.
dermnet_000234,dermnet,dermnet_cleaned_v1,datasets/skin/acne/final/subtype_classification/valid/cystic/dermnet_000234.jpg,valid,cystic,sharp,dermatologist_expert,clinical_reference,acne,1.3,7235203e361f244b8ed193e97fe36e7ba4ca6189b8a702548f9cccc3d833361d,DermNet clean acne atlas image. Subtype: cystic. Blur score: 751.13.
dermnet_000235,dermnet,dermnet_cleaned_v1,datasets/skin/acne/final/subtype_classification/valid/cystic/dermnet_000235.jpg,valid,cystic,sharp,dermatologist_expert,clinical_reference,acne,1.3,ad5473fbeb225c9e5d5e5c81a21864f3a5d398fcdc3d4a5a3026dc7dae403268,DermNet clean acne atlas image. Subtype: cystic. Blur score: 574.51.
dermnet_000236,dermnet,dermnet_cleaned_v1,datasets/skin/acne/final/subtype_classification/valid/cystic/dermnet_000236.jpg,valid,cystic,sharp,dermatologist_expert,clinical_reference,acne,1.3,3e01de48dbb573e65704044c790e402c99c67b850b0ea944389482bd3a493696,DermNet clean acne atlas image. Subtype: cystic. Blur score: 298.06.
dermnet_000237,dermnet,dermnet_cleaned_v1,datasets/skin/acne/final/subtype_classification/valid/cystic/dermnet_000237.jpg,valid,cystic,sharp,dermatologist_expert,clinical_reference,acne,1.3,7807ce343c0c98ec2e7afb7654c4d019edb05ae30a63328692da68e4136f4535,DermNet clean acne atlas image. Subtype: cystic. Blur score: 781.88.
dermnet_000238,dermnet,dermnet_cleaned_v1,datasets/skin/acne/final/subtype_classification/valid/cystic/dermnet_000238.jpg,valid,cystic,sharp,dermatologist_expert,clinical_reference,acne,1.3,6ddaa99380206091eef313dc6dbf84f3da0897f7cee210cb187cc849f24dc6f0,DermNet clean acne atlas image. Subtype: cystic. Blur score: 610.79.
dermnet_000239,dermnet,dermnet_cleaned_v1,datasets/skin/acne/final/subtype_classification/valid/cystic/dermnet_000239.jpg,valid,cystic,sharp,dermatologist_expert,clinical_reference,acne,1.3,6324ce0233aa0fabed01dc593cc5654aadee4cedd08e7185199baa10e558afe0,DermNet clean acne atlas image. Subtype: cystic. Blur score: 321.98.
dermnet_000240,dermnet,dermnet_cleaned_v1,datasets/skin/acne/final/subtype_classification/valid/cystic/dermnet_000240.jpg,valid,cystic,sharp,dermatologist_expert,clinical_reference,acne,1.3,eebdbc7978f590b9572dca969967c61170bedb32654f34b8e0ea88aa43cdc837,DermNet clean acne atlas image. Subtype: cystic. Blur score: 1716.67.
dermnet_000241,dermnet,dermnet_cleaned_v1,datasets/skin/acne/final/subtype_classification/valid/cystic/dermnet_000241.jpg,valid,cystic,sharp,dermatologist_expert,clinical_reference,acne,1.3,31d0738a09bc486568d06f7aa6a3b9da4619f9a65699f2666dcc5192546111dc,DermNet clean acne atlas image. Subtype: cystic. Blur score: 675.55.
dermnet_000242,dermnet,dermnet_cleaned_v1,datasets/skin/acne/final/subtype_classification/valid/cystic/dermnet_000242.jpg,valid,cystic,sharp,dermatologist_expert,clinical_reference,acne,1.3,c78363e74e5b86248d6def8abb85c2fe754cbeda6b93e4090bd2c9d0c0e39ec8,DermNet clean acne atlas image. Subtype: cystic. Blur score: 1712.67.
dermnet_000243,dermnet,dermnet_cleaned_v1,datasets/skin/acne/final/subtype_classification/valid/cystic/dermnet_000243.jpg,valid,cystic,sharp,dermatologist_expert,clinical_reference,acne,1.3,7da8396a3a28a1551f12a971510a7d286ff474d26054ce5d637f579c4ecc81c4,DermNet clean acne atlas image. Subtype: cystic. Blur score: 1418.33.
dermnet_000244,dermnet,dermnet_cleaned_v1,datasets/skin/acne/final/subtype_classification/valid/papular/dermnet_000244.jpg,valid,papular,sharp,dermatologist_expert,clinical_reference,acne,1.3,c8d96bbd9878f8fc012cc0b8614c20e136cb97289b93f9856438c9a325b41b1b,DermNet clean acne atlas image. Subtype: papular. Blur score: 481.89.
dermnet_000245,dermnet,dermnet_cleaned_v1,datasets/skin/acne/final/subtype_classification/valid/papular/dermnet_000245.jpg,valid,papular,sharp,dermatologist_expert,clinical_reference,acne,1.3,68c7cdd751b40c96edc8520c660686642f2bd1368d96734845f97c0d69860eb6,DermNet clean acne atlas image. Subtype: papular. Blur score: 379.47.
dermnet_000246,dermnet,dermnet_cleaned_v1,datasets/skin/acne/final/subtype_classification/valid/papular/dermnet_000246.jpg,valid,papular,sharp,dermatologist_expert,clinical_reference,acne,1.3,5a4f914fd37b63051adc8358d6b2f898ffa6f696f97e789113a30e8c857c42d1,DermNet clean acne atlas image. Subtype: papular. Blur score: 892.32.
dermnet_000247,dermnet,dermnet_cleaned_v1,datasets/skin/acne/final/subtype_classification/valid/infantile/dermnet_000247.jpg,valid,infantile,sharp,dermatologist_expert,clinical_reference,acne,1.3,f8ca1029d36a70ce6809957449898eb277249ef06db5a0c32549df6c43e779b6,DermNet clean acne atlas image. Subtype: infantile. Blur score: 310.74.
dermnet_000248,dermnet,dermnet_cleaned_v1,datasets/skin/acne/final/subtype_classification/valid/infantile/dermnet_000248.jpg,valid,infantile,sharp,dermatologist_expert,clinical_reference,acne,1.3,7651f4fa7e924803b157fe92a8edd3e40b991c1bfea0a986ff3d25561d205bdb,DermNet clean acne atlas image. Subtype: infantile. Blur score: 801.51.
dermnet_000249,dermnet,dermnet_cleaned_v1,datasets/skin/acne/final/subtype_classification/valid/open_comedo/dermnet_000249.jpg,valid,open_comedo,sharp,dermatologist_expert,clinical_reference,acne,1.3,d7f8f815871f3795af0430e9bc25c6db291901c113838e44f0ca7fbadf0ddfe8,DermNet clean acne atlas image. Subtype: open_comedo. Blur score: 210.34.
dermnet_000250,dermnet,dermnet_cleaned_v1,datasets/skin/acne/final/subtype_classification/valid/open_comedo/dermnet_000250.jpg,valid,open_comedo,sharp,dermatologist_expert,clinical_reference,acne,1.3,f86820a716c5fc48695881f43b32eed1eea54425a75c53a0bb8c984dded06cad,DermNet clean acne atlas image. Subtype: open_comedo. Blur score: 753.68.
dermnet_000251,dermnet,dermnet_cleaned_v1,datasets/skin/acne/final/subtype_classification/valid/open_comedo/dermnet_000251.jpg,valid,open_comedo,sharp,dermatologist_expert,clinical_reference,acne,1.3,f8de6264d6a2c5243675595596e28834a2cc16e12537f1ffde55b951ab36081d,DermNet clean acne atlas image. Subtype: open_comedo. Blur score: 907.12.
dermnet_000252,dermnet,dermnet_cleaned_v1,datasets/skin/acne/final/subtype_classification/valid/open_comedo/dermnet_000252.jpg,valid,open_comedo,sharp,dermatologist_expert,clinical_reference,acne,1.3,b403fb0dd10068b1a56c55c71842305a9a6635dbeb16086063f6ec37c489a08c,DermNet clean acne atlas image. Subtype: open_comedo. Blur score: 784.34.
dermnet_000253,dermnet,dermnet_cleaned_v1,datasets/skin/acne/final/subtype_classification/valid/open_comedo/dermnet_000253.jpg,valid,open_comedo,sharp,dermatologist_expert,clinical_reference,acne,1.3,915855b1ef501e9d1fcb07227e263181a51e4f5b40e92cb2d581712eadf077c1,DermNet clean acne atlas image. Subtype: open_comedo. Blur score: 493.04.
dermnet_000254,dermnet,dermnet_cleaned_v1,datasets/skin/acne/final/subtype_classification/valid/open_comedo/dermnet_000254.jpg,valid,open_comedo,sharp,dermatologist_expert,clinical_reference,acne,1.3,3b99d5fbb90c18ef42532a1ad6ec076b27f164afe2f415a14a06beb27b75991f,DermNet clean acne atlas image. Subtype: open_comedo. Blur score: 247.58.
dermnet_000255,dermnet,dermnet_cleaned_v1,datasets/skin/acne/final/subtype_classification/valid/open_comedo/dermnet_000255.jpg,valid,open_comedo,sharp,dermatologist_expert,clinical_reference,acne,1.3,0b96af3328e8fcd437f308da068d27c80e7d84b420f4ec1f64b56b6ac21bf6ac,DermNet clean acne atlas image. Subtype: open_comedo. Blur score: 461.24.
dermnet_000256,dermnet,dermnet_cleaned_v1,datasets/skin/acne/final/subtype_classification/valid/open_comedo/dermnet_000256.jpg,valid,open_comedo,sharp,dermatologist_expert,clinical_reference,acne,1.3,c5c671b11f9dcea03c0edc9580a10b0396962297403ea67103bc5550de7e8402,DermNet clean acne atlas image. Subtype: open_comedo. Blur score: 1086.32.
dermnet_000257,dermnet,dermnet_cleaned_v1,datasets/skin/acne/final/subtype_classification/valid/open_comedo/dermnet_000257.jpg,valid,open_comedo,sharp,dermatologist_expert,clinical_reference,acne,1.3,80dbf8ea2a2b3df43a3e662861e2cdd892ad176584f9d3a8f7dba50a75a5ceb3,DermNet clean acne atlas image. Subtype: open_comedo. Blur score: 573.79.
dermnet_000258,dermnet,dermnet_cleaned_v1,datasets/skin/acne/final/subtype_classification/valid/pustular/dermnet_000258.jpg,valid,pustular,sharp,dermatologist_expert,clinical_reference,acne,1.3,84fcd1461c9d4e5f8572a96084fbfae80a2584d60a445af252748366faaa1301,DermNet clean acne atlas image. Subtype: pustular. Blur score: 505.77.
dermnet_000259,dermnet,dermnet_cleaned_v1,datasets/skin/acne/final/subtype_classification/valid/pustular/dermnet_000259.jpg,valid,pustular,sharp,dermatologist_expert,clinical_reference,acne,1.3,4984d31dbffbe4aa39be0c0368a797b30b59ac126f4da9e54d791b091f581c60,DermNet clean acne atlas image. Subtype: pustular. Blur score: 873.58.
dermnet_000260,dermnet,dermnet_cleaned_v1,datasets/skin/acne/final/subtype_classification/valid/pustular/dermnet_000260.jpg,valid,pustular,sharp,dermatologist_expert,clinical_reference,acne,1.3,9d994f961e7cc90d070605a5481dff98f64330ec22392f43549360ff62aaba5d,DermNet clean acne atlas image. Subtype: pustular. Blur score: 726.33.
dermnet_000261,dermnet,dermnet_cleaned_v1,datasets/skin/acne/final/subtype_classification/valid/pustular/dermnet_000261.jpg,valid,pustular,sharp,dermatologist_expert,clinical_reference,acne,1.3,af056609d349ec5b97cf43244b0adb2727d6b9a61f1999b38a9c01b9f857a17e,DermNet clean acne atlas image. Subtype: pustular. Blur score: 530.5.
dermnet_000262,dermnet,dermnet_cleaned_v1,datasets/skin/acne/final/subtype_classification/valid/pustular/dermnet_000262.jpg,valid,pustular,sharp,dermatologist_expert,clinical_reference,acne,1.3,f3c7bf51ffc5ab8b2d88d619467287aebdff2aef2f0e3ac9dfd703d02c81509d,DermNet clean acne atlas image. Subtype: pustular. Blur score: 1252.38.
dermnet_000263,dermnet,dermnet_cleaned_v1,datasets/skin/acne/final/subtype_classification/valid/pustular/dermnet_000263.jpg,valid,pustular,sharp,dermatologist_expert,clinical_reference,acne,1.3,7f885b2c0d3dab4ee1f643eec8d14d1790546a162a787b3995d3f380da358272,DermNet clean acne atlas image. Subtype: pustular. Blur score: 727.53.
dermnet_000264,dermnet,dermnet_cleaned_v1,datasets/skin/acne/final/subtype_classification/valid/pustular/dermnet_000264.jpg,valid,pustular,sharp,dermatologist_expert,clinical_reference,acne,1.3,8bbb1e47a2cb74435709d8e2fdfb16b02187e9ac797a5d7b2cfb63abfc04077b,DermNet clean acne atlas image. Subtype: pustular. Blur score: 994.47.
dermnet_000265,dermnet,dermnet_cleaned_v1,datasets/skin/acne/final/subtype_classification/valid/pustular/dermnet_000265.jpg,valid,pustular,sharp,dermatologist_expert,clinical_reference,acne,1.3,61b1e48e60208e25da560694487fea46da07378c69a5b8d78fb711f568507b13,DermNet clean acne atlas image. Subtype: pustular. Blur score: 1866.13.
dermnet_000266,dermnet,dermnet_cleaned_v1,datasets/skin/acne/final/subtype_classification/valid/pustular/dermnet_000266.jpg,valid,pustular,sharp,dermatologist_expert,clinical_reference,acne,1.3,4ff4c9b81a86500bef5aabb5733d295d2e0ee8f02bfa1b2b47cb61eca15f62e4,DermNet clean acne atlas image. Subtype: pustular. Blur score: 312.16.
dermnet_000267,dermnet,dermnet_cleaned_v1,datasets/skin/acne/final/subtype_classification/valid/scar/dermnet_000267.jpg,valid,scar,sharp,dermatologist_expert,clinical_reference,acne,1.3,e7fdde45d835a585191dcdcdfd674285710050b1ea30ac08b087f4c2e94686b0,DermNet clean acne atlas image. Subtype: scar. Blur score: 761.47.
dermnet_000268,dermnet,dermnet_cleaned_v1,datasets/skin/acne/final/subtype_classification/test/scar/dermnet_000268.jpg,test,scar,sharp,dermatologist_expert,clinical_reference,acne,1.3,09e6947639cbec370d53d768e080925ab297a780ffc851d5395c8cbc8a0f1aca,DermNet clean acne atlas image. Subtype: scar. Blur score: 745.89.
dermnet_000269,dermnet,dermnet_cleaned_v1,datasets/skin/acne/final/subtype_classification/test/scar/dermnet_000269.jpg,test,scar,sharp,dermatologist_expert,clinical_reference,acne,1.3,b6d7b57d853394c2014a3747cbb2f912e49830947041a0bb9714e7eea1b3619a,DermNet clean acne atlas image. Subtype: scar. Blur score: 772.31.
dermnet_000270,dermnet,dermnet_cleaned_v1,datasets/skin/acne/final/subtype_classification/test/closed_comedo/dermnet_000270.jpg,test,closed_comedo,usable,dermatologist_expert,clinical_reference,acne,1.3,f14fff54efb2a2778d91b60631249810a1b72e76158329ba29c892cfdb3ad8ae,DermNet clean acne atlas image. Subtype: closed_comedo. Blur score: 70.05.
dermnet_000271,dermnet,dermnet_cleaned_v1,datasets/skin/acne/final/subtype_classification/test/closed_comedo/dermnet_000271.jpg,test,closed_comedo,sharp,dermatologist_expert,clinical_reference,acne,1.3,375d925054922468c9ae28dbb002c07e3f35c6ef456fb663729bf783036d27fe,DermNet clean acne atlas image. Subtype: closed_comedo. Blur score: 1216.96.
dermnet_000272,dermnet,dermnet_cleaned_v1,datasets/skin/acne/final/subtype_classification/test/closed_comedo/dermnet_000272.jpg,test,closed_comedo,sharp,dermatologist_expert,clinical_reference,acne,1.3,6cddf980d68238e8227517889574b12711f87c955a1c12d845522cae38c81638,DermNet clean acne atlas image. Subtype: closed_comedo. Blur score: 434.54.
dermnet_000273,dermnet,dermnet_cleaned_v1,datasets/skin/acne/final/subtype_classification/test/closed_comedo/dermnet_000273.jpg,test,closed_comedo,sharp,dermatologist_expert,clinical_reference,acne,1.3,b974e96adc39d9eee805630fe375d2a4608d2806f94c6a72c920b1f7bb63509d,DermNet clean acne atlas image. Subtype: closed_comedo. Blur score: 1960.33.
dermnet_000274,dermnet,dermnet_cleaned_v1,datasets/skin/acne/final/subtype_classification/test/closed_comedo/dermnet_000274.jpg,test,closed_comedo,sharp,dermatologist_expert,clinical_reference,acne,1.3,1ad062a1c7e7cb0d6f9824be29d4aba272210866b5ad68dccb63e776bc460881,DermNet clean acne atlas image. Subtype: closed_comedo. Blur score: 1194.03.
dermnet_000275,dermnet,dermnet_cleaned_v1,datasets/skin/acne/final/subtype_classification/test/closed_comedo/dermnet_000275.jpg,test,closed_comedo,sharp,dermatologist_expert,clinical_reference,acne,1.3,7dcef3ef074fffa6c74c4e9ded9a768a28d5d3d803bcf389a9cfbc2c6508a60a,DermNet clean acne atlas image. Subtype: closed_comedo. Blur score: 1138.62.
dermnet_000276,dermnet,dermnet_cleaned_v1,datasets/skin/acne/final/subtype_classification/test/cystic/dermnet_000276.jpg,test,cystic,sharp,dermatologist_expert,clinical_reference,acne,1.3,547e28836a1494a1afd37b0ae08f971f3a23e69a8fc88a0513561eca80d0b5ff,DermNet clean acne atlas image. Subtype: cystic. Blur score: 297.52.
dermnet_000277,dermnet,dermnet_cleaned_v1,datasets/skin/acne/final/subtype_classification/test/cystic/dermnet_000277.jpg,test,cystic,sharp,dermatologist_expert,clinical_reference,acne,1.3,112665423db09177cc832ba5990eae0816959153b4174909ce72f14b4a39534e,DermNet clean acne atlas image. Subtype: cystic. Blur score: 1226.8.
dermnet_000278,dermnet,dermnet_cleaned_v1,datasets/skin/acne/final/subtype_classification/test/cystic/dermnet_000278.jpg,test,cystic,sharp,dermatologist_expert,clinical_reference,acne,1.3,270de2f1352152f3b5535ebc675f1c95824ce9a96e3212f409518f71ca3637f9,DermNet clean acne atlas image. Subtype: cystic. Blur score: 1339.67.
dermnet_000279,dermnet,dermnet_cleaned_v1,datasets/skin/acne/final/subtype_classification/test/cystic/dermnet_000279.jpg,test,cystic,sharp,dermatologist_expert,clinical_reference,acne,1.3,9902cd3ec7b07f58d1247d9bbae968c7b446b01b05358d90fe36971fe98ace44,DermNet clean acne atlas image. Subtype: cystic. Blur score: 1016.54.
dermnet_000280,dermnet,dermnet_cleaned_v1,datasets/skin/acne/final/subtype_classification/test/cystic/dermnet_000280.jpg,test,cystic,sharp,dermatologist_expert,clinical_reference,acne,1.3,8a2f92896a63c5f40634677e6f3e29c0c9166ba6962167f442682c9fbc25dc55,DermNet clean acne atlas image. Subtype: cystic. Blur score: 943.43.
dermnet_000281,dermnet,dermnet_cleaned_v1,datasets/skin/acne/final/subtype_classification/test/cystic/dermnet_000281.jpg,test,cystic,sharp,dermatologist_expert,clinical_reference,acne,1.3,a56114a1ea264f6c8c2f42159520012a786e1771feb22d00ffa213d0dbdfa676,DermNet clean acne atlas image. Subtype: cystic. Blur score: 475.53.
dermnet_000282,dermnet,dermnet_cleaned_v1,datasets/skin/acne/final/subtype_classification/test/cystic/dermnet_000282.jpg,test,cystic,sharp,dermatologist_expert,clinical_reference,acne,1.3,21c163ac58417875ce750cd24e2663cdc67b8562f1edeec97097f3c704a6547a,DermNet clean acne atlas image. Subtype: cystic. Blur score: 1450.67.
dermnet_000283,dermnet,dermnet_cleaned_v1,datasets/skin/acne/final/subtype_classification/test/cystic/dermnet_000283.jpg,test,cystic,sharp,dermatologist_expert,clinical_reference,acne,1.3,a5824490175d2e0a0313ada452e27f71d58bed099ad91384dd4db80000eb1f5e,DermNet clean acne atlas image. Subtype: cystic. Blur score: 452.11.
dermnet_000284,dermnet,dermnet_cleaned_v1,datasets/skin/acne/final/subtype_classification/test/cystic/dermnet_000284.jpg,test,cystic,sharp,dermatologist_expert,clinical_reference,acne,1.3,ffabd4299ec055fce50b71cff52cca58f2820615b3eb8d1da744daf4121d4e66,DermNet clean acne atlas image. Subtype: cystic. Blur score: 836.66.
dermnet_000285,dermnet,dermnet_cleaned_v1,datasets/skin/acne/final/subtype_classification/test/cystic/dermnet_000285.jpg,test,cystic,sharp,dermatologist_expert,clinical_reference,acne,1.3,9fa6e0d6f3c3ec2345eb176cff52b518bb53c3e33d7ce43fd25f2dbc03a24cb7,DermNet clean acne atlas image. Subtype: cystic. Blur score: 822.23.
dermnet_000286,dermnet,dermnet_cleaned_v1,datasets/skin/acne/final/subtype_classification/test/cystic/dermnet_000286.jpg,test,cystic,sharp,dermatologist_expert,clinical_reference,acne,1.3,b3bec6c57e9a95cc172940570129fff9030c27cf5312964314d063685ab47709,DermNet clean acne atlas image. Subtype: cystic. Blur score: 1691.74.
dermnet_000287,dermnet,dermnet_cleaned_v1,datasets/skin/acne/final/subtype_classification/test/cystic/dermnet_000287.jpg,test,cystic,sharp,dermatologist_expert,clinical_reference,acne,1.3,fe8727f4a4d4b4689d8b66261d9156aa414f18c49ab7b944e3d020d61185a1e1,DermNet clean acne atlas image. Subtype: cystic. Blur score: 2757.56.
dermnet_000288,dermnet,dermnet_cleaned_v1,datasets/skin/acne/final/subtype_classification/test/cystic/dermnet_000288.jpg,test,cystic,sharp,dermatologist_expert,clinical_reference,acne,1.3,89a4d5ce9ccf51598fa494babca40b690c68b039175a3386ff380898ab15edb2,DermNet clean acne atlas image. Subtype: cystic. Blur score: 1074.39.
dermnet_000289,dermnet,dermnet_cleaned_v1,datasets/skin/acne/final/subtype_classification/test/cystic/dermnet_000289.jpg,test,cystic,sharp,dermatologist_expert,clinical_reference,acne,1.3,12a747063d8ffb019d33edcd622fa3aea2e56f8dd17c824d39b608206a265a25,DermNet clean acne atlas image. Subtype: cystic. Blur score: 1369.46.
dermnet_000290,dermnet,dermnet_cleaned_v1,datasets/skin/acne/final/subtype_classification/test/cystic/dermnet_000290.jpg,test,cystic,sharp,dermatologist_expert,clinical_reference,acne,1.3,a5db6f54858f4dcd6adee5bee5ed6fe8d2bef2ad6649b80515466dcea562c52c,DermNet clean acne atlas image. Subtype: cystic. Blur score: 924.24.
dermnet_000291,dermnet,dermnet_cleaned_v1,datasets/skin/acne/final/subtype_classification/test/cystic/dermnet_000291.jpg,test,cystic,sharp,dermatologist_expert,clinical_reference,acne,1.3,2be380e15163f6ba8756e7134eef68f5ee6bb483ab8157de8cf7738112bb0653,DermNet clean acne atlas image. Subtype: cystic. Blur score: 948.48.
dermnet_000292,dermnet,dermnet_cleaned_v1,datasets/skin/acne/final/subtype_classification/test/cystic/dermnet_000292.jpg,test,cystic,sharp,dermatologist_expert,clinical_reference,acne,1.3,67ab640d95b2fccce0af2ed03b214dbc5d0864d6d3739e414e3636ad454be422,DermNet clean acne atlas image. Subtype: cystic. Blur score: 784.15.
dermnet_000293,dermnet,dermnet_cleaned_v1,datasets/skin/acne/final/subtype_classification/test/papular/dermnet_000293.jpg,test,papular,sharp,dermatologist_expert,clinical_reference,acne,1.3,25d7827075d6f573ef966150d58507964403c049c2b83be864d62eab28c0d949,DermNet clean acne atlas image. Subtype: papular. Blur score: 548.89.
dermnet_000294,dermnet,dermnet_cleaned_v1,datasets/skin/acne/final/subtype_classification/test/papular/dermnet_000294.jpg,test,papular,sharp,dermatologist_expert,clinical_reference,acne,1.3,2314a983e9aefaff8d5ac861ca8205251c1ab42bd63b95703a9d346d416b3871,DermNet clean acne atlas image. Subtype: papular. Blur score: 252.66.
dermnet_000295,dermnet,dermnet_cleaned_v1,datasets/skin/acne/final/subtype_classification/test/papular/dermnet_000295.jpg,test,papular,sharp,dermatologist_expert,clinical_reference,acne,1.3,f2e77a5da496e2f86f03ce926ec3fe34e89790b2615648c51b5270ec317742d0,DermNet clean acne atlas image. Subtype: papular. Blur score: 3107.82.
dermnet_000296,dermnet,dermnet_cleaned_v1,datasets/skin/acne/final/subtype_classification/test/papular/dermnet_000296.jpg,test,papular,sharp,dermatologist_expert,clinical_reference,acne,1.3,abd9390e7c9008fcd3269fa781ca07c6f3e2121df96651307fd353d9732166d0,DermNet clean acne atlas image. Subtype: papular. Blur score: 1099.32.
dermnet_000297,dermnet,dermnet_cleaned_v1,datasets/skin/acne/final/subtype_classification/test/papular/dermnet_000297.jpg,test,papular,sharp,dermatologist_expert,clinical_reference,acne,1.3,7ff179df01d8b5d3b585a7cc0a504f0c9edbd48fb3d506264d197b9553214f2e,DermNet clean acne atlas image. Subtype: papular. Blur score: 426.84.
dermnet_000298,dermnet,dermnet_cleaned_v1,datasets/skin/acne/final/subtype_classification/test/infantile/dermnet_000298.jpg,test,infantile,sharp,dermatologist_expert,clinical_reference,acne,1.3,301c9915a2c4aa4cead60297493deb25f19a683a1fda6790cc511a8f07697293,DermNet clean acne atlas image. Subtype: infantile. Blur score: 275.84.
dermnet_000299,dermnet,dermnet_cleaned_v1,datasets/skin/acne/final/subtype_classification/test/infantile/dermnet_000299.jpg,test,infantile,sharp,dermatologist_expert,clinical_reference,acne,1.3,faf3211e084a194d34ee3941f970e64695e782941d09e04919707c241d1684c2,DermNet clean acne atlas image. Subtype: infantile. Blur score: 247.83.
dermnet_000300,dermnet,dermnet_cleaned_v1,datasets/skin/acne/final/subtype_classification/test/infantile/dermnet_000300.jpg,test,infantile,sharp,dermatologist_expert,clinical_reference,acne,1.3,92796197ed1b55ce540fdf4299a67582df6753f1efebcc31c8d0d07d92de71e4,DermNet clean acne atlas image. Subtype: infantile. Blur score: 378.03.
dermnet_000301,dermnet,dermnet_cleaned_v1,datasets/skin/acne/final/subtype_classification/test/mechanica/dermnet_000301.jpg,test,mechanica,sharp,dermatologist_expert,clinical_reference,acne,1.3,c99ae7fcf0e651ea28209adb0040cd168dcc1a24373b0eb758a11517bcbf2dad,DermNet clean acne atlas image. Subtype: mechanica. Blur score: 810.3.
dermnet_000302,dermnet,dermnet_cleaned_v1,datasets/skin/acne/final/subtype_classification/test/open_comedo/dermnet_000302.jpg,test,open_comedo,usable,dermatologist_expert,clinical_reference,acne,1.3,05295f51c8bb053587f1e95f8434f7d5d618ce6601b8f6c3c91634f2c3b92961,DermNet clean acne atlas image. Subtype: open_comedo. Blur score: 93.62.
dermnet_000303,dermnet,dermnet_cleaned_v1,datasets/skin/acne/final/subtype_classification/test/open_comedo/dermnet_000303.jpg,test,open_comedo,sharp,dermatologist_expert,clinical_reference,acne,1.3,a506e55886629a90756b0ab92474c14534eed2810e3968e1718ffbe312aadc96,DermNet clean acne atlas image. Subtype: open_comedo. Blur score: 660.5.
dermnet_000304,dermnet,dermnet_cleaned_v1,datasets/skin/acne/final/subtype_classification/test/open_comedo/dermnet_000304.jpg,test,open_comedo,sharp,dermatologist_expert,clinical_reference,acne,1.3,84a3b53fef9ee702a86ba1740c9870d64375348f6a1916a55ee2b7d7504507f7,DermNet clean acne atlas image. Subtype: open_comedo. Blur score: 1941.1.
dermnet_000305,dermnet,dermnet_cleaned_v1,datasets/skin/acne/final/subtype_classification/test/open_comedo/dermnet_000305.jpg,test,open_comedo,sharp,dermatologist_expert,clinical_reference,acne,1.3,3ff047479111f5428648406e48eabc83845e96de8cfd5678581f1eb9ce5ee3ef,DermNet clean acne atlas image. Subtype: open_comedo. Blur score: 655.23.
dermnet_000306,dermnet,dermnet_cleaned_v1,datasets/skin/acne/final/subtype_classification/test/open_comedo/dermnet_000306.jpg,test,open_comedo,sharp,dermatologist_expert,clinical_reference,acne,1.3,4d1be0d8fd171883160431381095fd111708cf079c97e81edd767ca203644493,DermNet clean acne atlas image. Subtype: open_comedo. Blur score: 705.51.
dermnet_000307,dermnet,dermnet_cleaned_v1,datasets/skin/acne/final/subtype_classification/test/open_comedo/dermnet_000307.jpg,test,open_comedo,sharp,dermatologist_expert,clinical_reference,acne,1.3,5322b59eeec93b5aedb9fcd8f3cb8d27185d3681f80186280a7689410c0b1c4e,DermNet clean acne atlas image. Subtype: open_comedo. Blur score: 507.02.
dermnet_000308,dermnet,dermnet_cleaned_v1,datasets/skin/acne/final/subtype_classification/test/open_comedo/dermnet_000308.jpg,test,open_comedo,sharp,dermatologist_expert,clinical_reference,acne,1.3,922043c84498f36fcf9b617e1aceaf1d6f9d407f3fae7ce017f84d287eea26fc,DermNet clean acne atlas image. Subtype: open_comedo. Blur score: 2873.54.
dermnet_000309,dermnet,dermnet_cleaned_v1,datasets/skin/acne/final/subtype_classification/test/open_comedo/dermnet_000309.jpg,test,open_comedo,sharp,dermatologist_expert,clinical_reference,acne,1.3,f8a25afb360386079c4e8fa91ce5936d4c3a47a839bb8bf6990cff6672e04b94,DermNet clean acne atlas image. Subtype: open_comedo. Blur score: 419.29.
dermnet_000310,dermnet,dermnet_cleaned_v1,datasets/skin/acne/final/subtype_classification/test/open_comedo/dermnet_000310.jpg,test,open_comedo,sharp,dermatologist_expert,clinical_reference,acne,1.3,d3822c9b15fb2fde31dbf9ff544c0d4462e3e57d78657a481fe5dd21d10e4cff,DermNet clean acne atlas image. Subtype: open_comedo. Blur score: 1299.7.
dermnet_000311,dermnet,dermnet_cleaned_v1,datasets/skin/acne/final/subtype_classification/test/open_comedo/dermnet_000311.jpg,test,open_comedo,sharp,dermatologist_expert,clinical_reference,acne,1.3,cf7843c584ab84c9e82a17f9c27c7728e062fb167665c06846424f9d4c5f03d0,DermNet clean acne atlas image. Subtype: open_comedo. Blur score: 503.62.
dermnet_000312,dermnet,dermnet_cleaned_v1,datasets/skin/acne/final/subtype_classification/test/open_comedo/dermnet_000312.jpg,test,open_comedo,sharp,dermatologist_expert,clinical_reference,acne,1.3,77a256f26123f54d3c194f55d53a66ef82077c3d60e84cc0e846f6b119fdbf6c,DermNet clean acne atlas image. Subtype: open_comedo. Blur score: 199.13.
dermnet_000315,dermnet,dermnet_cleaned_v1,datasets/skin/acne/final/subtype_classification/test/pustular/dermnet_000315.jpg,test,pustular,sharp,dermatologist_expert,clinical_reference,acne,1.3,76f802df9b8075a0ebbe67fad8b45c0714d048c3e31dccc575811b903a98dd98,DermNet clean acne atlas image. Subtype: pustular. Blur score: 175.18.
dermnet_000316,dermnet,dermnet_cleaned_v1,datasets/skin/acne/final/subtype_classification/test/pustular/dermnet_000316.jpg,test,pustular,sharp,dermatologist_expert,clinical_reference,acne,1.3,c6b23a167d0aa1c40feb5052f5957eb65004910822830321541e2a2775f4d267,DermNet clean acne atlas image. Subtype: pustular. Blur score: 869.7.
dermnet_000317,dermnet,dermnet_cleaned_v1,datasets/skin/acne/final/subtype_classification/test/pustular/dermnet_000317.jpg,test,pustular,sharp,dermatologist_expert,clinical_reference,acne,1.3,db3b3b24feca2df43c469cdca7d43e5969d0ec063acf15e239c6b94536341d53,DermNet clean acne atlas image. Subtype: pustular. Blur score: 450.91.
dermnet_000318,dermnet,dermnet_cleaned_v1,datasets/skin/acne/final/subtype_classification/test/pustular/dermnet_000318.jpg,test,pustular,sharp,dermatologist_expert,clinical_reference,acne,1.3,c2d76fad13e4e97a6d815b1fe4f46885e49ed20e34df4594fa866ab2e7d38c8a,DermNet clean acne atlas image. Subtype: pustular. Blur score: 788.83.
dermnet_000319,dermnet,dermnet_cleaned_v1,datasets/skin/acne/final/subtype_classification/test/pustular/dermnet_000319.jpg,test,pustular,sharp,dermatologist_expert,clinical_reference,acne,1.3,4a585270da47bf5744ccb26b058a6d74e5add5928b3fc2914b9f0156e82769a5,DermNet clean acne atlas image. Subtype: pustular. Blur score: 1086.53.
dermnet_000320,dermnet,dermnet_cleaned_v1,datasets/skin/acne/final/subtype_classification/test/pustular/dermnet_000320.jpg,test,pustular,sharp,dermatologist_expert,clinical_reference,acne,1.3,1244fe434cf285995647d3fb7ea1e95f6df2596d0f47af2ced07dfc6ab915cb1,DermNet clean acne atlas image. Subtype: pustular. Blur score: 692.51.
dermnet_000321,dermnet,dermnet_cleaned_v1,datasets/skin/acne/final/subtype_classification/test/pustular/dermnet_000321.jpg,test,pustular,sharp,dermatologist_expert,clinical_reference,acne,1.3,5ef8091cd48835f5d79f02476d8d793528da0b5f02983ba39205451780dc46ee,DermNet clean acne atlas image. Subtype: pustular. Blur score: 578.03.
dermnet_000322,dermnet,dermnet_cleaned_v1,datasets/skin/acne/final/subtype_classification/test/pustular/dermnet_000322.jpg,test,pustular,sharp,dermatologist_expert,clinical_reference,acne,1.3,ef39baa9fedc14f4bc7695a77219486f6450971d657506ceaec136c107aeb725,DermNet clean acne atlas image. Subtype: pustular. Blur score: 563.74.
dermnet_000323,dermnet,dermnet_cleaned_v1,datasets/skin/acne/final/subtype_classification/test/pustular/dermnet_000323.jpg,test,pustular,sharp,dermatologist_expert,clinical_reference,acne,1.3,1914959cfc80b0e32c234025273e719444de817f6dd9aa4eaf414aa8da2103eb,DermNet clean acne atlas image. Subtype: pustular. Blur score: 1697.91.
dermnet_000324,dermnet,dermnet_cleaned_v1,datasets/skin/acne/final/subtype_classification/test/pustular/dermnet_000324.jpg,test,pustular,sharp,dermatologist_expert,clinical_reference,acne,1.3,4b7ff664412fd0bf8bd1aaf83206e77bdbaed76b0b65273c95eb80c3aa160315,DermNet clean acne atlas image. Subtype: pustular. Blur score: 569.72.
dermnet_000325,dermnet,dermnet_cleaned_v1,datasets/skin/acne/final/subtype_classification/test/scar/dermnet_000325.jpg,test,scar,sharp,dermatologist_expert,clinical_reference,acne,1.3,ad325ff7dbb5f5809c8127dca7053750daaf505e3ce67d70eee65572cbca6f26,DermNet clean acne atlas image. Subtype: scar. Blur score: 2047.37.
